WKT,Name,OBJECTID,UKATEGORIE,UTYP1,UART,UMONAT,USTUNDE,UWOCHENTAG,STRZUSTAND,ULICHTVERH,ISTRAD,ISTPKW,ISTFUSS,ISTKRAD,ISTGKFZ,ISTSONSTIG
"POINT (11.082665061000000 49.392460684000000)",Unfall 73594 (2016) Kat:3, Licht: 0,73594,3,1,0,06,17,5,,0,1,0,0,0,0,0
"POINT (11.118750245999999 49.438967894999998)",Unfall 73603 (2016) Kat:3, Licht: 0,73603,3,1,0,06,20,6,,0,1,0,0,0,0,0
"POINT (11.161588489000000 49.468574298999997)",Unfall 73650 (2016) Kat:3, Licht: 0,73650,3,1,0,06,19,5,,0,1,0,0,0,0,0
"POINT (11.031491440000000 49.413963455999998)",Unfall 73712 (2016) Kat:2, Licht: 0,73712,2,1,0,06,07,5,,0,1,0,0,0,0,0
"POINT (11.068472218000000 49.428935078999999)",Unfall 73769 (2016) Kat:3, Licht: 0,73769,3,6,2,06,17,5,,0,0,1,0,0,0,0
"POINT (11.131881533000000 49.460197006999998)",Unfall 73798 (2016) Kat:3, Licht: 0,73798,3,7,5,06,09,4,,0,0,1,0,0,0,0
"POINT (11.069059015000001 49.338475828000000)",Unfall 73812 (2016) Kat:3, Licht: 0,73812,3,6,3,06,13,5,,0,0,1,0,0,1,0
"POINT (11.081506269000000 49.390951633000000)",Unfall 73827 (2016) Kat:3, Licht: 0,73827,3,6,2,06,16,4,,0,0,1,0,0,0,0
"POINT (11.035043219000000 49.404665729999998)",Unfall 73832 (2016) Kat:3, Licht: 0,73832,3,6,2,06,10,5,,0,0,1,0,0,0,0
"POINT (11.107919665000001 49.459677933000002)",Unfall 73888 (2016) Kat:2, Licht: 1,73888,2,1,9,06,05,3,,1,0,1,0,0,0,0
"POINT (11.037130618999999 49.399484493000003)",Unfall 73918 (2016) Kat:3, Licht: 0,73918,3,6,2,06,16,1,,0,0,1,0,0,0,0
"POINT (11.117820489000000 49.437831309000003)",Unfall 73940 (2016) Kat:3, Licht: 0,73940,3,6,2,06,08,2,,0,0,1,0,0,0,0
"POINT (11.098312118999999 49.431313453000001)",Unfall 73951 (2016) Kat:3, Licht: 0,73951,3,3,5,06,16,3,,0,1,1,0,0,0,0
"POINT (11.086354867000001 49.429174598000003)",Unfall 73967 (2016) Kat:3, Licht: 0,73967,3,3,5,06,17,7,,0,0,1,0,0,0,0
"POINT (11.061929693000000 49.428419992999999)",Unfall 74083 (2016) Kat:3, Licht: 0,74083,3,5,3,06,16,3,,0,1,1,0,0,0,0
"POINT (11.062797606000000 49.440269927999999)",Unfall 74117 (2016) Kat:2, Licht: 0,74117,2,6,2,06,13,1,,0,0,0,0,1,0,0
"POINT (11.099425056999999 49.373562108999998)",Unfall 74133 (2016) Kat:3, Licht: 0,74133,3,7,5,06,15,2,,0,0,1,0,0,0,1
"POINT (11.036359579000001 49.400939725000001)",Unfall 74259 (2016) Kat:3, Licht: 0,74259,3,2,5,07,09,6,,0,1,0,0,0,1,0
"POINT (11.038169719000001 49.394791241000000)",Unfall 74280 (2016) Kat:3, Licht: 0,74280,3,3,1,06,13,5,,0,0,1,0,1,0,0
"POINT (11.034649464999999 49.413416149000000)",Unfall 74301 (2016) Kat:3, Licht: 2,74301,3,7,0,06,21,5,,2,0,0,0,1,0,0
"POINT (11.039653847000000 49.425377144000002)",Unfall 74306 (2016) Kat:3, Licht: 0,74306,3,6,2,06,14,4,,0,0,1,0,0,0,0
"POINT (11.103401748000000 49.431408122999997)",Unfall 74310 (2016) Kat:3, Licht: 0,74310,3,2,5,06,08,4,,0,1,0,0,0,0,1
"POINT (11.036345742000000 49.448768848999997)",Unfall 74321 (2016) Kat:3, Licht: 0,74321,3,1,0,06,06,4,,0,0,0,0,1,0,0
"POINT (11.108856857999999 49.417390277000003)",Unfall 74327 (2016) Kat:3, Licht: 0,74327,3,6,2,06,16,4,,0,0,1,0,0,0,0
"POINT (11.076416412000000 49.430735470000002)",Unfall 74336 (2016) Kat:3, Licht: 0,74336,3,6,2,06,10,4,,0,0,1,0,0,1,0
"POINT (11.038319552000001 49.434904773000000)",Unfall 74339 (2016) Kat:3, Licht: 1,74339,3,4,6,07,19,6,,1,0,1,1,0,0,0
"POINT (11.050990144000000 49.446361994000000)",Unfall 74413 (2016) Kat:3, Licht: 0,74413,3,6,2,07,18,6,,0,0,1,0,0,0,0
"POINT (11.092503230000000 49.430174670000000)",Unfall 74435 (2016) Kat:3, Licht: 0,74435,3,6,2,06,18,5,,0,0,1,0,0,0,1
"POINT (11.098038399000000 49.467262957000003)",Unfall 74492 (2016) Kat:3, Licht: 0,74492,3,6,2,07,16,6,,0,0,1,0,0,0,0
"POINT (11.075635236000000 49.430354784000002)",Unfall 74507 (2016) Kat:3, Licht: 0,74507,3,6,3,06,17,5,,0,0,1,0,0,0,0
"POINT (11.033593750000000 49.458193721999997)",Unfall 74592 (2016) Kat:3, Licht: 0,74592,3,6,4,07,08,4,,0,1,0,0,0,0,0
"POINT (11.037992013000000 49.434265058999998)",Unfall 74624 (2016) Kat:3, Licht: 0,74624,3,3,5,07,11,2,,0,0,1,0,0,0,0
"POINT (11.078246039000000 49.396807301000003)",Unfall 74631 (2016) Kat:3, Licht: 0,74631,3,6,2,07,16,3,,0,0,1,0,0,0,0
"POINT (11.022808440000000 49.461603889000003)",Unfall 74653 (2016) Kat:3, Licht: 0,74653,3,2,5,07,10,4,,0,1,0,0,0,1,0
"POINT (11.041218936000000 49.455715558999998)",Unfall 74663 (2016) Kat:3, Licht: 2,74663,3,3,4,07,00,1,,2,0,1,0,0,0,0
"POINT (10.991948404000000 49.436114760999999)",Unfall 74708 (2016) Kat:3, Licht: 0,74708,3,3,5,07,07,2,,0,1,1,0,0,0,0
"POINT (11.103225433000000 49.431383859000000)",Unfall 74747 (2016) Kat:3, Licht: 0,74747,3,6,2,07,11,1,,0,0,1,0,0,0,0
"POINT (11.113117505000000 49.412260091000000)",Unfall 74767 (2016) Kat:3, Licht: 0,74767,3,3,0,07,13,4,,0,1,1,0,0,0,0
"POINT (11.098029124000000 49.394781922000000)",Unfall 74779 (2016) Kat:3, Licht: 0,74779,3,6,2,07,15,7,,0,0,1,0,0,0,0
"POINT (11.043968002000000 49.370034087000001)",Unfall 74827 (2016) Kat:2, Licht: 0,74827,2,3,5,07,17,4,,0,0,1,0,0,0,0
"POINT (11.034821803000000 49.413637665000003)",Unfall 74843 (2016) Kat:3, Licht: 0,74843,3,2,4,07,12,7,,0,0,1,0,0,0,0
"POINT (11.123258405000000 49.398080428000000)",Unfall 74845 (2016) Kat:3, Licht: 0,74845,3,1,0,07,17,4,,0,0,0,0,1,0,0
"POINT (11.112657170000000 49.414248373000000)",Unfall 74859 (2016) Kat:3, Licht: 0,74859,3,6,3,07,20,7,,0,0,1,0,0,0,1
"POINT (11.104861267000000 49.424311951000000)",Unfall 74879 (2016) Kat:3, Licht: 0,74879,3,1,0,07,07,2,,0,0,0,0,1,0,0
"POINT (11.019461623000000 49.462896016000002)",Unfall 74884 (2016) Kat:3, Licht: 2,74884,3,2,4,07,20,3,,2,0,1,0,0,0,0
"POINT (11.082972878000000 49.410551151000000)",Unfall 74916 (2016) Kat:3, Licht: 2,74916,3,3,5,07,00,1,,2,0,1,0,0,0,0
"POINT (11.112436902000001 49.461911518000001)",Unfall 74934 (2016) Kat:2, Licht: 0,74934,2,7,0,07,11,4,,0,1,0,0,0,0,0
"POINT (11.040055760000000 49.454346661999999)",Unfall 74983 (2016) Kat:2, Licht: 0,74983,2,2,4,07,10,3,,0,0,1,0,0,0,0
"POINT (11.069180419000000 49.429243745000001)",Unfall 75000 (2016) Kat:3, Licht: 0,75000,3,1,5,07,10,1,,0,1,1,0,0,0,0
"POINT (11.097889959000000 49.394900223000000)",Unfall 75018 (2016) Kat:3, Licht: 0,75018,3,6,2,07,07,5,,0,0,1,0,0,0,0
"POINT (11.067326765000001 49.379548307999997)",Unfall 75083 (2016) Kat:2, Licht: 0,75083,2,6,4,07,07,5,,0,0,1,0,1,0,0
"POINT (11.084830781000001 49.395327721999998)",Unfall 75110 (2016) Kat:3, Licht: 0,75110,3,2,4,07,13,1,,0,0,1,0,0,0,0
"POINT (11.176535339000001 49.391672831000001)",Unfall 75132 (2016) Kat:3, Licht: 0,75132,3,6,2,07,14,1,,0,0,1,0,0,0,0
"POINT (11.096470525000001 49.431247120000002)",Unfall 75149 (2016) Kat:3, Licht: 0,75149,3,3,5,07,10,7,,0,1,0,0,0,0,0
"POINT (11.059297341000001 49.428943638000000)",Unfall 75234 (2016) Kat:3, Licht: 0,75234,3,6,2,07,12,7,,0,0,1,0,0,0,0
"POINT (11.038192508000000 49.456707256999998)",Unfall 75260 (2016) Kat:3, Licht: 0,75260,3,3,5,07,09,6,,0,0,1,0,0,0,0
"POINT (11.203156096000001 49.419190686000000)",Unfall 75314 (2016) Kat:3, Licht: 0,75314,3,6,2,07,13,1,,0,0,1,0,0,0,0
"POINT (11.036490316000000 49.438958638999999)",Unfall 75409 (2016) Kat:3, Licht: 0,75409,3,6,2,07,12,7,,0,0,1,0,0,0,0
"POINT (11.044876501999999 49.458681017000004)",Unfall 75511 (2016) Kat:3, Licht: 0,75511,3,2,3,07,08,4,,0,0,1,0,0,0,1
"POINT (11.080435365000000 49.395938780999998)",Unfall 75519 (2016) Kat:3, Licht: 0,75519,3,6,2,07,15,3,,0,0,1,0,0,0,0
"POINT (11.028458813000000 49.378262968000001)",Unfall 75583 (2016) Kat:3, Licht: 0,75583,3,3,5,07,17,2,,0,1,1,0,0,0,0
"POINT (11.160057294000000 49.420816821000003)",Unfall 75596 (2016) Kat:3, Licht: 2,75596,3,6,2,07,21,2,,2,0,1,0,0,0,0
"POINT (11.067022690000000 49.376031670000003)",Unfall 75608 (2016) Kat:3, Licht: 0,75608,3,6,2,07,18,2,,0,0,1,0,0,0,0
"POINT (11.064377792000000 49.473632404999996)",Unfall 75647 (2016) Kat:3, Licht: 0,75647,3,2,5,07,08,6,,0,0,1,0,0,0,0
"POINT (11.111623589000001 49.479447982000003)",Unfall 75691 (2016) Kat:3, Licht: 0,75691,3,7,5,07,18,4,,0,1,0,0,0,0,0
"POINT (11.082813360999999 49.410720216000001)",Unfall 75709 (2016) Kat:3, Licht: 0,75709,3,1,9,07,15,5,,0,0,1,0,0,0,0
"POINT (11.110396713000000 49.357385731999997)",Unfall 75769 (2016) Kat:3, Licht: 0,75769,3,6,2,07,10,4,,0,0,0,0,0,1,0
"POINT (11.116175551000000 49.392802910000000)",Unfall 75791 (2016) Kat:2, Licht: 1,75791,2,1,9,07,07,5,,1,0,0,0,1,0,0
"POINT (11.068408923000000 49.469497179000001)",Unfall 75820 (2016) Kat:3, Licht: 0,75820,3,6,1,07,16,4,,0,0,1,0,0,0,0
"POINT (11.031868095000000 49.458763120999997)",Unfall 75955 (2016) Kat:3, Licht: 0,75955,3,3,5,07,15,3,,0,1,1,0,0,0,0
"POINT (11.059324787000000 49.483145120000003)",Unfall 76017 (2016) Kat:3, Licht: 0,76017,3,3,5,07,16,3,,0,1,1,0,0,0,0
"POINT (11.019486485000000 49.462887316000000)",Unfall 76026 (2016) Kat:3, Licht: 0,76026,3,3,5,07,16,7,,0,0,1,0,0,1,0
"POINT (11.145892172000000 49.472829201000003)",Unfall 76040 (2016) Kat:3, Licht: 0,76040,3,1,0,07,06,3,,0,0,1,0,0,0,0
"POINT (10.993676313000000 49.437249571000002)",Unfall 76061 (2016) Kat:3, Licht: 0,76061,3,6,3,07,07,2,,0,0,1,0,0,1,0
"POINT (11.032658117000000 49.388041573999999)",Unfall 76064 (2016) Kat:3, Licht: 0,76064,3,2,5,07,19,3,,0,0,1,1,0,0,0
"POINT (11.064673000000001 49.473393657999999)",Unfall 76074 (2016) Kat:3, Licht: 0,76074,3,4,6,07,07,4,,0,0,1,1,0,0,0
"POINT (11.122477737000001 49.447963725999998)",Unfall 76079 (2016) Kat:3, Licht: 0,76079,3,6,2,07,20,2,,0,0,1,0,0,0,0
"POINT (11.093336560999999 49.430343106000002)",Unfall 76105 (2016) Kat:3, Licht: 0,76105,3,7,0,07,12,2,,0,1,0,0,0,0,0
"POINT (11.015504539000000 49.441187788000001)",Unfall 76119 (2016) Kat:3, Licht: 0,76119,3,3,3,07,07,2,,0,1,1,0,0,0,0
"POINT (11.054960347000000 49.353797274000001)",Unfall 76153 (2016) Kat:3, Licht: 0,76153,3,6,1,07,12,3,,0,0,1,0,0,0,0
"POINT (11.047326725000000 49.430042280000002)",Unfall 76306 (2016) Kat:3, Licht: 0,76306,3,6,2,07,11,4,,0,0,1,0,0,0,0
"POINT (11.053762005999999 49.429764933000001)",Unfall 76417 (2016) Kat:3, Licht: 0,76417,3,6,2,07,18,4,,0,0,1,0,1,0,0
"POINT (11.066556899000000 49.355764892000003)",Unfall 76583 (2016) Kat:3, Licht: 0,76583,3,6,2,07,17,3,,0,0,1,0,0,0,0
"POINT (11.083727264000000 49.394357339000003)",Unfall 76584 (2016) Kat:3, Licht: 0,76584,3,6,2,07,10,2,,0,0,1,0,0,0,0
"POINT (11.041218936000000 49.455715558999998)",Unfall 76740 (2016) Kat:3, Licht: 0,76740,3,6,0,07,12,2,,0,0,1,0,1,0,0
"POINT (11.086616422000001 49.429173609000003)",Unfall 76834 (2016) Kat:3, Licht: 0,76834,3,2,5,07,14,3,,0,1,1,0,0,0,0
"POINT (11.103091194999999 49.464146282000002)",Unfall 76881 (2016) Kat:2, Licht: 0,76881,2,2,5,07,21,7,,0,0,1,1,0,0,0
"POINT (11.123558267000000 49.435402815000003)",Unfall 76886 (2016) Kat:3, Licht: 0,76886,3,6,2,07,14,7,,0,0,1,0,0,0,0
"POINT (11.067046660000001 49.415545004999998)",Unfall 76929 (2016) Kat:3, Licht: 2,76929,3,6,9,07,21,6,,2,0,1,0,0,0,0
"POINT (11.060284677000000 49.442454709000003)",Unfall 76956 (2016) Kat:3, Licht: 0,76956,3,6,2,07,06,3,,0,0,1,0,1,0,0
"POINT (11.105220771999999 49.382476666999999)",Unfall 76957 (2016) Kat:3, Licht: 0,76957,3,6,3,07,07,2,,0,1,0,0,0,0,0
"POINT (11.113945482000000 49.507515706000000)",Unfall 77020 (2016) Kat:3, Licht: 0,77020,3,6,0,07,11,3,,0,0,1,0,0,0,0
"POINT (11.037487536000000 49.456938303000001)",Unfall 77045 (2016) Kat:3, Licht: 0,77045,3,2,5,07,14,1,,0,0,1,0,0,0,0
"POINT (11.035793571999999 49.441009364000003)",Unfall 77080 (2016) Kat:3, Licht: 0,77080,3,2,5,07,11,3,,0,1,0,0,0,1,0
"POINT (11.031815092000000 49.458780826999998)",Unfall 77191 (2016) Kat:3, Licht: 1,77191,3,6,1,07,20,4,,1,0,1,0,1,0,0
"POINT (11.048029452000000 49.460673647000000)",Unfall 77213 (2016) Kat:2, Licht: 0,77213,2,6,3,07,14,5,,0,0,1,0,0,0,1
"POINT (11.103226416000000 49.472870952999997)",Unfall 77239 (2016) Kat:3, Licht: 0,77239,3,6,4,07,08,4,,0,1,0,0,0,0,0
"POINT (10.992731218999999 49.436694189999997)",Unfall 77299 (2016) Kat:3, Licht: 0,77299,3,6,2,07,09,4,,0,0,1,0,0,0,0
"POINT (11.121003350000001 49.436544038999997)",Unfall 77401 (2016) Kat:3, Licht: 0,77401,3,2,5,07,12,4,,0,1,1,0,0,0,0
"POINT (11.085297588000000 49.370707920999997)",Unfall 77422 (2016) Kat:2, Licht: 0,77422,2,1,0,08,19,2,,0,1,0,0,0,0,0
"POINT (11.041730242000000 49.429992509000002)",Unfall 77513 (2016) Kat:3, Licht: 0,77513,3,1,0,07,20,1,,0,1,0,0,0,0,0
"POINT (11.117065584000001 49.393543807999997)",Unfall 77537 (2016) Kat:3, Licht: 0,77537,3,6,2,08,19,2,,0,0,1,0,0,0,0
"POINT (11.165342298000001 49.390830405000003)",Unfall 77577 (2016) Kat:3, Licht: 0,77577,3,1,2,07,11,6,,0,0,1,0,1,0,0
"POINT (11.051708347000000 49.358690320000001)",Unfall 77612 (2016) Kat:3, Licht: 0,77612,3,3,5,07,11,7,,0,1,1,0,0,0,0
"POINT (11.038608523000001 49.452538093999998)",Unfall 77620 (2016) Kat:3, Licht: 0,77620,3,6,0,08,14,2,,0,1,0,0,0,0,0
"POINT (11.122045996000001 49.436076982000003)",Unfall 77630 (2016) Kat:3, Licht: 0,77630,3,6,2,07,16,6,,0,0,1,0,0,0,0
"POINT (11.103867682000001 49.475212436000000)",Unfall 77646 (2016) Kat:3, Licht: 0,77646,3,6,3,07,17,6,,0,0,1,0,1,0,0
"POINT (11.041146646000000 49.455739133999998)",Unfall 77647 (2016) Kat:3, Licht: 2,77647,3,2,5,07,01,1,,2,0,1,0,0,0,0
"POINT (11.099909092000001 49.431225529000002)",Unfall 77669 (2016) Kat:3, Licht: 0,77669,3,6,2,08,16,2,,0,0,1,0,0,0,0
"POINT (11.176822109000000 49.391819953999999)",Unfall 77713 (2016) Kat:3, Licht: 0,77713,3,6,2,07,17,1,,0,0,1,0,0,0,1
"POINT (11.036100264000000 49.446794699000002)",Unfall 77732 (2016) Kat:3, Licht: 0,77732,3,6,1,08,16,3,,0,0,1,0,0,0,0
"POINT (11.103635510000000 49.474389195999997)",Unfall 77767 (2016) Kat:3, Licht: 0,77767,3,2,0,08,10,5,,0,1,1,0,0,0,0
"POINT (11.104132118000001 49.475419086000002)",Unfall 77812 (2016) Kat:3, Licht: 0,77812,3,3,5,08,16,4,,0,1,1,0,0,0,0
"POINT (11.111116475999999 49.358046471000002)",Unfall 77815 (2016) Kat:2, Licht: 0,77815,2,6,2,08,16,4,,0,0,0,0,0,1,0
"POINT (11.074858230000000 49.469428512999997)",Unfall 77855 (2016) Kat:3, Licht: 0,77855,3,6,0,08,17,5,,0,0,0,0,1,0,0
"POINT (11.098406297000000 49.467638493000003)",Unfall 77978 (2016) Kat:3, Licht: 0,77978,3,6,2,08,14,5,,0,0,1,0,0,0,0
"POINT (11.036413058999999 49.439073594000000)",Unfall 78094 (2016) Kat:3, Licht: 0,78094,3,2,3,08,11,2,,0,1,0,0,0,1,0
"POINT (11.161231251000000 49.390263093999998)",Unfall 78099 (2016) Kat:3, Licht: 0,78099,3,6,3,08,18,2,,0,0,1,0,0,1,0
"POINT (11.103054699999999 49.431358867999997)",Unfall 78233 (2016) Kat:3, Licht: 0,78233,3,1,0,08,11,1,,0,1,0,0,0,0,0
"POINT (11.035789920999999 49.421263908999997)",Unfall 78253 (2016) Kat:3, Licht: 0,78253,3,1,0,08,15,2,,0,0,0,0,1,0,0
"POINT (11.117862130000001 49.437909634999997)",Unfall 78347 (2016) Kat:3, Licht: 2,78347,3,6,3,08,20,6,,2,0,1,0,1,0,0
"POINT (11.053559483000001 49.429693309000001)",Unfall 78358 (2016) Kat:2, Licht: 0,78358,2,1,0,08,19,7,,0,1,0,0,0,0,0
"POINT (11.038188254000000 49.434291774999998)",Unfall 78366 (2016) Kat:3, Licht: 0,78366,3,3,5,08,19,6,,0,0,1,0,0,0,0
"POINT (11.034345114000001 49.410599154000003)",Unfall 78375 (2016) Kat:3, Licht: 0,78375,3,6,2,08,15,6,,0,0,1,0,0,0,0
"POINT (11.121476634000000 49.442752339999998)",Unfall 78505 (2016) Kat:3, Licht: 2,78505,3,2,4,08,23,7,,2,0,1,0,0,0,0
"POINT (11.082802268000000 49.410732004000003)",Unfall 78568 (2016) Kat:3, Licht: 0,78568,3,6,2,08,13,6,,0,0,1,0,0,0,0
"POINT (11.178220701000001 49.391792678000002)",Unfall 78664 (2016) Kat:3, Licht: 0,78664,3,6,1,08,07,7,,0,0,1,0,0,0,0
"POINT (11.084821251999999 49.395319118000003)",Unfall 78681 (2016) Kat:3, Licht: 0,78681,3,2,4,08,15,7,,0,0,1,0,1,0,0
"POINT (11.174205464000000 49.391517534999998)",Unfall 78684 (2016) Kat:3, Licht: 0,78684,3,3,2,08,19,4,,0,0,1,0,0,0,0
"POINT (11.076363435999999 49.341760979000000)",Unfall 78688 (2016) Kat:3, Licht: 2,78688,3,1,8,08,22,4,,2,0,1,0,0,0,0
"POINT (11.186205061000001 49.393161706999997)",Unfall 78698 (2016) Kat:3, Licht: 0,78698,3,6,2,08,14,1,,0,0,1,0,0,0,0
"POINT (11.071172683000000 49.469487203000000)",Unfall 78719 (2016) Kat:3, Licht: 0,78719,3,2,5,08,13,6,,0,1,1,0,0,0,0
"POINT (11.096387422999999 49.431244126000003)",Unfall 78768 (2016) Kat:3, Licht: 0,78768,3,2,5,08,18,7,,0,1,1,0,0,0,0
"POINT (11.120248866000001 49.465173898000003)",Unfall 78771 (2016) Kat:3, Licht: 0,78771,3,3,5,08,12,4,,0,1,1,0,0,0,0
"POINT (11.044569938000000 49.429753405000000)",Unfall 78857 (2016) Kat:3, Licht: 0,78857,3,6,2,08,13,7,,0,0,1,0,0,0,1
"POINT (11.178666019000000 49.469077108000000)",Unfall 78884 (2016) Kat:3, Licht: 0,78884,3,6,2,08,16,6,,0,0,1,0,0,0,0
"POINT (11.058751998000000 49.484493933000003)",Unfall 78888 (2016) Kat:3, Licht: 0,78888,3,1,0,08,18,5,,0,1,0,0,0,0,0
"POINT (11.068493824000001 49.469509055000003)",Unfall 78926 (2016) Kat:3, Licht: 2,78926,3,6,2,08,21,6,,2,0,1,0,0,0,0
"POINT (11.032628904999999 49.420692228999997)",Unfall 78957 (2016) Kat:3, Licht: 0,78957,3,7,0,08,15,3,,0,0,0,0,0,0,1
"POINT (11.117423247000000 49.437063660000000)",Unfall 78970 (2016) Kat:3, Licht: 0,78970,3,6,2,08,19,3,,0,0,1,0,1,0,0
"POINT (11.110091851000000 49.461545004999998)",Unfall 79024 (2016) Kat:2, Licht: 0,79024,2,1,0,08,10,4,,0,1,0,0,0,0,0
"POINT (11.085776557999999 49.469631001000003)",Unfall 79044 (2016) Kat:3, Licht: 0,79044,3,6,2,08,09,2,,0,0,1,0,0,1,0
"POINT (11.067494199000000 49.469227246999999)",Unfall 79050 (2016) Kat:3, Licht: 0,79050,3,6,2,08,12,5,,0,0,1,0,0,0,0
"POINT (11.162100058000000 49.468653863999997)",Unfall 79054 (2016) Kat:3, Licht: 1,79054,3,5,1,08,20,2,,1,0,1,0,1,0,1
"POINT (11.078901169000000 49.414931350000003)",Unfall 79208 (2016) Kat:3, Licht: 0,79208,3,3,5,08,13,6,,0,1,1,0,0,0,0
"POINT (11.056295498000001 49.351548426999997)",Unfall 79212 (2016) Kat:3, Licht: 0,79212,3,3,5,08,19,4,,0,0,1,0,0,0,1
"POINT (10.994144430000000 49.437356147999999)",Unfall 79332 (2016) Kat:3, Licht: 0,79332,3,1,0,08,14,5,,0,1,0,0,0,0,0
"POINT (11.033845960000001 49.411732434000001)",Unfall 79411 (2016) Kat:2, Licht: 0,79411,2,7,0,08,18,3,,0,0,1,0,1,0,0
"POINT (11.012607897000001 49.465268430999998)",Unfall 79419 (2016) Kat:3, Licht: 0,79419,3,1,0,08,18,3,,0,0,1,0,1,0,0
"POINT (11.134258033000000 49.461443435000000)",Unfall 79517 (2016) Kat:3, Licht: 0,79517,3,6,3,08,12,3,,0,0,1,0,1,0,0
"POINT (11.185209564999999 49.392839557000002)",Unfall 79553 (2016) Kat:3, Licht: 0,79553,3,6,2,08,16,1,,0,0,1,0,0,0,1
"POINT (11.037091424000000 49.450025683000000)",Unfall 79554 (2016) Kat:3, Licht: 0,79554,3,6,2,08,15,4,,0,0,1,0,0,0,0
"POINT (11.041135358000000 49.455602114000001)",Unfall 79614 (2016) Kat:3, Licht: 0,79614,3,6,2,08,11,5,,0,0,1,0,0,0,0
"POINT (11.064387315999999 49.473608526000000)",Unfall 79622 (2016) Kat:3, Licht: 0,79622,3,2,5,08,07,7,,0,1,1,0,0,0,0
"POINT (11.098125392000000 49.467117651000002)",Unfall 79624 (2016) Kat:1, Licht: 0,79624,1,2,6,08,10,3,,0,0,0,1,0,1,0
"POINT (11.026880738999999 49.460249889000004)",Unfall 79630 (2016) Kat:3, Licht: 0,79630,3,6,3,08,08,3,,0,0,1,0,0,0,0
"POINT (11.061125719000000 49.428547897000001)",Unfall 79642 (2016) Kat:3, Licht: 2,79642,3,3,5,08,21,1,,2,0,1,0,0,0,1
"POINT (11.057482151000000 49.486326886000001)",Unfall 79643 (2016) Kat:2, Licht: 0,79643,2,1,0,08,11,7,,0,1,0,0,0,0,0
"POINT (11.110598912000000 49.478937187000000)",Unfall 79667 (2016) Kat:3, Licht: 0,79667,3,6,3,08,17,2,,0,1,0,0,0,0,0
"POINT (10.994276550000000 49.437486538999998)",Unfall 79690 (2016) Kat:3, Licht: 2,79690,3,2,5,08,22,2,,2,1,0,0,0,0,1
"POINT (11.041894063999999 49.456492640000000)",Unfall 79704 (2016) Kat:2, Licht: 0,79704,2,5,1,08,16,2,,0,1,1,0,0,0,0
"POINT (11.036319441000000 49.448687577000001)",Unfall 79733 (2016) Kat:3, Licht: 0,79733,3,2,5,08,17,3,,0,1,0,0,0,0,1
"POINT (11.143746615000000 49.427695161000003)",Unfall 79810 (2016) Kat:3, Licht: 0,79810,3,2,5,08,16,3,,0,1,1,0,0,0,0
"POINT (11.039315613999999 49.378218685999997)",Unfall 79824 (2016) Kat:3, Licht: 0,79824,3,6,2,08,14,5,,0,0,1,0,0,0,0
"POINT (11.037991084000000 49.434255434999997)",Unfall 79832 (2016) Kat:3, Licht: 0,79832,3,2,4,08,08,3,,0,0,1,0,0,0,0
"POINT (11.015400429000000 49.421918742000003)",Unfall 79864 (2016) Kat:3, Licht: 0,79864,3,6,2,08,18,4,,0,0,1,0,0,0,1
"POINT (11.110757714000000 49.461616657999997)",Unfall 79880 (2016) Kat:3, Licht: 0,79880,3,7,9,08,07,6,,0,0,1,0,0,0,0
"POINT (11.105733001999999 49.460677150999999)",Unfall 79960 (2016) Kat:3, Licht: 0,79960,3,6,2,08,12,3,,0,1,1,0,0,0,0
"POINT (11.051237452000001 49.463321594999996)",Unfall 79961 (2016) Kat:3, Licht: 0,79961,3,2,4,08,14,6,,0,0,1,0,0,0,0
"POINT (11.115278241000000 49.401509120999997)",Unfall 80014 (2016) Kat:3, Licht: 0,80014,3,6,3,08,13,1,,0,0,1,0,1,0,0
"POINT (11.103113048000001 49.464128877999997)",Unfall 80100 (2016) Kat:3, Licht: 0,80100,3,6,2,08,11,3,,0,0,1,0,0,0,0
"POINT (11.091648319000001 49.470239425999999)",Unfall 80101 (2016) Kat:3, Licht: 0,80101,3,6,2,08,15,6,,0,0,1,0,0,0,0
"POINT (11.071604955000000 49.429627754000002)",Unfall 80132 (2016) Kat:3, Licht: 0,80132,3,2,3,08,10,2,,0,0,1,0,0,0,1
"POINT (11.056853621000000 49.429310270000002)",Unfall 80185 (2016) Kat:3, Licht: 0,80185,3,6,1,08,08,3,,0,0,1,0,0,0,0
"POINT (11.117660023999999 49.437921805999999)",Unfall 80186 (2016) Kat:3, Licht: 0,80186,3,2,4,08,17,6,,0,1,0,0,0,0,1
"POINT (11.073141734000000 49.429856274999999)",Unfall 80231 (2016) Kat:3, Licht: 1,80231,3,6,2,08,20,7,,1,0,1,0,0,0,0
"POINT (11.062882457000001 49.428266655000002)",Unfall 80246 (2016) Kat:3, Licht: 0,80246,3,6,2,08,15,7,,0,0,1,0,0,0,1
"POINT (11.158342087999999 49.418931274000002)",Unfall 80322 (2016) Kat:2, Licht: 2,80322,2,1,6,08,21,3,,2,1,0,1,0,0,0
"POINT (11.035787565000000 49.441097137000000)",Unfall 80323 (2016) Kat:3, Licht: 0,80323,3,6,2,08,13,6,,0,0,1,0,0,0,0
"POINT (11.003831023000000 49.438606509000003)",Unfall 80355 (2016) Kat:3, Licht: 0,80355,3,6,2,08,11,2,,0,0,1,0,0,0,0
"POINT (11.059009629000000 49.466856585000002)",Unfall 80404 (2016) Kat:3, Licht: 0,80404,3,6,2,08,11,6,,0,0,1,0,0,0,1