WKT,Name,OBJECTID,UKATEGORIE,UTYP1,UART,UMONAT,USTUNDE,UWOCHENTAG,STRZUSTAND,ULICHTVERH,ISTRAD,ISTPKW,ISTFUSS,ISTKRAD,ISTGKFZ,ISTSONSTIG
"POINT (11.109353403000000 49.356634763999999)",Unfall 80406 (2016) Kat:3, Licht: 0,80406,3,6,3,08,10,6,,0,0,1,0,0,1,1
"POINT (11.035032565000000 49.405680945000000)",Unfall 80441 (2016) Kat:3, Licht: 1,80441,3,2,5,09,06,3,,1,0,1,0,0,0,0
"POINT (11.043552682000000 49.393530063000000)",Unfall 80562 (2016) Kat:2, Licht: 0,80562,2,6,4,08,17,4,,0,0,1,0,0,0,0
"POINT (11.114162356000000 49.459550880000002)",Unfall 80581 (2016) Kat:3, Licht: 0,80581,3,6,2,08,09,4,,0,0,1,0,0,0,0
"POINT (11.012480705000000 49.465314380000002)",Unfall 80585 (2016) Kat:3, Licht: 0,80585,3,2,3,08,18,4,,0,1,1,0,0,0,0
"POINT (11.082276154000001 49.371588277999997)",Unfall 80602 (2016) Kat:3, Licht: 1,80602,3,3,5,08,20,4,,1,1,1,0,0,0,0
"POINT (11.043941122000000 49.429953335999997)",Unfall 80686 (2016) Kat:3, Licht: 0,80686,3,1,6,09,07,3,,0,1,0,1,0,0,0
"POINT (11.044737721000001 49.429828598999997)",Unfall 80725 (2016) Kat:3, Licht: 0,80725,3,2,4,09,14,1,,0,0,1,0,0,0,0
"POINT (11.061195879000000 49.428642220999997)",Unfall 80729 (2016) Kat:3, Licht: 0,80729,3,3,5,09,17,6,,0,0,1,0,0,0,0
"POINT (11.117782248999999 49.402237313000001)",Unfall 80756 (2016) Kat:3, Licht: 0,80756,3,3,5,09,13,1,,0,1,1,0,0,0,0
"POINT (11.067774406000000 49.469281037000002)",Unfall 80774 (2016) Kat:3, Licht: 0,80774,3,6,2,09,12,2,,0,0,1,0,0,0,0
"POINT (11.173720832000001 49.468962544000000)",Unfall 80784 (2016) Kat:3, Licht: 0,80784,3,1,6,09,19,1,,0,1,0,1,0,0,0
"POINT (11.171563260999999 49.468904303999999)",Unfall 80924 (2016) Kat:3, Licht: 0,80924,3,3,5,09,12,7,,0,1,1,0,0,0,0
"POINT (11.041135358000000 49.455602114000001)",Unfall 80933 (2016) Kat:3, Licht: 0,80933,3,6,2,09,10,3,,0,0,1,0,0,0,0
"POINT (11.133118101999999 49.460957643999997)",Unfall 80980 (2016) Kat:3, Licht: 0,80980,3,6,2,09,11,2,,0,0,1,0,1,0,0
"POINT (11.100678759999999 49.395054887999997)",Unfall 80987 (2016) Kat:3, Licht: 2,80987,3,6,2,09,00,2,,2,0,1,0,0,0,0
"POINT (11.065414877000000 49.427898732000003)",Unfall 81031 (2016) Kat:3, Licht: 0,81031,3,2,3,09,13,6,,0,1,1,0,0,0,0
"POINT (11.031501775000001 49.458885494000000)",Unfall 81070 (2016) Kat:3, Licht: 0,81070,3,2,5,09,12,4,,0,1,1,0,0,0,0
"POINT (11.057754044999999 49.429177140999997)",Unfall 81080 (2016) Kat:3, Licht: 0,81080,3,6,3,09,09,4,,0,0,1,0,0,0,0
"POINT (11.085016789000001 49.469377121999997)",Unfall 81085 (2016) Kat:2, Licht: 0,81085,2,3,5,09,07,4,,0,0,1,0,1,0,0
"POINT (11.093955019999999 49.430487667999998)",Unfall 81097 (2016) Kat:3, Licht: 0,81097,3,6,2,09,07,4,,0,0,1,0,0,0,0
"POINT (11.107558231000001 49.418033489000003)",Unfall 81105 (2016) Kat:3, Licht: 0,81105,3,6,2,09,17,4,,0,0,1,0,0,0,0
"POINT (11.117813520000000 49.437818198999999)",Unfall 81146 (2016) Kat:3, Licht: 0,81146,3,6,2,09,17,6,,0,0,1,0,0,0,0
"POINT (11.041326661999999 49.374117421000001)",Unfall 81253 (2016) Kat:2, Licht: 0,81253,2,7,0,09,17,5,,0,1,0,0,0,0,0
"POINT (11.026692683000000 49.441574353000000)",Unfall 81301 (2016) Kat:3, Licht: 0,81301,3,6,2,09,16,7,,0,0,1,0,0,0,0
"POINT (11.147056455000000 49.464013436000002)",Unfall 81361 (2016) Kat:3, Licht: 2,81361,3,2,4,09,23,7,,2,1,1,0,0,0,0
"POINT (11.034187399000000 49.412997382999997)",Unfall 81375 (2016) Kat:3, Licht: 0,81375,3,3,5,09,10,7,,0,1,0,0,0,0,0
"POINT (11.040703666000001 49.455743312000003)",Unfall 81400 (2016) Kat:3, Licht: 0,81400,3,6,2,09,13,1,,0,0,1,0,0,0,0
"POINT (11.102403884999999 49.471677339000003)",Unfall 81614 (2016) Kat:3, Licht: 0,81614,3,6,2,09,17,3,,0,0,1,0,1,0,0
"POINT (11.043951527000001 49.370048374000000)",Unfall 81641 (2016) Kat:2, Licht: 0,81641,2,2,4,09,09,4,,0,0,1,0,0,0,0
"POINT (11.119995539000000 49.436988356999997)",Unfall 81663 (2016) Kat:3, Licht: 0,81663,3,6,2,09,08,3,,0,0,1,0,0,0,0
"POINT (11.035992279000000 49.440923476999998)",Unfall 81712 (2016) Kat:3, Licht: 0,81712,3,6,2,09,17,4,,0,0,1,0,1,0,0
"POINT (11.035336199000000 49.408642829000001)",Unfall 81747 (2016) Kat:3, Licht: 1,81747,3,7,6,09,19,3,,1,1,0,1,0,0,0
"POINT (11.072949945000000 49.469568928000001)",Unfall 81773 (2016) Kat:3, Licht: 0,81773,3,3,5,09,11,4,,0,1,1,0,0,0,0
"POINT (11.182918367999999 49.418296536000000)",Unfall 81817 (2016) Kat:3, Licht: 2,81817,3,1,9,09,02,2,,2,0,1,0,0,0,1
"POINT (11.073517241999999 49.385381170000002)",Unfall 81831 (2016) Kat:3, Licht: 0,81831,3,2,5,09,17,2,,0,1,0,0,0,0,1
"POINT (11.045025792000001 49.429837329999998)",Unfall 81833 (2016) Kat:3, Licht: 0,81833,3,6,3,09,14,2,,0,0,1,0,0,1,0
"POINT (11.114313558999999 49.462486566999999)",Unfall 81835 (2016) Kat:3, Licht: 0,81835,3,1,0,09,08,4,,0,1,0,0,0,0,0
"POINT (11.127651121000000 49.467794589000000)",Unfall 81847 (2016) Kat:3, Licht: 0,81847,3,5,3,09,11,2,,0,0,1,0,0,0,0
"POINT (11.123405563000000 49.397934096000000)",Unfall 81849 (2016) Kat:2, Licht: 0,81849,2,2,6,09,13,2,,0,0,1,1,0,0,0
"POINT (11.082410607000000 49.371570441999999)",Unfall 81873 (2016) Kat:2, Licht: 0,81873,2,1,0,09,17,3,,0,1,0,0,0,0,0
"POINT (11.059739472000000 49.526334579000000)",Unfall 81900 (2016) Kat:3, Licht: 0,81900,3,1,8,09,14,4,,0,1,0,0,1,0,0
"POINT (11.009823278000001 49.424338005000003)",Unfall 81954 (2016) Kat:3, Licht: 2,81954,3,1,0,09,20,5,,2,1,0,0,0,0,0
"POINT (11.062756459999999 49.476869628000003)",Unfall 81966 (2016) Kat:3, Licht: 0,81966,3,1,0,09,12,5,,0,0,0,0,1,0,0
"POINT (11.044624410999999 49.429941382999999)",Unfall 81979 (2016) Kat:3, Licht: 2,81979,3,2,4,09,19,1,,2,0,1,0,0,0,0
"POINT (11.121480666000000 49.399474165999997)",Unfall 81997 (2016) Kat:3, Licht: 0,81997,3,7,0,09,16,6,,0,1,1,0,0,0,0
"POINT (11.084731156000000 49.395240442999999)",Unfall 82019 (2016) Kat:3, Licht: 2,82019,3,2,5,09,20,6,,2,0,1,0,0,0,1
"POINT (11.067790314000000 49.469283289000003)",Unfall 82030 (2016) Kat:3, Licht: 0,82030,3,6,2,09,10,6,,0,0,1,0,0,0,1
"POINT (11.152946059000000 49.416142461000000)",Unfall 82034 (2016) Kat:3, Licht: 0,82034,3,6,2,09,12,6,,0,0,1,0,0,0,0
"POINT (11.036450516000000 49.448431470999999)",Unfall 82036 (2016) Kat:3, Licht: 0,82036,3,6,2,09,10,6,,0,0,1,0,1,0,0
"POINT (11.182754932000000 49.418220935999997)",Unfall 82047 (2016) Kat:3, Licht: 0,82047,3,6,2,09,11,6,,0,0,1,0,1,0,0
"POINT (11.037671297999999 49.422935969999997)",Unfall 82145 (2016) Kat:3, Licht: 0,82145,3,7,3,09,18,1,,0,0,1,0,0,0,0
"POINT (11.176078303000001 49.391766300999997)",Unfall 82305 (2016) Kat:3, Licht: 1,82305,3,6,1,09,19,1,,1,0,1,0,0,0,0
"POINT (10.994457926999999 49.437462009999997)",Unfall 82356 (2016) Kat:3, Licht: 0,82356,3,6,2,09,06,5,,0,0,1,0,0,0,0
"POINT (11.053334390000000 49.445288407000000)",Unfall 82363 (2016) Kat:3, Licht: 2,82363,3,6,2,09,21,6,,2,0,1,0,0,0,1
"POINT (11.135474353999999 49.461585268000000)",Unfall 82427 (2016) Kat:2, Licht: 0,82427,2,7,6,09,13,6,,0,1,0,1,0,0,0
"POINT (11.058203753000001 49.442823975000003)",Unfall 82434 (2016) Kat:3, Licht: 0,82434,3,6,3,09,17,4,,0,0,1,0,0,0,0
"POINT (11.051704008000000 49.358699729999998)",Unfall 82436 (2016) Kat:3, Licht: 0,82436,3,3,5,09,17,4,,0,1,1,0,0,0,0
"POINT (11.036752330000001 49.449340802000002)",Unfall 82446 (2016) Kat:3, Licht: 0,82446,3,6,2,09,09,4,,0,0,1,0,0,1,0
"POINT (11.005063701999999 49.440083057999999)",Unfall 82465 (2016) Kat:3, Licht: 1,82465,3,2,5,09,06,4,,1,1,0,0,0,0,1
"POINT (11.040092090000000 49.381131238999998)",Unfall 82492 (2016) Kat:3, Licht: 0,82492,3,6,4,09,13,4,,0,0,1,0,0,0,0
"POINT (11.041064284999999 49.430119134000002)",Unfall 82497 (2016) Kat:2, Licht: 0,82497,2,5,1,09,07,4,,0,1,1,0,0,0,0
"POINT (11.036324088000001 49.448701937999999)",Unfall 82508 (2016) Kat:3, Licht: 0,82508,3,2,5,09,18,4,,0,1,1,0,0,0,0
"POINT (11.103136276000001 49.464110378000001)",Unfall 82511 (2016) Kat:3, Licht: 0,82511,3,6,2,09,08,2,,0,0,1,0,0,0,0
"POINT (11.113225548999999 49.411766270000001)",Unfall 82515 (2016) Kat:3, Licht: 0,82515,3,6,2,09,06,2,,0,0,1,0,0,0,0
"POINT (11.145050841000000 49.426989472999999)",Unfall 82521 (2016) Kat:2, Licht: 0,82521,2,1,0,09,15,3,,0,1,0,0,0,0,0
"POINT (11.052581071000001 49.464256200999998)",Unfall 82522 (2016) Kat:3, Licht: 0,82522,3,1,0,09,13,6,,0,0,0,0,1,0,0
"POINT (11.036298433000001 49.416624417000001)",Unfall 82676 (2016) Kat:3, Licht: 0,82676,3,2,6,09,18,6,,0,0,1,1,0,0,0
"POINT (11.055843528000000 49.444701506000001)",Unfall 82721 (2016) Kat:3, Licht: 0,82721,3,6,2,09,08,2,,0,0,1,0,0,0,1
"POINT (11.066763367000000 49.471108831999999)",Unfall 82775 (2016) Kat:2, Licht: 0,82775,2,3,0,09,07,3,,0,1,0,0,0,0,0
"POINT (11.098541597000001 49.431320306000003)",Unfall 82819 (2016) Kat:3, Licht: 0,82819,3,3,5,09,14,4,,0,0,1,0,0,0,0
"POINT (11.098517182000000 49.431193155999999)",Unfall 82905 (2016) Kat:3, Licht: 0,82905,3,6,2,09,15,4,,0,0,1,0,0,0,0
"POINT (11.147191831000001 49.473008864999997)",Unfall 82957 (2016) Kat:3, Licht: 0,82957,3,6,2,09,09,3,,0,0,1,0,0,0,0
"POINT (11.126383239999999 49.434250253000002)",Unfall 83001 (2016) Kat:2, Licht: 0,83001,2,3,5,09,18,4,,0,1,1,0,0,0,0
"POINT (11.101904093000000 49.431280280999999)",Unfall 83052 (2016) Kat:2, Licht: 0,83052,2,1,0,09,17,7,,0,1,0,0,0,0,0
"POINT (11.012465728000000 49.465319790000002)",Unfall 83074 (2016) Kat:2, Licht: 0,83074,2,2,5,09,14,7,,0,0,1,0,0,0,0
"POINT (11.040399831000000 49.375808661999997)",Unfall 83085 (2016) Kat:3, Licht: 0,83085,3,3,5,09,17,4,,0,0,1,0,0,0,1
"POINT (11.076924164999999 49.430790520999999)",Unfall 83132 (2016) Kat:3, Licht: 0,83132,3,7,6,09,16,1,,0,0,0,1,0,0,1
"POINT (11.055287094000001 49.409236335999999)",Unfall 83133 (2016) Kat:3, Licht: 0,83133,3,6,3,09,18,3,,0,0,1,0,0,0,0
"POINT (11.065460280000000 49.427893910000002)",Unfall 83149 (2016) Kat:3, Licht: 0,83149,3,6,1,09,16,5,,0,0,1,0,0,0,0
"POINT (11.038234581999999 49.456693465000001)",Unfall 83171 (2016) Kat:3, Licht: 0,83171,3,7,0,09,08,5,,0,1,0,0,0,0,0
"POINT (11.012467227000000 49.465319248999997)",Unfall 83212 (2016) Kat:3, Licht: 0,83212,3,2,4,10,18,7,,0,0,1,0,0,0,0
"POINT (11.123773542000000 49.435309091999997)",Unfall 83225 (2016) Kat:3, Licht: 0,83225,3,2,4,10,11,7,,0,0,1,0,0,0,0
"POINT (11.041218936000000 49.455715558999998)",Unfall 83248 (2016) Kat:3, Licht: 0,83248,3,2,5,09,19,5,,0,0,1,0,0,0,0
"POINT (11.039035566000001 49.456430841000000)",Unfall 83307 (2016) Kat:2, Licht: 2,83307,2,4,6,09,22,6,,2,0,1,1,0,0,0
"POINT (11.058276621999999 49.348806881999998)",Unfall 83324 (2016) Kat:3, Licht: 0,83324,3,6,2,09,09,6,,0,0,1,0,0,0,0
"POINT (11.083750070000001 49.394383423000001)",Unfall 83334 (2016) Kat:3, Licht: 0,83334,3,3,5,09,08,6,,0,1,1,0,0,0,0
"POINT (11.156146273999999 49.465964997999997)",Unfall 83351 (2016) Kat:3, Licht: 0,83351,3,3,5,09,16,6,,0,1,0,0,0,0,0
"POINT (11.098290595000000 49.366840252000003)",Unfall 83357 (2016) Kat:2, Licht: 2,83357,2,2,5,09,20,5,,2,0,1,0,0,0,0
"POINT (11.032342480000001 49.531990094999998)",Unfall 83461 (2016) Kat:3, Licht: 0,83461,3,3,5,09,17,5,,0,0,1,0,0,0,0
"POINT (11.098906428999999 49.468140173999998)",Unfall 83484 (2016) Kat:3, Licht: 0,83484,3,3,5,09,17,5,,0,1,1,0,0,0,0
"POINT (11.062795250000001 49.440664048999999)",Unfall 83491 (2016) Kat:3, Licht: 0,83491,3,2,4,10,11,1,,0,0,1,0,0,0,0
"POINT (11.103666559000001 49.474502053000002)",Unfall 83556 (2016) Kat:2, Licht: 0,83556,2,3,4,09,15,5,,0,1,1,0,0,0,0
"POINT (11.100554711999999 49.465320214000002)",Unfall 83665 (2016) Kat:3, Licht: 0,83665,3,6,2,10,15,5,,0,0,1,0,0,0,0
"POINT (11.033686667000000 49.513949017999998)",Unfall 83687 (2016) Kat:3, Licht: 2,83687,3,3,5,10,06,5,,2,0,1,0,0,0,0
"POINT (11.114742092000000 49.403995469999998)",Unfall 83783 (2016) Kat:3, Licht: 1,83783,3,2,5,10,07,3,,1,1,1,0,0,0,0
"POINT (11.102278861000000 49.471546103999998)",Unfall 83792 (2016) Kat:2, Licht: 0,83792,2,4,6,10,12,3,,0,0,1,1,0,0,0
"POINT (11.040064063000001 49.425559685000003)",Unfall 83814 (2016) Kat:3, Licht: 0,83814,3,6,2,10,17,3,,0,0,1,0,0,0,0
"POINT (11.037100916000000 49.399542689000000)",Unfall 83817 (2016) Kat:3, Licht: 0,83817,3,6,2,10,17,3,,0,0,1,0,1,0,0
"POINT (11.047434306000000 49.430048298999999)",Unfall 83842 (2016) Kat:3, Licht: 2,83842,3,3,0,10,20,3,,2,0,1,0,0,0,0
"POINT (11.055333303999999 49.444933474000003)",Unfall 83850 (2016) Kat:3, Licht: 0,83850,3,6,2,10,11,3,,0,0,1,0,0,1,0
"POINT (11.105658249999999 49.477155269999997)",Unfall 83852 (2016) Kat:3, Licht: 0,83852,3,6,2,10,09,2,,0,0,1,0,0,0,0
"POINT (11.185741739999999 49.418779460000003)",Unfall 83964 (2016) Kat:3, Licht: 1,83964,3,1,0,10,18,6,,1,1,0,0,0,0,0
"POINT (11.105759212000001 49.460645065000001)",Unfall 84022 (2016) Kat:3, Licht: 0,84022,3,3,5,10,12,1,,0,0,1,0,0,0,0
"POINT (11.131140673999999 49.459771656999997)",Unfall 84033 (2016) Kat:3, Licht: 0,84033,3,3,5,10,12,7,,0,0,1,0,0,0,0
"POINT (11.084788305000000 49.395290347000000)",Unfall 84054 (2016) Kat:3, Licht: 0,84054,3,3,5,10,09,7,,0,0,1,0,0,0,0
"POINT (11.070025124000001 49.469626261000002)",Unfall 84076 (2016) Kat:3, Licht: 2,84076,3,6,2,10,17,3,,2,0,1,0,0,0,0
"POINT (11.039855855000001 49.380730626000002)",Unfall 84117 (2016) Kat:3, Licht: 0,84117,3,6,1,10,07,4,,0,0,1,0,0,0,0
"POINT (11.076130383000001 49.430663606000003)",Unfall 84200 (2016) Kat:3, Licht: 0,84200,3,1,0,10,09,3,,0,1,1,0,0,0,0
"POINT (11.022986286000000 49.461544594999999)",Unfall 84246 (2016) Kat:3, Licht: 1,84246,3,2,5,10,18,5,,1,0,1,0,0,0,0
"POINT (11.100699342000000 49.465247775000002)",Unfall 84254 (2016) Kat:2, Licht: 0,84254,2,6,0,10,09,5,,0,0,1,0,1,0,0
"POINT (11.028514094000000 49.378286797000001)",Unfall 84255 (2016) Kat:3, Licht: 2,84255,3,3,5,10,19,5,,2,0,1,0,0,0,0
"POINT (11.035318437000001 49.407277862999997)",Unfall 84277 (2016) Kat:3, Licht: 0,84277,3,6,2,10,10,5,,0,0,1,0,0,0,0
"POINT (11.034195711000001 49.410963002000003)",Unfall 84281 (2016) Kat:3, Licht: 0,84281,3,6,2,10,19,1,,0,0,1,0,1,0,0
"POINT (11.062835013000001 49.440770870999998)",Unfall 84314 (2016) Kat:3, Licht: 2,84314,3,2,5,10,21,7,,2,0,1,0,0,0,0
"POINT (11.153402008000000 49.465465700000003)",Unfall 84322 (2016) Kat:3, Licht: 0,84322,3,7,1,10,11,3,,0,0,1,0,0,0,1
"POINT (11.049910865999999 49.430105748000003)",Unfall 84354 (2016) Kat:3, Licht: 0,84354,3,6,2,10,15,7,,0,0,1,0,0,0,0
"POINT (11.093732773999999 49.470377466000002)",Unfall 84362 (2016) Kat:2, Licht: 0,84362,2,3,5,10,07,4,,0,1,1,0,0,0,0
"POINT (11.014648830000001 49.441121019999997)",Unfall 84382 (2016) Kat:3, Licht: 0,84382,3,3,5,10,10,7,,0,1,1,0,0,0,0
"POINT (11.116821668000000 49.394461704000001)",Unfall 84387 (2016) Kat:3, Licht: 0,84387,3,1,0,10,11,2,,0,0,0,0,1,0,0
"POINT (11.135642517000001 49.430973006000002)",Unfall 84393 (2016) Kat:3, Licht: 0,84393,3,6,2,10,13,5,,0,0,1,0,0,0,0
"POINT (11.143149902999999 49.472459424000000)",Unfall 84401 (2016) Kat:3, Licht: 0,84401,3,6,2,10,08,5,,0,0,1,0,0,0,0
"POINT (11.023301750000000 49.461580976999997)",Unfall 84445 (2016) Kat:3, Licht: 2,84445,3,6,2,10,18,2,,2,0,1,0,0,0,0
"POINT (11.036070191000000 49.447621828999999)",Unfall 84459 (2016) Kat:3, Licht: 0,84459,3,7,0,10,10,2,,0,1,0,0,0,0,0
"POINT (11.042403373000001 49.456914732000001)",Unfall 84575 (2016) Kat:3, Licht: 0,84575,3,3,5,10,14,3,,0,0,1,0,0,0,0
"POINT (11.128094077000000 49.458621450000003)",Unfall 84638 (2016) Kat:3, Licht: 2,84638,3,6,3,10,20,6,,2,0,1,0,0,0,0
"POINT (11.041961764000000 49.426849527999998)",Unfall 84670 (2016) Kat:3, Licht: 0,84670,3,3,5,10,13,6,,0,1,0,0,0,0,0
"POINT (11.058713838999999 49.484219799000002)",Unfall 84793 (2016) Kat:3, Licht: 0,84793,3,3,5,10,13,1,,0,0,1,0,0,0,0
"POINT (11.138168148000000 49.472506760000002)",Unfall 84802 (2016) Kat:2, Licht: 0,84802,2,6,2,10,16,1,,0,0,1,0,0,0,0
"POINT (11.116731201000000 49.395822520000003)",Unfall 84823 (2016) Kat:3, Licht: 1,84823,3,6,2,10,07,3,,1,0,1,0,0,0,0
"POINT (11.103215670000001 49.464040423000000)",Unfall 84922 (2016) Kat:3, Licht: 2,84922,3,2,6,10,07,6,,2,0,1,1,0,0,0
"POINT (11.091214678000000 49.394442454000000)",Unfall 84924 (2016) Kat:3, Licht: 2,84924,3,6,2,10,17,4,,2,0,1,0,0,0,1
"POINT (11.178732060000000 49.391957701000003)",Unfall 84926 (2016) Kat:2, Licht: 2,84926,2,6,2,10,06,4,,2,0,1,0,0,1,0
"POINT (11.039207600999999 49.453289544000000)",Unfall 84940 (2016) Kat:3, Licht: 0,84940,3,6,2,10,08,4,,0,0,1,0,1,0,0
"POINT (11.081417487000000 49.469432271000002)",Unfall 84941 (2016) Kat:3, Licht: 0,84941,3,2,6,10,13,4,,0,0,0,1,0,0,1
"POINT (11.040129875000000 49.454441762999998)",Unfall 84945 (2016) Kat:2, Licht: 0,84945,2,6,2,10,09,4,,0,0,1,0,0,0,0
"POINT (11.100852495000000 49.465174347999998)",Unfall 84950 (2016) Kat:3, Licht: 2,84950,3,2,6,10,19,4,,2,0,1,1,0,0,0
"POINT (11.005000077000000 49.438967183999999)",Unfall 84953 (2016) Kat:3, Licht: 0,84953,3,2,0,10,16,4,,0,1,1,0,0,0,0
"POINT (11.040456912000000 49.450580369000001)",Unfall 84961 (2016) Kat:3, Licht: 0,84961,3,6,2,10,16,6,,0,0,1,0,0,1,0
"POINT (11.005963948000000 49.440238634000004)",Unfall 84976 (2016) Kat:3, Licht: 0,84976,3,7,6,10,12,6,,0,0,1,1,0,0,0
"POINT (11.095215000000000 49.394748147999998)",Unfall 84990 (2016) Kat:3, Licht: 2,84990,3,6,2,10,06,5,,2,0,1,0,0,0,0
"POINT (11.016236400000000 49.468105729000001)",Unfall 85015 (2016) Kat:3, Licht: 2,85015,3,1,9,10,02,6,,2,0,0,0,0,1,0
"POINT (11.141564208000000 49.462989075999999)",Unfall 85050 (2016) Kat:3, Licht: 2,85050,3,6,3,10,18,5,,2,0,1,0,1,0,0
"POINT (11.040294019999999 49.375804275000000)",Unfall 85084 (2016) Kat:3, Licht: 0,85084,3,3,5,10,07,6,,0,0,1,0,0,0,1
"POINT (11.103915644000001 49.431518306000001)",Unfall 85123 (2016) Kat:3, Licht: 2,85123,3,3,5,10,06,6,,2,0,1,0,1,0,0
"POINT (11.122785081000000 49.466007877999999)",Unfall 85162 (2016) Kat:3, Licht: 0,85162,3,5,5,10,17,5,,0,0,1,0,0,0,0
"POINT (11.059087916999999 49.442412697999998)",Unfall 85228 (2016) Kat:3, Licht: 0,85228,3,3,5,10,16,2,,0,1,1,0,0,0,0
"POINT (11.055132964000000 49.445017567999997)",Unfall 85265 (2016) Kat:3, Licht: 2,85265,3,2,5,10,17,3,,2,1,1,0,0,0,0
"POINT (11.145177516000000 49.472730399000000)",Unfall 85281 (2016) Kat:2, Licht: 0,85281,2,6,4,10,16,7,,0,0,1,0,0,0,0
"POINT (11.123551941000001 49.466252074000003)",Unfall 85353 (2016) Kat:3, Licht: 0,85353,3,5,1,10,11,2,,0,1,1,0,0,0,0
"POINT (11.186295102000001 49.393046525000003)",Unfall 85383 (2016) Kat:3, Licht: 0,85383,3,6,2,10,12,1,,0,0,1,0,0,0,0
"POINT (11.105779664000000 49.460620028999998)",Unfall 85480 (2016) Kat:3, Licht: 0,85480,3,2,0,10,18,2,,0,0,0,0,1,0,1
"POINT (11.099847612000000 49.469122429999999)",Unfall 85495 (2016) Kat:3, Licht: 0,85495,3,3,5,10,07,4,,0,1,1,0,0,0,0
"POINT (10.991943683000001 49.436112201999997)",Unfall 85502 (2016) Kat:3, Licht: 0,85502,3,3,5,10,17,4,,0,1,1,0,0,0,0
"POINT (11.043400288000001 49.428303589000002)",Unfall 85544 (2016) Kat:3, Licht: 2,85544,3,5,1,10,06,5,,2,0,1,0,0,1,0
"POINT (11.044862885000001 49.458672018000001)",Unfall 85552 (2016) Kat:3, Licht: 0,85552,3,2,3,10,15,7,,0,0,1,0,0,0,1
"POINT (11.068143986000001 49.469332242000000)",Unfall 85563 (2016) Kat:3, Licht: 1,85563,3,6,2,10,17,5,,1,0,1,0,0,0,0
"POINT (11.055244983000000 49.444972110000002)",Unfall 85587 (2016) Kat:3, Licht: 0,85587,3,6,2,10,11,6,,0,0,1,0,0,0,0
"POINT (11.163638354000000 49.406806279999998)",Unfall 85657 (2016) Kat:3, Licht: 2,85657,3,1,0,10,22,6,,2,0,0,0,1,0,0
"POINT (11.114435879000000 49.360935552999997)",Unfall 85716 (2016) Kat:3, Licht: 2,85716,3,6,2,10,22,6,,2,0,1,0,0,0,0
"POINT (11.101145607999999 49.470413491000002)",Unfall 85770 (2016) Kat:3, Licht: 0,85770,3,5,1,10,08,7,,0,1,1,0,0,0,0
"POINT (11.058917573000000 49.484222578999997)",Unfall 85802 (2016) Kat:3, Licht: 2,85802,3,6,2,10,05,6,,2,0,1,0,0,0,0
"POINT (11.162495161000001 49.390511220999997)",Unfall 85891 (2016) Kat:2, Licht: 0,85891,2,6,3,11,16,4,,0,0,0,0,0,1,1
"POINT (11.131295059999999 49.432530427000003)",Unfall 85914 (2016) Kat:3, Licht: 0,85914,3,3,5,11,07,5,,0,1,1,0,0,0,0
"POINT (11.029703696000000 49.454938233999997)",Unfall 85922 (2016) Kat:3, Licht: 2,85922,3,6,2,11,18,4,,2,0,1,0,0,0,0
"POINT (11.118454472000000 49.455833179000003)",Unfall 85981 (2016) Kat:3, Licht: 1,85981,3,6,2,11,17,4,,1,0,1,0,0,0,1
"POINT (11.104301580000000 49.476182033000001)",Unfall 86081 (2016) Kat:2, Licht: 2,86081,2,6,3,11,17,4,,2,1,1,0,0,0,0
"POINT (11.041193290000001 49.426323279999998)",Unfall 86121 (2016) Kat:3, Licht: 0,86121,3,3,5,11,15,3,,0,0,1,0,1,0,0
"POINT (11.099694744000001 49.468969858000001)",Unfall 86127 (2016) Kat:2, Licht: 0,86127,2,3,5,10,09,2,,0,1,0,0,0,1,0
"POINT (11.118102525999999 49.437857008000002)",Unfall 86133 (2016) Kat:3, Licht: 0,86133,3,6,0,10,16,2,,0,0,1,0,1,0,0
"POINT (11.026348215000001 49.460427328999998)",Unfall 86137 (2016) Kat:3, Licht: 2,86137,3,6,3,10,00,1,,2,0,1,0,1,0,0
"POINT (11.062837976000001 49.440678593000001)",Unfall 86140 (2016) Kat:3, Licht: 0,86140,3,3,5,10,09,2,,0,0,1,0,0,0,0
"POINT (11.058683702000000 49.443286117000000)",Unfall 86142 (2016) Kat:3, Licht: 2,86142,3,2,5,10,22,1,,2,1,1,0,0,0,0
"POINT (11.040105381000000 49.430458991000002)",Unfall 86214 (2016) Kat:3, Licht: 2,86214,3,6,2,11,17,4,,2,0,1,0,0,0,0
"POINT (11.037724848000000 49.437289599000003)",Unfall 86254 (2016) Kat:3, Licht: 0,86254,3,6,2,11,06,2,,0,0,1,0,0,0,0
"POINT (11.114357519000000 49.392323924000003)",Unfall 86294 (2016) Kat:3, Licht: 2,86294,3,1,9,11,18,1,,2,0,1,0,0,0,0
"POINT (11.106040440999999 49.460578118999997)",Unfall 86300 (2016) Kat:3, Licht: 0,86300,3,6,3,11,07,2,,0,0,1,0,0,0,0
"POINT (11.123093619000000 49.487034010999999)",Unfall 86317 (2016) Kat:3, Licht: 0,86317,3,6,2,11,09,2,,0,0,1,0,0,0,0
"POINT (11.004594624999999 49.522885142000000)",Unfall 86337 (2016) Kat:3, Licht: 1,86337,3,1,0,11,06,2,,1,0,0,0,1,0,0
"POINT (11.043346444999999 49.428234287999999)",Unfall 86356 (2016) Kat:3, Licht: 0,86356,3,6,3,11,13,2,,0,0,1,0,1,0,0