WKT,Name,OBJECTID,UKATEGORIE,UTYP1,UART,UMONAT,USTUNDE,UWOCHENTAG,STRZUSTAND,ULICHTVERH,ISTRAD,ISTPKW,ISTFUSS,ISTKRAD,ISTGKFZ,ISTSONSTIG
"POINT (11.125586061000000 49.466910943000002)",Unfall 86364 (2016) Kat:3, Licht: 2,86364,3,2,5,11,06,3,,2,0,1,0,0,0,0
"POINT (11.152845523000000 49.416234344999999)",Unfall 86389 (2016) Kat:3, Licht: 2,86389,3,2,5,11,21,7,,2,0,1,0,0,0,0
"POINT (11.042322291000000 49.427081704000003)",Unfall 86395 (2016) Kat:3, Licht: 1,86395,3,2,4,11,17,7,,1,0,1,0,0,0,0
"POINT (11.042244734000001 49.427033000000002)",Unfall 86438 (2016) Kat:3, Licht: 0,86438,3,7,0,11,12,4,,0,0,0,0,0,0,1
"POINT (11.115887442000000 49.435532830000000)",Unfall 86522 (2016) Kat:3, Licht: 0,86522,3,6,2,11,08,6,,0,0,1,0,0,1,0
"POINT (11.132069396000000 49.460306144000000)",Unfall 86529 (2016) Kat:3, Licht: 0,86529,3,3,5,11,10,6,,0,0,1,0,0,0,0
"POINT (11.114878450999999 49.462738899000001)",Unfall 86641 (2016) Kat:3, Licht: 2,86641,3,7,3,11,18,6,,2,0,1,0,0,0,0
"POINT (11.058632789000001 49.443315128000002)",Unfall 86661 (2016) Kat:3, Licht: 0,86661,3,2,0,11,12,6,,0,1,0,0,0,0,1
"POINT (11.049188631000000 49.364315587999997)",Unfall 86672 (2016) Kat:3, Licht: 1,86672,3,2,6,11,16,6,,1,0,1,1,0,0,0
"POINT (11.135744434999999 49.461624931000003)",Unfall 86684 (2016) Kat:3, Licht: 0,86684,3,2,5,11,07,5,,0,0,1,0,0,0,0
"POINT (11.061649078000000 49.467134584000000)",Unfall 86689 (2016) Kat:3, Licht: 0,86689,3,6,2,11,14,5,,0,0,1,0,0,1,0
"POINT (11.103200822000000 49.431380144000002)",Unfall 86694 (2016) Kat:3, Licht: 0,86694,3,6,2,11,13,5,,0,0,1,0,0,0,0
"POINT (11.015989695000000 49.471547006999998)",Unfall 86696 (2016) Kat:3, Licht: 2,86696,3,6,0,11,17,5,,2,0,1,0,0,0,0
"POINT (11.104858489000000 49.461745557000000)",Unfall 86729 (2016) Kat:3, Licht: 2,86729,3,4,6,11,17,3,,2,0,1,1,0,0,0
"POINT (11.043975052000000 49.429030099000002)",Unfall 86833 (2016) Kat:3, Licht: 0,86833,3,7,5,11,11,2,,0,0,1,0,0,0,0
"POINT (11.103200822000000 49.431380144000002)",Unfall 86840 (2016) Kat:3, Licht: 0,86840,3,6,2,11,12,1,,0,0,1,0,0,0,0
"POINT (11.116195944999999 49.403557601999999)",Unfall 86852 (2016) Kat:3, Licht: 0,86852,3,3,5,11,09,3,,0,0,1,0,0,0,1
"POINT (11.032642906000000 49.387991468000003)",Unfall 86895 (2016) Kat:3, Licht: 2,86895,3,7,0,11,19,1,,2,0,0,0,0,0,1
"POINT (11.039850111000000 49.454091583000000)",Unfall 86917 (2016) Kat:3, Licht: 2,86917,3,6,2,11,00,1,,2,0,1,0,0,0,0
"POINT (11.127904230000000 49.393599977999997)",Unfall 87010 (2016) Kat:3, Licht: 2,87010,3,2,4,11,17,3,,2,0,1,0,0,0,0
"POINT (11.097818969000000 49.467009462999997)",Unfall 87025 (2016) Kat:3, Licht: 2,87025,3,6,2,11,17,2,,2,0,1,0,0,0,0
"POINT (11.064330805999999 49.474294057000002)",Unfall 87060 (2016) Kat:3, Licht: 0,87060,3,6,2,11,11,6,,0,0,1,0,0,0,0
"POINT (11.035167434000000 49.440895973000003)",Unfall 87078 (2016) Kat:3, Licht: 1,87078,3,4,6,11,07,6,,1,0,1,1,0,0,0
"POINT (11.103219686999999 49.431382992000003)",Unfall 87103 (2016) Kat:3, Licht: 0,87103,3,6,3,11,07,5,,0,0,1,0,1,0,0
"POINT (11.147098460000000 49.464021666000001)",Unfall 87112 (2016) Kat:2, Licht: 2,87112,2,3,5,11,22,6,,2,0,1,0,0,0,1
"POINT (11.086537401999999 49.429173218000003)",Unfall 87132 (2016) Kat:3, Licht: 0,87132,3,6,2,11,13,6,,0,0,1,0,0,1,0
"POINT (11.184841311000000 49.392767818999999)",Unfall 87146 (2016) Kat:3, Licht: 2,87146,3,6,2,11,19,6,,2,0,1,0,0,0,0
"POINT (11.101855280000001 49.470889331999999)",Unfall 87171 (2016) Kat:3, Licht: 1,87171,3,7,5,11,16,6,,1,0,1,0,0,0,0
"POINT (11.086577753000000 49.429173122999998)",Unfall 87214 (2016) Kat:3, Licht: 2,87214,3,6,3,11,18,6,,2,0,1,0,0,0,0
"POINT (11.103637458000000 49.429045016000003)",Unfall 87244 (2016) Kat:3, Licht: 0,87244,3,6,2,11,15,2,,0,0,1,0,0,0,0
"POINT (11.135861569999999 49.461642787000002)",Unfall 87265 (2016) Kat:3, Licht: 2,87265,3,3,5,11,16,6,,2,1,1,0,0,0,0
"POINT (11.035201237000001 49.408512080000001)",Unfall 87273 (2016) Kat:3, Licht: 0,87273,3,7,6,11,10,1,,0,0,1,1,0,0,0
"POINT (11.015117168000000 49.441188816999997)",Unfall 87416 (2016) Kat:3, Licht: 0,87416,3,6,2,11,09,7,,0,0,1,0,0,0,0
"POINT (11.066549208000000 49.423399330000002)",Unfall 87423 (2016) Kat:3, Licht: 0,87423,3,3,5,11,14,7,,0,0,1,0,0,0,0
"POINT (11.044940505000000 49.502934097999997)",Unfall 87450 (2016) Kat:2, Licht: 0,87450,2,3,5,11,14,1,,0,0,1,0,1,0,0
"POINT (11.133813947000000 49.461308062000001)",Unfall 87474 (2016) Kat:3, Licht: 2,87474,3,2,4,11,17,6,,2,0,1,0,0,0,0
"POINT (11.035448140000000 49.457458074999998)",Unfall 87530 (2016) Kat:3, Licht: 0,87530,3,3,5,11,09,5,,0,0,1,0,0,0,0
"POINT (11.067202130000000 49.337283075000002)",Unfall 87532 (2016) Kat:3, Licht: 0,87532,3,6,2,11,07,4,,0,0,1,0,0,0,0
"POINT (11.023104714000000 49.461505283999998)",Unfall 87536 (2016) Kat:3, Licht: 0,87536,3,4,6,11,08,5,,0,1,0,1,0,0,0
"POINT (11.001994524000001 49.431483862000000)",Unfall 87546 (2016) Kat:2, Licht: 2,87546,2,1,0,11,06,2,,2,0,0,0,1,0,0
"POINT (11.131419144000001 49.432486265999998)",Unfall 87553 (2016) Kat:3, Licht: 2,87553,3,3,5,11,19,4,,2,0,1,0,0,0,0
"POINT (11.147053036999999 49.464012765000000)",Unfall 87556 (2016) Kat:3, Licht: 1,87556,3,2,5,11,17,5,,1,0,1,0,0,0,0
"POINT (11.018010572000000 49.463279862999997)",Unfall 87558 (2016) Kat:2, Licht: 0,87558,2,6,0,11,15,4,,0,0,0,0,1,0,0
"POINT (11.116617278000000 49.392545306000002)",Unfall 87562 (2016) Kat:3, Licht: 2,87562,3,3,5,11,19,4,,2,0,1,0,0,0,0
"POINT (11.115079657000001 49.403322172999999)",Unfall 87566 (2016) Kat:2, Licht: 0,87566,2,6,2,11,12,5,,0,0,1,0,0,0,0
"POINT (11.055757438000001 49.466383841999999)",Unfall 87611 (2016) Kat:3, Licht: 0,87611,3,7,0,11,09,7,,0,0,0,0,0,0,1
"POINT (11.069308957000001 49.338443335000001)",Unfall 87618 (2016) Kat:3, Licht: 0,87618,3,6,3,11,15,5,,0,0,1,0,0,1,0
"POINT (11.044653108000000 49.429858736000000)",Unfall 87621 (2016) Kat:3, Licht: 2,87621,3,2,4,11,17,2,,2,1,1,0,0,0,0
"POINT (11.100109849000001 49.469382340999999)",Unfall 87708 (2016) Kat:3, Licht: 2,87708,3,6,2,11,19,5,,2,0,1,0,0,0,0
"POINT (11.131720933000000 49.432376701999999)",Unfall 87754 (2016) Kat:3, Licht: 0,87754,3,1,2,11,11,3,,0,0,1,0,0,0,0
"POINT (11.176736301000000 49.391813765000002)",Unfall 87837 (2016) Kat:3, Licht: 0,87837,3,6,1,11,12,2,,0,0,0,0,0,1,0
"POINT (11.115061308000000 49.403408411999997)",Unfall 87891 (2016) Kat:3, Licht: 0,87891,3,6,2,11,15,3,,0,0,1,0,0,1,0
"POINT (11.182360791000001 49.392302354999998)",Unfall 87911 (2016) Kat:3, Licht: 0,87911,3,6,2,11,13,6,,0,0,1,0,0,1,0
"POINT (11.116618688999999 49.392548085000001)",Unfall 87946 (2016) Kat:3, Licht: 2,87946,3,3,5,11,17,6,,2,0,1,0,0,0,0
"POINT (11.105606112000000 49.477126620999996)",Unfall 87968 (2016) Kat:2, Licht: 0,87968,2,3,5,11,09,6,,0,1,1,0,0,0,0
"POINT (11.170753163000001 49.416869673999997)",Unfall 87977 (2016) Kat:2, Licht: 2,87977,2,1,6,11,06,6,,2,1,0,1,0,0,0
"POINT (11.086244283999999 49.429302235999998)",Unfall 88002 (2016) Kat:3, Licht: 2,88002,3,6,2,11,19,6,,2,0,1,0,0,0,0
"POINT (11.121498232000000 49.442806972000000)",Unfall 88105 (2016) Kat:3, Licht: 0,88105,3,3,5,11,12,1,,0,0,1,0,0,0,0
"POINT (11.015992550000000 49.467868314999997)",Unfall 88182 (2016) Kat:3, Licht: 0,88182,3,6,1,12,08,5,,0,0,1,0,0,0,0
"POINT (11.122275621000000 49.465841421999997)",Unfall 88183 (2016) Kat:3, Licht: 0,88183,3,2,5,12,12,4,,0,1,1,0,0,0,0
"POINT (11.072220620000000 49.343358774999999)",Unfall 88206 (2016) Kat:2, Licht: 2,88206,2,3,5,12,16,5,,2,0,1,0,0,0,0
"POINT (11.062726613000001 49.440438495000002)",Unfall 88227 (2016) Kat:3, Licht: 0,88227,3,6,2,12,10,5,,0,0,1,0,0,0,0
"POINT (11.038094488000000 49.434791515000001)",Unfall 88256 (2016) Kat:3, Licht: 2,88256,3,6,2,12,17,3,,2,0,1,0,0,0,0
"POINT (11.106728540000001 49.459891823000000)",Unfall 88312 (2016) Kat:3, Licht: 1,88312,3,6,2,12,15,2,,1,0,1,0,0,0,0
"POINT (11.058771552000000 49.484124100999999)",Unfall 88334 (2016) Kat:3, Licht: 0,88334,3,2,5,11,12,4,,0,1,1,0,0,0,0
"POINT (11.182227928000000 49.469316427999999)",Unfall 88344 (2016) Kat:2, Licht: 0,88344,2,1,0,12,11,2,,0,0,0,0,1,0,0
"POINT (11.074474068000001 49.400630212999999)",Unfall 88353 (2016) Kat:3, Licht: 1,88353,3,6,2,12,06,6,,1,0,1,0,0,0,0
"POINT (11.044869612999999 49.458676464000000)",Unfall 88379 (2016) Kat:3, Licht: 0,88379,3,2,4,12,08,2,,0,0,1,0,0,0,1
"POINT (11.035799802000000 49.440745479000000)",Unfall 88381 (2016) Kat:3, Licht: 0,88381,3,2,5,12,13,5,,0,1,1,0,0,0,0
"POINT (11.137503853000000 49.461930686999999)",Unfall 88390 (2016) Kat:3, Licht: 0,88390,3,6,2,12,10,3,,0,0,1,0,0,0,0
"POINT (11.010635862999999 49.424056206000003)",Unfall 88448 (2016) Kat:3, Licht: 1,88448,3,4,6,12,07,2,,1,0,1,1,0,0,0
"POINT (11.064199172000000 49.474114974000003)",Unfall 88467 (2016) Kat:3, Licht: 2,88467,3,6,2,12,21,6,,2,0,1,0,0,0,0
"POINT (11.113109186999999 49.412298110999998)",Unfall 88483 (2016) Kat:3, Licht: 0,88483,3,6,2,12,10,5,,0,0,1,0,0,0,0
"POINT (11.118739336000001 49.464533695000000)",Unfall 88502 (2016) Kat:3, Licht: 0,88502,3,6,2,12,12,6,,0,0,1,0,0,0,0
"POINT (11.068113728000000 49.420226130000003)",Unfall 88528 (2016) Kat:3, Licht: 2,88528,3,1,8,12,06,3,,2,0,0,0,1,0,0
"POINT (11.061446631000001 49.441859379999997)",Unfall 88594 (2016) Kat:3, Licht: 0,88594,3,6,2,12,08,4,,0,0,1,0,0,0,0
"POINT (11.105989150999999 49.460661594999998)",Unfall 88617 (2016) Kat:3, Licht: 2,88617,3,2,5,12,20,5,,2,0,1,0,0,0,0
"POINT (11.052645332000001 49.429935434999997)",Unfall 88671 (2016) Kat:3, Licht: 2,88671,3,6,2,12,17,3,,2,0,1,0,0,0,1
"POINT (11.034512471999999 49.413518752000002)",Unfall 88739 (2016) Kat:3, Licht: 1,88739,3,1,9,12,16,7,,1,0,1,0,0,0,0
"POINT (11.136185020999999 49.430786318999999)",Unfall 88763 (2016) Kat:3, Licht: 1,88763,3,6,2,12,15,7,,1,0,1,0,0,0,0
"POINT (11.153677234000000 49.423068362999999)",Unfall 88804 (2016) Kat:2, Licht: 0,88804,2,6,2,12,15,3,,0,0,1,0,0,0,0
"POINT (11.051013016000001 49.360226644999997)",Unfall 88874 (2016) Kat:3, Licht: 0,88874,3,6,2,12,12,7,,0,0,1,0,0,0,0
"POINT (11.016158670999999 49.468617356000003)",Unfall 88948 (2016) Kat:2, Licht: 2,88948,2,7,6,12,04,1,,2,0,1,1,0,0,0
"POINT (11.093715659000001 49.470377282999998)",Unfall 88981 (2016) Kat:3, Licht: 0,88981,3,6,2,12,11,7,,0,0,1,0,0,0,1
"POINT (11.061378420000000 49.466904309999997)",Unfall 89126 (2016) Kat:3, Licht: 1,89126,3,6,3,12,16,4,,1,1,0,0,0,0,1
"POINT (11.068070365000001 49.469322476999999)",Unfall 89128 (2016) Kat:3, Licht: 0,89128,3,6,3,12,07,2,,0,0,1,0,0,0,0
"POINT (11.036325335000001 49.448705789999998)",Unfall 89153 (2016) Kat:3, Licht: 0,89153,3,2,5,12,07,3,,0,1,1,0,0,0,0
"POINT (11.035355559999999 49.408101160999998)",Unfall 89172 (2016) Kat:3, Licht: 0,89172,3,4,6,12,15,5,,0,0,1,1,0,0,0
"POINT (11.111871962000000 49.434232237000003)",Unfall 89232 (2016) Kat:3, Licht: 2,89232,3,6,2,12,20,5,,2,0,1,0,0,0,0
"POINT (11.064203813000001 49.474102541999997)",Unfall 89299 (2016) Kat:3, Licht: 0,89299,3,6,3,12,10,5,,0,0,0,0,1,1,0
"POINT (11.118851816999999 49.439082317000000)",Unfall 89342 (2016) Kat:3, Licht: 0,89342,3,6,2,12,10,3,,0,0,1,0,0,0,1
"POINT (11.044628606000000 49.429825289999997)",Unfall 89358 (2016) Kat:3, Licht: 2,89358,3,6,2,12,22,5,,2,0,1,0,0,0,0
"POINT (11.103380378000001 49.431404682999997)",Unfall 89421 (2016) Kat:3, Licht: 2,89421,3,2,5,12,06,2,,2,1,1,0,0,0,0
"POINT (11.037797376000000 49.397007699000000)",Unfall 89490 (2016) Kat:3, Licht: 0,89490,3,2,5,12,08,3,,0,1,1,0,0,0,0
"POINT (11.023119703000001 49.461641368999999)",Unfall 89527 (2016) Kat:3, Licht: 0,89527,3,3,5,12,15,6,,0,0,1,0,0,0,0
"POINT (11.121022375000001 49.485052328000002)",Unfall 89533 (2016) Kat:3, Licht: 2,89533,3,6,2,12,17,6,,2,0,1,0,0,0,0
"POINT (11.097818969000000 49.467009462999997)",Unfall 89538 (2016) Kat:3, Licht: 0,89538,3,6,2,12,15,6,,0,0,1,0,0,0,0
"POINT (11.033665496999999 49.514011306000000)",Unfall 89540 (2016) Kat:3, Licht: 0,89540,3,1,0,12,14,6,,0,1,0,0,0,0,0
"POINT (11.027937959999999 49.459903793999999)",Unfall 89542 (2016) Kat:3, Licht: 0,89542,3,6,2,12,09,2,,0,0,1,0,0,0,0
"POINT (11.070117763000001 49.429459260000002)",Unfall 89543 (2016) Kat:3, Licht: 1,89543,3,7,6,12,06,3,,1,0,1,1,0,0,0
"POINT (11.058246582000001 49.442793455999997)",Unfall 89637 (2016) Kat:3, Licht: 0,89637,3,6,2,12,14,3,,0,0,1,0,0,0,0
"POINT (11.191395779000000 49.394018039999999)",Unfall 89677 (2016) Kat:3, Licht: 0,89677,3,6,1,12,08,3,,0,0,1,0,0,0,0
"POINT (11.093322123000000 49.430471601000001)",Unfall 89691 (2016) Kat:3, Licht: 1,89691,3,3,5,12,15,3,,1,0,1,0,0,0,0
"POINT (11.043313525000000 49.428191407000000)",Unfall 89760 (2016) Kat:3, Licht: 0,89760,3,6,4,12,12,3,,0,0,1,0,0,0,0
"POINT (11.183694853000000 49.392549383999999)",Unfall 90022 (2016) Kat:3, Licht: 2,90022,3,6,2,12,17,4,,2,0,1,0,0,0,0
"POINT (11.072977508999999 49.429835406000002)",Unfall 90050 (2016) Kat:3, Licht: 1,90050,3,3,5,12,07,4,,1,1,1,0,0,0,0
"POINT (11.052681387000000 49.492960283999999)",Unfall 90051 (2016) Kat:3, Licht: 2,90051,3,3,5,12,18,5,,2,0,1,0,0,0,0
"POINT (11.055088462000001 49.489377914999999)",Unfall 90068 (2016) Kat:3, Licht: 2,90068,3,6,2,12,18,5,,2,0,1,0,0,0,0
"POINT (11.057043440999999 49.429282206000003)",Unfall 90080 (2016) Kat:3, Licht: 2,90080,3,6,2,12,17,5,,2,0,1,0,0,0,0
"POINT (11.103266895999999 49.473042843000002)",Unfall 90102 (2016) Kat:3, Licht: 0,90102,3,6,3,12,10,6,,0,0,1,0,0,0,0
"POINT (11.156472760000000 49.466049437999999)",Unfall 90108 (2016) Kat:3, Licht: 2,90108,3,3,5,12,07,6,,2,1,1,0,0,0,0
"POINT (11.093144733999999 49.430301872999998)",Unfall 90122 (2016) Kat:3, Licht: 0,90122,3,6,1,12,11,6,,0,0,1,0,0,0,1
"POINT (11.189181820000000 49.393596223000003)",Unfall 90176 (2016) Kat:3, Licht: 0,90176,3,6,2,12,12,5,,0,0,1,0,0,0,0
"POINT (11.113651664000001 49.360289409000004)",Unfall 90180 (2016) Kat:3, Licht: 0,90180,3,6,2,12,15,6,,0,0,1,0,0,0,0
"POINT (11.079136726000000 49.469459233999999)",Unfall 90199 (2016) Kat:3, Licht: 2,90199,3,1,9,12,18,5,,2,0,1,0,0,0,0
"POINT (11.045356386000000 49.518265575000001)",Unfall 90233 (2016) Kat:3, Licht: 2,90233,3,5,1,12,06,6,,2,0,1,0,0,0,1
"POINT (11.125665613000001 49.466945189000000)",Unfall 90244 (2016) Kat:3, Licht: 0,90244,3,6,2,12,15,6,,0,0,1,0,0,0,0
"POINT (11.103921941999999 49.475393666999999)",Unfall 90458 (2016) Kat:3, Licht: 0,90458,3,1,0,12,10,7,,0,1,0,0,0,0,0
"POINT (11.076000540000001 49.434532396000002)",Unfall 131023 (2016) Kat:3, Licht: 2,131023,3,2,5,01,18,5,,2,0,1,0,0,0,0
"POINT (11.081537103000000 49.441793316999998)",Unfall 131041 (2016) Kat:3, Licht: 0,131041,3,2,5,01,14,3,,0,0,1,0,1,0,0
"POINT (11.015805344000000 49.455587014999999)",Unfall 131076 (2016) Kat:3, Licht: 2,131076,3,2,6,01,06,5,,2,0,1,1,0,0,0
"POINT (11.059389006000000 49.446743482000002)",Unfall 131095 (2016) Kat:3, Licht: 2,131095,3,3,5,01,01,4,,2,0,1,0,0,0,0
"POINT (11.071648114000000 49.438996301000003)",Unfall 131108 (2016) Kat:3, Licht: 2,131108,3,2,4,01,04,6,,2,1,1,0,0,0,0
"POINT (11.049231868000000 49.466618781000001)",Unfall 131115 (2016) Kat:3, Licht: 2,131115,3,5,1,01,21,1,,2,0,1,0,0,0,0
"POINT (11.129294258000000 49.430509702000002)",Unfall 131145 (2016) Kat:3, Licht: 2,131145,3,2,5,01,19,3,,2,0,1,0,0,0,0
"POINT (11.077839286000000 49.455127296000001)",Unfall 131180 (2016) Kat:3, Licht: 0,131180,3,7,0,01,14,5,,0,0,1,0,0,0,0
"POINT (11.080872192999999 49.446311453000000)",Unfall 131182 (2016) Kat:3, Licht: 0,131182,3,4,6,01,16,4,,0,0,1,1,0,0,0
"POINT (11.016041869000000 49.453800387000001)",Unfall 131201 (2016) Kat:3, Licht: 2,131201,3,1,9,01,17,7,,2,0,1,0,0,0,0
"POINT (11.025569718000000 49.470454015000001)",Unfall 131244 (2016) Kat:3, Licht: 2,131244,3,3,5,01,17,5,,2,0,1,0,0,0,0
"POINT (11.087110337000000 49.453803835999999)",Unfall 131245 (2016) Kat:3, Licht: 2,131245,3,1,8,01,04,2,,2,0,1,0,0,0,0
"POINT (11.036430564000000 49.482086181000000)",Unfall 131273 (2016) Kat:3, Licht: 2,131273,3,3,5,01,17,4,,2,0,1,0,0,0,0
"POINT (11.108575048000001 49.469701483000001)",Unfall 131338 (2016) Kat:3, Licht: 0,131338,3,7,0,01,12,4,,0,0,0,0,0,0,1
"POINT (11.037410736000000 49.440930098999999)",Unfall 131349 (2016) Kat:3, Licht: 0,131349,3,1,0,01,08,6,,0,1,0,0,0,0,0
"POINT (11.086937499999999 49.453114511000003)",Unfall 131382 (2016) Kat:3, Licht: 2,131382,3,6,1,01,19,3,,2,0,1,0,0,0,0
"POINT (11.031328895000000 49.437469999000001)",Unfall 131392 (2016) Kat:3, Licht: 1,131392,3,6,2,01,17,2,,1,0,1,0,0,0,0
"POINT (11.058701326000000 49.450070965999998)",Unfall 131402 (2016) Kat:3, Licht: 2,131402,3,6,0,01,18,2,,2,0,1,0,1,0,0
"POINT (11.012641396999999 49.427262485000000)",Unfall 131442 (2016) Kat:3, Licht: 1,131442,3,6,2,01,08,4,,1,0,1,0,0,0,0
"POINT (11.033483726000000 49.408924161000002)",Unfall 131465 (2016) Kat:3, Licht: 2,131465,3,1,8,01,18,1,,2,0,1,0,0,0,0
"POINT (11.034696957000000 49.433066685000000)",Unfall 131523 (2016) Kat:3, Licht: 0,131523,3,7,6,01,12,2,,0,0,1,1,0,0,0
"POINT (11.099213421000000 49.460541120000002)",Unfall 131533 (2016) Kat:3, Licht: 0,131533,3,3,5,01,10,2,,0,0,1,0,0,0,0
"POINT (11.089321568000001 49.442158157000001)",Unfall 131534 (2016) Kat:3, Licht: 0,131534,3,4,6,01,13,6,,0,0,0,1,0,0,1
"POINT (11.044624815000001 49.491954223000000)",Unfall 131545 (2016) Kat:3, Licht: 0,131545,3,3,5,01,14,2,,0,0,1,0,0,0,0
"POINT (11.065585434999999 49.488824837000003)",Unfall 131546 (2016) Kat:3, Licht: 0,131546,3,5,1,01,15,6,,0,1,1,0,0,0,0
"POINT (11.057770828000001 49.406273114999998)",Unfall 131583 (2016) Kat:3, Licht: 1,131583,3,6,2,01,08,3,,1,0,1,0,0,0,1
"POINT (11.083030125000001 49.440590385999997)",Unfall 131601 (2016) Kat:3, Licht: 2,131601,3,7,6,01,18,3,,2,0,1,1,0,0,0
"POINT (11.066950286000001 49.438466624999997)",Unfall 131620 (2016) Kat:3, Licht: 0,131620,3,4,6,01,14,7,,0,0,1,1,0,0,0
"POINT (11.097440467000000 49.444927903000000)",Unfall 131637 (2016) Kat:3, Licht: 0,131637,3,6,2,01,07,4,,0,0,1,0,0,0,0
"POINT (11.034909717000000 49.454068630000002)",Unfall 131669 (2016) Kat:3, Licht: 2,131669,3,7,6,01,21,5,,2,0,1,1,0,0,0
"POINT (11.125042368000001 49.418098675000003)",Unfall 131671 (2016) Kat:3, Licht: 0,131671,3,6,2,01,14,5,,0,0,1,0,0,0,0
"POINT (11.106651726999999 49.405381757999997)",Unfall 131678 (2016) Kat:3, Licht: 0,131678,3,3,5,01,08,5,,0,0,1,0,0,0,0
"POINT (11.081613872000000 49.448997175000002)",Unfall 131682 (2016) Kat:3, Licht: 0,131682,3,7,1,01,12,5,,0,0,1,0,0,0,0
"POINT (11.093529257000000 49.434861005000002)",Unfall 131690 (2016) Kat:3, Licht: 2,131690,3,7,8,01,00,3,,2,0,1,0,0,0,0
"POINT (11.097790602000000 49.444474387000000)",Unfall 131696 (2016) Kat:3, Licht: 0,131696,3,6,2,01,12,5,,0,0,1,0,0,0,0
"POINT (11.094502364000000 49.460532628000003)",Unfall 131775 (2016) Kat:3, Licht: 0,131775,3,4,6,01,07,6,,0,0,1,1,0,0,0
"POINT (11.048806189000000 49.442158958000000)",Unfall 131779 (2016) Kat:3, Licht: 2,131779,3,2,3,01,21,5,,2,0,1,0,0,0,1
"POINT (11.063447361000000 49.440602710000000)",Unfall 131782 (2016) Kat:3, Licht: 0,131782,3,6,2,01,11,3,,0,0,1,0,0,0,0
"POINT (11.040010154000001 49.436987985999998)",Unfall 131785 (2016) Kat:3, Licht: 0,131785,3,3,5,01,10,4,,0,1,1,0,0,0,0
"POINT (11.082043001000001 49.488669129000002)",Unfall 131789 (2016) Kat:3, Licht: 0,131789,3,6,2,01,16,5,,0,0,1,0,0,0,1
"POINT (11.010621241000001 49.458839285000003)",Unfall 131792 (2016) Kat:2, Licht: 0,131792,2,3,5,01,12,3,,0,0,1,0,0,0,0
"POINT (11.097640944000000 49.445878280999999)",Unfall 131797 (2016) Kat:3, Licht: 0,131797,3,3,5,01,13,1,,0,0,1,0,0,0,1
"POINT (11.069432867000000 49.465985842000002)",Unfall 131803 (2016) Kat:3, Licht: 0,131803,3,6,3,01,14,3,,0,0,1,0,0,0,0
"POINT (11.123335754999999 49.441924798999999)",Unfall 131829 (2016) Kat:3, Licht: 0,131829,3,4,6,01,07,4,,0,0,0,1,0,0,1
"POINT (11.075060945000001 49.442398093000001)",Unfall 131830 (2016) Kat:3, Licht: 0,131830,3,3,5,01,08,5,,0,1,1,0,0,0,0
"POINT (11.097542314000000 49.445833698999998)",Unfall 131846 (2016) Kat:3, Licht: 0,131846,3,3,0,01,13,3,,0,0,1,0,0,0,1
"POINT (11.165900627999999 49.411492647000003)",Unfall 131849 (2016) Kat:3, Licht: 2,131849,3,3,5,01,06,3,,2,1,1,0,0,0,0
"POINT (11.097520533999999 49.444643270000000)",Unfall 131858 (2016) Kat:3, Licht: 0,131858,3,6,2,01,15,3,,0,0,1,0,0,0,0
"POINT (11.057673732000000 49.454580487999998)",Unfall 131892 (2016) Kat:3, Licht: 0,131892,3,6,2,01,12,3,,0,0,1,0,0,0,0
"POINT (11.055726967000000 49.386739470999999)",Unfall 131939 (2016) Kat:3, Licht: 0,131939,3,3,5,01,09,4,,0,0,1,0,0,0,1
"POINT (11.131588093000000 49.404456830000001)",Unfall 131978 (2016) Kat:3, Licht: 0,131978,3,4,6,01,10,2,,0,0,1,1,0,0,0
"POINT (11.016025901000001 49.429464054999997)",Unfall 131989 (2016) Kat:3, Licht: 2,131989,3,6,3,01,18,4,,2,0,1,0,0,0,0
"POINT (11.082134294999999 49.446609121999998)",Unfall 131992 (2016) Kat:3, Licht: 2,131992,3,4,6,01,01,7,,2,0,1,1,0,0,0
"POINT (11.098676120000000 49.460493362999998)",Unfall 131997 (2016) Kat:3, Licht: 1,131997,3,7,2,01,17,3,,1,0,1,0,0,0,0
"POINT (11.052441260000000 49.443195830999997)",Unfall 132003 (2016) Kat:3, Licht: 2,132003,3,4,6,01,18,7,,2,0,1,1,0,0,0
"POINT (11.124543442000000 49.409857903999999)",Unfall 132009 (2016) Kat:3, Licht: 0,132009,3,3,5,01,10,5,,0,0,1,0,0,0,0
"POINT (11.069971759000000 49.447166604000003)",Unfall 132012 (2016) Kat:3, Licht: 0,132012,3,6,1,01,08,6,,0,0,1,0,0,0,0
"POINT (11.088742228999999 49.455670857000001)",Unfall 132017 (2016) Kat:3, Licht: 0,132017,3,6,4,01,16,5,,0,1,0,0,0,0,0
"POINT (11.103188450999999 49.446485496000001)",Unfall 132022 (2016) Kat:3, Licht: 0,132022,3,3,5,01,09,5,,0,0,1,0,0,0,0
"POINT (11.071343585999999 49.456779318999999)",Unfall 132026 (2016) Kat:3, Licht: 2,132026,3,2,3,01,18,6,,2,1,1,0,0,0,0
"POINT (11.082049253999999 49.465334671999997)",Unfall 132028 (2016) Kat:3, Licht: 0,132028,3,3,5,01,13,6,,0,1,1,0,0,0,0