WKT,Name,OBJECTID,UKATEGORIE,UTYP1,UART,UMONAT,USTUNDE,UWOCHENTAG,STRZUSTAND,ULICHTVERH,ISTRAD,ISTPKW,ISTFUSS,ISTKRAD,ISTGKFZ,ISTSONSTIG
"POINT (11.040842208000001 49.407054709999997)",Unfall 137018 (2016) Kat:3, Licht: 0,137018,3,3,5,05,16,2,,0,0,1,0,0,0,0
"POINT (11.039534173000000 49.491926952999997)",Unfall 137022 (2016) Kat:3, Licht: 0,137022,3,6,2,05,16,5,,0,0,1,0,0,0,0
"POINT (11.060306362000000 49.460672614000003)",Unfall 137025 (2016) Kat:3, Licht: 0,137025,3,7,5,05,15,5,,0,1,1,0,0,0,0
"POINT (11.042162737000000 49.455223222000001)",Unfall 137035 (2016) Kat:3, Licht: 0,137035,3,3,5,05,08,5,,0,1,1,0,0,0,0
"POINT (11.077602470000000 49.412629383999999)",Unfall 137076 (2016) Kat:3, Licht: 0,137076,3,1,0,05,15,3,,0,0,0,0,1,0,0
"POINT (11.044694127000000 49.442091751000000)",Unfall 137156 (2016) Kat:3, Licht: 0,137156,3,6,3,05,00,2,,0,0,1,0,0,0,0
"POINT (11.084215886000001 49.438735772999998)",Unfall 137157 (2016) Kat:3, Licht: 0,137157,3,2,5,05,19,2,,0,0,1,0,0,0,0
"POINT (11.051789745000001 49.461277420000002)",Unfall 137165 (2016) Kat:3, Licht: 0,137165,3,3,0,05,14,2,,0,0,1,0,0,0,0
"POINT (11.079197675000000 49.432386530999999)",Unfall 137202 (2016) Kat:2, Licht: 0,137202,2,3,5,05,11,7,,0,0,1,0,0,0,1
"POINT (11.091305759000001 49.460142118999997)",Unfall 137211 (2016) Kat:2, Licht: 0,137211,2,5,1,05,13,7,,0,1,1,0,0,0,0
"POINT (11.107669530000001 49.471674983000000)",Unfall 137221 (2016) Kat:3, Licht: 0,137221,3,7,0,05,15,6,,0,0,0,0,1,0,0
"POINT (11.081822670999999 49.436088824000002)",Unfall 137223 (2016) Kat:2, Licht: 0,137223,2,6,5,05,11,7,,0,0,1,0,1,0,0
"POINT (11.085111179000000 49.422383820000000)",Unfall 137226 (2016) Kat:3, Licht: 0,137226,3,6,2,05,16,6,,0,0,1,0,0,0,0
"POINT (11.057626763000000 49.449917890999998)",Unfall 137230 (2016) Kat:3, Licht: 0,137230,3,3,5,05,12,7,,0,1,0,0,1,0,0
"POINT (11.068617290000001 49.446102996000000)",Unfall 137234 (2016) Kat:3, Licht: 2,137234,3,6,3,05,21,7,,2,0,1,0,0,0,0
"POINT (11.021810802999999 49.460173189000002)",Unfall 137238 (2016) Kat:3, Licht: 0,137238,3,2,5,05,08,6,,0,1,1,0,0,0,0
"POINT (11.081113153000000 49.445003157000002)",Unfall 137240 (2016) Kat:3, Licht: 2,137240,3,6,3,05,18,7,,2,0,0,0,1,0,1
"POINT (11.081019061999999 49.440325256999998)",Unfall 137246 (2016) Kat:3, Licht: 0,137246,3,1,0,05,19,6,,0,1,0,0,0,0,0
"POINT (11.056300545999999 49.427696488999999)",Unfall 137247 (2016) Kat:3, Licht: 0,137247,3,3,5,05,12,7,,0,0,1,0,0,0,0
"POINT (11.020581435000000 49.428276799000002)",Unfall 137250 (2016) Kat:3, Licht: 0,137250,3,7,6,05,08,6,,0,0,1,1,0,0,0
"POINT (11.099170732999999 49.445939957999997)",Unfall 137277 (2016) Kat:3, Licht: 0,137277,3,3,5,05,05,3,,0,0,1,0,0,0,0
"POINT (11.119177951999999 49.415044543999997)",Unfall 137290 (2016) Kat:3, Licht: 2,137290,3,6,2,05,23,3,,2,0,1,0,0,0,0
"POINT (11.033676294999999 49.468024821000000)",Unfall 137326 (2016) Kat:3, Licht: 0,137326,3,6,2,05,07,3,,0,0,1,0,0,0,0
"POINT (11.027000895000000 49.452953250000000)",Unfall 137337 (2016) Kat:2, Licht: 0,137337,2,5,1,05,06,3,,0,1,1,0,0,0,0
"POINT (11.059109136000000 49.457382301000003)",Unfall 137377 (2016) Kat:3, Licht: 0,137377,3,2,6,05,12,5,,0,0,1,1,0,0,0
"POINT (11.068026615999999 49.441430763000000)",Unfall 137382 (2016) Kat:3, Licht: 0,137382,3,1,0,05,13,5,,0,0,0,0,1,0,0
"POINT (11.017437418000000 49.456672472999998)",Unfall 137386 (2016) Kat:3, Licht: 0,137386,3,6,2,05,18,5,,0,0,1,0,0,0,0
"POINT (11.155758585999999 49.403130419999997)",Unfall 137396 (2016) Kat:3, Licht: 0,137396,3,6,2,05,15,7,,0,0,1,0,1,0,0
"POINT (11.169014597000000 49.392098353000002)",Unfall 137406 (2016) Kat:3, Licht: 0,137406,3,3,5,05,14,6,,0,0,1,0,0,0,0
"POINT (11.071764750000000 49.447203174999999)",Unfall 137411 (2016) Kat:3, Licht: 2,137411,3,2,5,05,23,7,,2,1,1,0,0,0,0
"POINT (11.020736844000000 49.453408506000002)",Unfall 137412 (2016) Kat:3, Licht: 0,137412,3,6,2,05,13,1,,0,0,1,0,0,0,0
"POINT (11.069300150000000 49.466243841999997)",Unfall 137421 (2016) Kat:3, Licht: 0,137421,3,7,6,05,14,7,,0,0,1,1,0,0,0
"POINT (11.097345712999999 49.449077066000001)",Unfall 137424 (2016) Kat:3, Licht: 0,137424,3,6,2,05,15,7,,0,0,1,0,1,0,0
"POINT (11.066897136000000 49.438388533000001)",Unfall 137427 (2016) Kat:3, Licht: 2,137427,3,3,5,05,01,7,,2,1,1,0,0,0,0
"POINT (11.105013944000000 49.484228256999998)",Unfall 137430 (2016) Kat:3, Licht: 1,137430,3,2,5,05,20,6,,1,0,1,0,0,0,0
"POINT (11.120989664000000 49.434420164999999)",Unfall 137437 (2016) Kat:3, Licht: 0,137437,3,1,0,05,15,6,,0,1,0,0,0,0,0
"POINT (11.105992797000001 49.438416263999997)",Unfall 137440 (2016) Kat:3, Licht: 0,137440,3,3,5,05,19,6,,0,1,1,0,0,0,0
"POINT (11.090270212000000 49.440681519999998)",Unfall 137446 (2016) Kat:2, Licht: 0,137446,2,4,6,05,19,1,,0,0,1,1,0,0,0
"POINT (11.132147397000001 49.405351537999998)",Unfall 137498 (2016) Kat:2, Licht: 0,137498,2,2,5,05,16,4,,0,0,1,0,0,0,0
"POINT (11.124702877000001 49.443323513999999)",Unfall 137516 (2016) Kat:3, Licht: 0,137516,3,2,5,05,16,4,,0,1,1,0,0,0,0
"POINT (11.125115116000000 49.464237795999999)",Unfall 137524 (2016) Kat:3, Licht: 0,137524,3,7,6,05,14,4,,0,0,1,1,0,0,0
"POINT (11.098819725000000 49.443031279000003)",Unfall 137532 (2016) Kat:3, Licht: 0,137532,3,6,4,05,13,4,,0,1,1,0,0,0,0
"POINT (11.026116181000001 49.448820171000001)",Unfall 137537 (2016) Kat:3, Licht: 0,137537,3,3,5,05,14,4,,0,0,1,0,1,0,0
"POINT (11.088763097999999 49.461397667000000)",Unfall 137641 (2016) Kat:3, Licht: 0,137641,3,6,3,05,11,3,,0,0,1,0,0,0,0
"POINT (11.059342594000000 49.445697965999997)",Unfall 137645 (2016) Kat:3, Licht: 0,137645,3,4,6,05,12,4,,0,1,0,1,0,0,0
"POINT (11.049505725000000 49.435277178000000)",Unfall 137662 (2016) Kat:3, Licht: 2,137662,3,1,0,05,00,2,,2,0,1,0,0,0,0
"POINT (11.125298111999999 49.443172062000002)",Unfall 137665 (2016) Kat:3, Licht: 0,137665,3,5,1,05,15,2,,0,1,1,0,0,0,0
"POINT (11.078629753000000 49.493899323000001)",Unfall 137676 (2016) Kat:3, Licht: 0,137676,3,7,6,05,17,5,,0,0,1,1,0,0,0
"POINT (11.075087165999999 49.462561993999998)",Unfall 137698 (2016) Kat:2, Licht: 0,137698,2,3,5,05,13,4,,0,0,1,0,1,0,0
"POINT (11.055661403000000 49.480464863999998)",Unfall 137740 (2016) Kat:3, Licht: 0,137740,3,1,5,05,19,5,,0,0,1,0,1,0,0
"POINT (11.096590624999999 49.437524226999997)",Unfall 137744 (2016) Kat:3, Licht: 0,137744,3,2,5,05,18,3,,0,0,1,0,1,0,0
"POINT (11.034286285000000 49.386977172000002)",Unfall 137748 (2016) Kat:3, Licht: 0,137748,3,3,5,05,09,4,,0,1,1,0,0,0,0
"POINT (11.074628369999999 49.451793578000000)",Unfall 137793 (2016) Kat:3, Licht: 0,137793,3,6,2,05,13,3,,0,0,1,0,0,0,0
"POINT (11.080581172000000 49.416462140999997)",Unfall 137797 (2016) Kat:3, Licht: 0,137797,3,7,0,05,18,4,,0,0,0,0,0,0,1
"POINT (11.059094497000000 49.434917734999999)",Unfall 137799 (2016) Kat:3, Licht: 0,137799,3,7,5,05,16,4,,0,0,1,0,0,0,1
"POINT (11.063588645999999 49.448393514000003)",Unfall 137827 (2016) Kat:3, Licht: 0,137827,3,1,0,05,16,5,,0,0,0,0,1,0,0
"POINT (11.084374104000000 49.451277634999997)",Unfall 137848 (2016) Kat:3, Licht: 0,137848,3,2,5,05,21,4,,0,1,1,0,0,0,0
"POINT (11.100918191000000 49.441937854000003)",Unfall 137867 (2016) Kat:2, Licht: 0,137867,2,6,2,05,17,6,,0,0,1,0,1,0,0
"POINT (11.085109952000000 49.447206082999998)",Unfall 137915 (2016) Kat:3, Licht: 0,137915,3,5,0,05,14,6,,0,1,0,0,0,0,0
"POINT (11.082068930000000 49.488204404000001)",Unfall 137916 (2016) Kat:3, Licht: 0,137916,3,1,8,05,20,7,,0,0,1,0,0,0,0
"POINT (11.065595815000000 49.447646992999999)",Unfall 137954 (2016) Kat:3, Licht: 0,137954,3,6,2,05,13,2,,0,0,1,0,1,0,0
"POINT (11.059827758000001 49.446798809999997)",Unfall 138000 (2016) Kat:3, Licht: 0,138000,3,6,2,05,17,1,,0,0,1,0,1,0,0
"POINT (11.025417391000000 49.464409332999999)",Unfall 138005 (2016) Kat:3, Licht: 0,138005,3,1,6,05,07,2,,0,1,0,1,0,0,0
"POINT (11.068141090999999 49.435206622000003)",Unfall 138057 (2016) Kat:3, Licht: 2,138057,3,1,8,05,23,2,,2,0,1,0,0,0,0
"POINT (11.075089084000000 49.445151307000003)",Unfall 138101 (2016) Kat:3, Licht: 0,138101,3,3,5,05,13,1,,0,1,1,0,0,0,0
"POINT (11.090113677000000 49.441564270999997)",Unfall 138105 (2016) Kat:3, Licht: 0,138105,3,3,5,05,12,2,,0,1,1,0,0,0,0
"POINT (11.094820260000001 49.461670544000000)",Unfall 138118 (2016) Kat:3, Licht: 0,138118,3,2,6,06,11,5,,0,0,1,1,0,0,0
"POINT (11.068221318999999 49.441901782999999)",Unfall 138139 (2016) Kat:3, Licht: 0,138139,3,1,0,06,14,4,,0,0,0,0,1,0,0
"POINT (11.014912162000000 49.452372416000003)",Unfall 138143 (2016) Kat:3, Licht: 0,138143,3,2,4,06,16,6,,0,0,1,0,0,0,0
"POINT (11.064957494000000 49.456858580999999)",Unfall 138145 (2016) Kat:3, Licht: 0,138145,3,7,6,06,14,5,,0,0,0,1,0,0,1
"POINT (11.058770428000001 49.446793186999997)",Unfall 138155 (2016) Kat:3, Licht: 0,138155,3,1,8,06,17,5,,0,0,1,0,0,0,0
"POINT (11.033340228000000 49.412462685999998)",Unfall 138179 (2016) Kat:3, Licht: 2,138179,3,7,0,06,00,4,,2,0,0,0,1,0,0
"POINT (11.131251491000000 49.404728009999999)",Unfall 138185 (2016) Kat:3, Licht: 0,138185,3,3,5,06,06,5,,0,0,1,0,0,0,0
"POINT (11.068150062000001 49.446725239999999)",Unfall 138197 (2016) Kat:3, Licht: 0,138197,3,1,0,06,17,5,,0,0,0,0,1,0,0
"POINT (11.067672394000001 49.432618646000002)",Unfall 138231 (2016) Kat:3, Licht: 0,138231,3,3,5,06,16,4,,0,1,1,0,0,0,0
"POINT (11.071906213000000 49.447092097999999)",Unfall 138265 (2016) Kat:3, Licht: 0,138265,3,3,5,05,17,3,,0,1,1,0,0,0,0
"POINT (11.053864711999999 49.406651183000001)",Unfall 138289 (2016) Kat:3, Licht: 2,138289,3,3,5,05,22,3,,2,0,1,0,0,0,0
"POINT (11.101861510999999 49.462828424000001)",Unfall 138292 (2016) Kat:3, Licht: 0,138292,3,5,1,06,13,4,,0,1,1,0,0,0,0
"POINT (11.087560163999999 49.449655864000000)",Unfall 138300 (2016) Kat:3, Licht: 0,138300,3,3,5,05,15,3,,0,0,0,0,1,0,1
"POINT (11.089172591000001 49.447436746000001)",Unfall 138312 (2016) Kat:3, Licht: 2,138312,3,6,3,05,22,3,,2,0,1,0,1,0,0
"POINT (11.071626180999999 49.472758820000003)",Unfall 138331 (2016) Kat:2, Licht: 0,138331,2,4,6,06,09,4,,0,0,1,1,0,0,0
"POINT (11.135943702000000 49.482980337000001)",Unfall 138340 (2016) Kat:3, Licht: 0,138340,3,1,8,05,09,3,,0,0,1,0,0,0,1
"POINT (11.057859583000001 49.434707613000000)",Unfall 138353 (2016) Kat:3, Licht: 0,138353,3,1,0,05,19,3,,0,1,0,0,0,0,0
"POINT (11.071707340000000 49.446976423999999)",Unfall 138363 (2016) Kat:3, Licht: 0,138363,3,3,5,05,06,3,,0,0,1,0,0,0,0
"POINT (11.049805088999999 49.445506530999999)",Unfall 138379 (2016) Kat:3, Licht: 0,138379,3,4,6,06,20,1,,0,0,1,1,0,0,0
"POINT (11.062776512999999 49.449443750999997)",Unfall 138386 (2016) Kat:3, Licht: 0,138386,3,6,0,06,11,2,,0,0,1,0,0,0,1
"POINT (11.121940000000000 49.442586198000001)",Unfall 138409 (2016) Kat:3, Licht: 0,138409,3,3,3,06,09,7,,0,0,1,0,1,0,0
"POINT (11.078863730000000 49.438638806000000)",Unfall 138417 (2016) Kat:3, Licht: 0,138417,3,3,5,06,06,2,,0,1,1,0,0,0,0
"POINT (11.123926279999999 49.442368598999998)",Unfall 138425 (2016) Kat:3, Licht: 1,138425,3,7,4,06,05,2,,1,0,1,0,1,0,0
"POINT (11.023717354000000 49.462760840999998)",Unfall 138429 (2016) Kat:3, Licht: 0,138429,3,6,2,06,12,2,,0,0,1,0,1,0,0
"POINT (11.027533448000000 49.475398104999996)",Unfall 138439 (2016) Kat:1, Licht: 0,138439,1,3,5,06,14,2,,0,1,1,0,0,0,0
"POINT (11.092200561000000 49.452031224999999)",Unfall 138470 (2016) Kat:3, Licht: 0,138470,3,1,0,06,20,2,,0,1,0,0,0,0,0
"POINT (11.070650107000001 49.452272557999997)",Unfall 138517 (2016) Kat:3, Licht: 0,138517,3,5,1,06,18,7,,0,1,1,0,0,0,0
"POINT (11.066303142000001 49.448026014000000)",Unfall 138583 (2016) Kat:3, Licht: 0,138583,3,6,2,06,15,7,,0,0,1,0,0,0,0
"POINT (11.037656352999999 49.402878475999998)",Unfall 138668 (2016) Kat:3, Licht: 0,138668,3,3,5,06,09,5,,0,0,1,0,1,0,0
"POINT (11.075283696000000 49.455358627999999)",Unfall 138679 (2016) Kat:3, Licht: 0,138679,3,7,6,06,12,5,,0,0,1,1,0,0,0
"POINT (11.025187205000000 49.447902161999998)",Unfall 138692 (2016) Kat:3, Licht: 0,138692,3,2,5,06,17,5,,0,0,1,0,1,0,0
"POINT (11.114601615000000 49.437867251999997)",Unfall 138718 (2016) Kat:2, Licht: 0,138718,2,7,0,06,15,4,,0,0,0,0,0,0,1
"POINT (11.082838824000000 49.447034520000003)",Unfall 138723 (2016) Kat:3, Licht: 0,138723,3,6,4,06,07,5,,0,1,0,0,0,0,0
"POINT (11.081612407000000 49.410007712000002)",Unfall 138724 (2016) Kat:3, Licht: 0,138724,3,3,5,06,07,6,,0,0,1,0,0,0,1
"POINT (11.139093410999999 49.415131166000002)",Unfall 138726 (2016) Kat:3, Licht: 0,138726,3,2,5,06,17,4,,0,1,1,0,0,0,0
"POINT (11.097326272000000 49.450856686999998)",Unfall 138733 (2016) Kat:3, Licht: 0,138733,3,6,3,06,16,5,,0,0,1,0,1,0,0
"POINT (11.066854021999999 49.451099984000003)",Unfall 138736 (2016) Kat:3, Licht: 0,138736,3,6,2,06,18,5,,0,0,1,0,0,0,0
"POINT (11.076166027999999 49.431651985000002)",Unfall 138739 (2016) Kat:3, Licht: 0,138739,3,6,4,06,15,4,,0,0,1,0,0,0,0
"POINT (11.032316332000001 49.517292286000000)",Unfall 138761 (2016) Kat:3, Licht: 0,138761,3,1,0,06,16,5,,0,1,0,0,0,0,0
"POINT (11.042316974000000 49.415949687999998)",Unfall 138773 (2016) Kat:3, Licht: 0,138773,3,4,6,06,19,5,,0,0,1,1,0,0,0
"POINT (11.045850553999999 49.465629092999997)",Unfall 138783 (2016) Kat:3, Licht: 0,138783,3,2,5,06,07,5,,0,0,1,0,1,0,0
"POINT (11.054779964000000 49.457344415000001)",Unfall 138821 (2016) Kat:3, Licht: 0,138821,3,3,5,06,18,3,,0,1,1,0,0,0,0
"POINT (11.039799521999999 49.434405935999997)",Unfall 138823 (2016) Kat:3, Licht: 0,138823,3,2,5,06,15,3,,0,0,1,0,0,0,0
"POINT (11.090064003000000 49.441378395999998)",Unfall 138825 (2016) Kat:3, Licht: 0,138825,3,5,1,06,13,6,,0,1,1,0,0,0,0
"POINT (11.077534358999999 49.439794315999997)",Unfall 138829 (2016) Kat:2, Licht: 0,138829,2,4,6,06,09,3,,0,0,0,1,1,0,0
"POINT (11.044553669000001 49.452849415999999)",Unfall 138843 (2016) Kat:3, Licht: 0,138843,3,3,5,06,20,3,,0,1,1,0,0,0,0
"POINT (11.097297812000001 49.353416705999997)",Unfall 138852 (2016) Kat:3, Licht: 0,138852,3,3,5,06,16,3,,0,1,1,0,0,0,0
"POINT (11.048307105999999 49.440916930000000)",Unfall 138855 (2016) Kat:3, Licht: 0,138855,3,7,0,06,18,3,,0,1,1,0,0,0,0
"POINT (11.048403394999999 49.435940647000002)",Unfall 138863 (2016) Kat:2, Licht: 0,138863,2,2,5,06,07,3,,0,0,1,0,1,0,0
"POINT (11.102877785000000 49.474617750999997)",Unfall 138875 (2016) Kat:3, Licht: 0,138875,3,2,4,06,16,3,,0,0,1,0,0,0,0
"POINT (11.053408578999999 49.462478443000002)",Unfall 138877 (2016) Kat:3, Licht: 0,138877,3,3,5,06,10,6,,0,0,1,0,0,0,0
"POINT (11.080623250000000 49.445987113999998)",Unfall 138929 (2016) Kat:3, Licht: 0,138929,3,1,0,06,20,1,,0,0,0,0,1,0,0
"POINT (11.061871984000000 49.459385660999999)",Unfall 138932 (2016) Kat:3, Licht: 2,138932,3,3,4,06,23,1,,2,1,1,0,0,0,0
"POINT (11.117910481999999 49.423996004999999)",Unfall 138984 (2016) Kat:2, Licht: 0,138984,2,6,0,06,16,7,,0,0,0,0,0,0,1
"POINT (11.050167611999999 49.426822246000000)",Unfall 138998 (2016) Kat:2, Licht: 0,138998,2,1,0,06,14,7,,0,0,0,0,1,0,0
"POINT (11.072627242999999 49.460287940000001)",Unfall 139008 (2016) Kat:3, Licht: 0,139008,3,6,0,06,14,7,,0,1,1,0,0,0,0
"POINT (11.094683981999999 49.433838133999998)",Unfall 139009 (2016) Kat:3, Licht: 0,139009,3,3,5,06,08,2,,0,1,0,0,0,1,0
"POINT (11.026994693000001 49.451227289000002)",Unfall 139010 (2016) Kat:3, Licht: 0,139010,3,2,5,06,14,7,,0,1,1,0,0,0,0
"POINT (11.073201694000000 49.471683048999999)",Unfall 139012 (2016) Kat:3, Licht: 0,139012,3,3,5,06,16,2,,0,0,1,0,0,0,0
"POINT (11.068081072000000 49.457989187000003)",Unfall 139019 (2016) Kat:3, Licht: 0,139019,3,3,5,06,16,2,,0,0,1,0,0,0,0
"POINT (11.079602489000001 49.415400630000001)",Unfall 139026 (2016) Kat:3, Licht: 0,139026,3,4,6,06,18,3,,0,0,0,1,0,0,1
"POINT (11.089551655999999 49.458597523000002)",Unfall 139031 (2016) Kat:3, Licht: 0,139031,3,1,0,06,19,2,,0,1,0,1,0,0,0
"POINT (11.045588651999999 49.430919563000003)",Unfall 139034 (2016) Kat:3, Licht: 0,139034,3,7,1,06,11,3,,0,0,1,0,0,1,0
"POINT (11.136341456000000 49.403278575000002)",Unfall 139047 (2016) Kat:3, Licht: 0,139047,3,7,6,06,16,3,,0,0,1,1,0,0,0
"POINT (11.061090656999999 49.447715752000001)",Unfall 139077 (2016) Kat:3, Licht: 0,139077,3,1,0,06,18,3,,0,1,0,0,0,0,0
"POINT (11.075243604000001 49.473890867000001)",Unfall 139290 (2016) Kat:3, Licht: 0,139290,3,3,0,06,15,6,,0,0,1,0,0,0,1
"POINT (11.099239538999999 49.463080179999999)",Unfall 139321 (2016) Kat:3, Licht: 0,139321,3,3,5,06,13,6,,0,1,1,0,0,0,0
"POINT (11.091541127999999 49.442008326000000)",Unfall 139346 (2016) Kat:3, Licht: 2,139346,3,1,0,06,22,4,,2,1,0,0,0,0,0
"POINT (11.069546761000000 49.453560699000001)",Unfall 139353 (2016) Kat:2, Licht: 2,139353,2,1,0,06,00,5,,2,1,0,0,0,0,0
"POINT (11.086719838000000 49.431779917999997)",Unfall 139355 (2016) Kat:3, Licht: 0,139355,3,2,5,06,17,4,,0,0,1,0,0,0,0
"POINT (11.072062829000000 49.448285579000000)",Unfall 139359 (2016) Kat:3, Licht: 2,139359,3,5,4,06,23,5,,2,0,1,0,0,0,0
"POINT (11.077237083000000 49.462267222999998)",Unfall 139365 (2016) Kat:3, Licht: 0,139365,3,3,5,06,12,4,,0,1,1,0,0,0,0
"POINT (11.058299165999999 49.450058112000001)",Unfall 139370 (2016) Kat:3, Licht: 0,139370,3,3,5,06,11,4,,0,0,1,0,0,0,0
"POINT (11.131412244000000 49.427882472000000)",Unfall 139375 (2016) Kat:3, Licht: 0,139375,3,2,3,06,17,5,,0,0,1,0,0,0,0
"POINT (11.040967423000000 49.434722549999996)",Unfall 139381 (2016) Kat:3, Licht: 0,139381,3,2,4,06,08,4,,0,0,1,0,1,0,0
"POINT (11.080532834000000 49.445848779000002)",Unfall 139387 (2016) Kat:3, Licht: 0,139387,3,2,5,06,20,5,,0,1,1,0,0,0,0
"POINT (11.057532998999999 49.459156243000002)",Unfall 139390 (2016) Kat:3, Licht: 0,139390,3,3,5,06,15,4,,0,0,1,0,0,0,0
"POINT (11.081248038000000 49.473878640999999)",Unfall 139392 (2016) Kat:3, Licht: 0,139392,3,6,2,06,11,4,,0,0,1,0,0,0,0
"POINT (11.072538069000000 49.446034216000001)",Unfall 139395 (2016) Kat:3, Licht: 0,139395,3,4,6,06,13,5,,0,0,0,1,0,0,1
"POINT (11.075917086000000 49.441589419000003)",Unfall 139403 (2016) Kat:3, Licht: 0,139403,3,2,5,06,15,5,,0,1,0,0,1,0,0
"POINT (11.067688052999999 49.440865868000003)",Unfall 139407 (2016) Kat:3, Licht: 0,139407,3,1,0,06,15,5,,0,0,0,0,1,0,0
"POINT (11.082207242999999 49.460928457999998)",Unfall 139413 (2016) Kat:3, Licht: 1,139413,3,7,5,06,05,3,,1,1,0,0,0,0,0
"POINT (11.080738380000000 49.446491418000001)",Unfall 139417 (2016) Kat:3, Licht: 0,139417,3,6,2,06,19,1,,0,0,1,0,0,0,0
"POINT (11.078905676000000 49.453910049000001)",Unfall 139423 (2016) Kat:3, Licht: 0,139423,3,7,0,06,09,3,,0,0,0,1,0,0,1
"POINT (11.137581790000000 49.414356497000000)",Unfall 139437 (2016) Kat:3, Licht: 0,139437,3,5,1,06,10,3,,0,0,1,0,0,0,0
"POINT (11.051495444000000 49.438704123999997)",Unfall 139443 (2016) Kat:3, Licht: 0,139443,3,7,5,06,11,3,,0,0,1,0,1,0,0
"POINT (11.016009696999999 49.453751807000003)",Unfall 139470 (2016) Kat:3, Licht: 0,139470,3,2,4,06,15,1,,0,0,1,0,0,0,0
"POINT (11.120884066000000 49.412302609000001)",Unfall 139515 (2016) Kat:3, Licht: 0,139515,3,6,5,06,10,2,,0,1,0,0,0,0,0
"POINT (11.058035057000000 49.454597862000000)",Unfall 139530 (2016) Kat:2, Licht: 2,139530,2,3,5,06,22,2,,2,1,1,0,0,0,0
"POINT (11.073376354000001 49.466630346999999)",Unfall 139541 (2016) Kat:2, Licht: 0,139541,2,4,6,06,13,2,,0,0,1,1,0,0,0
"POINT (11.071913788000000 49.447091610999998)",Unfall 139543 (2016) Kat:3, Licht: 0,139543,3,6,2,06,15,2,,0,0,1,0,0,0,0
"POINT (11.082191959999999 49.460098631999998)",Unfall 139549 (2016) Kat:3, Licht: 0,139549,3,2,3,06,16,2,,0,0,1,0,1,0,0
"POINT (11.081824417000000 49.446782368999997)",Unfall 139581 (2016) Kat:3, Licht: 0,139581,3,6,2,06,08,1,,0,0,1,0,0,0,0
"POINT (11.081062404000001 49.446818268999998)",Unfall 139633 (2016) Kat:3, Licht: 0,139633,3,6,3,06,19,1,,0,0,1,0,1,0,0
"POINT (11.080512142000000 49.440260047999999)",Unfall 139640 (2016) Kat:3, Licht: 0,139640,3,4,6,06,14,7,,0,0,1,1,0,0,0
"POINT (11.057888296000000 49.454610727999999)",Unfall 139650 (2016) Kat:3, Licht: 0,139650,3,6,2,06,20,7,,0,0,1,0,0,0,0
"POINT (11.082075895999999 49.440462308000001)",Unfall 139673 (2016) Kat:2, Licht: 2,139673,2,4,6,06,03,3,,2,0,1,1,0,0,0
"POINT (11.068519469000000 49.446365221000001)",Unfall 139705 (2016) Kat:3, Licht: 0,139705,3,6,2,06,10,6,,0,0,1,0,0,0,0
"POINT (11.079819412999999 49.448857785000001)",Unfall 139733 (2016) Kat:3, Licht: 0,139733,3,4,6,06,09,6,,0,1,0,1,0,0,0
"POINT (11.074812291000001 49.446247329000002)",Unfall 139735 (2016) Kat:3, Licht: 0,139735,3,6,2,06,13,4,,0,0,1,0,1,0,0
"POINT (11.067431618000001 49.447295955999998)",Unfall 139739 (2016) Kat:3, Licht: 0,139739,3,2,5,06,21,4,,0,0,1,0,0,0,0
"POINT (11.090914896999999 49.437419763000001)",Unfall 139744 (2016) Kat:3, Licht: 0,139744,3,2,3,06,18,6,,0,0,1,0,0,0,1
"POINT (11.085592141999999 49.446055354999999)",Unfall 139749 (2016) Kat:3, Licht: 0,139749,3,1,0,06,20,6,,0,1,0,0,0,0,0
"POINT (11.120655549000000 49.481343434999999)",Unfall 139751 (2016) Kat:3, Licht: 0,139751,3,2,6,06,15,4,,0,0,1,1,0,0,0
"POINT (11.031699904000000 49.473653007999999)",Unfall 139757 (2016) Kat:3, Licht: 2,139757,3,3,5,06,00,6,,2,0,1,0,0,0,0
"POINT (11.047436478000000 49.433705525999997)",Unfall 139761 (2016) Kat:3, Licht: 0,139761,3,4,6,06,10,4,,0,0,1,1,0,0,0
"POINT (11.085992657000000 49.445408028999999)",Unfall 139765 (2016) Kat:3, Licht: 0,139765,3,6,2,06,13,4,,0,1,1,0,0,0,0
"POINT (11.086657076000000 49.453171187999999)",Unfall 139782 (2016) Kat:3, Licht: 0,139782,3,6,2,06,13,4,,0,0,1,0,1,0,0
"POINT (11.060271960000000 49.484391657000003)",Unfall 139829 (2016) Kat:3, Licht: 0,139829,3,3,5,06,17,5,,0,0,1,0,0,0,0
"POINT (11.080380967000000 49.446516379000002)",Unfall 139839 (2016) Kat:3, Licht: 0,139839,3,1,0,06,17,5,,0,0,0,0,1,0,0
"POINT (11.172550501000000 49.408899769000001)",Unfall 139842 (2016) Kat:3, Licht: 0,139842,3,3,5,06,12,5,,0,0,1,0,0,0,1