WKT,Name,OBJECTID,UKATEGORIE,UTYP1,UART,UMONAT,USTUNDE,UWOCHENTAG,STRZUSTAND,ULICHTVERH,ISTRAD,ISTPKW,ISTFUSS,ISTKRAD,ISTGKFZ,ISTSONSTIG
"POINT (11.040903198000001 49.434659768000003)",Unfall 139853 (2016) Kat:3, Licht: 0,139853,3,2,0,06,18,5,,0,0,1,0,0,0,1
"POINT (11.034657821000000 49.449038639999998)",Unfall 139870 (2016) Kat:3, Licht: 0,139870,3,6,1,06,18,5,,0,0,1,0,0,1,0
"POINT (11.095932020999999 49.402609884999997)",Unfall 139876 (2016) Kat:3, Licht: 0,139876,3,1,1,06,08,5,,0,1,0,0,0,0,1
"POINT (11.085372505000000 49.452786949000000)",Unfall 139955 (2016) Kat:3, Licht: 0,139955,3,1,6,06,07,3,,0,1,0,1,0,0,0
"POINT (11.060887157000000 49.447093952000003)",Unfall 139956 (2016) Kat:3, Licht: 0,139956,3,6,2,06,15,2,,0,0,1,0,0,0,1
"POINT (11.064481595000000 49.437009719000002)",Unfall 139972 (2016) Kat:3, Licht: 0,139972,3,5,1,06,15,2,,0,1,1,0,0,0,0
"POINT (11.027257240999999 49.466322499999997)",Unfall 139994 (2016) Kat:2, Licht: 0,139994,2,3,5,06,07,2,,0,1,1,0,0,0,0
"POINT (11.095753019000000 49.458660987999998)",Unfall 140003 (2016) Kat:3, Licht: 0,140003,3,2,5,06,14,3,,0,0,1,0,0,0,1
"POINT (11.107471620000000 49.480888551000000)",Unfall 140009 (2016) Kat:2, Licht: 0,140009,2,1,0,06,07,2,,0,0,0,0,1,0,0
"POINT (11.095366704000000 49.464498337999999)",Unfall 140026 (2016) Kat:3, Licht: 0,140026,3,6,0,06,07,2,,0,1,0,0,0,1,0
"POINT (11.112979113000000 49.404184172999997)",Unfall 140041 (2016) Kat:3, Licht: 0,140041,3,3,5,06,19,7,,0,1,0,0,0,0,0
"POINT (11.067813927000000 49.451830483999998)",Unfall 140046 (2016) Kat:3, Licht: 0,140046,3,7,0,06,12,2,,0,0,1,0,0,0,1
"POINT (11.141631264999999 49.459106704000000)",Unfall 140054 (2016) Kat:3, Licht: 0,140054,3,1,0,06,11,7,,0,1,0,0,0,0,0
"POINT (11.141710162000001 49.398297583000002)",Unfall 140058 (2016) Kat:2, Licht: 0,140058,2,1,5,06,16,2,,0,1,0,0,0,0,0
"POINT (11.056254545000000 49.441708376000001)",Unfall 140068 (2016) Kat:3, Licht: 0,140068,3,2,5,06,14,3,,0,1,1,0,0,0,0
"POINT (11.081918973000001 49.447823823000000)",Unfall 140073 (2016) Kat:3, Licht: 0,140073,3,2,5,06,08,2,,0,1,1,0,0,0,0
"POINT (11.027237746000001 49.466303033999999)",Unfall 140106 (2016) Kat:2, Licht: 0,140106,2,3,5,06,12,3,,0,1,1,0,0,0,0
"POINT (11.094636341999999 49.445950727000003)",Unfall 140111 (2016) Kat:3, Licht: 0,140111,3,4,6,06,13,2,,0,0,1,1,0,0,0
"POINT (11.080196128000001 49.446651404000001)",Unfall 140140 (2016) Kat:2, Licht: 0,140140,2,3,5,06,18,1,,0,1,1,0,0,0,0
"POINT (11.077127596000000 49.451867266000001)",Unfall 140146 (2016) Kat:3, Licht: 0,140146,3,7,0,06,15,2,,0,0,1,0,1,0,0
"POINT (11.070451437999999 49.456620633999997)",Unfall 140158 (2016) Kat:3, Licht: 0,140158,3,1,0,06,20,2,,0,0,0,0,1,0,0
"POINT (11.103762631000000 49.459891360000000)",Unfall 140172 (2016) Kat:2, Licht: 0,140172,2,4,6,06,11,3,,0,0,1,1,0,0,0
"POINT (11.038433686999999 49.491559676000001)",Unfall 140177 (2016) Kat:3, Licht: 0,140177,3,6,2,06,18,2,,0,0,1,0,0,0,0
"POINT (11.048989286999999 49.408293851000003)",Unfall 140196 (2016) Kat:3, Licht: 0,140196,3,2,4,06,16,2,,0,0,1,0,1,0,0
"POINT (11.018924055999999 49.458398189000000)",Unfall 140199 (2016) Kat:3, Licht: 0,140199,3,2,5,06,12,4,,0,0,1,0,0,1,0
"POINT (11.049628125000000 49.452942452999999)",Unfall 140234 (2016) Kat:3, Licht: 0,140234,3,6,4,06,08,5,,0,1,0,0,0,0,0
"POINT (11.082119536000000 49.463326905000002)",Unfall 140245 (2016) Kat:3, Licht: 0,140245,3,3,5,06,15,4,,0,1,1,0,0,0,0
"POINT (11.061019321000000 49.445785098999998)",Unfall 140289 (2016) Kat:2, Licht: 2,140289,2,1,0,06,22,4,,2,1,0,0,0,0,0
"POINT (11.065064630000000 49.430814875000003)",Unfall 140299 (2016) Kat:3, Licht: 0,140299,3,7,1,06,07,4,,0,0,1,0,0,1,0
"POINT (11.052477569000001 49.456805217000003)",Unfall 140338 (2016) Kat:3, Licht: 0,140338,3,1,0,06,20,5,,0,1,0,0,0,0,0
"POINT (11.111166525000000 49.452671633999998)",Unfall 140351 (2016) Kat:3, Licht: 0,140351,3,3,5,06,14,4,,0,1,1,0,0,0,0
"POINT (11.012890655000000 49.449864896999998)",Unfall 140391 (2016) Kat:3, Licht: 0,140391,3,3,5,06,16,4,,0,1,1,0,0,0,0
"POINT (11.057237359000000 49.430780466999998)",Unfall 140400 (2016) Kat:3, Licht: 2,140400,3,3,5,06,22,4,,2,0,1,0,1,0,0
"POINT (11.074456518000000 49.463586571999997)",Unfall 140441 (2016) Kat:2, Licht: 2,140441,2,5,1,06,00,5,,2,0,1,0,1,0,0
"POINT (11.059184822000001 49.443576315000001)",Unfall 140450 (2016) Kat:3, Licht: 0,140450,3,1,0,06,16,4,,0,1,0,0,0,0,0
"POINT (11.121223118000000 49.438708024000000)",Unfall 140455 (2016) Kat:3, Licht: 0,140455,3,7,0,07,14,2,,0,0,0,0,0,0,1
"POINT (11.110100256999999 49.504037973000003)",Unfall 140463 (2016) Kat:2, Licht: 0,140463,2,6,4,07,16,7,,0,0,0,0,1,0,1
"POINT (11.042089068999999 49.434958164999998)",Unfall 140474 (2016) Kat:3, Licht: 0,140474,3,2,5,07,13,7,,0,0,1,0,1,0,0
"POINT (11.126113217000000 49.463394460000004)",Unfall 140487 (2016) Kat:3, Licht: 0,140487,3,1,0,07,09,7,,0,1,0,0,0,0,0
"POINT (11.103163117999999 49.484221124999998)",Unfall 140505 (2016) Kat:3, Licht: 0,140505,3,3,5,07,13,2,,0,1,1,0,0,0,0
"POINT (11.119818744000000 49.435176456000001)",Unfall 140526 (2016) Kat:3, Licht: 0,140526,3,5,1,07,17,7,,0,0,1,0,0,0,1
"POINT (11.070226355999999 49.451910972000000)",Unfall 140527 (2016) Kat:3, Licht: 0,140527,3,3,5,07,17,7,,0,0,1,0,0,0,0
"POINT (11.084659682000000 49.449239744000003)",Unfall 140552 (2016) Kat:3, Licht: 0,140552,3,3,5,07,09,1,,0,0,1,0,0,0,0
"POINT (11.095684811000000 49.440579753999998)",Unfall 140562 (2016) Kat:3, Licht: 0,140562,3,5,1,07,20,2,,0,1,1,0,0,0,0
"POINT (11.067789538000000 49.448850941000003)",Unfall 140580 (2016) Kat:3, Licht: 0,140580,3,6,1,07,09,7,,0,1,1,0,0,0,0
"POINT (11.056242259999999 49.460968661999999)",Unfall 140612 (2016) Kat:3, Licht: 0,140612,3,4,6,07,17,2,,0,0,1,1,0,0,0
"POINT (11.128985793000000 49.430221901000003)",Unfall 140631 (2016) Kat:3, Licht: 0,140631,3,1,0,07,16,7,,0,0,0,0,1,0,0
"POINT (11.085078460000000 49.440788793000003)",Unfall 140636 (2016) Kat:3, Licht: 0,140636,3,7,6,07,18,6,,0,0,1,1,0,0,0
"POINT (11.090593705000000 49.438300660000003)",Unfall 140638 (2016) Kat:3, Licht: 0,140638,3,6,2,07,15,6,,0,0,1,0,0,0,0
"POINT (11.063584726000000 49.440562325000002)",Unfall 140647 (2016) Kat:3, Licht: 0,140647,3,4,6,07,17,6,,0,0,1,1,0,0,0
"POINT (11.067303498999999 49.445536574000002)",Unfall 140655 (2016) Kat:3, Licht: 0,140655,3,5,5,07,15,6,,0,1,0,0,0,0,1
"POINT (11.017269199999999 49.469637396000003)",Unfall 140661 (2016) Kat:3, Licht: 0,140661,3,3,2,07,13,6,,0,1,1,0,0,0,0
"POINT (11.111097711999999 49.486724754000001)",Unfall 140662 (2016) Kat:3, Licht: 0,140662,3,6,2,07,15,2,,0,0,1,0,0,0,0
"POINT (11.129928341999999 49.420188805000002)",Unfall 140663 (2016) Kat:3, Licht: 0,140663,3,3,5,07,14,6,,0,1,1,0,0,0,0
"POINT (11.071760655000000 49.447182978999997)",Unfall 140666 (2016) Kat:3, Licht: 0,140666,3,2,0,07,18,6,,0,1,0,0,0,0,1
"POINT (11.113555627000000 49.453766651000002)",Unfall 140679 (2016) Kat:3, Licht: 0,140679,3,6,2,07,16,7,,0,0,1,0,0,0,0
"POINT (11.084747576000000 49.449335943999998)",Unfall 140686 (2016) Kat:3, Licht: 2,140686,3,3,5,07,03,7,,2,0,1,0,0,0,0
"POINT (11.089347692000000 49.457565395000003)",Unfall 140707 (2016) Kat:3, Licht: 0,140707,3,6,2,07,12,1,,0,0,1,0,0,0,0
"POINT (11.057842287000000 49.348820637999999)",Unfall 140710 (2016) Kat:3, Licht: 0,140710,3,3,5,07,07,3,,0,1,1,0,0,0,0
"POINT (11.056791922000000 49.406448738000002)",Unfall 140729 (2016) Kat:3, Licht: 0,140729,3,6,0,07,17,4,,0,0,0,0,0,0,1
"POINT (11.060030961000001 49.449623826000000)",Unfall 140730 (2016) Kat:3, Licht: 0,140730,3,2,6,07,14,5,,0,0,1,1,0,0,0
"POINT (11.052462327000001 49.456777527000000)",Unfall 140745 (2016) Kat:3, Licht: 0,140745,3,6,6,07,17,5,,0,1,0,1,0,0,0
"POINT (11.113085529999999 49.444680022000000)",Unfall 140752 (2016) Kat:3, Licht: 0,140752,3,5,1,07,18,3,,0,1,1,0,0,0,0
"POINT (11.053186187000000 49.452048071999997)",Unfall 140761 (2016) Kat:3, Licht: 0,140761,3,7,5,07,21,3,,0,0,1,0,1,0,0
"POINT (11.178563799999999 49.391450954000000)",Unfall 140775 (2016) Kat:3, Licht: 0,140775,3,3,5,07,14,4,,0,0,1,0,1,0,0
"POINT (11.064808534999999 49.440290953999998)",Unfall 140784 (2016) Kat:3, Licht: 0,140784,3,3,5,07,15,4,,0,0,1,0,0,0,0
"POINT (11.019207427000000 49.431481200999997)",Unfall 140785 (2016) Kat:3, Licht: 0,140785,3,3,5,07,07,5,,0,0,1,0,1,0,0
"POINT (11.059078711000000 49.457402946999999)",Unfall 140805 (2016) Kat:3, Licht: 0,140805,3,2,0,07,15,3,,0,0,1,0,0,0,1
"POINT (11.028364140000001 49.469516925999997)",Unfall 140835 (2016) Kat:3, Licht: 0,140835,3,2,3,07,15,4,,0,0,1,0,1,0,0
"POINT (11.127854253000001 49.431014945999998)",Unfall 140836 (2016) Kat:2, Licht: 0,140836,2,2,5,07,09,5,,0,1,1,0,0,0,0
"POINT (11.099926535000000 49.459577713999998)",Unfall 140840 (2016) Kat:2, Licht: 0,140840,2,3,5,07,15,4,,0,0,1,0,1,0,0
"POINT (11.081142426000000 49.438984716000000)",Unfall 140859 (2016) Kat:2, Licht: 0,140859,2,6,3,07,11,3,,0,1,1,0,0,0,0
"POINT (11.082477771000001 49.473829029000001)",Unfall 140869 (2016) Kat:3, Licht: 0,140869,3,2,5,07,07,3,,0,0,1,0,1,0,0
"POINT (11.090475639999999 49.438269550000001)",Unfall 140889 (2016) Kat:2, Licht: 0,140889,2,3,6,07,17,4,,0,0,0,1,0,0,1
"POINT (11.032519680000000 49.437852389000000)",Unfall 140890 (2016) Kat:3, Licht: 0,140890,3,7,0,07,14,5,,0,0,0,0,0,0,1
"POINT (11.088632538000001 49.476933973999998)",Unfall 140902 (2016) Kat:3, Licht: 0,140902,3,7,0,07,10,5,,0,1,0,1,0,0,0
"POINT (11.059135513999999 49.457454097999999)",Unfall 140909 (2016) Kat:3, Licht: 0,140909,3,6,2,07,18,3,,0,1,1,0,0,0,0
"POINT (11.019032713000000 49.471076908000001)",Unfall 140939 (2016) Kat:3, Licht: 0,140939,3,3,0,07,16,4,,0,1,1,0,0,0,0
"POINT (11.082684722000000 49.447104791000001)",Unfall 140940 (2016) Kat:3, Licht: 0,140940,3,6,2,07,16,5,,0,0,1,0,0,0,0
"POINT (11.056148768000000 49.445765713999997)",Unfall 140947 (2016) Kat:3, Licht: 0,140947,3,6,2,07,16,4,,0,0,1,0,0,0,0
"POINT (11.067124083000000 49.390769210000002)",Unfall 140995 (2016) Kat:2, Licht: 0,140995,2,1,0,07,12,7,,0,1,0,0,0,0,0
"POINT (11.099483687999999 49.443070317999997)",Unfall 141041 (2016) Kat:2, Licht: 0,141041,2,2,5,07,18,1,,0,0,1,0,0,0,0
"POINT (11.073737638000001 49.450145468999999)",Unfall 141116 (2016) Kat:3, Licht: 0,141116,3,7,0,07,12,6,,0,0,0,1,0,0,1
"POINT (11.081866954000001 49.418473065999997)",Unfall 141122 (2016) Kat:3, Licht: 2,141122,3,6,2,07,23,6,,2,0,1,0,0,0,1
"POINT (11.046298128000000 49.468659095000000)",Unfall 141132 (2016) Kat:3, Licht: 0,141132,3,3,5,07,07,6,,0,1,1,0,0,0,0
"POINT (11.022023211000000 49.429997458999999)",Unfall 141141 (2016) Kat:3, Licht: 0,141141,3,3,3,07,11,6,,0,0,0,0,1,1,0
"POINT (11.080120143000000 49.457007656999998)",Unfall 141146 (2016) Kat:3, Licht: 2,141146,3,1,0,07,00,6,,2,1,0,0,0,0,0
"POINT (11.089691562000001 49.463575566000003)",Unfall 141165 (2016) Kat:3, Licht: 0,141165,3,7,5,07,16,6,,0,1,1,0,0,0,0
"POINT (11.129294258000000 49.430509702000002)",Unfall 141232 (2016) Kat:3, Licht: 0,141232,3,2,5,07,16,5,,0,0,1,0,1,0,0
"POINT (11.082300105000000 49.441376365000004)",Unfall 141248 (2016) Kat:3, Licht: 0,141248,3,7,6,07,16,4,,0,0,1,1,0,0,0
"POINT (11.069211869000000 49.447224298999998)",Unfall 141260 (2016) Kat:3, Licht: 0,141260,3,6,2,07,16,4,,0,0,1,0,0,0,0
"POINT (11.014807064999999 49.453751633000003)",Unfall 141320 (2016) Kat:3, Licht: 0,141320,3,3,5,07,18,4,,0,0,1,0,0,0,0
"POINT (11.142705118000000 49.459234690999999)",Unfall 141358 (2016) Kat:3, Licht: 0,141358,3,2,6,07,15,4,,0,0,1,1,0,0,0
"POINT (11.011477133000000 49.447924102000002)",Unfall 141360 (2016) Kat:3, Licht: 0,141360,3,3,5,07,17,2,,0,1,1,0,0,0,0
"POINT (11.088814804000000 49.440135065000000)",Unfall 141370 (2016) Kat:3, Licht: 0,141370,3,3,5,07,17,4,,0,0,1,0,0,0,0
"POINT (11.061611466000000 49.365429484000003)",Unfall 141372 (2016) Kat:3, Licht: 0,141372,3,3,5,07,17,2,,0,0,1,0,0,0,0
"POINT (11.026358837000000 49.470169734000002)",Unfall 141374 (2016) Kat:3, Licht: 0,141374,3,6,2,07,17,2,,0,0,1,0,1,0,0
"POINT (11.058256576000000 49.448236944000001)",Unfall 141404 (2016) Kat:3, Licht: 0,141404,3,3,5,07,19,3,,0,1,1,0,0,0,0
"POINT (11.102663310000001 49.438574717999998)",Unfall 141409 (2016) Kat:2, Licht: 0,141409,2,4,6,07,17,4,,0,0,1,1,0,0,0
"POINT (11.080395063999999 49.441129758999999)",Unfall 141410 (2016) Kat:3, Licht: 0,141410,3,7,0,07,11,3,,0,1,1,0,0,0,0
"POINT (11.067826430000000 49.433766042000002)",Unfall 141420 (2016) Kat:3, Licht: 0,141420,3,2,4,07,16,3,,0,0,1,0,0,0,0
"POINT (11.024070545000001 49.392046583999999)",Unfall 141448 (2016) Kat:3, Licht: 0,141448,3,6,2,07,10,3,,0,0,1,0,0,0,1
"POINT (11.068281839999999 49.460119050000003)",Unfall 141458 (2016) Kat:3, Licht: 0,141458,3,1,0,07,08,3,,0,1,0,1,0,0,0
"POINT (11.070099440000000 49.404690227000003)",Unfall 141464 (2016) Kat:3, Licht: 0,141464,3,1,0,07,15,1,,0,1,0,0,0,0,0
"POINT (11.107889135000001 49.441390015000003)",Unfall 141480 (2016) Kat:3, Licht: 0,141480,3,6,0,07,15,4,,0,0,0,0,1,0,0
"POINT (11.047312662000000 49.438854996000003)",Unfall 141497 (2016) Kat:3, Licht: 0,141497,3,3,5,07,23,1,,0,0,1,0,0,0,0
"POINT (11.172477416000000 49.412749822999999)",Unfall 141506 (2016) Kat:3, Licht: 0,141506,3,7,6,07,15,7,,0,0,1,1,0,0,0
"POINT (11.118493967999999 49.443384774000002)",Unfall 141519 (2016) Kat:3, Licht: 0,141519,3,3,5,07,13,7,,0,1,1,0,0,0,0
"POINT (11.079621818000000 49.440144089000000)",Unfall 141530 (2016) Kat:3, Licht: 0,141530,3,6,1,07,09,7,,0,0,1,0,0,0,0
"POINT (11.071737884999999 49.454747218000001)",Unfall 141534 (2016) Kat:3, Licht: 0,141534,3,1,0,07,12,7,,0,1,0,0,0,0,0
"POINT (11.076590197000000 49.459248641000002)",Unfall 141537 (2016) Kat:3, Licht: 0,141537,3,7,6,07,10,6,,0,0,1,1,0,0,0
"POINT (11.135139425000000 49.462259901000003)",Unfall 141546 (2016) Kat:2, Licht: 0,141546,2,4,6,07,16,6,,0,0,1,1,0,0,0
"POINT (11.045360349999999 49.410151706000001)",Unfall 141583 (2016) Kat:3, Licht: 0,141583,3,3,5,07,13,6,,0,1,0,0,0,0,1
"POINT (11.087072990999999 49.442024189999998)",Unfall 141586 (2016) Kat:3, Licht: 0,141586,3,4,6,07,10,6,,0,1,0,1,0,0,0
"POINT (11.076441745000000 49.434250206999998)",Unfall 141594 (2016) Kat:3, Licht: 0,141594,3,7,0,07,10,6,,0,0,0,1,0,0,1
"POINT (11.011317891999999 49.447957281999997)",Unfall 141641 (2016) Kat:3, Licht: 0,141641,3,3,5,07,16,5,,0,0,1,0,0,0,0
"POINT (11.073428507999999 49.449743392999999)",Unfall 141654 (2016) Kat:2, Licht: 0,141654,2,7,0,07,10,5,,0,0,0,0,0,1,1
"POINT (11.102050168000000 49.461995786000003)",Unfall 141659 (2016) Kat:3, Licht: 0,141659,3,2,5,07,16,5,,0,1,1,0,0,0,0
"POINT (11.060078859000001 49.459505595000003)",Unfall 141663 (2016) Kat:3, Licht: 0,141663,3,2,6,07,06,5,,0,0,1,1,0,0,0
"POINT (11.071607546999999 49.472531281999998)",Unfall 141670 (2016) Kat:3, Licht: 0,141670,3,4,6,07,19,5,,0,0,1,1,0,0,0
"POINT (11.093748836000000 49.462676506000001)",Unfall 141676 (2016) Kat:3, Licht: 0,141676,3,2,4,07,19,1,,0,0,1,0,0,0,0
"POINT (11.066795811000000 49.451153087000002)",Unfall 141691 (2016) Kat:3, Licht: 0,141691,3,7,0,07,18,1,,0,1,0,0,0,0,1
"POINT (11.126102830000001 49.405185037999999)",Unfall 141780 (2016) Kat:3, Licht: 0,141780,3,7,0,07,15,4,,0,1,0,0,0,0,0
"POINT (11.064923200999999 49.447123316000003)",Unfall 141792 (2016) Kat:3, Licht: 2,141792,3,7,5,07,23,4,,2,1,1,0,0,0,0
"POINT (11.139478026999999 49.404884684000002)",Unfall 141822 (2016) Kat:3, Licht: 0,141822,3,3,5,07,13,4,,0,1,1,0,0,0,0
"POINT (11.087671143000000 49.454499712000000)",Unfall 141833 (2016) Kat:3, Licht: 0,141833,3,6,3,07,08,4,,0,1,0,0,0,0,0
"POINT (11.058827794999999 49.467655452000002)",Unfall 141838 (2016) Kat:3, Licht: 0,141838,3,7,1,07,17,4,,0,0,1,0,0,0,0
"POINT (11.016713288000000 49.454987604999999)",Unfall 141847 (2016) Kat:3, Licht: 0,141847,3,2,4,07,16,4,,0,1,1,0,0,0,0
"POINT (11.052846496000001 49.443155783999998)",Unfall 141879 (2016) Kat:3, Licht: 0,141879,3,7,0,07,13,4,,0,0,1,0,1,0,0
"POINT (11.095151713000000 49.464283035000001)",Unfall 141889 (2016) Kat:2, Licht: 0,141889,2,4,6,07,15,4,,0,1,0,1,0,0,0
"POINT (11.100680196000001 49.472570109999999)",Unfall 141900 (2016) Kat:3, Licht: 0,141900,3,5,8,07,13,2,,0,1,1,0,0,0,0
"POINT (11.072159870000000 49.448526084999997)",Unfall 141902 (2016) Kat:3, Licht: 0,141902,3,4,6,07,09,4,,0,1,0,1,0,0,0
"POINT (11.061509887000000 49.432253328999998)",Unfall 141930 (2016) Kat:3, Licht: 0,141930,3,6,2,07,06,4,,0,0,1,0,1,0,0
"POINT (11.069896300000000 49.465093549999999)",Unfall 141941 (2016) Kat:3, Licht: 0,141941,3,6,0,07,13,2,,0,1,0,0,0,0,0
"POINT (11.096121605000000 49.448593399000004)",Unfall 141952 (2016) Kat:3, Licht: 0,141952,3,3,5,07,18,2,,0,0,1,0,1,0,0
"POINT (11.072316778999999 49.451386214999999)",Unfall 142014 (2016) Kat:3, Licht: 0,142014,3,5,1,07,18,3,,0,1,1,0,0,0,0
"POINT (11.085939325000000 49.440995592999997)",Unfall 142019 (2016) Kat:2, Licht: 0,142019,2,6,4,07,15,4,,0,1,1,0,0,0,0
"POINT (11.076476077000001 49.439707097000003)",Unfall 142021 (2016) Kat:3, Licht: 2,142021,3,7,5,07,21,3,,2,0,1,0,0,0,0
"POINT (11.084906506999999 49.440853513000000)",Unfall 142030 (2016) Kat:3, Licht: 2,142030,3,6,0,07,23,3,,2,0,1,0,0,0,0
"POINT (11.071455478000001 49.463751655000003)",Unfall 142187 (2016) Kat:3, Licht: 0,142187,3,3,5,07,10,5,,0,0,1,0,1,0,0
"POINT (11.043639088999999 49.413115857000001)",Unfall 142201 (2016) Kat:2, Licht: 0,142201,2,4,6,07,16,5,,0,0,1,1,0,0,0
"POINT (11.057362664999999 49.450501428000003)",Unfall 142202 (2016) Kat:3, Licht: 0,142202,3,6,2,07,13,6,,0,0,1,0,0,0,0
"POINT (11.082166493000001 49.463404920000002)",Unfall 142207 (2016) Kat:3, Licht: 0,142207,3,6,2,07,07,5,,0,0,1,0,1,0,0
"POINT (11.086945882000000 49.441026006999998)",Unfall 142212 (2016) Kat:3, Licht: 0,142212,3,1,0,07,11,6,,0,0,1,0,1,0,0
"POINT (11.124917067000000 49.409891641999998)",Unfall 142221 (2016) Kat:3, Licht: 0,142221,3,3,5,07,08,6,,0,0,1,0,0,0,1
"POINT (11.012316588999999 49.449093292000001)",Unfall 142223 (2016) Kat:3, Licht: 0,142223,3,6,3,07,11,7,,0,0,1,0,1,0,0
"POINT (11.070024381000000 49.464887357000002)",Unfall 142234 (2016) Kat:3, Licht: 0,142234,3,6,3,07,19,6,,0,0,1,0,1,0,0
"POINT (11.087639469999999 49.447343932000003)",Unfall 142237 (2016) Kat:3, Licht: 0,142237,3,6,3,07,13,7,,0,0,1,0,0,0,1
"POINT (11.109084959000000 49.401216767000001)",Unfall 142243 (2016) Kat:3, Licht: 0,142243,3,3,5,07,09,6,,0,1,1,0,0,0,0
"POINT (11.047702214999999 49.442258854999999)",Unfall 142269 (2016) Kat:3, Licht: 0,142269,3,3,5,07,13,7,,0,1,1,0,0,0,0
"POINT (11.078730153000000 49.460938572000003)",Unfall 142348 (2016) Kat:3, Licht: 0,142348,3,6,2,07,16,4,,0,0,1,0,0,0,0
"POINT (11.115001380000001 49.454360737999998)",Unfall 142370 (2016) Kat:3, Licht: 0,142370,3,6,2,07,14,2,,0,0,1,0,0,1,0
"POINT (11.082188279000000 49.463326508000002)",Unfall 142392 (2016) Kat:3, Licht: 0,142392,3,3,5,07,17,3,,0,0,1,0,0,0,0
"POINT (11.086679578000000 49.441091381000000)",Unfall 142403 (2016) Kat:3, Licht: 0,142403,3,5,1,07,09,4,,0,1,1,0,0,0,0
"POINT (11.105201870000000 49.450573943999999)",Unfall 142410 (2016) Kat:3, Licht: 2,142410,3,4,6,07,23,2,,2,0,1,1,0,0,0
"POINT (11.033248431000001 49.412442622000000)",Unfall 142442 (2016) Kat:3, Licht: 0,142442,3,3,5,07,15,3,,0,1,1,0,0,0,0
"POINT (11.065868267999999 49.453681541999998)",Unfall 142449 (2016) Kat:3, Licht: 0,142449,3,3,5,07,12,4,,0,1,1,0,0,0,0
"POINT (11.056911926000000 49.459323468000001)",Unfall 142460 (2016) Kat:3, Licht: 0,142460,3,3,1,07,12,1,,0,0,1,0,0,0,0
"POINT (11.100314006000000 49.455693297000003)",Unfall 142465 (2016) Kat:3, Licht: 0,142465,3,5,1,07,18,1,,0,0,1,0,0,0,0
"POINT (11.103802376999999 49.450113879000000)",Unfall 142474 (2016) Kat:3, Licht: 0,142474,3,1,8,07,18,2,,0,0,0,0,1,0,0
"POINT (11.082383364000000 49.446921314000001)",Unfall 142505 (2016) Kat:3, Licht: 0,142505,3,3,5,07,18,4,,0,1,1,0,0,0,0
"POINT (11.067418462999999 49.437564768999998)",Unfall 142523 (2016) Kat:3, Licht: 0,142523,3,2,6,07,13,2,,0,0,1,1,0,0,0
"POINT (11.093055858000000 49.462005541000003)",Unfall 142544 (2016) Kat:2, Licht: 0,142544,2,3,5,07,10,3,,0,1,1,0,0,0,0
"POINT (11.027248751000000 49.466314021999999)",Unfall 142554 (2016) Kat:3, Licht: 0,142554,3,3,5,07,08,4,,0,1,1,0,0,0,0
"POINT (11.090221800000000 49.439150175999998)",Unfall 142561 (2016) Kat:3, Licht: 0,142561,3,3,5,07,16,2,,0,1,1,0,0,0,0
"POINT (11.103752131000000 49.480775868999999)",Unfall 142586 (2016) Kat:2, Licht: 0,142586,2,1,6,07,15,7,,0,0,1,1,0,0,0
"POINT (11.018638164000000 49.431036180000000)",Unfall 142602 (2016) Kat:3, Licht: 0,142602,3,2,5,07,15,7,,0,1,1,0,0,0,0
"POINT (11.111159151000001 49.452678280000001)",Unfall 142616 (2016) Kat:3, Licht: 0,142616,3,3,5,07,18,5,,0,1,1,0,0,0,0
"POINT (11.029737494000001 49.443057803000002)",Unfall 142622 (2016) Kat:3, Licht: 0,142622,3,1,6,07,19,5,,0,0,1,1,0,0,0
"POINT (11.121915491999999 49.456883572999999)",Unfall 142624 (2016) Kat:3, Licht: 0,142624,3,6,2,07,15,6,,0,0,1,0,0,0,0
"POINT (11.049946592000000 49.451125339000001)",Unfall 142627 (2016) Kat:2, Licht: 0,142627,2,3,5,07,15,5,,0,0,1,0,0,0,0
"POINT (11.129769791999999 49.420325771000002)",Unfall 142639 (2016) Kat:3, Licht: 0,142639,3,3,5,07,14,5,,0,1,1,0,0,0,0
"POINT (11.094796455999999 49.461609586999998)",Unfall 142649 (2016) Kat:3, Licht: 0,142649,3,4,6,07,08,5,,0,0,0,1,0,1,0
"POINT (11.082006787999999 49.451267305000002)",Unfall 142653 (2016) Kat:3, Licht: 2,142653,3,7,1,07,22,7,,2,1,1,0,0,0,0
"POINT (11.128965603999999 49.407217531999997)",Unfall 142654 (2016) Kat:3, Licht: 0,142654,3,1,2,07,14,5,,0,0,1,0,0,0,0
"POINT (11.073992324000001 49.439324775000003)",Unfall 142669 (2016) Kat:3, Licht: 0,142669,3,2,4,07,17,7,,0,0,1,0,0,0,0
"POINT (11.054713936000001 49.451448317999997)",Unfall 142675 (2016) Kat:3, Licht: 2,142675,3,2,5,07,01,6,,2,1,1,0,0,0,0
"POINT (11.004233978000000 49.429579961000002)",Unfall 142692 (2016) Kat:3, Licht: 0,142692,3,7,0,07,13,7,,0,1,1,0,0,0,0