WKT,Name,OBJECTID,UKATEGORIE,UTYP1,UART,UMONAT,USTUNDE,UWOCHENTAG,STRZUSTAND,ULICHTVERH,ISTRAD,ISTPKW,ISTFUSS,ISTKRAD,ISTGKFZ,ISTSONSTIG
"POINT (11.097382153000000 49.474430736999999)",Unfall 145786 (2016) Kat:3, Licht: 0,145786,3,6,2,09,08,3,,0,0,1,0,0,0,0
"POINT (11.102578956000000 49.440797996999997)",Unfall 145843 (2016) Kat:3, Licht: 0,145843,3,6,2,09,11,3,,0,0,1,0,1,0,0
"POINT (11.082784890999999 49.410491774000000)",Unfall 145851 (2016) Kat:3, Licht: 0,145851,3,2,5,09,12,3,,0,1,1,0,0,0,0
"POINT (11.089425903000000 49.442053092999998)",Unfall 145892 (2016) Kat:3, Licht: 0,145892,3,7,0,09,15,3,,0,1,1,0,0,0,0
"POINT (11.061663081000001 49.365313018000002)",Unfall 145902 (2016) Kat:3, Licht: 0,145902,3,3,5,09,17,3,,0,1,1,0,0,0,0
"POINT (11.118510046999999 49.443417087999997)",Unfall 145918 (2016) Kat:2, Licht: 0,145918,2,2,5,09,18,2,,0,1,1,0,0,0,0
"POINT (11.045559995000000 49.387791876000001)",Unfall 145930 (2016) Kat:3, Licht: 0,145930,3,7,3,09,13,2,,0,1,0,0,0,1,0
"POINT (11.076199155999999 49.460864956000002)",Unfall 145934 (2016) Kat:2, Licht: 0,145934,2,2,5,09,10,2,,0,1,1,0,0,0,0
"POINT (11.069076362000001 49.452621671000003)",Unfall 145947 (2016) Kat:3, Licht: 0,145947,3,2,6,09,15,3,,0,0,1,1,0,0,0
"POINT (11.091330139000000 49.484676807000000)",Unfall 145949 (2016) Kat:2, Licht: 0,145949,2,6,4,09,16,3,,0,1,0,0,0,0,0
"POINT (11.071942582000000 49.447089757999997)",Unfall 145990 (2016) Kat:3, Licht: 1,145990,3,6,2,09,19,5,,1,0,0,0,1,0,1
"POINT (11.009311797000001 49.454178462000002)",Unfall 146031 (2016) Kat:3, Licht: 0,146031,3,2,5,09,06,6,,0,1,1,0,0,0,0
"POINT (11.062201161999999 49.449504376000000)",Unfall 146057 (2016) Kat:3, Licht: 0,146057,3,7,0,09,16,5,,0,0,1,0,0,0,1
"POINT (11.084463544000000 49.451219692999999)",Unfall 146085 (2016) Kat:3, Licht: 0,146085,3,2,3,09,07,6,,0,0,1,0,0,0,1
"POINT (11.080924617000001 49.443967645000001)",Unfall 146102 (2016) Kat:3, Licht: 0,146102,3,6,2,09,07,5,,0,0,1,0,0,0,0
"POINT (11.128002258000000 49.430965047000001)",Unfall 146141 (2016) Kat:2, Licht: 1,146141,2,6,4,09,18,6,,1,0,1,0,0,0,0
"POINT (11.071022966999999 49.470453695000003)",Unfall 146167 (2016) Kat:3, Licht: 0,146167,3,7,5,09,11,5,,0,0,1,0,1,0,0
"POINT (11.049625239999999 49.390148557000003)",Unfall 146179 (2016) Kat:3, Licht: 0,146179,3,2,4,09,11,4,,0,0,1,0,0,1,0
"POINT (11.053871320000001 49.434160274000000)",Unfall 146194 (2016) Kat:3, Licht: 0,146194,3,4,6,09,08,4,,0,0,1,1,0,0,0
"POINT (11.058532980000001 49.448704266999997)",Unfall 146197 (2016) Kat:3, Licht: 1,146197,3,5,1,09,19,6,,1,0,1,0,1,0,0
"POINT (11.053630912999999 49.499014752000001)",Unfall 146201 (2016) Kat:3, Licht: 2,146201,3,7,1,09,05,4,,2,0,0,0,1,1,0
"POINT (11.084662113000000 49.452482213000003)",Unfall 146202 (2016) Kat:3, Licht: 0,146202,3,7,0,09,15,5,,0,1,0,1,0,0,0
"POINT (11.097555647000000 49.445963923000001)",Unfall 146207 (2016) Kat:3, Licht: 0,146207,3,3,0,09,15,5,,0,0,1,1,0,0,0
"POINT (11.071761691000001 49.447188085999997)",Unfall 146211 (2016) Kat:3, Licht: 0,146211,3,2,3,09,09,4,,0,1,1,0,0,0,0
"POINT (11.082077479000001 49.463327257000003)",Unfall 146236 (2016) Kat:3, Licht: 0,146236,3,2,4,09,13,4,,0,1,0,0,0,0,1
"POINT (11.078592940000000 49.454246163999997)",Unfall 146238 (2016) Kat:3, Licht: 0,146238,3,1,0,09,08,2,,0,1,0,0,0,0,0
"POINT (11.070888507999999 49.456847465000003)",Unfall 146255 (2016) Kat:3, Licht: 0,146255,3,6,0,09,15,2,,0,0,1,0,1,0,0
"POINT (11.053927847000001 49.406802309000000)",Unfall 146260 (2016) Kat:3, Licht: 0,146260,3,6,2,09,11,3,,0,0,0,0,1,0,1
"POINT (11.055823088000000 49.386672842000003)",Unfall 146266 (2016) Kat:3, Licht: 0,146266,3,6,2,09,16,3,,0,0,1,0,0,1,0
"POINT (11.101280122000000 49.438594180000003)",Unfall 146270 (2016) Kat:3, Licht: 0,146270,3,2,4,09,17,3,,0,0,1,0,0,0,0
"POINT (11.082437036000000 49.468449667000002)",Unfall 146271 (2016) Kat:3, Licht: 0,146271,3,5,1,09,10,2,,0,1,1,0,0,0,0
"POINT (11.101633903000000 49.446268795999998)",Unfall 146277 (2016) Kat:3, Licht: 0,146277,3,3,5,09,17,3,,0,1,1,0,0,0,0
"POINT (11.103917200000000 49.450641021000003)",Unfall 146283 (2016) Kat:3, Licht: 0,146283,3,6,2,09,10,3,,0,0,1,0,0,0,0
"POINT (11.079959488000000 49.415770201000001)",Unfall 146292 (2016) Kat:3, Licht: 0,146292,3,1,0,09,15,4,,0,1,0,0,0,0,0
"POINT (11.021230937000000 49.424297416999998)",Unfall 146297 (2016) Kat:1, Licht: 0,146297,1,7,6,09,10,4,,0,0,1,1,0,0,0
"POINT (11.082753059000000 49.447129994000001)",Unfall 146348 (2016) Kat:3, Licht: 0,146348,3,1,8,09,14,1,,0,0,1,0,0,0,0
"POINT (11.128043351000001 49.465952635000001)",Unfall 146355 (2016) Kat:3, Licht: 0,146355,3,1,0,09,14,1,,0,0,0,0,1,0,0
"POINT (11.069539455999999 49.446453802000001)",Unfall 146362 (2016) Kat:3, Licht: 0,146362,3,3,5,09,18,1,,0,1,1,0,0,0,0
"POINT (11.068728268999999 49.452363851999998)",Unfall 146386 (2016) Kat:3, Licht: 2,146386,3,1,0,09,05,2,,2,0,0,0,1,0,0
"POINT (11.118407852000001 49.414451147000001)",Unfall 146429 (2016) Kat:3, Licht: 0,146429,3,2,4,09,14,7,,0,0,1,0,0,0,0
"POINT (11.062975456000000 49.423801505000000)",Unfall 146436 (2016) Kat:3, Licht: 2,146436,3,3,5,09,21,7,,2,0,1,0,0,0,0
"POINT (11.123512161000001 49.442837249999997)",Unfall 146446 (2016) Kat:3, Licht: 0,146446,3,5,3,09,11,7,,0,1,1,0,0,0,0
"POINT (11.115622466000000 49.443814756999998)",Unfall 146456 (2016) Kat:3, Licht: 0,146456,3,3,5,09,12,7,,0,0,1,0,0,0,0
"POINT (11.086661440000000 49.428525547000000)",Unfall 146488 (2016) Kat:3, Licht: 0,146488,3,5,0,09,17,2,,0,1,0,1,0,0,0
"POINT (11.127923714000000 49.393592624000000)",Unfall 146495 (2016) Kat:3, Licht: 2,146495,3,2,5,09,06,2,,2,0,1,0,0,0,0
"POINT (11.063955875000000 49.386086225000000)",Unfall 146497 (2016) Kat:3, Licht: 0,146497,3,3,5,09,16,2,,0,1,0,0,0,0,1
"POINT (11.093520951000000 49.451770613999997)",Unfall 146504 (2016) Kat:3, Licht: 0,146504,3,2,5,09,15,1,,0,0,1,0,1,0,0
"POINT (11.023559238000001 49.441382568000002)",Unfall 146535 (2016) Kat:3, Licht: 2,146535,3,3,5,09,04,1,,2,0,1,0,0,0,0
"POINT (11.060346681000000 49.435360310000000)",Unfall 146541 (2016) Kat:3, Licht: 0,146541,3,7,4,09,13,6,,0,0,1,0,1,0,0
"POINT (11.061662481000001 49.365339988999999)",Unfall 146542 (2016) Kat:3, Licht: 0,146542,3,3,5,09,16,5,,0,1,1,0,0,0,0
"POINT (11.072467625000000 49.460861414999997)",Unfall 146546 (2016) Kat:3, Licht: 0,146546,3,1,0,09,12,5,,0,1,0,0,0,0,0
"POINT (11.039433903000001 49.437749283999999)",Unfall 146547 (2016) Kat:3, Licht: 2,146547,3,5,1,09,00,1,,2,1,1,0,0,0,0
"POINT (11.098181688000000 49.446720687000003)",Unfall 146549 (2016) Kat:3, Licht: 2,146549,3,1,1,09,05,6,,2,1,1,0,0,0,0
"POINT (11.116651041000001 49.450854765999999)",Unfall 146550 (2016) Kat:3, Licht: 0,146550,3,6,4,09,13,5,,0,1,1,0,0,0,0
"POINT (11.081598190999999 49.467450384000003)",Unfall 146553 (2016) Kat:3, Licht: 0,146553,3,4,6,09,08,6,,0,0,1,1,0,0,0
"POINT (11.067356241000001 49.432045686999999)",Unfall 146562 (2016) Kat:3, Licht: 0,146562,3,7,0,09,10,6,,0,0,0,0,1,0,0
"POINT (11.072535508000000 49.449440559000003)",Unfall 146572 (2016) Kat:3, Licht: 0,146572,3,2,4,09,14,6,,0,0,1,0,1,0,0
"POINT (11.099361106000000 49.462784030000002)",Unfall 146717 (2016) Kat:2, Licht: 0,146717,2,3,5,09,17,7,,0,1,1,0,0,0,0
"POINT (11.174231730000001 49.406385436999997)",Unfall 146724 (2016) Kat:3, Licht: 0,146724,3,5,1,09,11,7,,0,1,1,0,0,0,0
"POINT (11.085526472000000 49.463329694000002)",Unfall 146726 (2016) Kat:3, Licht: 2,146726,3,1,0,09,22,7,,2,0,0,0,1,0,0
"POINT (11.125536818000000 49.464369134000002)",Unfall 146740 (2016) Kat:3, Licht: 0,146740,3,7,6,09,18,7,,0,0,1,1,0,0,0
"POINT (11.058707284000000 49.458502625999998)",Unfall 146750 (2016) Kat:3, Licht: 0,146750,3,4,6,09,10,1,,0,0,1,1,0,0,0
"POINT (11.036233422000000 49.467268202000000)",Unfall 146777 (2016) Kat:3, Licht: 0,146777,3,6,4,09,14,3,,0,0,1,0,0,0,0
"POINT (11.085473285000001 49.423543285000001)",Unfall 146784 (2016) Kat:3, Licht: 0,146784,3,3,5,09,07,3,,0,0,1,0,0,0,0
"POINT (11.051745954999999 49.439206028000001)",Unfall 146957 (2016) Kat:3, Licht: 0,146957,3,1,6,09,16,4,,0,1,0,1,0,0,0
"POINT (11.056517146999999 49.446112511000003)",Unfall 146959 (2016) Kat:3, Licht: 0,146959,3,3,5,09,08,4,,0,1,1,0,0,0,0
"POINT (11.074370037000000 49.439408782000001)",Unfall 146969 (2016) Kat:3, Licht: 0,146969,3,3,5,09,14,4,,0,1,1,0,0,0,0
"POINT (11.065697467000000 49.454578187000003)",Unfall 147003 (2016) Kat:3, Licht: 0,147003,3,7,0,09,07,2,,0,0,1,1,0,0,0
"POINT (11.040243809000000 49.428116858999999)",Unfall 147040 (2016) Kat:3, Licht: 0,147040,3,6,2,09,14,3,,0,0,1,0,0,0,0
"POINT (11.052691234999999 49.444379042999998)",Unfall 147042 (2016) Kat:3, Licht: 0,147042,3,3,5,09,18,3,,0,1,1,0,0,0,0
"POINT (11.104154217000000 49.442950924999998)",Unfall 147064 (2016) Kat:3, Licht: 2,147064,3,6,2,09,19,6,,2,0,1,0,0,0,0
"POINT (11.085322119000001 49.424162152000001)",Unfall 147069 (2016) Kat:3, Licht: 0,147069,3,6,2,10,16,7,,0,0,1,0,0,0,1
"POINT (11.052717781000000 49.462733888000002)",Unfall 147079 (2016) Kat:3, Licht: 0,147079,3,1,0,09,15,6,,0,0,0,0,1,0,0
"POINT (11.093146903999999 49.454125396999999)",Unfall 147109 (2016) Kat:3, Licht: 0,147109,3,6,2,10,13,2,,0,0,1,0,0,0,0
"POINT (11.062426123000000 49.472622534999999)",Unfall 147119 (2016) Kat:3, Licht: 0,147119,3,3,5,09,14,5,,0,1,1,0,0,0,0
"POINT (11.112345293000001 49.404273906000000)",Unfall 147131 (2016) Kat:3, Licht: 0,147131,3,1,0,09,16,6,,0,1,0,0,0,0,0
"POINT (11.104845981000000 49.472574866999999)",Unfall 147143 (2016) Kat:3, Licht: 0,147143,3,6,2,09,12,5,,0,0,1,0,0,0,1
"POINT (11.081016302000000 49.445212931999997)",Unfall 147144 (2016) Kat:3, Licht: 0,147144,3,6,2,10,16,2,,0,0,1,0,0,0,0
"POINT (11.092993622000000 49.435466650999999)",Unfall 147152 (2016) Kat:3, Licht: 0,147152,3,3,5,10,12,7,,0,1,1,0,0,0,0
"POINT (11.123753773000001 49.487156347000003)",Unfall 147160 (2016) Kat:3, Licht: 0,147160,3,6,1,09,12,5,,0,0,1,0,0,0,0
"POINT (11.092118266000000 49.444335983000002)",Unfall 147168 (2016) Kat:3, Licht: 2,147168,3,5,1,09,21,6,,2,1,0,0,0,0,1
"POINT (11.054219546000001 49.413901443999997)",Unfall 147171 (2016) Kat:3, Licht: 0,147171,3,6,2,09,13,6,,0,1,1,0,0,0,0
"POINT (11.067053690000000 49.423438670000003)",Unfall 147172 (2016) Kat:2, Licht: 2,147172,2,7,6,09,05,5,,2,0,1,1,0,0,0
"POINT (11.065465003000000 49.463065567999998)",Unfall 147196 (2016) Kat:3, Licht: 0,147196,3,5,5,10,13,2,,0,0,1,0,0,0,0
"POINT (11.021949448000001 49.439449582000002)",Unfall 147213 (2016) Kat:3, Licht: 0,147213,3,5,1,09,17,6,,0,1,1,0,0,0,0
"POINT (11.059477629000000 49.365423511000003)",Unfall 147230 (2016) Kat:3, Licht: 0,147230,3,6,2,09,07,5,,0,1,1,0,0,0,0
"POINT (11.040239417000000 49.397678778000000)",Unfall 147231 (2016) Kat:3, Licht: 0,147231,3,1,0,09,18,6,,0,1,0,0,0,0,0
"POINT (11.127656803000001 49.464474850000002)",Unfall 147248 (2016) Kat:3, Licht: 0,147248,3,1,0,10,13,1,,0,0,0,0,1,0,0
"POINT (11.097388483000000 49.449757935000001)",Unfall 147254 (2016) Kat:3, Licht: 0,147254,3,6,2,10,12,7,,0,0,1,0,0,0,0
"POINT (11.063331785999999 49.459027706000001)",Unfall 147255 (2016) Kat:3, Licht: 0,147255,3,3,5,09,17,5,,0,1,1,0,0,0,0
"POINT (11.046956387000000 49.476083617999997)",Unfall 147259 (2016) Kat:3, Licht: 0,147259,3,6,2,09,18,5,,0,0,1,0,0,0,0
"POINT (11.083216675999999 49.436434050000003)",Unfall 147260 (2016) Kat:3, Licht: 0,147260,3,6,2,10,15,2,,0,0,1,0,1,0,0
"POINT (11.066890041000001 49.438386614999999)",Unfall 147270 (2016) Kat:2, Licht: 0,147270,2,3,5,09,07,5,,0,0,1,0,1,0,0
"POINT (10.999361532000000 49.448284297999997)",Unfall 147271 (2016) Kat:3, Licht: 0,147271,3,3,5,09,15,6,,0,0,1,0,0,0,0
"POINT (11.040932393000000 49.434769443999997)",Unfall 147297 (2016) Kat:3, Licht: 2,147297,3,2,6,10,19,2,,2,0,1,1,0,0,0
"POINT (11.098699838000000 49.463221822999998)",Unfall 147326 (2016) Kat:3, Licht: 0,147326,3,1,8,10,16,4,,0,0,1,0,0,0,0
"POINT (11.056796222999999 49.457775679999997)",Unfall 147332 (2016) Kat:3, Licht: 0,147332,3,6,2,10,14,6,,0,0,1,0,0,0,0
"POINT (11.038555683000000 49.439850417000002)",Unfall 147348 (2016) Kat:3, Licht: 0,147348,3,6,3,10,07,3,,0,0,1,0,0,0,1
"POINT (11.098827381000000 49.459392328000000)",Unfall 147353 (2016) Kat:2, Licht: 0,147353,2,1,0,10,10,5,,0,1,0,0,0,0,0
"POINT (11.104776767000001 49.472132154000001)",Unfall 147354 (2016) Kat:3, Licht: 2,147354,3,5,0,10,20,3,,2,1,0,0,0,0,0
"POINT (11.090058271000000 49.459084783000002)",Unfall 147360 (2016) Kat:3, Licht: 0,147360,3,6,2,10,15,4,,0,0,1,0,0,0,0
"POINT (11.033925089000000 49.399857914000002)",Unfall 147368 (2016) Kat:3, Licht: 0,147368,3,6,4,10,16,3,,0,1,1,0,0,0,0
"POINT (11.086300582000000 49.451705160000003)",Unfall 147377 (2016) Kat:3, Licht: 0,147377,3,6,3,10,07,4,,0,1,0,0,1,0,0
"POINT (11.046730545000001 49.445440308999999)",Unfall 147379 (2016) Kat:3, Licht: 0,147379,3,7,1,10,11,3,,0,0,1,0,0,0,0
"POINT (11.061805572000001 49.447372577000003)",Unfall 147430 (2016) Kat:3, Licht: 0,147430,3,6,2,10,17,4,,0,0,1,0,0,0,0
"POINT (11.070124716000000 49.439124900000003)",Unfall 147435 (2016) Kat:3, Licht: 2,147435,3,3,5,10,21,6,,2,0,1,0,0,0,1
"POINT (11.072858725000000 49.457959545000001)",Unfall 147457 (2016) Kat:2, Licht: 0,147457,2,1,0,10,12,5,,0,0,0,0,1,0,0
"POINT (11.044072053000001 49.410205587000000)",Unfall 147465 (2016) Kat:3, Licht: 0,147465,3,6,2,10,14,4,,0,1,0,0,0,0,1
"POINT (11.128764130000000 49.438902853000002)",Unfall 147480 (2016) Kat:3, Licht: 0,147480,3,2,5,10,15,5,,0,1,1,0,0,0,0
"POINT (11.102724177000001 49.460890698000000)",Unfall 147481 (2016) Kat:3, Licht: 0,147481,3,6,2,10,10,4,,0,0,1,0,0,0,0
"POINT (11.081642957000000 49.447098103999998)",Unfall 147486 (2016) Kat:3, Licht: 0,147486,3,6,2,10,06,6,,0,0,1,0,0,0,0
"POINT (11.089346547000000 49.457557436999998)",Unfall 147532 (2016) Kat:3, Licht: 0,147532,3,6,2,10,17,4,,0,0,1,0,0,1,0
"POINT (11.029301418999999 49.450498297999999)",Unfall 147536 (2016) Kat:3, Licht: 0,147536,3,2,4,10,09,4,,0,0,1,0,0,0,0
"POINT (11.105328527999999 49.481451763999999)",Unfall 147566 (2016) Kat:3, Licht: 1,147566,3,6,2,10,07,2,,1,0,1,0,1,0,0
"POINT (11.168132221000000 49.392806683000003)",Unfall 147573 (2016) Kat:3, Licht: 0,147573,3,7,1,10,17,4,,0,0,1,0,0,0,0
"POINT (11.084512718999999 49.461997808000000)",Unfall 147580 (2016) Kat:2, Licht: 2,147580,2,1,0,10,01,1,,2,1,0,0,0,0,0
"POINT (11.085646082000000 49.439802782000001)",Unfall 147612 (2016) Kat:3, Licht: 0,147612,3,3,5,10,09,2,,0,0,1,0,0,0,0
"POINT (11.048933839000000 49.408322388000002)",Unfall 147627 (2016) Kat:3, Licht: 0,147627,3,2,5,10,11,4,,0,0,1,0,0,0,0
"POINT (11.073416529999999 49.458513574000001)",Unfall 147642 (2016) Kat:3, Licht: 0,147642,3,1,0,10,14,4,,0,1,0,0,0,0,0
"POINT (11.069133403000000 49.466637526000000)",Unfall 147652 (2016) Kat:3, Licht: 0,147652,3,5,1,10,14,4,,0,0,1,0,0,1,0
"POINT (11.124423255000000 49.417773586999999)",Unfall 147661 (2016) Kat:3, Licht: 0,147661,3,6,3,10,09,2,,0,0,1,0,0,0,1
"POINT (11.069072175000001 49.467307847000001)",Unfall 147667 (2016) Kat:3, Licht: 2,147667,3,3,5,10,18,7,,2,1,1,0,0,0,0
"POINT (11.018904002999999 49.458424303000001)",Unfall 147678 (2016) Kat:3, Licht: 2,147678,3,1,0,10,21,7,,2,1,0,0,0,0,0
"POINT (11.043856386000000 49.447647353999997)",Unfall 147679 (2016) Kat:3, Licht: 0,147679,3,5,1,10,09,4,,0,1,1,0,0,0,0
"POINT (11.098177636999999 49.484068440000001)",Unfall 147689 (2016) Kat:3, Licht: 0,147689,3,6,2,10,12,7,,0,0,1,0,0,0,0
"POINT (11.074075446000000 49.446915242000003)",Unfall 147717 (2016) Kat:3, Licht: 0,147717,3,6,2,10,13,2,,0,0,1,0,0,0,0
"POINT (11.117108372000001 49.408736398000002)",Unfall 147722 (2016) Kat:2, Licht: 0,147722,2,5,1,10,16,2,,0,1,1,0,0,0,0
"POINT (11.067744420000000 49.433837083999997)",Unfall 147729 (2016) Kat:3, Licht: 0,147729,3,2,3,10,12,4,,0,0,1,0,0,0,1
"POINT (11.105019641000000 49.484002863000001)",Unfall 147737 (2016) Kat:3, Licht: 0,147737,3,1,0,10,16,1,,0,0,0,0,1,0,0
"POINT (11.022016357000000 49.471726660000002)",Unfall 147768 (2016) Kat:3, Licht: 0,147768,3,2,5,10,18,2,,0,1,1,0,0,0,0
"POINT (11.137096060999999 49.402167079000002)",Unfall 147784 (2016) Kat:3, Licht: 0,147784,3,6,0,10,15,4,,0,0,1,0,1,0,0
"POINT (11.096715015999999 49.443108410999997)",Unfall 147830 (2016) Kat:3, Licht: 0,147830,3,3,5,10,11,7,,0,0,1,0,0,0,0
"POINT (11.046681424999999 49.446333056999997)",Unfall 147836 (2016) Kat:3, Licht: 0,147836,3,6,2,10,14,6,,0,0,1,0,0,0,0
"POINT (11.123378346999999 49.441903001000000)",Unfall 147854 (2016) Kat:3, Licht: 0,147854,3,6,2,10,18,7,,0,0,1,0,1,0,0
"POINT (11.027237746000001 49.466303033999999)",Unfall 147866 (2016) Kat:3, Licht: 0,147866,3,2,5,10,14,6,,0,1,1,0,0,0,0
"POINT (11.072629200000000 49.460283433000001)",Unfall 147882 (2016) Kat:3, Licht: 0,147882,3,6,2,10,16,7,,0,1,0,0,1,0,0
"POINT (11.086689197000000 49.432178540999999)",Unfall 147887 (2016) Kat:3, Licht: 0,147887,3,5,1,10,17,7,,0,1,1,0,0,0,0
"POINT (11.082311300000001 49.460512825000002)",Unfall 147891 (2016) Kat:3, Licht: 0,147891,3,7,0,10,14,6,,0,0,1,0,0,0,1
"POINT (11.072127211000000 49.448445143999997)",Unfall 147898 (2016) Kat:3, Licht: 2,147898,3,4,6,10,00,7,,2,0,1,1,0,0,0
"POINT (11.089359649000000 49.446737898000002)",Unfall 147906 (2016) Kat:3, Licht: 0,147906,3,6,2,10,14,7,,0,0,1,0,0,0,0
"POINT (11.078572983999999 49.448785305999998)",Unfall 147908 (2016) Kat:3, Licht: 0,147908,3,1,6,10,18,2,,0,0,1,1,0,0,0
"POINT (11.068346614999999 49.452959858000000)",Unfall 147916 (2016) Kat:3, Licht: 2,147916,3,3,5,10,19,1,,2,0,1,0,0,0,1
"POINT (11.072554000000000 49.449386517000001)",Unfall 147922 (2016) Kat:3, Licht: 0,147922,3,6,2,10,16,7,,0,0,1,0,0,0,0
"POINT (11.054514001999999 49.460859683999999)",Unfall 147942 (2016) Kat:2, Licht: 0,147942,2,5,5,10,16,5,,0,0,1,0,1,0,0
"POINT (11.013005692000000 49.450014543000002)",Unfall 147945 (2016) Kat:3, Licht: 0,147945,3,7,3,10,10,6,,0,0,1,0,1,0,0
"POINT (11.017339771000000 49.456312470999997)",Unfall 147954 (2016) Kat:2, Licht: 2,147954,2,4,6,10,19,5,,2,0,1,1,0,0,0
"POINT (11.068611926999999 49.425570026000003)",Unfall 147960 (2016) Kat:3, Licht: 0,147960,3,3,5,10,17,5,,0,0,1,0,0,0,0
"POINT (11.065377454000000 49.429187190999997)",Unfall 147997 (2016) Kat:2, Licht: 0,147997,2,1,9,10,16,6,,0,0,0,0,1,0,0
"POINT (11.059640702999999 49.448918425999999)",Unfall 148013 (2016) Kat:2, Licht: 0,148013,2,3,5,10,08,2,,0,1,1,0,0,0,0
"POINT (11.101383174000000 49.443215543999997)",Unfall 148026 (2016) Kat:2, Licht: 2,148026,2,6,4,10,19,1,,2,1,0,0,0,0,0
"POINT (11.098995493000000 49.443546679000001)",Unfall 148040 (2016) Kat:3, Licht: 0,148040,3,7,0,10,07,6,,0,1,0,0,0,0,1
"POINT (11.038977625999999 49.427474857999997)",Unfall 148051 (2016) Kat:2, Licht: 0,148051,2,7,5,10,10,6,,0,1,0,0,0,0,1
"POINT (11.139045554999999 49.404680304000003)",Unfall 148066 (2016) Kat:3, Licht: 0,148066,3,6,2,10,10,2,,0,1,1,0,0,0,0
"POINT (11.071636445999999 49.439079497000002)",Unfall 148081 (2016) Kat:3, Licht: 0,148081,3,3,5,10,07,4,,0,0,1,0,0,0,0
"POINT (11.105030916000000 49.483157100000000)",Unfall 148088 (2016) Kat:3, Licht: 2,148088,3,7,5,10,18,4,,2,0,1,0,1,0,0
"POINT (11.092023820000000 49.440134743000002)",Unfall 148093 (2016) Kat:3, Licht: 2,148093,3,4,6,10,20,5,,2,0,1,1,0,0,0
"POINT (11.124438351000000 49.443710836000001)",Unfall 148100 (2016) Kat:2, Licht: 0,148100,2,4,6,10,10,4,,0,0,1,1,0,0,0
"POINT (11.078644601000001 49.454660263999997)",Unfall 148107 (2016) Kat:3, Licht: 0,148107,3,7,0,10,14,5,,0,1,0,0,0,0,0
"POINT (11.065286505000000 49.447741159000003)",Unfall 148109 (2016) Kat:3, Licht: 0,148109,3,1,5,10,12,4,,0,1,0,0,0,0,1
"POINT (11.068221389000000 49.441866222000002)",Unfall 148110 (2016) Kat:3, Licht: 0,148110,3,1,0,10,10,6,,0,0,0,0,1,0,0
"POINT (11.090401055999999 49.438741084000000)",Unfall 148113 (2016) Kat:3, Licht: 0,148113,3,1,0,10,07,4,,0,1,0,0,0,0,0
"POINT (11.097318910000000 49.443104886999997)",Unfall 148134 (2016) Kat:3, Licht: 2,148134,3,7,0,10,22,5,,2,0,0,0,1,0,0
"POINT (11.101412830999999 49.441478119000003)",Unfall 148147 (2016) Kat:3, Licht: 2,148147,3,3,5,10,06,5,,2,1,1,0,0,0,0
"POINT (11.071706981000000 49.446975117000001)",Unfall 148152 (2016) Kat:3, Licht: 2,148152,3,6,2,10,21,5,,2,0,1,0,0,0,0
"POINT (11.010867709999999 49.460027896000000)",Unfall 148153 (2016) Kat:3, Licht: 0,148153,3,6,2,10,09,3,,0,0,1,0,0,0,0
"POINT (11.087946371999999 49.455300256000001)",Unfall 148162 (2016) Kat:3, Licht: 2,148162,3,1,0,10,20,5,,2,1,0,0,0,0,0
"POINT (11.140826610000000 49.408065753000002)",Unfall 148164 (2016) Kat:3, Licht: 0,148164,3,2,6,10,07,3,,0,0,1,1,0,0,0
"POINT (11.031127763000001 49.468901762000002)",Unfall 148168 (2016) Kat:3, Licht: 0,148168,3,6,2,10,12,3,,0,0,1,0,0,0,0
"POINT (11.105831309999999 49.472570201000003)",Unfall 148175 (2016) Kat:3, Licht: 0,148175,3,7,0,10,12,3,,0,0,0,0,1,0,0
"POINT (11.068612053000001 49.447326126999997)",Unfall 148182 (2016) Kat:3, Licht: 0,148182,3,6,2,10,13,3,,0,0,1,0,0,0,0
"POINT (11.014865699000000 49.452316449000001)",Unfall 148186 (2016) Kat:3, Licht: 2,148186,3,2,6,10,18,5,,2,0,1,1,0,0,0
"POINT (11.054764679000000 49.451189315999997)",Unfall 148187 (2016) Kat:3, Licht: 2,148187,3,3,4,10,04,3,,2,0,1,0,0,0,1
"POINT (11.102020771999999 49.436553392000000)",Unfall 148204 (2016) Kat:3, Licht: 0,148204,3,6,2,10,13,5,,0,0,1,0,0,0,0
"POINT (11.142523924000001 49.411711588000003)",Unfall 148211 (2016) Kat:3, Licht: 0,148211,3,3,5,10,12,6,,0,1,1,0,0,0,0
"POINT (11.070377311000000 49.456123394999999)",Unfall 148253 (2016) Kat:3, Licht: 0,148253,3,3,0,10,15,5,,0,0,1,0,1,0,0
"POINT (10.997339993000001 49.448785903999998)",Unfall 148257 (2016) Kat:3, Licht: 0,148257,3,3,5,10,16,5,,0,0,1,0,0,0,1
"POINT (11.097774543000000 49.466806224999999)",Unfall 148273 (2016) Kat:3, Licht: 0,148273,3,6,2,10,17,6,,0,0,1,0,0,0,0