WKT,Name,OBJECTID,UKATEGORIE,UTYP1,UART,UMONAT,USTUNDE,UWOCHENTAG,STRZUSTAND,ULICHTVERH,ISTRAD,ISTPKW,ISTFUSS,ISTKRAD,ISTGKFZ,ISTSONSTIG
"POINT (11.074656028000000 49.457412292999997)",Unfall 148312 (2016) Kat:3, Licht: 0,148312,3,1,9,10,16,5,,0,0,1,0,0,0,0
"POINT (11.139296508999999 49.415341245000000)",Unfall 148316 (2016) Kat:3, Licht: 0,148316,3,6,3,10,15,4,,0,0,1,0,0,1,0
"POINT (11.038699416000000 49.382561070000001)",Unfall 148321 (2016) Kat:3, Licht: 2,148321,3,4,6,10,22,6,,2,0,1,1,0,0,0
"POINT (11.066194380000001 49.448248202000002)",Unfall 148337 (2016) Kat:3, Licht: 0,148337,3,2,5,10,09,4,,0,1,1,0,0,0,0
"POINT (11.080286872000000 49.457472608000003)",Unfall 148357 (2016) Kat:3, Licht: 0,148357,3,3,5,10,13,4,,0,0,1,0,0,0,0
"POINT (11.074072298000001 49.446851989000002)",Unfall 148470 (2016) Kat:3, Licht: 0,148470,3,6,3,10,16,4,,0,0,1,0,1,0,0
"POINT (11.094971041999999 49.442203300999999)",Unfall 148503 (2016) Kat:3, Licht: 0,148503,3,6,2,10,09,3,,0,1,1,0,0,0,0
"POINT (11.085713732000000 49.444139190999998)",Unfall 148516 (2016) Kat:3, Licht: 0,148516,3,6,2,10,16,3,,0,0,1,0,0,0,0
"POINT (11.091009589000000 49.441829315000000)",Unfall 148520 (2016) Kat:3, Licht: 0,148520,3,6,3,10,15,4,,0,0,1,0,0,0,0
"POINT (11.080175804000000 49.446549124000001)",Unfall 148530 (2016) Kat:2, Licht: 0,148530,2,4,6,10,16,3,,0,1,0,1,0,0,0
"POINT (11.059836210000000 49.449415582000000)",Unfall 148531 (2016) Kat:3, Licht: 0,148531,3,3,5,10,15,2,,0,1,1,0,0,0,0
"POINT (11.028485699000001 49.469534203999999)",Unfall 148537 (2016) Kat:3, Licht: 2,148537,3,2,5,10,19,2,,2,0,1,0,0,0,0
"POINT (11.065869971000000 49.448240575000000)",Unfall 148542 (2016) Kat:3, Licht: 0,148542,3,6,3,10,15,2,,0,0,1,0,0,0,0
"POINT (11.113826701000001 49.438957346999999)",Unfall 148545 (2016) Kat:3, Licht: 0,148545,3,3,5,10,14,3,,0,1,1,0,0,0,0
"POINT (11.081617447999999 49.441237317999999)",Unfall 148546 (2016) Kat:2, Licht: 0,148546,2,2,5,10,13,2,,0,0,1,0,1,0,1
"POINT (11.068346152000000 49.442799743999998)",Unfall 148551 (2016) Kat:3, Licht: 0,148551,3,6,2,10,16,2,,0,0,1,0,0,0,0
"POINT (11.032123176000001 49.421100199999998)",Unfall 148568 (2016) Kat:3, Licht: 0,148568,3,7,0,10,15,3,,0,0,0,0,0,0,1
"POINT (11.072918013000001 49.459187383000000)",Unfall 148569 (2016) Kat:3, Licht: 0,148569,3,3,5,10,11,2,,0,1,1,0,0,0,0
"POINT (11.080501784000001 49.446502492000000)",Unfall 148574 (2016) Kat:3, Licht: 0,148574,3,1,0,10,08,3,,0,0,0,0,1,0,0
"POINT (11.080512140000000 49.416193096000001)",Unfall 148580 (2016) Kat:3, Licht: 2,148580,3,3,5,10,20,4,,2,0,1,0,0,0,0
"POINT (11.079875721000001 49.432024015000003)",Unfall 148584 (2016) Kat:3, Licht: 2,148584,3,2,5,10,19,1,,2,0,1,0,0,0,1
"POINT (11.072178932000000 49.460860040000000)",Unfall 148656 (2016) Kat:3, Licht: 2,148656,3,4,6,10,18,1,,2,0,1,1,0,0,0
"POINT (11.020735061000000 49.431037132000000)",Unfall 148658 (2016) Kat:3, Licht: 2,148658,3,1,8,10,02,1,,2,0,1,0,0,0,0
"POINT (11.145172596000000 49.412083091000000)",Unfall 148671 (2016) Kat:3, Licht: 0,148671,3,6,2,10,10,1,,0,0,1,0,0,0,0
"POINT (11.020877279000000 49.419955913999999)",Unfall 148672 (2016) Kat:3, Licht: 0,148672,3,5,1,10,11,1,,0,1,1,0,0,0,0
"POINT (11.121016287000000 49.442933656999998)",Unfall 148692 (2016) Kat:2, Licht: 0,148692,2,6,4,10,17,7,,0,1,0,0,0,0,1
"POINT (11.045598139000001 49.454216676000001)",Unfall 148721 (2016) Kat:3, Licht: 0,148721,3,7,4,11,11,3,,0,0,1,0,0,0,0
"POINT (11.073017841000000 49.458481487999997)",Unfall 148737 (2016) Kat:3, Licht: 2,148737,3,2,5,11,22,3,,2,0,1,0,0,0,0
"POINT (11.057780267000000 49.457435074000003)",Unfall 148741 (2016) Kat:3, Licht: 0,148741,3,3,5,10,16,6,,0,0,1,0,1,0,0
"POINT (11.036910947000001 49.429424310999998)",Unfall 148744 (2016) Kat:3, Licht: 0,148744,3,3,3,10,14,6,,0,0,1,0,1,0,0
"POINT (11.032345425000001 49.413729910000001)",Unfall 148754 (2016) Kat:3, Licht: 0,148754,3,7,0,10,12,6,,0,0,0,0,1,0,1
"POINT (11.058733530000000 49.460876222000003)",Unfall 148788 (2016) Kat:3, Licht: 2,148788,3,3,5,11,20,3,,2,0,1,0,0,0,0
"POINT (11.071126847000000 49.468891171000003)",Unfall 148792 (2016) Kat:3, Licht: 0,148792,3,6,2,11,15,3,,0,0,1,0,1,0,0
"POINT (11.045666627999999 49.431019775000003)",Unfall 148822 (2016) Kat:3, Licht: 2,148822,3,6,2,10,20,5,,2,0,1,0,1,0,0
"POINT (11.102655220000001 49.457796919000003)",Unfall 148826 (2016) Kat:3, Licht: 0,148826,3,1,0,10,10,5,,0,1,1,0,0,0,0
"POINT (11.067457744000000 49.437491907000002)",Unfall 148832 (2016) Kat:3, Licht: 0,148832,3,2,5,10,10,5,,0,0,1,0,0,0,1
"POINT (11.083619580000001 49.447473680999998)",Unfall 148839 (2016) Kat:3, Licht: 0,148839,3,3,5,10,17,5,,0,0,1,0,0,0,0
"POINT (11.058955750000001 49.446878425999998)",Unfall 148848 (2016) Kat:3, Licht: 0,148848,3,3,5,10,15,2,,0,1,1,0,0,0,0
"POINT (11.101293865000001 49.479932742000003)",Unfall 148851 (2016) Kat:3, Licht: 0,148851,3,1,0,10,11,5,,0,1,0,0,0,0,0
"POINT (11.090266655000001 49.440198322000001)",Unfall 148858 (2016) Kat:3, Licht: 2,148858,3,7,3,10,21,2,,2,0,1,0,0,0,0
"POINT (11.085357806999999 49.460968471000001)",Unfall 148860 (2016) Kat:3, Licht: 1,148860,3,6,3,10,19,5,,1,0,1,0,0,0,0
"POINT (11.064141300999999 49.448104661000002)",Unfall 148982 (2016) Kat:3, Licht: 2,148982,3,6,2,11,17,4,,2,0,1,0,0,0,0
"POINT (11.086638748000000 49.448558308999999)",Unfall 149006 (2016) Kat:3, Licht: 2,149006,3,6,3,11,19,4,,2,0,1,0,1,0,0
"POINT (11.099481925999999 49.443162737999998)",Unfall 149018 (2016) Kat:3, Licht: 2,149018,3,4,6,11,17,4,,2,0,1,1,0,0,0
"POINT (11.096221923000000 49.448542879999998)",Unfall 149021 (2016) Kat:3, Licht: 0,149021,3,4,6,11,11,4,,0,0,1,1,0,0,0
"POINT (11.015844016000001 49.453531032999997)",Unfall 149027 (2016) Kat:3, Licht: 0,149027,3,2,5,11,12,4,,0,1,0,0,0,0,1
"POINT (11.019246072000000 49.431468750000001)",Unfall 149031 (2016) Kat:3, Licht: 0,149031,3,3,5,11,15,4,,0,1,1,0,0,0,0
"POINT (11.089270007000000 49.457704065000001)",Unfall 149037 (2016) Kat:3, Licht: 2,149037,3,2,5,11,22,4,,2,0,1,0,0,0,0
"POINT (11.069315741000000 49.425585433999998)",Unfall 149046 (2016) Kat:3, Licht: 1,149046,3,2,4,11,06,4,,1,0,1,0,1,0,0
"POINT (11.034809971000000 49.440284038000001)",Unfall 149050 (2016) Kat:2, Licht: 0,149050,2,3,4,11,16,4,,0,0,1,0,1,0,0
"POINT (11.131526171999999 49.477853680999999)",Unfall 149056 (2016) Kat:3, Licht: 0,149056,3,3,5,11,15,1,,0,1,1,0,0,0,0
"POINT (11.048955737000000 49.434826901999998)",Unfall 149057 (2016) Kat:3, Licht: 0,149057,3,2,4,11,10,5,,0,0,1,0,1,0,0
"POINT (11.081423896000000 49.470186963000003)",Unfall 149062 (2016) Kat:3, Licht: 0,149062,3,3,5,11,13,4,,0,0,1,0,0,0,0
"POINT (11.100960263999999 49.446132089000002)",Unfall 149065 (2016) Kat:3, Licht: 0,149065,3,2,5,11,07,2,,0,1,1,0,0,0,0
"POINT (11.074467587999999 49.454309068000001)",Unfall 149067 (2016) Kat:3, Licht: 0,149067,3,3,5,11,14,1,,0,1,1,0,0,0,0
"POINT (11.059278961000000 49.449882535999997)",Unfall 149073 (2016) Kat:3, Licht: 2,149073,3,3,5,11,05,7,,2,0,1,0,1,0,0
"POINT (11.124631761000000 49.444826190000001)",Unfall 149074 (2016) Kat:2, Licht: 0,149074,2,1,0,11,09,7,,0,1,0,0,0,0,0
"POINT (11.039367296000000 49.458050821000000)",Unfall 149086 (2016) Kat:3, Licht: 0,149086,3,4,6,11,11,7,,0,1,0,1,0,0,0
"POINT (11.070642131000000 49.407930598000000)",Unfall 149103 (2016) Kat:3, Licht: 2,149103,3,3,5,11,00,7,,2,0,1,0,0,0,0
"POINT (11.071589648000000 49.447050060999999)",Unfall 149113 (2016) Kat:3, Licht: 2,149113,3,6,2,11,21,7,,2,0,1,0,0,0,0
"POINT (11.157621477999999 49.401731941999998)",Unfall 149170 (2016) Kat:3, Licht: 1,149170,3,6,2,11,15,6,,1,0,1,0,0,1,0
"POINT (11.086911975000000 49.427865996999998)",Unfall 149283 (2016) Kat:2, Licht: 0,149283,2,2,4,11,11,7,,0,0,1,0,0,0,1
"POINT (11.056770618000000 49.460674535999999)",Unfall 149351 (2016) Kat:3, Licht: 0,149351,3,4,6,11,16,5,,0,0,1,1,0,0,0
"POINT (11.059088164000000 49.457401378999997)",Unfall 149356 (2016) Kat:3, Licht: 0,149356,3,2,5,11,16,5,,0,1,0,0,0,0,1
"POINT (11.095785120000000 49.457036410000001)",Unfall 149362 (2016) Kat:2, Licht: 0,149362,2,5,1,11,16,5,,0,1,1,0,0,0,0
"POINT (11.069591557000001 49.444416982000000)",Unfall 149367 (2016) Kat:3, Licht: 0,149367,3,3,5,11,11,5,,0,0,1,0,0,0,0
"POINT (11.149003865999999 49.415639810999998)",Unfall 149371 (2016) Kat:3, Licht: 0,149371,3,3,5,11,08,5,,0,0,1,0,0,0,0
"POINT (11.049231984000000 49.432640190000001)",Unfall 149372 (2016) Kat:2, Licht: 0,149372,2,7,0,11,11,3,,0,0,1,0,0,0,1
"POINT (11.100578725000000 49.460628403000001)",Unfall 149380 (2016) Kat:2, Licht: 0,149380,2,4,6,11,08,3,,0,0,1,1,0,0,0
"POINT (11.078236870000000 49.441943762000001)",Unfall 149387 (2016) Kat:3, Licht: 0,149387,3,3,5,11,09,3,,0,0,1,0,0,0,0
"POINT (11.049299738000000 49.389397033999998)",Unfall 149389 (2016) Kat:3, Licht: 2,149389,3,2,4,11,05,4,,2,1,0,0,0,1,0
"POINT (11.097229816000000 49.444817012999998)",Unfall 149391 (2016) Kat:2, Licht: 2,149391,2,4,6,11,18,5,,2,0,1,1,0,0,0
"POINT (11.085724019000001 49.447325290000002)",Unfall 149394 (2016) Kat:3, Licht: 0,149394,3,6,2,11,13,3,,0,0,1,0,0,0,0
"POINT (11.069185643000001 49.440158627999999)",Unfall 149396 (2016) Kat:3, Licht: 2,149396,3,3,5,11,16,4,,2,1,1,0,0,0,0
"POINT (11.092615114000001 49.461639816000002)",Unfall 149398 (2016) Kat:3, Licht: 0,149398,3,6,2,11,14,5,,0,0,1,0,0,0,0
"POINT (11.101518450000000 49.459662233000003)",Unfall 149409 (2016) Kat:3, Licht: 0,149409,3,5,5,11,14,4,,0,0,0,0,0,1,1
"POINT (11.147648059000000 49.462933481000000)",Unfall 149411 (2016) Kat:3, Licht: 0,149411,3,3,5,11,08,5,,0,0,1,0,0,0,0
"POINT (11.058863389000001 49.415766140999999)",Unfall 149418 (2016) Kat:3, Licht: 0,149418,3,6,2,11,08,4,,0,0,1,0,0,0,0
"POINT (11.070267860000000 49.450219515000001)",Unfall 149419 (2016) Kat:3, Licht: 2,149419,3,3,5,11,20,5,,2,1,1,0,0,0,0
"POINT (11.071553030000000 49.463801416999999)",Unfall 149422 (2016) Kat:3, Licht: 0,149422,3,6,2,11,11,4,,0,0,1,0,0,0,0
"POINT (11.102867335999999 49.441401292000002)",Unfall 149438 (2016) Kat:3, Licht: 0,149438,3,3,5,11,14,3,,0,1,1,0,0,0,0
"POINT (11.096524262999999 49.472257259999999)",Unfall 149444 (2016) Kat:2, Licht: 1,149444,2,1,0,11,16,2,,1,1,0,0,0,0,0
"POINT (11.029507176999999 49.450265751000003)",Unfall 149456 (2016) Kat:3, Licht: 0,149456,3,6,2,11,07,2,,0,0,1,0,0,0,1
"POINT (11.103682182000000 49.443013503000003)",Unfall 149470 (2016) Kat:3, Licht: 2,149470,3,6,2,11,18,4,,2,0,1,0,0,0,0
"POINT (11.056714544000000 49.446280346999998)",Unfall 149485 (2016) Kat:3, Licht: 2,149485,3,6,3,11,16,3,,2,0,1,0,0,0,0
"POINT (11.134082583000000 49.401599032000000)",Unfall 149492 (2016) Kat:3, Licht: 0,149492,3,7,6,11,11,2,,0,0,1,1,0,0,0
"POINT (11.069575929000001 49.465730665999999)",Unfall 149495 (2016) Kat:3, Licht: 2,149495,3,2,6,11,19,2,,2,0,1,1,0,0,0
"POINT (11.086185173000001 49.461073306000003)",Unfall 149505 (2016) Kat:3, Licht: 0,149505,3,2,3,11,15,2,,0,0,1,0,0,0,0
"POINT (11.071589652000000 49.473731460000003)",Unfall 149525 (2016) Kat:3, Licht: 2,149525,3,6,4,11,17,3,,2,1,0,0,0,0,0
"POINT (11.068943923999999 49.439339480000001)",Unfall 149535 (2016) Kat:3, Licht: 2,149535,3,3,5,11,17,2,,2,0,1,0,0,0,0
"POINT (11.077102411000000 49.447714800000000)",Unfall 149540 (2016) Kat:3, Licht: 2,149540,3,1,3,11,18,3,,2,0,1,0,0,0,0
"POINT (11.024151161000001 49.432991152000000)",Unfall 149571 (2016) Kat:3, Licht: 0,149571,3,5,5,11,09,4,,0,0,1,0,0,0,1
"POINT (11.114873699000000 49.454307694999997)",Unfall 149589 (2016) Kat:3, Licht: 2,149589,3,6,2,11,17,3,,2,1,1,0,0,0,0
"POINT (11.089006264000000 49.447773408000003)",Unfall 149621 (2016) Kat:3, Licht: 2,149621,3,2,5,11,18,4,,2,0,1,0,0,0,0
"POINT (11.086625771000000 49.442022637999997)",Unfall 149625 (2016) Kat:3, Licht: 1,149625,3,2,5,11,07,3,,1,1,1,0,0,0,0
"POINT (11.107862577000001 49.445237528000000)",Unfall 149636 (2016) Kat:2, Licht: 2,149636,2,4,6,11,18,1,,2,0,0,1,0,0,1
"POINT (11.012625921000000 49.449246346000002)",Unfall 149639 (2016) Kat:3, Licht: 0,149639,3,2,5,11,12,3,,0,1,1,0,0,0,0
"POINT (11.014390757999999 49.455647546999998)",Unfall 149643 (2016) Kat:3, Licht: 0,149643,3,5,1,11,13,1,,0,0,1,0,0,0,0
"POINT (11.165070770000000 49.395385112000000)",Unfall 149655 (2016) Kat:3, Licht: 0,149655,3,6,2,11,07,5,,0,0,1,0,0,0,0
"POINT (11.067342602000000 49.439495254000001)",Unfall 149660 (2016) Kat:3, Licht: 2,149660,3,2,6,11,16,4,,2,0,1,1,0,0,0
"POINT (11.088488421999999 49.461365391999998)",Unfall 149700 (2016) Kat:3, Licht: 0,149700,3,3,5,11,08,3,,0,1,1,0,0,0,0
"POINT (11.004667305000000 49.428377543000003)",Unfall 149716 (2016) Kat:2, Licht: 0,149716,2,1,0,11,15,1,,0,1,0,0,0,0,0
"POINT (11.041853316999999 49.458523554000003)",Unfall 149734 (2016) Kat:3, Licht: 0,149734,3,3,5,11,15,2,,0,0,1,0,0,0,0
"POINT (11.070207491000000 49.464586433999997)",Unfall 149757 (2016) Kat:3, Licht: 0,149757,3,1,0,11,09,7,,0,1,0,0,0,0,0
"POINT (11.067937395000000 49.433812328999998)",Unfall 149767 (2016) Kat:3, Licht: 1,149767,3,2,5,11,06,3,,1,1,1,0,0,0,0
"POINT (11.052577461000000 49.443095483999997)",Unfall 149775 (2016) Kat:3, Licht: 0,149775,3,2,4,11,08,2,,0,0,1,0,0,0,0
"POINT (11.031578692000000 49.473645855999997)",Unfall 149784 (2016) Kat:3, Licht: 2,149784,3,3,5,11,01,1,,2,0,1,0,0,0,0
"POINT (11.096299322000000 49.438757653000003)",Unfall 149790 (2016) Kat:3, Licht: 1,149790,3,3,5,11,06,7,,1,0,1,0,0,0,0
"POINT (11.021757071000000 49.460198153999997)",Unfall 149816 (2016) Kat:3, Licht: 2,149816,3,3,5,11,19,3,,2,0,1,0,0,0,0
"POINT (11.125284106000001 49.489282795999998)",Unfall 149825 (2016) Kat:3, Licht: 0,149825,3,6,2,11,13,2,,0,0,1,0,0,0,0
"POINT (11.064326240000000 49.393367394999999)",Unfall 149831 (2016) Kat:3, Licht: 1,149831,3,3,5,11,15,6,,1,0,1,0,0,0,0
"POINT (11.075666235000000 49.449361951999997)",Unfall 149838 (2016) Kat:3, Licht: 0,149838,3,1,6,11,13,6,,0,0,1,1,0,0,0
"POINT (11.149722747000000 49.416356196999999)",Unfall 149855 (2016) Kat:3, Licht: 0,149855,3,6,3,11,14,3,,0,0,1,0,0,0,0
"POINT (11.141452129999999 49.410966168000002)",Unfall 149878 (2016) Kat:3, Licht: 2,149878,3,3,5,11,17,2,,2,0,1,0,0,0,0
"POINT (11.081692551000000 49.440411904999998)",Unfall 149887 (2016) Kat:3, Licht: 2,149887,3,6,2,11,01,1,,2,0,1,0,0,0,0
"POINT (11.082332953000000 49.460826673000000)",Unfall 149892 (2016) Kat:3, Licht: 0,149892,3,6,2,11,11,2,,0,0,1,0,1,0,0
"POINT (11.078917173000001 49.438680501000000)",Unfall 149921 (2016) Kat:3, Licht: 0,149921,3,3,5,11,07,3,,0,1,1,0,0,0,0
"POINT (11.081652924000000 49.446972580999997)",Unfall 149930 (2016) Kat:2, Licht: 2,149930,2,1,9,11,06,2,,2,0,0,0,1,0,0
"POINT (11.054649990000000 49.440860436000001)",Unfall 149956 (2016) Kat:3, Licht: 0,149956,3,6,2,11,08,6,,0,0,1,0,0,0,0
"POINT (11.011319351999999 49.458414492000003)",Unfall 149962 (2016) Kat:3, Licht: 0,149962,3,3,5,11,16,5,,0,1,1,0,0,0,0
"POINT (11.053151692000000 49.455058667999999)",Unfall 149978 (2016) Kat:3, Licht: 0,149978,3,3,5,11,10,6,,0,1,1,0,0,0,0
"POINT (11.070288603000000 49.464646940999998)",Unfall 149979 (2016) Kat:3, Licht: 0,149979,3,6,2,11,12,7,,0,0,1,0,0,0,0
"POINT (11.082822558000000 49.447061951000002)",Unfall 149986 (2016) Kat:3, Licht: 2,149986,3,3,5,11,19,1,,2,1,1,0,0,0,0
"POINT (11.082960694000001 49.460026706000001)",Unfall 149991 (2016) Kat:3, Licht: 0,149991,3,7,0,11,14,6,,0,0,0,0,0,0,1
"POINT (11.112979113000000 49.404184172999997)",Unfall 150012 (2016) Kat:3, Licht: 2,150012,3,3,5,11,06,5,,2,1,1,0,0,0,0
"POINT (11.097533467000000 49.445761480999998)",Unfall 150017 (2016) Kat:3, Licht: 0,150017,3,6,2,11,14,6,,0,0,1,0,0,0,0
"POINT (11.091248952000001 49.436490781000003)",Unfall 150021 (2016) Kat:3, Licht: 0,150021,3,2,5,11,07,2,,0,1,1,0,0,0,0
"POINT (11.104510369000000 49.446708467999997)",Unfall 150022 (2016) Kat:2, Licht: 2,150022,2,2,5,11,19,6,,2,1,1,0,0,0,0
"POINT (11.047561151000000 49.435745517999997)",Unfall 150031 (2016) Kat:3, Licht: 0,150031,3,5,1,11,10,6,,0,0,1,0,0,0,0
"POINT (11.080551317999999 49.409608962000000)",Unfall 150056 (2016) Kat:3, Licht: 0,150056,3,3,5,11,14,5,,0,0,1,0,0,0,0
"POINT (11.074411092000000 49.437946349999997)",Unfall 150064 (2016) Kat:3, Licht: 0,150064,3,2,5,11,15,6,,0,0,1,0,1,0,0
"POINT (11.040494667000001 49.457030312000001)",Unfall 150090 (2016) Kat:2, Licht: 0,150090,2,7,1,11,11,2,,0,1,1,0,0,0,0
"POINT (11.077633255000000 49.439933160999999)",Unfall 150101 (2016) Kat:3, Licht: 2,150101,3,6,3,11,05,4,,2,0,1,0,1,0,0
"POINT (11.071391892999999 49.462669130000002)",Unfall 150103 (2016) Kat:2, Licht: 0,150103,2,4,6,11,08,4,,0,0,1,1,0,0,0
"POINT (11.062625186000000 49.446169445999999)",Unfall 150109 (2016) Kat:3, Licht: 2,150109,3,3,5,11,22,4,,2,1,1,0,0,0,0
"POINT (11.075873160000000 49.454430092000003)",Unfall 150119 (2016) Kat:3, Licht: 0,150119,3,3,5,11,10,5,,0,0,1,0,0,0,0
"POINT (11.080650540000001 49.445925070999998)",Unfall 150120 (2016) Kat:3, Licht: 2,150120,3,4,6,11,16,4,,2,0,1,1,0,0,0
"POINT (11.032018238999999 49.381827929000004)",Unfall 150127 (2016) Kat:3, Licht: 2,150127,3,6,2,11,20,4,,2,0,0,0,1,0,1
"POINT (11.131305948000000 49.404652788000000)",Unfall 150129 (2016) Kat:3, Licht: 2,150129,3,3,5,11,18,4,,2,0,1,0,0,0,0
"POINT (11.047868671000000 49.439961904000000)",Unfall 150135 (2016) Kat:1, Licht: 2,150135,1,4,6,11,17,7,,2,0,1,1,0,0,0
"POINT (11.093358709000000 49.448211772999997)",Unfall 150142 (2016) Kat:2, Licht: 0,150142,2,1,0,11,12,1,,0,0,0,0,1,0,0
"POINT (11.037105235000000 49.420155090999998)",Unfall 150194 (2016) Kat:3, Licht: 0,150194,3,5,1,11,10,2,,0,0,1,0,0,0,0
"POINT (11.066979318000000 49.438355838000000)",Unfall 150241 (2016) Kat:3, Licht: 0,150241,3,2,5,11,15,3,,0,0,1,0,1,0,0
"POINT (11.097446436000000 49.444808340999998)",Unfall 150253 (2016) Kat:3, Licht: 0,150253,3,3,5,12,10,6,,0,0,1,0,0,0,0
"POINT (11.100858743000000 49.474589973999997)",Unfall 150256 (2016) Kat:2, Licht: 2,150256,2,3,5,11,17,3,,2,0,1,0,1,0,0
"POINT (11.063084342000000 49.409859138000002)",Unfall 150273 (2016) Kat:2, Licht: 0,150273,2,4,6,11,08,4,,0,0,1,1,0,0,0
"POINT (11.081520749999999 49.446684949999998)",Unfall 150282 (2016) Kat:3, Licht: 0,150282,3,3,5,11,14,4,,0,1,1,0,0,0,0
"POINT (11.082309603000001 49.446669081000003)",Unfall 150284 (2016) Kat:3, Licht: 2,150284,3,4,6,12,02,7,,2,0,1,1,0,0,0
"POINT (11.045243285000000 49.435277917999997)",Unfall 150288 (2016) Kat:2, Licht: 0,150288,2,3,5,11,09,4,,0,0,1,0,0,0,0
"POINT (11.046150212000001 49.465070181000002)",Unfall 150307 (2016) Kat:3, Licht: 0,150307,3,2,4,12,11,6,,0,0,1,0,1,0,0
"POINT (11.091247498000000 49.436490820000003)",Unfall 150309 (2016) Kat:3, Licht: 1,150309,3,2,6,11,07,3,,1,0,1,1,0,0,0
"POINT (11.067185468000000 49.439673388000003)",Unfall 150349 (2016) Kat:3, Licht: 0,150349,3,6,2,11,13,3,,0,0,1,0,0,0,0
"POINT (11.016916910999999 49.428922350999997)",Unfall 150354 (2016) Kat:2, Licht: 2,150354,2,3,5,11,18,3,,2,1,1,0,0,0,0
"POINT (11.068371655000000 49.442952744999999)",Unfall 150357 (2016) Kat:3, Licht: 2,150357,3,1,0,12,04,7,,2,1,0,0,0,0,0
"POINT (11.129786698000000 49.420311107000003)",Unfall 150363 (2016) Kat:3, Licht: 1,150363,3,3,5,12,16,6,,1,1,1,0,0,0,0
"POINT (11.082024991999999 49.455824272999998)",Unfall 150418 (2016) Kat:3, Licht: 2,150418,3,4,6,12,17,6,,2,0,1,1,0,0,0
"POINT (11.081797955000001 49.470834183000001)",Unfall 150457 (2016) Kat:3, Licht: 0,150457,3,3,5,12,11,5,,0,1,1,0,0,0,0
"POINT (11.077097714000001 49.439797261999999)",Unfall 150464 (2016) Kat:3, Licht: 2,150464,3,4,6,12,23,7,,2,0,1,1,0,0,0
"POINT (11.098229305000000 49.461332020000000)",Unfall 150470 (2016) Kat:3, Licht: 0,150470,3,1,0,12,14,6,,0,1,0,0,0,0,0
"POINT (11.097928129000000 49.456491043000000)",Unfall 150487 (2016) Kat:3, Licht: 2,150487,3,2,4,12,19,5,,2,1,1,0,0,0,0
"POINT (11.037090478000000 49.427467604000000)",Unfall 150501 (2016) Kat:3, Licht: 2,150501,3,6,2,12,16,2,,2,0,1,0,0,0,0
"POINT (11.072494121000000 49.433668193000003)",Unfall 150513 (2016) Kat:3, Licht: 2,150513,3,6,2,12,18,2,,2,0,1,0,0,0,0
"POINT (11.056048756999999 49.453713553999997)",Unfall 150542 (2016) Kat:3, Licht: 0,150542,3,2,0,12,13,5,,0,0,0,1,0,0,1
"POINT (11.069076362000001 49.452621671000003)",Unfall 150547 (2016) Kat:3, Licht: 2,150547,3,3,5,12,16,2,,2,1,1,0,0,0,0
"POINT (11.059480670999999 49.460669234000001)",Unfall 150553 (2016) Kat:2, Licht: 0,150553,2,2,6,12,13,3,,0,0,1,1,0,0,0
"POINT (11.102891669000000 49.467825642000001)",Unfall 150558 (2016) Kat:3, Licht: 1,150558,3,3,6,12,07,3,,1,0,1,1,0,0,0
"POINT (11.078356246000000 49.493926029000001)",Unfall 150582 (2016) Kat:3, Licht: 0,150582,3,1,6,12,15,5,,0,0,0,1,0,0,1
"POINT (11.024651529000000 49.470784782000003)",Unfall 150598 (2016) Kat:3, Licht: 2,150598,3,6,2,12,18,5,,2,0,1,0,0,0,0
"POINT (11.105410139000000 49.447614379999997)",Unfall 150630 (2016) Kat:3, Licht: 0,150630,3,1,6,12,12,1,,0,1,0,1,0,0,0
"POINT (11.038099569000000 49.509076520999997)",Unfall 150633 (2016) Kat:3, Licht: 2,150633,3,3,5,12,18,1,,2,0,1,0,0,0,0
"POINT (11.052197765000001 49.433889667000003)",Unfall 150635 (2016) Kat:3, Licht: 2,150635,3,6,4,12,17,1,,2,0,1,0,1,0,0
"POINT (11.081875840000000 49.440452888999999)",Unfall 150644 (2016) Kat:3, Licht: 0,150644,3,6,0,12,14,1,,0,0,0,0,0,0,1
"POINT (11.052903657000000 49.348243422000003)",Unfall 150646 (2016) Kat:3, Licht: 0,150646,3,6,2,12,15,5,,0,0,1,0,0,0,0
"POINT (11.080302866000000 49.457517203999998)",Unfall 150651 (2016) Kat:3, Licht: 0,150651,3,7,0,12,09,5,,0,1,0,0,0,0,0
"POINT (11.055095825000000 49.461622319999996)",Unfall 150681 (2016) Kat:3, Licht: 0,150681,3,2,5,12,09,4,,0,0,1,0,1,0,0
"POINT (11.096758881000000 49.434698543000003)",Unfall 150691 (2016) Kat:2, Licht: 0,150691,2,5,1,12,18,4,,0,0,1,0,1,0,0
"POINT (11.078642810000000 49.460938726999998)",Unfall 150704 (2016) Kat:3, Licht: 0,150704,3,2,5,12,12,5,,0,0,1,1,0,0,0