WKT,Name,OBJECTID,UKATEGORIE,UTYP1,UART,UMONAT,USTUNDE,UWOCHENTAG,STRZUSTAND,ULICHTVERH,ISTRAD,ISTPKW,ISTFUSS,ISTKRAD,ISTGKFZ,ISTSONSTIG
"POINT (11.104904585000000 49.443070143000000)",Unfall 150721 (2016) Kat:3, Licht: 2,150721,3,3,6,12,05,4,,2,0,1,1,0,0,0
"POINT (11.066157867999999 49.448039627000000)",Unfall 150744 (2016) Kat:3, Licht: 0,150744,3,7,6,12,10,7,,0,0,1,1,0,0,0
"POINT (11.029079677000000 49.480063924000000)",Unfall 150754 (2016) Kat:3, Licht: 1,150754,3,6,4,12,16,7,,1,0,1,0,0,0,0
"POINT (11.078437406000001 49.439934370000003)",Unfall 150757 (2016) Kat:3, Licht: 0,150757,3,2,5,12,07,7,,0,0,1,0,0,0,0
"POINT (11.070935187000000 49.463333783000003)",Unfall 150758 (2016) Kat:2, Licht: 0,150758,2,1,0,12,14,7,,0,0,1,0,0,0,0
"POINT (11.075528352999999 49.456591549999999)",Unfall 150765 (2016) Kat:3, Licht: 0,150765,3,3,5,12,09,7,,0,1,1,0,0,0,0
"POINT (11.054840311000000 49.451086961000001)",Unfall 150777 (2016) Kat:2, Licht: 2,150777,2,2,6,12,17,7,,2,0,1,1,0,0,0
"POINT (11.077039824000000 49.446691293000001)",Unfall 150782 (2016) Kat:3, Licht: 0,150782,3,2,5,12,12,7,,0,1,1,0,0,0,0
"POINT (11.097471624000001 49.444684363000000)",Unfall 150784 (2016) Kat:3, Licht: 0,150784,3,6,2,12,12,7,,0,0,1,0,0,0,0
"POINT (11.089470544999999 49.456693131999998)",Unfall 150887 (2016) Kat:3, Licht: 2,150887,3,3,5,12,19,2,,2,1,1,0,0,0,0
"POINT (11.053706511000000 49.403302511000000)",Unfall 150891 (2016) Kat:3, Licht: 2,150891,3,3,5,12,16,2,,2,1,1,0,0,0,0
"POINT (11.083254832000000 49.449958670999997)",Unfall 150898 (2016) Kat:3, Licht: 2,150898,3,4,6,12,16,2,,2,0,1,1,0,0,0
"POINT (11.096049376000000 49.440049819999999)",Unfall 150917 (2016) Kat:3, Licht: 0,150917,3,6,4,12,13,3,,0,1,1,0,0,0,0
"POINT (11.037642178000000 49.439536551000003)",Unfall 150943 (2016) Kat:3, Licht: 2,150943,3,3,5,12,06,3,,2,0,1,0,0,0,0
"POINT (11.082386512999999 49.484505556000002)",Unfall 150956 (2016) Kat:3, Licht: 0,150956,3,6,2,12,10,3,,0,0,1,0,0,0,0
"POINT (11.102795940000000 49.474629376000003)",Unfall 150960 (2016) Kat:3, Licht: 0,150960,3,2,5,12,12,6,,0,0,1,0,0,0,0
"POINT (11.013981769999999 49.453816644000000)",Unfall 150967 (2016) Kat:3, Licht: 0,150967,3,3,5,12,08,6,,0,1,1,0,0,0,0
"POINT (11.091267048000001 49.441916270999997)",Unfall 150972 (2016) Kat:2, Licht: 0,150972,2,4,6,12,11,6,,0,0,1,1,0,0,0
"POINT (11.101184477000000 49.461877373999997)",Unfall 150976 (2016) Kat:3, Licht: 2,150976,3,3,5,12,05,6,,2,1,1,0,0,0,0
"POINT (11.066309305000001 49.407550344999997)",Unfall 150988 (2016) Kat:3, Licht: 2,150988,3,3,5,12,06,3,,2,1,1,0,0,0,0
"POINT (11.068221266000000 49.441928754999999)",Unfall 151019 (2016) Kat:3, Licht: 0,151019,3,6,2,12,13,6,,0,0,1,0,0,0,0
"POINT (11.123467036999999 49.463486705000001)",Unfall 151025 (2016) Kat:3, Licht: 0,151025,3,3,5,12,07,3,,0,0,1,0,0,0,0
"POINT (11.082235897000000 49.450029788000002)",Unfall 151036 (2016) Kat:3, Licht: 2,151036,3,6,3,12,17,7,,2,1,1,0,0,0,0
"POINT (11.051304154000000 49.450627982000000)",Unfall 151043 (2016) Kat:2, Licht: 2,151043,2,2,6,12,18,7,,2,0,1,1,0,0,0
"POINT (11.081335608000000 49.442388049999998)",Unfall 151047 (2016) Kat:3, Licht: 0,151047,3,2,6,12,12,7,,0,0,1,1,0,0,0
"POINT (11.089941417000000 49.461507998999998)",Unfall 151068 (2016) Kat:3, Licht: 2,151068,3,7,0,12,00,7,,2,0,1,0,1,0,0
"POINT (11.052286235000000 49.433870012000000)",Unfall 151078 (2016) Kat:3, Licht: 0,151078,3,3,1,12,10,3,,0,0,1,0,0,0,0
"POINT (11.067376800000000 49.439490882000001)",Unfall 151083 (2016) Kat:3, Licht: 2,151083,3,2,3,12,07,3,,2,1,1,0,0,0,0
"POINT (11.071670273000001 49.473834316999998)",Unfall 151117 (2016) Kat:3, Licht: 2,151117,3,3,5,12,04,1,,2,0,1,0,0,0,0
"POINT (11.061215013000000 49.460239127999998)",Unfall 151118 (2016) Kat:3, Licht: 2,151118,3,4,6,12,17,1,,2,0,1,1,0,0,0
"POINT (11.029789793000001 49.437004401000003)",Unfall 151124 (2016) Kat:3, Licht: 2,151124,3,6,2,12,16,3,,2,0,1,0,0,0,0
"POINT (11.055226693000000 49.448070209000001)",Unfall 151177 (2016) Kat:3, Licht: 0,151177,3,7,6,12,12,4,,0,0,1,1,0,0,0
"POINT (11.097471388000001 49.444685472000003)",Unfall 151181 (2016) Kat:3, Licht: 0,151181,3,6,2,12,08,4,,0,0,1,0,0,0,0
"POINT (11.123442373000000 49.414209777000003)",Unfall 151182 (2016) Kat:3, Licht: 1,151182,3,6,2,12,16,4,,1,0,1,0,0,0,0
"POINT (11.018780704999999 49.526879028000003)",Unfall 151190 (2016) Kat:3, Licht: 2,151190,3,7,0,12,16,4,,2,0,0,0,0,0,1
"POINT (11.102659130999999 49.438858635999999)",Unfall 151200 (2016) Kat:2, Licht: 2,151200,2,3,5,12,23,2,,2,1,1,0,0,0,0
"POINT (11.110007570000000 49.452318873000003)",Unfall 151205 (2016) Kat:3, Licht: 2,151205,3,6,2,12,07,5,,2,0,1,0,0,0,0
"POINT (11.091209866000000 49.436491820999997)",Unfall 151206 (2016) Kat:3, Licht: 0,151206,3,4,6,12,07,4,,0,0,1,1,0,0,0
"POINT (11.059646309000000 49.454504968000002)",Unfall 151212 (2016) Kat:3, Licht: 2,151212,3,3,5,12,17,5,,2,0,1,0,0,0,0
"POINT (11.037355008000000 49.385730854000002)",Unfall 151213 (2016) Kat:3, Licht: 0,151213,3,3,5,12,12,4,,0,0,1,0,0,0,0
"POINT (11.070155987000000 49.456884654000000)",Unfall 151215 (2016) Kat:3, Licht: 0,151215,3,7,0,12,11,5,,0,0,0,0,0,0,1
"POINT (11.064996639000000 49.448821977999998)",Unfall 151216 (2016) Kat:3, Licht: 1,151216,3,6,2,12,07,4,,1,0,1,0,0,0,0
"POINT (11.035029593999999 49.441918082999997)",Unfall 151223 (2016) Kat:3, Licht: 2,151223,3,3,0,12,07,4,,2,1,1,0,0,0,0
"POINT (11.023147898000000 49.453144410999997)",Unfall 151226 (2016) Kat:3, Licht: 2,151226,3,3,5,12,06,2,,2,1,1,0,0,0,0
"POINT (11.018548706000001 49.431063596000001)",Unfall 151230 (2016) Kat:3, Licht: 1,151230,3,2,5,12,16,5,,1,0,1,0,0,0,0
"POINT (11.089063093000000 49.455677385000001)",Unfall 151232 (2016) Kat:3, Licht: 0,151232,3,6,2,12,10,2,,0,0,1,0,0,0,0
"POINT (11.063158632000000 49.447828862000001)",Unfall 151238 (2016) Kat:3, Licht: 0,151238,3,1,6,12,13,4,,0,1,0,1,0,0,0
"POINT (11.072663421000000 49.449414161999997)",Unfall 151241 (2016) Kat:3, Licht: 0,151241,3,1,6,12,12,2,,0,0,1,1,0,0,0
"POINT (11.057401677000000 49.446910383000002)",Unfall 151244 (2016) Kat:3, Licht: 2,151244,3,2,5,12,21,5,,2,1,0,0,0,0,1
"POINT (11.104804874999999 49.474282828000000)",Unfall 151249 (2016) Kat:3, Licht: 0,151249,3,3,5,12,15,5,,0,1,1,0,0,0,0
"POINT (11.069522859999999 49.409537254999996)",Unfall 151261 (2016) Kat:3, Licht: 2,151261,3,6,3,12,17,5,,2,0,1,0,0,1,0
"POINT (11.068963539000000 49.445492416999997)",Unfall 151296 (2016) Kat:3, Licht: 0,151296,3,3,2,12,14,6,,0,0,1,0,0,0,0
"POINT (11.147638038000000 49.414934062000000)",Unfall 151305 (2016) Kat:3, Licht: 2,151305,3,2,5,12,05,6,,2,0,1,0,0,0,0
"POINT (11.068657612000001 49.444792915000001)",Unfall 151316 (2016) Kat:3, Licht: 2,151316,3,4,6,12,20,6,,2,0,1,1,0,0,0
"POINT (11.041177693000000 49.446515492000003)",Unfall 151325 (2016) Kat:3, Licht: 0,151325,3,7,6,12,14,5,,0,0,1,1,0,0,0
"POINT (11.094717982000001 49.451589433000002)",Unfall 151346 (2016) Kat:2, Licht: 0,151346,2,3,0,12,12,5,,0,0,1,0,1,0,0
"POINT (11.071771645000000 49.447237184000002)",Unfall 151419 (2016) Kat:3, Licht: 0,151419,3,3,5,12,11,3,,0,1,1,0,0,0,0
"POINT (11.034211487000000 49.419675656000003)",Unfall 151438 (2016) Kat:3, Licht: 2,151438,3,7,8,12,22,7,,2,0,1,0,0,0,0
"POINT (11.040949220000000 49.406011554000003)",Unfall 151496 (2016) Kat:3, Licht: 0,151496,3,1,8,12,12,3,,0,0,1,0,0,0,0
"POINT (11.082373391999999 49.460924832000003)",Unfall 151498 (2016) Kat:3, Licht: 2,151498,3,2,3,12,18,2,,2,0,1,0,0,0,0
"POINT (11.003189696000000 49.450403268999999)",Unfall 151512 (2016) Kat:3, Licht: 0,151512,3,2,3,12,12,2,,0,0,1,0,0,0,0
"POINT (11.071424477000001 49.462614264000003)",Unfall 151525 (2016) Kat:3, Licht: 0,151525,3,3,5,12,08,3,,0,0,1,0,0,0,0
"POINT (11.040886105000000 49.407663348000000)",Unfall 151528 (2016) Kat:3, Licht: 1,151528,3,3,5,12,16,4,,1,1,1,0,0,0,0
"POINT (11.007431780999999 49.523275087999998)",Unfall 151531 (2016) Kat:3, Licht: 2,151531,3,2,5,12,17,3,,2,0,1,0,0,0,0
"POINT (11.107996680999999 49.468677892000002)",Unfall 151532 (2016) Kat:3, Licht: 0,151532,3,2,6,12,07,4,,0,0,1,1,0,0,0
"POINT (11.133839364000000 49.472233770999999)",Unfall 151541 (2016) Kat:3, Licht: 0,151541,3,6,2,12,15,4,,0,0,1,0,0,0,0
"POINT (11.047605444000000 49.433689653000002)",Unfall 151543 (2016) Kat:3, Licht: 2,151543,3,6,2,12,16,3,,2,0,1,0,0,0,0
"POINT (11.043620260999999 49.439010789999998)",Unfall 151552 (2016) Kat:3, Licht: 0,151552,3,4,6,12,08,4,,0,0,1,1,0,0,0
"POINT (11.131294532000000 49.404666962999997)",Unfall 151558 (2016) Kat:3, Licht: 1,151558,3,2,5,12,16,4,,1,0,1,0,0,0,0
"POINT (11.105315028000000 49.450654968000002)",Unfall 151569 (2016) Kat:3, Licht: 0,151569,3,6,2,12,09,3,,0,0,1,0,0,0,0
"POINT (11.075868058999999 49.443659531000002)",Unfall 151592 (2016) Kat:2, Licht: 0,151592,2,3,0,12,10,6,,0,1,1,0,0,0,0
"POINT (11.081701882999999 49.450137114000000)",Unfall 151595 (2016) Kat:3, Licht: 0,151595,3,5,1,12,14,7,,0,0,1,0,1,0,0
"POINT (11.084314655000000 49.452599847999998)",Unfall 151619 (2016) Kat:3, Licht: 2,151619,3,3,5,12,17,4,,2,1,1,0,0,0,0
"POINT (11.002969144000000 49.450362484999999)",Unfall 151624 (2016) Kat:3, Licht: 2,151624,3,6,2,12,17,4,,2,0,1,0,0,0,0
"POINT (11.080684649000000 49.448228426000000)",Unfall 151633 (2016) Kat:2, Licht: 1,151633,2,4,6,12,16,6,,1,1,0,1,0,0,0
"POINT (11.082396522000000 49.446877952000001)",Unfall 151653 (2016) Kat:3, Licht: 2,151653,3,3,5,12,19,6,,2,1,1,0,0,0,0
"POINT (11.103149095000049 49.431372566000050)",Unfall 71103 (2017) Kat:3, Licht: 2,71103,3,3,0,01,18,3,1,2,0,1,0,0,,0
"POINT (11.115637264000043 49.399862433000067)",Unfall 71104 (2017) Kat:3, Licht: 2,71104,3,6,3,01,07,3,1,2,0,1,0,0,,1
"POINT (11.064240446000042 49.412358786000027)",Unfall 71185 (2017) Kat:3, Licht: 2,71185,3,6,3,01,17,2,2,2,0,1,0,0,,0
"POINT (11.115485206000074 49.391032767000070)",Unfall 71265 (2017) Kat:3, Licht: 0,71265,3,2,4,01,14,1,1,0,0,1,0,0,,0
"POINT (11.159960416000047 49.420850667000082)",Unfall 71451 (2017) Kat:3, Licht: 2,71451,3,6,3,01,05,7,1,2,0,1,0,0,,0
"POINT (11.025396368000031 49.376956157000052)",Unfall 71452 (2017) Kat:3, Licht: 2,71452,3,1,0,01,23,7,2,2,0,1,0,0,,0
"POINT (11.026276675000076 49.373599695000053)",Unfall 71547 (2017) Kat:3, Licht: 0,71547,3,3,5,01,15,5,1,0,0,1,0,0,,0
"POINT (11.036821572000065 49.449495330000047)",Unfall 71615 (2017) Kat:3, Licht: 1,71615,3,6,2,01,16,4,1,1,0,1,0,0,,0
"POINT (11.121789605000060 49.443613598000070)",Unfall 71726 (2017) Kat:3, Licht: 0,71726,3,6,2,01,07,6,0,0,0,1,0,0,,0
"POINT (11.121788015000050 49.443609301000038)",Unfall 71727 (2017) Kat:3, Licht: 0,71727,3,6,2,01,07,6,0,0,0,1,0,0,,1
"POINT (11.134470463000071 49.431391250000047)",Unfall 71810 (2017) Kat:3, Licht: 0,71810,3,6,2,01,09,5,1,0,0,1,0,0,,1
"POINT (11.040057398000044 49.454348694000032)",Unfall 71884 (2017) Kat:3, Licht: 2,71884,3,3,5,01,17,4,2,2,0,1,0,0,,0
"POINT (11.122060610000062 49.456926643000031)",Unfall 71965 (2017) Kat:3, Licht: 0,71965,3,6,2,01,11,3,1,0,0,1,0,0,,0
"POINT (11.105997268000067 49.460624237000047)",Unfall 71966 (2017) Kat:3, Licht: 0,71966,3,2,5,01,12,3,1,0,0,1,0,0,,0
"POINT (11.073405142000070 49.402829787000030)",Unfall 72011 (2017) Kat:3, Licht: 0,72011,3,1,8,01,13,2,1,0,0,1,0,0,,0
"POINT (11.125513513000044 49.466879712000036)",Unfall 72014 (2017) Kat:3, Licht: 0,72014,3,2,3,01,07,2,1,0,0,1,0,0,,1
"POINT (11.041435869000054 49.455999034000058)",Unfall 72015 (2017) Kat:3, Licht: 1,72015,3,6,3,01,07,2,1,1,0,1,0,0,,1
"POINT (11.127867879000064 49.393561965000060)",Unfall 72036 (2017) Kat:3, Licht: 2,72036,3,2,5,01,20,4,0,2,0,1,0,0,,0
"POINT (11.036292714000069 49.448593049000067)",Unfall 72115 (2017) Kat:3, Licht: 0,72115,3,6,2,01,14,3,1,0,0,1,0,0,,0
"POINT (11.076441809000073 49.430740424000078)",Unfall 72116 (2017) Kat:3, Licht: 1,72116,3,6,2,01,17,3,0,1,0,1,0,0,,0
"POINT (11.100478454000040 49.469515768000065)",Unfall 72117 (2017) Kat:3, Licht: 2,72117,3,6,2,01,20,3,0,2,0,1,0,0,,0
"POINT (11.116973148000056 49.392962393000062)",Unfall 72118 (2017) Kat:3, Licht: 2,72118,3,1,9,01,21,3,0,2,0,1,0,0,,0
"POINT (11.098451264000062 49.467449988000055)",Unfall 72119 (2017) Kat:3, Licht: 0,72119,3,3,5,01,16,3,0,0,1,1,0,0,,0
"POINT (11.065394140000024 49.426769504000049)",Unfall 72200 (2017) Kat:3, Licht: 0,72200,3,3,5,01,16,2,0,0,0,1,0,0,,1
"POINT (11.099934513000051 49.465699095000048)",Unfall 72201 (2017) Kat:3, Licht: 0,72201,3,6,2,01,09,2,1,0,0,1,0,0,,1
"POINT (11.007559216000061 49.523219131000076)",Unfall 72285 (2017) Kat:3, Licht: 0,72285,3,2,6,01,15,1,1,0,0,1,1,0,,0
"POINT (11.047713267000063 49.430063905000054)",Unfall 72288 (2017) Kat:3, Licht: 0,72288,3,2,3,01,15,1,1,0,0,1,0,0,,0
"POINT (11.043040492000046 49.427831520000041)",Unfall 72351 (2017) Kat:3, Licht: 2,72351,3,6,2,01,17,7,0,2,0,1,0,0,,0
"POINT (11.086642809000068 49.429298735000032)",Unfall 72460 (2017) Kat:3, Licht: 0,72460,3,6,2,01,15,2,0,0,0,1,0,0,,0
"POINT (11.036250402000064 49.457200692000072)",Unfall 72461 (2017) Kat:3, Licht: 2,72461,3,6,2,01,21,2,0,2,0,1,0,0,,0
"POINT (11.106451734000075 49.460032049000063)",Unfall 72588 (2017) Kat:3, Licht: 0,72588,3,5,1,01,09,7,0,0,0,1,0,0,,1
"POINT (11.106409046000067 49.460057498000026)",Unfall 72589 (2017) Kat:3, Licht: 0,72589,3,5,1,01,09,7,0,0,0,1,0,0,,0
"POINT (11.157516767000061 49.389179552000030)",Unfall 72655 (2017) Kat:3, Licht: 0,72655,3,6,2,01,15,6,0,0,0,1,0,0,,1
"POINT (11.101183673000037 49.465015569000059)",Unfall 72659 (2017) Kat:3, Licht: 0,72659,3,6,2,01,15,6,0,0,0,1,0,0,,0
"POINT (11.055393817000038 49.444905962000064)",Unfall 72660 (2017) Kat:3, Licht: 0,72660,3,6,2,01,12,6,0,0,0,1,0,0,,1
"POINT (11.054847998000071 49.444542078000040)",Unfall 72703 (2017) Kat:3, Licht: 2,72703,3,6,2,01,21,3,0,2,0,1,0,0,,0
"POINT (11.057606668000062 49.443205063000050)",Unfall 72757 (2017) Kat:3, Licht: 0,72757,3,6,2,01,11,5,0,0,0,1,0,0,,0
"POINT (11.121436918000029 49.442662949000066)",Unfall 72758 (2017) Kat:3, Licht: 2,72758,3,6,2,01,22,5,0,2,0,1,0,0,,0
"POINT (11.035579037000048 49.421258643000044)",Unfall 72759 (2017) Kat:3, Licht: 0,72759,3,6,2,01,07,5,0,0,0,1,0,0,,0
"POINT (11.023715542000048 49.441399906000072)",Unfall 72821 (2017) Kat:3, Licht: 0,72821,3,7,0,01,14,1,0,0,0,0,0,0,,1
"POINT (11.052759721000029 49.464126004000036)",Unfall 72869 (2017) Kat:3, Licht: 0,72869,3,2,4,01,13,7,0,0,0,1,0,0,,0
"POINT (11.053619079000043 49.429684299000030)",Unfall 72870 (2017) Kat:3, Licht: 0,72870,3,6,2,01,13,7,1,0,0,1,0,0,,0
"POINT (11.115100664000067 49.459144454000068)",Unfall 72886 (2017) Kat:2, Licht: 2,72886,2,1,0,01,18,2,2,2,1,0,0,0,,0
"POINT (11.084812093000039 49.395311121000077)",Unfall 72956 (2017) Kat:3, Licht: 2,72956,3,2,4,01,07,2,1,2,0,1,0,0,,0
"POINT (11.039365728000064 49.456322588000035)",Unfall 72973 (2017) Kat:2, Licht: 2,72973,2,4,6,01,18,2,1,2,0,1,1,0,,0
"POINT (11.070121292000067 49.429460066000047)",Unfall 73000 (2017) Kat:3, Licht: 2,73000,3,6,2,01,01,6,1,2,0,1,0,0,,0
"POINT (11.061185103000071 49.428643784000030)",Unfall 73001 (2017) Kat:3, Licht: 0,73001,3,2,5,01,14,6,0,0,0,1,0,0,,0
"POINT (11.157236297000054 49.413551631000075)",Unfall 73002 (2017) Kat:3, Licht: 0,73002,3,2,5,01,08,6,0,0,0,1,0,0,,0
"POINT (11.102594111000030 49.471877016000064)",Unfall 73149 (2017) Kat:3, Licht: 2,73149,3,6,2,01,20,5,0,2,0,1,0,0,,0
"POINT (11.116938084000026 49.392849930000068)",Unfall 73150 (2017) Kat:3, Licht: 1,73150,3,6,2,01,06,5,0,1,0,1,0,0,,0
"POINT (11.064070181000034 49.474984206000045)",Unfall 73151 (2017) Kat:3, Licht: 0,73151,3,6,2,01,09,5,0,0,0,1,0,0,,1
"POINT (11.036467178000066 49.438990970000077)",Unfall 73152 (2017) Kat:3, Licht: 0,73152,3,6,2,01,08,5,0,0,0,1,0,0,,1
"POINT (11.044830182000055 49.458650408000040)",Unfall 73251 (2017) Kat:3, Licht: 0,73251,3,2,5,01,15,4,1,0,0,1,0,0,,0
"POINT (11.081492198000035 49.469430522000039)",Unfall 73253 (2017) Kat:3, Licht: 0,73253,3,6,2,01,14,4,0,0,0,1,0,0,,0
"POINT (11.135725173000026 49.430944581000062)",Unfall 73254 (2017) Kat:3, Licht: 2,73254,3,6,2,01,22,4,1,2,0,1,0,0,,0
"POINT (11.036781989000076 49.449414685000079)",Unfall 73324 (2017) Kat:3, Licht: 0,73324,3,3,5,02,16,5,0,0,0,1,0,0,,0
"POINT (11.032496954000067 49.523341468000069)",Unfall 73420 (2017) Kat:3, Licht: 0,73420,3,6,2,02,11,7,1,0,0,1,0,0,,0
"POINT (11.059364919000075 49.466629401000034)",Unfall 73421 (2017) Kat:3, Licht: 0,73421,3,6,2,02,13,7,0,0,0,1,0,0,,0
"POINT (11.131217225000057 49.459811155000068)",Unfall 73516 (2017) Kat:3, Licht: 0,73516,3,2,5,02,07,6,1,0,0,1,0,0,,0
"POINT (11.050195046000056 49.462198958000045)",Unfall 73517 (2017) Kat:3, Licht: 2,73517,3,6,2,02,18,6,1,2,0,1,0,0,,0
"POINT (11.083063953000021 49.410580074000052)",Unfall 73544 (2017) Kat:3, Licht: 0,73544,3,7,0,02,11,5,0,0,0,1,0,0,,1
"POINT (11.082665061000057 49.392460684000071)",Unfall 73548 (2017) Kat:3, Licht: 0,73548,3,3,5,02,13,3,0,0,0,1,0,0,,1
"POINT (11.027701479000029 49.455717946000050)",Unfall 73550 (2017) Kat:3, Licht: 2,73550,3,6,2,02,17,3,0,2,0,1,0,0,,0
"POINT (11.037181154000052 49.399371143000053)",Unfall 73562 (2017) Kat:2, Licht: 1,73562,2,4,6,02,16,3,0,1,0,1,1,0,,0
"POINT (11.027274598000076 49.441564091000032)",Unfall 73620 (2017) Kat:3, Licht: 1,73620,3,2,5,02,17,5,0,1,1,1,0,0,,0
"POINT (11.037680546000047 49.397501545000068)",Unfall 73695 (2017) Kat:3, Licht: 0,73695,3,3,5,02,15,5,0,0,1,1,0,0,,0
"POINT (11.124434224000026 49.435032933000059)",Unfall 73696 (2017) Kat:3, Licht: 0,73696,3,6,2,02,14,4,0,0,0,1,0,0,,1
"POINT (11.063375978000067 49.467660942000066)",Unfall 73697 (2017) Kat:3, Licht: 0,73697,3,6,2,02,08,4,1,0,0,1,0,0,,0
"POINT (11.160154739000063 49.411841070000037)",Unfall 73698 (2017) Kat:3, Licht: 2,73698,3,6,2,02,16,4,1,2,0,1,0,0,,0
"POINT (11.043585807000056 49.428543305000062)",Unfall 73699 (2017) Kat:3, Licht: 0,73699,3,6,3,02,10,4,0,0,0,1,0,0,,0
"POINT (11.078152391000060 49.430581856000060)",Unfall 73738 (2017) Kat:3, Licht: 2,73738,3,1,6,02,17,2,0,2,0,0,1,0,,1
"POINT (11.055446384000049 49.444882064000069)",Unfall 73739 (2017) Kat:3, Licht: 0,73739,3,6,2,02,08,5,0,0,0,1,0,0,,0
"POINT (11.065633611000067 49.427886475000037)",Unfall 73781 (2017) Kat:3, Licht: 0,73781,3,4,6,02,15,4,0,0,0,1,1,0,,0
"POINT (11.065318373000025 49.426234058000034)",Unfall 73802 (2017) Kat:3, Licht: 2,73802,3,5,0,02,21,6,1,2,1,1,0,0,,0
"POINT (11.169793122000044 49.468814908000070)",Unfall 73810 (2017) Kat:3, Licht: 0,73810,3,6,2,02,07,6,1,0,0,1,0,0,,1
"POINT (11.002021901000035 49.431463434000079)",Unfall 73811 (2017) Kat:2, Licht: 0,73811,2,2,5,02,08,6,0,0,1,1,0,0,,0
"POINT (10.998780083000042 49.438062023000043)",Unfall 73864 (2017) Kat:3, Licht: 2,73864,3,3,5,02,18,3,0,2,0,1,0,0,,0
"POINT (11.097818969000059 49.467009463000068)",Unfall 73984 (2017) Kat:3, Licht: 0,73984,3,6,2,02,17,2,0,0,0,1,0,0,,0
"POINT (11.113199216000055 49.434765826000046)",Unfall 73985 (2017) Kat:3, Licht: 0,73985,3,6,2,02,11,2,0,0,0,1,0,0,,1
"POINT (11.062419196000064 49.440968226000052)",Unfall 73986 (2017) Kat:3, Licht: 0,73986,3,1,0,02,10,2,0,0,0,1,0,0,,1
"POINT (11.019394704000035 49.462776629000075)",Unfall 74066 (2017) Kat:3, Licht: 0,74066,3,2,5,02,12,1,0,0,0,1,0,0,,0
"POINT (11.056404952000037 49.444446256000049)",Unfall 74069 (2017) Kat:3, Licht: 2,74069,3,6,2,02,20,5,0,2,0,1,0,0,,0
"POINT (11.095298032000073 49.431130194000048)",Unfall 74144 (2017) Kat:3, Licht: 2,74144,3,1,8,02,22,7,0,2,0,1,0,0,,0
"POINT (11.065509726000073 49.426764597000044)",Unfall 74145 (2017) Kat:3, Licht: 0,74145,3,3,5,02,11,7,0,0,0,1,0,0,,0
"POINT (11.071101972000065 49.469611951000047)",Unfall 74212 (2017) Kat:3, Licht: 2,74212,3,2,5,02,18,6,0,2,0,1,0,0,,0
"POINT (11.065406452000047 49.423612230000060)",Unfall 74407 (2017) Kat:3, Licht: 2,74407,3,1,0,02,06,3,1,2,0,1,0,1,,0
"POINT (11.104871167000056 49.424275571000067)",Unfall 74408 (2017) Kat:3, Licht: 0,74408,3,6,2,02,07,3,1,0,0,1,0,0,,0
"POINT (11.065394163000065 49.425520484000060)",Unfall 74409 (2017) Kat:3, Licht: 2,74409,3,2,4,02,05,3,1,2,0,1,0,1,,0
"POINT (11.038182161000066 49.434202194000079)",Unfall 74410 (2017) Kat:3, Licht: 0,74410,3,6,2,02,15,3,1,0,0,1,0,0,,0
"POINT (11.035637028000053 49.402272648000064)",Unfall 74624 (2017) Kat:3, Licht: 2,74624,3,2,6,02,06,2,0,2,0,1,1,0,,0
"POINT (11.036290198000074 49.448584005000043)",Unfall 74625 (2017) Kat:3, Licht: 0,74625,3,6,2,02,07,2,0,0,0,1,0,0,,0
"POINT (11.035334798000065 49.408645490000026)",Unfall 74626 (2017) Kat:3, Licht: 0,74626,3,6,2,02,13,2,0,0,0,1,0,0,,0
"POINT (11.182227069000021 49.469316417000073)",Unfall 74682 (2017) Kat:3, Licht: 0,74682,3,7,0,02,17,1,0,0,1,0,0,0,,0
"POINT (11.125194367000063 49.434715193000045)",Unfall 74683 (2017) Kat:3, Licht: 0,74683,3,2,5,02,12,1,0,0,1,1,0,0,,0
"POINT (11.098116045000040 49.356440996000060)",Unfall 74722 (2017) Kat:3, Licht: 0,74722,3,3,5,02,14,7,0,0,1,1,0,0,,0
"POINT (11.105707193000057 49.460708747000069)",Unfall 74723 (2017) Kat:3, Licht: 2,74723,3,6,2,02,18,7,0,2,0,1,0,0,,0
"POINT (11.106809228000031 49.418613439000069)",Unfall 74790 (2017) Kat:3, Licht: 2,74790,3,6,2,02,19,6,0,2,0,1,0,0,,0
"POINT (11.073170938000032 49.469566543000042)",Unfall 74858 (2017) Kat:3, Licht: 0,74858,3,6,2,02,17,5,0,0,0,1,0,0,,0
"POINT (11.125478188000045 49.466868221000027)",Unfall 74957 (2017) Kat:3, Licht: 0,74957,3,2,5,03,12,7,0,0,0,1,0,0,,0
"POINT (11.123316684000031 49.398017582000080)",Unfall 74958 (2017) Kat:3, Licht: 2,74958,3,3,5,03,22,7,1,2,0,1,0,0,,1
"POINT (11.135536393000052 49.431009502000052)",Unfall 74959 (2017) Kat:1, Licht: 0,74959,1,3,5,03,09,7,0,0,0,0,0,1,,1
"POINT (11.014586905000044 49.464542567000080)",Unfall 75026 (2017) Kat:3, Licht: 2,75026,3,6,2,03,20,6,0,2,0,1,0,0,,0
"POINT (11.139158409000061 49.472415446000070)",Unfall 75027 (2017) Kat:2, Licht: 2,75027,2,1,9,03,03,6,0,2,0,1,0,0,,0