WKT,Name,OBJECTID,UKATEGORIE,UTYP1,UART,UMONAT,USTUNDE,UWOCHENTAG,STRZUSTAND,ULICHTVERH,ISTRAD,ISTPKW,ISTFUSS,ISTKRAD,ISTGKFZ,ISTSONSTIG
"POINT (11.099962565000055 49.469237060000069)",Unfall 75028 (2017) Kat:3, Licht: 0,75028,3,6,2,03,10,6,0,0,0,1,0,0,,0
"POINT (11.106927080000048 49.432704696000030)",Unfall 75029 (2017) Kat:3, Licht: 0,75029,3,6,2,03,17,6,0,0,0,1,0,0,,0
"POINT (11.120723788000021 49.456529894000028)",Unfall 75105 (2017) Kat:3, Licht: 0,75105,3,6,2,03,16,5,0,0,0,1,0,0,,0
"POINT (11.033571493000068 49.517051005000042)",Unfall 75106 (2017) Kat:3, Licht: 0,75106,3,6,2,03,07,5,1,0,0,1,0,0,,0
"POINT (11.126823581000053 49.467446190000032)",Unfall 75262 (2017) Kat:3, Licht: 0,75262,3,3,5,03,13,6,0,0,0,1,0,0,,0
"POINT (11.121363261000056 49.452712190000057)",Unfall 75263 (2017) Kat:3, Licht: 2,75263,3,3,5,03,22,6,0,2,0,1,0,0,,0
"POINT (11.040958911000075 49.382363497000028)",Unfall 75304 (2017) Kat:2, Licht: 0,75304,2,6,2,03,14,7,0,0,0,1,0,0,,0
"POINT (11.081635508000033 49.469426215000055)",Unfall 75360 (2017) Kat:3, Licht: 0,75360,3,2,3,03,07,5,0,0,1,1,0,0,,0
"POINT (11.132974930000046 49.460862037000027)",Unfall 75362 (2017) Kat:2, Licht: 2,75362,2,2,6,03,19,5,1,2,0,1,1,0,,0
"POINT (11.062700250000034 49.440503868000064)",Unfall 75363 (2017) Kat:3, Licht: 2,75363,3,6,2,03,18,5,1,2,0,1,0,0,,0
"POINT (11.194044600000041 49.406248110000035)",Unfall 75364 (2017) Kat:3, Licht: 0,75364,3,6,3,03,15,5,1,0,0,1,0,0,,0
"POINT (11.043605341000045 49.428569249000077)",Unfall 75365 (2017) Kat:3, Licht: 0,75365,3,7,3,03,11,5,1,0,0,1,0,0,,0
"POINT (11.083334071000024 49.429902656000081)",Unfall 75366 (2017) Kat:3, Licht: 2,75366,3,1,0,03,17,5,1,2,0,1,0,0,,1
"POINT (11.061358459000076 49.467053094000050)",Unfall 75437 (2017) Kat:3, Licht: 0,75437,3,6,2,03,16,4,0,0,0,1,0,0,,1
"POINT (11.102976916000046 49.464041086000066)",Unfall 75438 (2017) Kat:3, Licht: 0,75438,3,6,2,03,09,4,0,0,1,1,0,0,,0
"POINT (11.086151309000059 49.429303565000055)",Unfall 75493 (2017) Kat:3, Licht: 0,75493,3,6,2,03,14,3,0,0,0,1,0,0,,0
"POINT (11.062387746000070 49.428458944000056)",Unfall 75582 (2017) Kat:3, Licht: 0,75582,3,3,0,03,07,2,0,0,0,0,0,0,,1
"POINT (11.032817570000077 49.420612690000041)",Unfall 75583 (2017) Kat:3, Licht: 2,75583,3,2,5,03,19,2,1,2,0,1,0,0,,0
"POINT (11.051415777000045 49.463456313000052)",Unfall 75584 (2017) Kat:3, Licht: 0,75584,3,6,0,03,14,2,0,0,0,1,0,0,,1
"POINT (11.059675179000067 49.428782392000073)",Unfall 75660 (2017) Kat:3, Licht: 0,75660,3,6,3,03,13,6,0,0,0,1,0,0,,0
"POINT (11.040233288000024 49.454296267000075)",Unfall 75661 (2017) Kat:3, Licht: 2,75661,3,7,5,03,19,6,0,2,0,1,0,0,,0
"POINT (11.126849027000048 49.467457315000047)",Unfall 75662 (2017) Kat:3, Licht: 0,75662,3,3,5,03,16,6,0,0,0,1,0,0,,0
"POINT (11.044628606000060 49.429825290000053)",Unfall 75663 (2017) Kat:3, Licht: 0,75663,3,6,2,03,08,6,0,0,0,1,0,0,,0
"POINT (11.093095503000029 49.430291644000079)",Unfall 75708 (2017) Kat:3, Licht: 0,75708,3,2,4,03,11,7,1,0,1,1,0,0,,0
"POINT (11.035506956000063 49.407906942000068)",Unfall 75771 (2017) Kat:3, Licht: 2,75771,3,6,2,03,05,5,0,2,0,1,0,0,,0
"POINT (11.050948253000058 49.446379453000077)",Unfall 75772 (2017) Kat:3, Licht: 0,75772,3,6,2,03,11,5,0,0,0,1,0,0,,0
"POINT (11.023470705000022 49.461524929000063)",Unfall 75801 (2017) Kat:2, Licht: 2,75801,2,7,6,03,19,1,0,2,1,0,1,0,,0
"POINT (11.036060514000042 49.420101136000028)",Unfall 75867 (2017) Kat:2, Licht: 1,75867,2,2,5,03,18,4,0,1,0,1,0,0,,0
"POINT (11.183168440000031 49.418369948000077)",Unfall 75868 (2017) Kat:3, Licht: 0,75868,3,6,2,03,14,4,0,0,0,1,0,1,,0
"POINT (11.037871028000040 49.423337480000043)",Unfall 75869 (2017) Kat:2, Licht: 2,75869,2,7,0,03,18,4,0,2,1,0,0,0,,0
"POINT (11.062871044000076 49.440688566000063)",Unfall 75870 (2017) Kat:3, Licht: 2,75870,3,3,5,03,18,4,1,2,0,1,0,0,,0
"POINT (11.035550067000031 49.408068557000036)",Unfall 75871 (2017) Kat:3, Licht: 2,75871,3,3,5,03,22,4,0,2,0,1,0,0,,0
"POINT (11.104487305000077 49.462186502000066)",Unfall 75939 (2017) Kat:3, Licht: 0,75939,3,6,2,03,12,3,0,0,0,1,0,0,,1
"POINT (11.113739510000073 49.462234335000062)",Unfall 75952 (2017) Kat:3, Licht: 2,75952,3,5,1,03,01,7,1,2,1,1,0,0,,0
"POINT (11.073548147000054 49.385399812000060)",Unfall 76038 (2017) Kat:2, Licht: 0,76038,2,2,5,03,10,3,0,0,1,1,0,0,,0
"POINT (11.118198949000032 49.455884265000066)",Unfall 76053 (2017) Kat:2, Licht: 0,76053,2,1,0,03,16,2,0,0,1,0,0,0,,0
"POINT (11.036337409000055 49.448743096000044)",Unfall 76093 (2017) Kat:3, Licht: 0,76093,3,6,2,03,07,4,1,0,0,1,0,0,,0
"POINT (11.103637080000055 49.429046432000064)",Unfall 76180 (2017) Kat:3, Licht: 0,76180,3,6,2,03,15,7,0,0,0,1,0,0,,0
"POINT (11.068154114000038 49.469333585000072)",Unfall 76268 (2017) Kat:3, Licht: 0,76268,3,6,2,03,15,4,1,0,0,1,0,0,,0
"POINT (11.188948419000042 49.407460013000048)",Unfall 76275 (2017) Kat:3, Licht: 0,76275,3,1,0,03,18,6,0,0,0,0,0,1,,0
"POINT (11.059865787000035 49.442178283000032)",Unfall 76276 (2017) Kat:3, Licht: 0,76276,3,4,2,03,17,6,0,0,0,1,1,0,,1
"POINT (11.022933932000058 49.461702781000042)",Unfall 76277 (2017) Kat:3, Licht: 0,76277,3,6,2,03,14,6,0,0,0,1,0,0,,1
"POINT (11.099558441000056 49.372619870000051)",Unfall 76284 (2017) Kat:2, Licht: 2,76284,2,2,5,03,22,3,1,2,0,1,0,1,,0
"POINT (11.096883495000043 49.467651153000077)",Unfall 76409 (2017) Kat:3, Licht: 0,76409,3,3,5,03,07,5,0,0,0,1,0,1,,0
"POINT (11.089875822000067 49.429779921000033)",Unfall 76410 (2017) Kat:3, Licht: 0,76410,3,6,2,03,17,5,0,0,0,1,0,0,,0
"POINT (11.010996801000033 49.441048049000074)",Unfall 76413 (2017) Kat:3, Licht: 0,76413,3,6,1,03,15,5,0,0,0,1,0,0,,0
"POINT (11.064349874000072 49.473708207000072)",Unfall 76414 (2017) Kat:3, Licht: 0,76414,3,6,2,03,15,5,0,0,0,1,0,0,,1
"POINT (11.116875922000077 49.393586571000071)",Unfall 76535 (2017) Kat:2, Licht: 2,76535,2,7,0,03,22,4,0,2,0,0,0,1,,1
"POINT (11.008707890000039 49.440697419000060)",Unfall 76537 (2017) Kat:3, Licht: 0,76537,3,2,5,03,16,4,0,0,1,1,0,0,,0
"POINT (11.086339703000021 49.406974125000033)",Unfall 76538 (2017) Kat:2, Licht: 0,76538,2,7,0,03,09,4,0,0,1,0,0,0,,0
"POINT (11.060958597000024 49.480043356000067)",Unfall 76539 (2017) Kat:2, Licht: 0,76539,2,2,6,03,07,4,0,0,0,0,1,0,,1
"POINT (11.070694163000041 49.407222849000050)",Unfall 76556 (2017) Kat:3, Licht: 0,76556,3,6,2,03,16,6,0,0,0,1,0,0,,0
"POINT (11.118388985000024 49.455653286000029)",Unfall 76669 (2017) Kat:3, Licht: 0,76669,3,6,2,03,07,3,0,0,0,1,0,0,,0
"POINT (11.117797313000040 49.402224276000027)",Unfall 76670 (2017) Kat:3, Licht: 0,76670,3,3,0,03,12,3,0,0,1,1,0,0,,0
"POINT (11.075821527000073 49.469572557000049)",Unfall 76802 (2017) Kat:3, Licht: 0,76802,3,6,3,03,18,2,0,0,1,0,0,0,,1
"POINT (11.096327645000031 49.431118179000066)",Unfall 76804 (2017) Kat:3, Licht: 2,76804,3,6,2,03,20,2,0,2,0,1,0,1,,0
"POINT (11.122516894000057 49.448256308000055)",Unfall 76897 (2017) Kat:3, Licht: 0,76897,3,3,5,03,13,5,0,0,1,0,0,0,,1
"POINT (11.041821143000050 49.383605897000052)",Unfall 76900 (2017) Kat:3, Licht: 0,76900,3,6,2,03,17,5,0,0,0,1,0,0,,0
"POINT (11.100719833000028 49.395057141000052)",Unfall 76914 (2017) Kat:3, Licht: 0,76914,3,7,0,03,13,1,0,0,0,1,0,0,,1
"POINT (11.023334950000049 49.461569964000034)",Unfall 76918 (2017) Kat:3, Licht: 0,76918,3,6,2,03,17,1,0,0,0,1,0,0,,0
"POINT (11.126393067000038 49.467258344000072)",Unfall 76920 (2017) Kat:2, Licht: 2,76920,2,6,2,03,22,1,0,2,0,1,0,0,,0
"POINT (11.043260499000041 49.449478641000042)",Unfall 76921 (2017) Kat:3, Licht: 0,76921,3,6,2,03,08,1,0,0,0,1,0,0,,0
"POINT (11.125194367000063 49.434715193000045)",Unfall 77023 (2017) Kat:3, Licht: 1,77023,3,3,5,04,07,3,0,1,1,1,0,0,,0
"POINT (11.058939060000057 49.443150530000025)",Unfall 77024 (2017) Kat:3, Licht: 0,77024,3,2,6,04,07,3,0,0,0,1,1,0,,0
"POINT (11.062836636000043 49.438485860000071)",Unfall 77026 (2017) Kat:3, Licht: 0,77026,3,6,2,04,17,3,0,0,0,1,0,0,,0
"POINT (11.058266672000059 49.442779142000063)",Unfall 77158 (2017) Kat:3, Licht: 0,77158,3,6,2,04,17,2,0,0,0,1,0,0,,1
"POINT (11.036536075000072 49.438894701000038)",Unfall 77160 (2017) Kat:3, Licht: 0,77160,3,7,0,04,18,2,0,0,1,0,1,0,,0
"POINT (11.070022413000061 49.429437463000056)",Unfall 77161 (2017) Kat:3, Licht: 2,77161,3,6,3,04,04,2,0,2,0,1,0,0,,1
"POINT (11.141043366000076 49.462869563000027)",Unfall 77185 (2017) Kat:3, Licht: 0,77185,3,2,5,04,18,5,0,0,0,1,0,0,,0
"POINT (11.036301157000025 49.448623385000076)",Unfall 77288 (2017) Kat:3, Licht: 0,77288,3,6,2,04,17,6,0,0,0,1,0,1,,0
"POINT (11.079233077000026 49.414547235000043)",Unfall 77302 (2017) Kat:3, Licht: 0,77302,3,3,5,04,08,1,1,0,1,1,0,0,,0
"POINT (11.022592827000040 49.418535647000056)",Unfall 77303 (2017) Kat:3, Licht: 0,77303,3,6,1,04,17,1,0,0,0,1,0,0,,0
"POINT (11.118221957000060 49.437803339000027)",Unfall 77433 (2017) Kat:3, Licht: 0,77433,3,6,2,04,09,7,0,0,0,1,0,0,,0
"POINT (11.159373691000042 49.421055351000064)",Unfall 77434 (2017) Kat:3, Licht: 0,77434,3,6,2,04,12,7,0,0,0,1,0,0,,0
"POINT (11.117767357000048 49.438106926000046)",Unfall 77582 (2017) Kat:3, Licht: 0,77582,3,3,3,04,18,3,0,0,1,1,0,0,,0
"POINT (11.005096390000062 49.440089560000047)",Unfall 77583 (2017) Kat:3, Licht: 0,77583,3,7,6,04,07,3,0,0,0,1,1,0,,0
"POINT (11.084537929000021 49.429551077000042)",Unfall 77584 (2017) Kat:3, Licht: 1,77584,3,3,1,04,20,3,0,1,0,1,0,1,,0
"POINT (11.098079091000045 49.467304497000043)",Unfall 77585 (2017) Kat:3, Licht: 0,77585,3,6,2,04,18,3,0,0,0,1,0,0,,0
"POINT (11.132592267000064 49.460616825000045)",Unfall 77586 (2017) Kat:3, Licht: 0,77586,3,6,2,04,14,3,0,0,0,1,0,0,,0
"POINT (11.123406067000076 49.487292140000079)",Unfall 77587 (2017) Kat:3, Licht: 0,77587,3,2,5,04,14,3,0,0,0,1,0,0,,0
"POINT (11.023115594000046 49.461501673000043)",Unfall 77588 (2017) Kat:3, Licht: 0,77588,3,2,3,04,06,3,0,0,1,1,0,0,,0
"POINT (11.054387736000024 49.465224238000076)",Unfall 77769 (2017) Kat:3, Licht: 0,77769,3,6,2,04,15,2,0,0,0,1,0,0,,0
"POINT (10.994424506000030 49.437161549000052)",Unfall 77814 (2017) Kat:3, Licht: 2,77814,3,6,2,04,21,1,0,2,0,1,0,0,,0
"POINT (11.072064510000075 49.343332402000044)",Unfall 77985 (2017) Kat:2, Licht: 0,77985,2,2,5,04,14,1,0,0,0,1,0,1,,0
"POINT (11.107979743000044 49.355151924000040)",Unfall 78178 (2017) Kat:3, Licht: 2,78178,3,6,2,04,21,5,0,2,0,1,0,0,,1
"POINT (11.116011122000032 49.458647560000031)",Unfall 78260 (2017) Kat:3, Licht: 0,78260,3,6,2,04,17,4,0,0,0,1,0,0,,0
"POINT (11.086041991000059 49.469698015000063)",Unfall 78261 (2017) Kat:3, Licht: 0,78261,3,3,5,04,16,4,0,0,1,1,0,0,,0
"POINT (11.004471058000036 49.522833895000076)",Unfall 78262 (2017) Kat:3, Licht: 2,78262,3,1,9,04,22,4,0,2,0,1,0,0,,0
"POINT (11.034196909000059 49.410482603000048)",Unfall 78488 (2017) Kat:3, Licht: 0,78488,3,2,4,04,17,5,0,0,0,1,0,0,,0
"POINT (11.045063952000021 49.448777476000032)",Unfall 78489 (2017) Kat:3, Licht: 0,78489,3,6,3,04,17,5,0,0,0,1,0,0,,1
"POINT (11.090385931000071 49.394549852000068)",Unfall 78659 (2017) Kat:3, Licht: 0,78659,3,6,2,04,07,2,0,0,0,1,0,0,,0
"POINT (11.069131955000046 49.429099071000053)",Unfall 78726 (2017) Kat:3, Licht: 0,78726,3,3,5,04,14,1,0,0,0,1,0,0,,0
"POINT (11.103543297000044 49.473350858000060)",Unfall 78754 (2017) Kat:2, Licht: 0,78754,2,6,0,04,14,7,1,0,0,0,0,1,,0
"POINT (11.067924814000037 49.469302329000072)",Unfall 78821 (2017) Kat:3, Licht: 0,78821,3,3,0,04,12,1,0,0,0,1,0,1,,0
"POINT (11.055133756000032 49.445017247000067)",Unfall 78822 (2017) Kat:2, Licht: 0,78822,2,2,4,04,17,1,0,0,1,1,0,0,,0
"POINT (11.086190334000037 49.429177517000028)",Unfall 78823 (2017) Kat:3, Licht: 0,78823,3,7,0,04,17,1,0,0,0,0,0,0,,1
"POINT (11.115694748000067 49.392384628000059)",Unfall 78890 (2017) Kat:3, Licht: 0,78890,3,3,5,04,11,7,0,0,0,1,0,0,,0
"POINT (11.062822351000023 49.438062520000074)",Unfall 78895 (2017) Kat:3, Licht: 0,78895,3,6,2,04,14,7,0,0,0,1,0,0,,0
"POINT (11.068446039000037 49.469502370000043)",Unfall 78896 (2017) Kat:3, Licht: 0,78896,3,6,2,04,11,7,0,0,0,1,0,0,,0
"POINT (11.130778347000046 49.459587746000068)",Unfall 78979 (2017) Kat:3, Licht: 0,78979,3,1,0,04,07,6,1,0,0,0,0,1,,0
"POINT (11.078592611000033 49.430661639000050)",Unfall 79142 (2017) Kat:3, Licht: 0,79142,3,5,1,04,18,4,0,0,0,1,0,0,,1
"POINT (11.084788305000075 49.395290347000071)",Unfall 79185 (2017) Kat:3, Licht: 0,79185,3,3,5,05,14,5,0,0,0,1,0,0,,1
"POINT (11.176077015000033 49.399272708000069)",Unfall 79186 (2017) Kat:3, Licht: 0,79186,3,2,5,05,11,5,0,0,0,1,0,0,,1
"POINT (11.185009908000040 49.392799941000078)",Unfall 79249 (2017) Kat:2, Licht: 0,79249,2,7,3,05,11,4,0,0,0,1,0,0,,0
"POINT (11.089081584000041 49.429479846000049)",Unfall 79255 (2017) Kat:3, Licht: 0,79255,3,6,2,05,08,4,0,0,0,1,0,0,,0
"POINT (11.116934398000069 49.392838106000056)",Unfall 79350 (2017) Kat:3, Licht: 0,79350,3,3,5,05,15,3,1,0,0,1,0,0,,0
"POINT (11.061335345000032 49.428621995000071)",Unfall 79351 (2017) Kat:3, Licht: 0,79351,3,6,2,05,12,3,1,0,0,1,0,0,,0
"POINT (11.051567094000063 49.463378624000029)",Unfall 79352 (2017) Kat:3, Licht: 1,79352,3,2,6,05,06,3,1,1,0,1,1,0,,0
"POINT (11.052645579000057 49.464312913000072)",Unfall 79353 (2017) Kat:3, Licht: 0,79353,3,2,5,05,17,3,0,0,0,1,0,0,,0
"POINT (11.077062016000070 49.342006849000029)",Unfall 79424 (2017) Kat:3, Licht: 1,79424,3,6,2,05,20,2,1,1,0,1,0,0,,0
"POINT (11.121368932000053 49.442977379000070)",Unfall 79516 (2017) Kat:3, Licht: 0,79516,3,6,2,05,07,3,0,0,0,1,0,0,,1
"POINT (11.058864965000055 49.443188670000040)",Unfall 79517 (2017) Kat:3, Licht: 0,79517,3,6,2,05,17,3,0,0,0,1,0,0,,0
"POINT (11.078668587000038 49.388849171000061)",Unfall 79518 (2017) Kat:2, Licht: 1,79518,2,6,4,05,05,3,0,1,1,0,0,0,,0
"POINT (11.109324902000026 49.356608252000058)",Unfall 79587 (2017) Kat:3, Licht: 0,79587,3,6,2,05,07,2,0,0,0,0,0,0,,1
"POINT (11.115105901000049 49.361665643000038)",Unfall 79588 (2017) Kat:2, Licht: 0,79588,2,6,2,05,07,2,0,0,0,1,0,0,,1
"POINT (11.036972447000039 49.422332229000062)",Unfall 79735 (2017) Kat:2, Licht: 0,79735,2,3,5,05,16,7,0,0,1,0,0,0,,0
"POINT (10.993972703000054 49.437283357000069)",Unfall 79736 (2017) Kat:3, Licht: 0,79736,3,6,2,05,08,7,0,0,0,1,0,0,,0
"POINT (11.083183512000062 49.344102407000037)",Unfall 79873 (2017) Kat:3, Licht: 0,79873,3,6,1,05,14,6,0,0,0,1,0,0,,1
"POINT (11.051306219000026 49.463170235000064)",Unfall 79877 (2017) Kat:3, Licht: 0,79877,3,6,2,05,15,6,0,0,0,1,0,0,,1
"POINT (11.105466049000029 49.461264203000042)",Unfall 79878 (2017) Kat:3, Licht: 0,79878,3,1,8,05,10,6,0,0,0,1,0,0,,0
"POINT (11.052421621000065 49.493101743000068)",Unfall 79879 (2017) Kat:3, Licht: 0,79879,3,6,2,05,18,6,0,0,0,1,0,0,,0
"POINT (11.055172407000043 49.445001562000073)",Unfall 79880 (2017) Kat:3, Licht: 0,79880,3,6,2,05,15,6,0,0,0,1,0,0,,0
"POINT (11.201748325000040 49.418092750000028)",Unfall 79991 (2017) Kat:3, Licht: 0,79991,3,7,8,05,07,7,0,0,0,0,0,0,,1
"POINT (11.044735861000049 49.429828542000052)",Unfall 79993 (2017) Kat:3, Licht: 0,79993,3,2,5,05,12,7,1,0,1,1,0,0,,0
"POINT (11.041440487000045 49.456004913000072)",Unfall 79994 (2017) Kat:2, Licht: 0,79994,2,1,6,05,12,7,1,0,0,1,1,0,,0
"POINT (11.121385990000022 49.485197462000031)",Unfall 79995 (2017) Kat:3, Licht: 0,79995,3,2,2,05,12,7,0,0,0,1,0,0,,0
"POINT (11.031350991000068 49.414017815000079)",Unfall 80022 (2017) Kat:3, Licht: 0,80022,3,6,2,05,12,2,0,0,0,1,0,0,,0
"POINT (11.049181773000043 49.364330920000043)",Unfall 80023 (2017) Kat:3, Licht: 0,80023,3,1,0,05,16,2,0,0,1,0,0,0,,0
"POINT (11.085789928000054 49.397371927000052)",Unfall 80024 (2017) Kat:3, Licht: 0,80024,3,6,2,05,12,2,0,0,0,1,0,1,,0
"POINT (11.058265177000067 49.442780207000055)",Unfall 80025 (2017) Kat:3, Licht: 0,80025,3,6,0,05,14,2,0,0,1,0,0,0,,0
"POINT (11.071241226000041 49.339571271000068)",Unfall 80085 (2017) Kat:3, Licht: 0,80085,3,6,2,05,17,6,0,0,0,1,0,0,,0
"POINT (11.054619589000026 49.465759330000026)",Unfall 80228 (2017) Kat:3, Licht: 0,80228,3,2,5,05,07,5,0,0,1,1,0,0,,0
"POINT (11.056906443000059 49.429302461000077)",Unfall 80374 (2017) Kat:3, Licht: 0,80374,3,6,2,05,13,4,0,0,0,1,0,0,,1
"POINT (11.086657569000067 49.429174124000042)",Unfall 80375 (2017) Kat:3, Licht: 0,80375,3,2,6,05,07,4,0,0,0,1,1,0,,0
"POINT (11.052106197000057 49.463747007000052)",Unfall 80376 (2017) Kat:3, Licht: 0,80376,3,6,2,05,16,4,0,0,0,1,0,0,,0
"POINT (11.171958318000065 49.391349626000078)",Unfall 80523 (2017) Kat:3, Licht: 2,80523,3,6,2,05,22,6,1,2,0,1,0,0,,0
"POINT (11.183674985000039 49.392545598000027)",Unfall 80540 (2017) Kat:2, Licht: 0,80540,2,6,2,05,17,4,0,0,0,1,0,0,,1
"POINT (11.159605792000036 49.420974427000033)",Unfall 80543 (2017) Kat:3, Licht: 0,80543,3,6,2,05,11,6,0,0,0,1,0,0,,0
"POINT (11.148539088000064 49.473195093000072)",Unfall 80549 (2017) Kat:3, Licht: 0,80549,3,6,4,05,08,6,0,0,0,1,0,0,,0
"POINT (11.159947633000058 49.420855132000042)",Unfall 80550 (2017) Kat:3, Licht: 0,80550,3,1,9,05,19,4,0,0,0,0,0,1,,0
"POINT (11.124416269000051 49.435040438000044)",Unfall 80552 (2017) Kat:2, Licht: 0,80552,2,3,5,05,13,6,0,0,1,1,0,0,,0
"POINT (11.035991324000065 49.440937157000064)",Unfall 80554 (2017) Kat:3, Licht: 0,80554,3,2,4,05,11,6,0,0,0,1,0,0,,0
"POINT (11.098437623000052 49.431190307000065)",Unfall 80732 (2017) Kat:3, Licht: 0,80732,3,3,5,05,18,3,0,0,0,1,0,0,,0
"POINT (11.059090806000029 49.466602921000060)",Unfall 80734 (2017) Kat:3, Licht: 0,80734,3,6,2,05,16,3,0,0,0,1,0,0,,0
"POINT (11.036604240000031 49.400490311000055)",Unfall 80735 (2017) Kat:3, Licht: 0,80735,3,7,5,05,09,3,0,0,0,1,0,1,,0
"POINT (11.036255608000033 49.420093388000055)",Unfall 80747 (2017) Kat:3, Licht: 0,80747,3,3,5,05,16,3,0,0,1,1,0,0,,0
"POINT (11.118239053000025 49.456152039000074)",Unfall 80748 (2017) Kat:3, Licht: 0,80748,3,3,5,05,12,3,0,0,1,0,0,0,,1
"POINT (11.068737213000077 49.338136550000058)",Unfall 80822 (2017) Kat:3, Licht: 0,80822,3,6,3,05,05,5,0,0,0,1,0,0,,1
"POINT (11.113874058000022 49.459651650000069)",Unfall 80854 (2017) Kat:3, Licht: 0,80854,3,3,5,05,14,5,0,0,1,0,0,0,,0
"POINT (11.081580478000035 49.469427869000071)",Unfall 80856 (2017) Kat:3, Licht: 0,80856,3,2,5,05,07,5,0,0,1,0,0,0,,0
"POINT (11.121641872000055 49.456802363000065)",Unfall 80861 (2017) Kat:2, Licht: 0,80861,2,7,3,05,14,5,0,0,0,1,0,0,,0
"POINT (11.170521548000067 49.391387557000030)",Unfall 80882 (2017) Kat:3, Licht: 0,80882,3,6,3,05,07,2,0,0,0,1,0,0,,0
"POINT (11.103204423000022 49.351645600000040)",Unfall 80945 (2017) Kat:3, Licht: 0,80945,3,6,2,05,11,4,0,0,0,1,0,0,,1
"POINT (11.162751739000043 49.390429283000060)",Unfall 80948 (2017) Kat:3, Licht: 0,80948,3,6,2,05,16,4,0,0,0,1,0,0,,0
"POINT (11.032327223000038 49.386970199000075)",Unfall 80958 (2017) Kat:2, Licht: 0,80958,2,4,6,05,18,4,0,0,0,1,1,0,,0
"POINT (11.067766327000072 49.469920521000063)",Unfall 80959 (2017) Kat:3, Licht: 0,80959,3,1,0,05,16,4,0,0,1,0,0,0,,0
"POINT (11.035049430000072 49.404951958000026)",Unfall 80961 (2017) Kat:3, Licht: 0,80961,3,6,3,05,05,4,0,0,0,1,0,0,,0
"POINT (11.103825965000055 49.474365545000069)",Unfall 80962 (2017) Kat:3, Licht: 0,80962,3,6,2,05,11,4,0,0,0,1,0,0,,0
"POINT (11.036101315000053 49.457388807000029)",Unfall 81150 (2017) Kat:3, Licht: 2,81150,3,1,8,05,00,3,0,2,0,1,0,0,,0
"POINT (11.082401793000031 49.343838375000075)",Unfall 81278 (2017) Kat:3, Licht: 0,81278,3,6,2,05,12,5,0,0,0,1,0,0,,0
"POINT (11.055136516000061 49.445016126000041)",Unfall 81287 (2017) Kat:3, Licht: 0,81287,3,2,5,05,18,5,0,0,1,1,0,0,,0
"POINT (11.044890040000041 49.458689963000040)",Unfall 81305 (2017) Kat:3, Licht: 0,81305,3,6,2,05,13,2,0,0,0,1,0,0,,1
"POINT (11.035047429000031 49.404903811000054)",Unfall 81306 (2017) Kat:3, Licht: 0,81306,3,4,6,05,07,2,0,0,0,1,1,0,,0
"POINT (11.086463509000055 49.429173391000063)",Unfall 81308 (2017) Kat:3, Licht: 0,81308,3,1,0,05,13,2,0,0,0,0,0,1,,0
"POINT (11.071517034000067 49.429742222000073)",Unfall 81310 (2017) Kat:1, Licht: 0,81310,1,2,3,05,08,2,0,0,1,0,0,0,,1
"POINT (11.107913083000028 49.384589830000039)",Unfall 81414 (2017) Kat:2, Licht: 2,81414,2,1,8,05,00,7,1,2,0,1,0,0,,0
"POINT (11.110062933000052 49.478862822000053)",Unfall 81416 (2017) Kat:3, Licht: 0,81416,3,6,2,05,17,7,0,0,0,1,0,0,,0
"POINT (11.083128844000044 49.344083943000044)",Unfall 81513 (2017) Kat:3, Licht: 0,81513,3,6,2,05,10,1,0,0,0,1,0,0,,0
"POINT (11.097165143000041 49.357826072000080)",Unfall 81677 (2017) Kat:2, Licht: 0,81677,2,1,0,05,19,3,0,0,0,0,0,1,,0
"POINT (11.172035561000030 49.468922300000031)",Unfall 81678 (2017) Kat:3, Licht: 0,81678,3,6,2,05,17,3,0,0,0,1,0,0,,0
"POINT (11.066551238000045 49.428216096000028)",Unfall 81679 (2017) Kat:3, Licht: 2,81679,3,1,6,05,22,3,0,2,0,1,1,0,,0
"POINT (11.074566599000036 49.430164350000041)",Unfall 81887 (2017) Kat:3, Licht: 0,81887,3,1,9,05,15,2,0,0,0,0,0,1,,0
"POINT (11.024995508000075 49.460877485000026)",Unfall 81889 (2017) Kat:3, Licht: 0,81889,3,3,5,05,17,2,0,0,1,1,0,0,,0
"POINT (11.167722749000063 49.468981131000078)",Unfall 81891 (2017) Kat:3, Licht: 0,81891,3,3,5,05,08,2,0,0,0,1,0,0,,0
"POINT (11.163647910000066 49.406790717000035)",Unfall 81898 (2017) Kat:3, Licht: 0,81898,3,4,6,05,07,6,0,0,0,0,1,1,,0
"POINT (11.035749943000042 49.421336335000035)",Unfall 81919 (2017) Kat:3, Licht: 0,81919,3,6,2,05,07,6,0,0,0,1,0,0,,1
"POINT (11.038218800000038 49.434452399000065)",Unfall 81952 (2017) Kat:3, Licht: 0,81952,3,7,0,05,09,6,0,0,0,0,0,0,,1
"POINT (11.065293439000072 49.426057845000059)",Unfall 82127 (2017) Kat:3, Licht: 0,82127,3,6,2,06,14,6,0,0,0,1,0,1,,0
"POINT (11.033997494000062 49.410960532000047)",Unfall 82128 (2017) Kat:3, Licht: 0,82128,3,6,2,06,12,6,0,0,0,1,0,0,,0
"POINT (11.100931378000041 49.469965542000068)",Unfall 82129 (2017) Kat:3, Licht: 0,82129,3,7,0,06,13,6,0,0,0,1,0,0,,0