WKT,Name,OBJECTID,UKATEGORIE,UTYP1,UART,UMONAT,USTUNDE,UWOCHENTAG,STRZUSTAND,ULICHTVERH,ISTRAD,ISTPKW,ISTFUSS,ISTKRAD,ISTGKFZ,ISTSONSTIG
"POINT (11.106088581000051 49.419344291000073)",Unfall 82130 (2017) Kat:3, Licht: 0,82130,3,3,5,06,15,6,0,0,1,1,0,0,,0
"POINT (11.036781989000076 49.449414685000079)",Unfall 82241 (2017) Kat:3, Licht: 0,82241,3,3,5,06,08,5,0,0,0,1,0,0,,0
"POINT (11.142497497000022 49.463153623000039)",Unfall 82242 (2017) Kat:3, Licht: 0,82242,3,4,6,06,15,5,0,0,0,1,1,0,,0
"POINT (11.081561986000054 49.469554273000028)",Unfall 82243 (2017) Kat:2, Licht: 0,82243,2,2,4,06,07,5,0,0,1,0,0,0,,1
"POINT (11.084821252000040 49.395319118000032)",Unfall 82244 (2017) Kat:3, Licht: 0,82244,3,2,4,06,07,5,0,0,1,1,0,0,,0
"POINT (11.103843267000059 49.474427515000059)",Unfall 82245 (2017) Kat:3, Licht: 0,82245,3,2,5,06,16,5,0,0,1,1,0,0,,0
"POINT (11.161106067000048 49.468498943000043)",Unfall 82246 (2017) Kat:3, Licht: 0,82246,3,6,2,06,17,5,0,0,0,1,0,1,,0
"POINT (11.036164144000054 49.448032726000065)",Unfall 82247 (2017) Kat:3, Licht: 0,82247,3,1,0,06,19,5,0,0,1,0,0,0,,0
"POINT (11.141622084000062 49.472256662000063)",Unfall 82406 (2017) Kat:3, Licht: 0,82406,3,2,5,06,07,3,0,0,1,1,0,0,,0
"POINT (11.039843714000028 49.430980261000059)",Unfall 82409 (2017) Kat:3, Licht: 0,82409,3,3,5,06,16,3,1,0,0,1,0,0,,0
"POINT (11.058272386000056 49.348827534000065)",Unfall 82410 (2017) Kat:3, Licht: 0,82410,3,3,5,06,11,3,0,0,0,1,0,0,,0
"POINT (11.026816162000046 49.460271406000061)",Unfall 82478 (2017) Kat:3, Licht: 0,82478,3,3,5,06,14,2,0,0,0,1,0,0,,1
"POINT (11.159976917000051 49.420844902000056)",Unfall 82479 (2017) Kat:3, Licht: 0,82479,3,6,2,06,09,2,0,0,0,1,0,0,,0
"POINT (11.103622389000066 49.428647653000041)",Unfall 82531 (2017) Kat:3, Licht: 0,82531,3,6,4,06,17,1,0,0,1,0,0,0,,0
"POINT (11.086324893000040 49.429301047000081)",Unfall 82532 (2017) Kat:3, Licht: 0,82532,3,6,2,06,18,1,0,0,0,1,0,0,,0
"POINT (11.115264218000050 49.459068864000074)",Unfall 82591 (2017) Kat:3, Licht: 0,82591,3,1,0,06,19,7,0,0,1,0,0,0,,0
"POINT (11.057575264000036 49.429101094000032)",Unfall 82592 (2017) Kat:3, Licht: 0,82592,3,7,5,06,14,7,0,0,0,1,0,0,,0
"POINT (11.132389002000025 49.460491825000076)",Unfall 82593 (2017) Kat:3, Licht: 0,82593,3,3,5,06,15,7,1,0,0,1,0,0,,0
"POINT (11.116737349000061 49.392836119000037)",Unfall 82740 (2017) Kat:3, Licht: 1,82740,3,3,0,06,20,7,0,1,0,1,0,1,,0
"POINT (11.044556922000027 49.429737457000044)",Unfall 82741 (2017) Kat:3, Licht: 0,82741,3,1,0,06,10,7,0,0,0,1,0,0,,0
"POINT (11.035046653000052 49.404885134000040)",Unfall 82828 (2017) Kat:3, Licht: 0,82828,3,3,5,06,14,6,0,0,1,1,0,0,,0
"POINT (11.037944693000043 49.423431049000044)",Unfall 82921 (2017) Kat:3, Licht: 0,82921,3,6,2,06,12,5,0,0,0,1,0,1,,0
"POINT (11.179546783000035 49.392030775000080)",Unfall 82970 (2017) Kat:3, Licht: 2,82970,3,1,0,06,03,4,0,2,0,1,0,0,,0
"POINT (11.068728813000064 49.429006313000059)",Unfall 82981 (2017) Kat:2, Licht: 0,82981,2,1,8,06,12,4,0,0,0,1,0,0,,0
"POINT (11.135871645000066 49.461644371000034)",Unfall 82982 (2017) Kat:3, Licht: 0,82982,3,6,2,06,17,4,0,0,0,1,0,0,,0
"POINT (11.071171420000042 49.469610710000040)",Unfall 82983 (2017) Kat:2, Licht: 0,82983,2,2,4,06,07,4,0,0,1,1,0,0,,0
"POINT (11.071110822000037 49.469611793000070)",Unfall 82984 (2017) Kat:3, Licht: 0,82984,3,2,5,06,20,4,0,0,1,1,0,0,,0
"POINT (11.037666679000040 49.397577429000080)",Unfall 82985 (2017) Kat:3, Licht: 0,82985,3,6,1,06,17,4,0,0,0,1,0,0,,1
"POINT (11.099574473000075 49.375276914000040)",Unfall 83114 (2017) Kat:3, Licht: 0,83114,3,3,5,06,15,3,0,0,0,0,0,1,,1
"POINT (11.114806131000023 49.403695455000047)",Unfall 83116 (2017) Kat:3, Licht: 0,83116,3,6,2,06,13,3,0,0,0,1,0,0,,0
"POINT (11.062960912000051 49.440715669000042)",Unfall 83255 (2017) Kat:3, Licht: 0,83255,3,6,2,06,18,2,0,0,0,1,0,0,,0
"POINT (11.036784367000052 49.438567559000035)",Unfall 83256 (2017) Kat:3, Licht: 0,83256,3,6,2,06,10,2,0,0,0,1,0,1,,0
"POINT (11.141053703000068 49.462872290000064)",Unfall 83257 (2017) Kat:3, Licht: 0,83257,3,6,1,06,15,2,0,0,0,1,0,0,,0
"POINT (11.033747868000034 49.518872301000044)",Unfall 83258 (2017) Kat:3, Licht: 0,83258,3,2,5,06,17,2,0,0,1,0,0,0,,0
"POINT (11.051487846000043 49.430030626000075)",Unfall 83395 (2017) Kat:3, Licht: 0,83395,3,5,1,06,18,2,0,0,1,1,0,0,,0
"POINT (11.040274437000051 49.454348970000069)",Unfall 83398 (2017) Kat:3, Licht: 0,83398,3,3,5,06,07,2,0,0,1,0,1,0,,0
"POINT (11.081534480000073 49.469555156000069)",Unfall 83401 (2017) Kat:3, Licht: 0,83401,3,3,5,06,18,2,0,0,0,1,0,0,,0
"POINT (11.024718152000048 49.461110984000072)",Unfall 83418 (2017) Kat:3, Licht: 0,83418,3,1,0,06,14,2,0,0,1,0,0,0,,0
"POINT (11.071215038000048 49.339558078000039)",Unfall 83510 (2017) Kat:3, Licht: 0,83510,3,6,2,06,15,7,0,0,0,1,0,0,,0
"POINT (11.121972844000027 49.444772897000064)",Unfall 83517 (2017) Kat:3, Licht: 0,83517,3,3,5,06,19,7,0,0,1,0,0,0,,0
"POINT (11.025029256000039 49.460866276000047)",Unfall 83616 (2017) Kat:3, Licht: 0,83616,3,5,5,06,19,6,0,0,1,1,0,0,,0
"POINT (11.036219890000041 49.439343919000066)",Unfall 83617 (2017) Kat:3, Licht: 0,83617,3,6,3,06,10,6,0,0,0,1,0,0,,1
"POINT (11.115985658000056 49.481608875000063)",Unfall 83618 (2017) Kat:3, Licht: 0,83618,3,2,5,06,17,6,0,0,1,1,0,0,,0
"POINT (11.118237917000044 49.455833153000071)",Unfall 83780 (2017) Kat:3, Licht: 0,83780,3,2,5,06,16,5,0,0,1,0,0,0,,1
"POINT (11.117257399000039 49.437140684000042)",Unfall 83781 (2017) Kat:3, Licht: 0,83781,3,6,0,06,08,5,0,0,0,1,0,0,,0
"POINT (11.072975118000045 49.469568656000035)",Unfall 83921 (2017) Kat:2, Licht: 0,83921,2,2,3,06,13,4,0,0,1,1,0,0,,0
"POINT (11.034767287000022 49.457816838000042)",Unfall 83927 (2017) Kat:3, Licht: 0,83927,3,3,5,06,13,6,0,0,1,1,0,0,,0
"POINT (11.071071767000035 49.469612491000078)",Unfall 83997 (2017) Kat:3, Licht: 0,83997,3,2,5,06,07,6,0,0,1,0,0,0,,1
"POINT (11.085842640000067 49.469646776000047)",Unfall 84090 (2017) Kat:3, Licht: 0,84090,3,6,2,06,07,3,0,0,0,1,0,0,,0
"POINT (11.079351210000027 49.414557233000039)",Unfall 84091 (2017) Kat:3, Licht: 0,84091,3,6,2,06,16,3,0,0,0,1,0,0,,0
"POINT (11.016535138000052 49.463970161000077)",Unfall 84092 (2017) Kat:3, Licht: 0,84092,3,1,0,06,17,3,0,0,1,0,0,0,,0
"POINT (11.023227976000044 49.461605450000036)",Unfall 84093 (2017) Kat:3, Licht: 0,84093,3,1,0,06,16,3,0,0,1,0,0,0,,0
"POINT (10.994065301000035 49.437449981000043)",Unfall 84094 (2017) Kat:3, Licht: 0,84094,3,2,0,06,14,3,0,0,0,1,0,0,,1
"POINT (11.032678858000054 49.388112861000081)",Unfall 84309 (2017) Kat:3, Licht: 0,84309,3,2,6,06,19,7,0,0,0,1,1,0,,0
"POINT (11.059845910000035 49.346499894000033)",Unfall 84316 (2017) Kat:2, Licht: 0,84316,2,3,5,06,09,7,0,0,1,0,0,1,,0
"POINT (11.059240621000072 49.466876109000054)",Unfall 84331 (2017) Kat:3, Licht: 0,84331,3,1,0,06,10,4,1,0,0,0,0,1,,0
"POINT (11.049331362000032 49.461489374000053)",Unfall 84332 (2017) Kat:3, Licht: 2,84332,3,5,1,06,23,4,1,2,1,0,0,0,,1
"POINT (11.060712628000033 49.480159657000058)",Unfall 84333 (2017) Kat:3, Licht: 2,84333,3,3,6,06,00,4,0,2,0,1,1,0,,0
"POINT (11.063366245000054 49.467807662000041)",Unfall 84483 (2017) Kat:3, Licht: 0,84483,3,2,5,06,16,3,0,0,0,1,0,1,,0
"POINT (11.038005640000051 49.434358614000075)",Unfall 84484 (2017) Kat:3, Licht: 0,84484,3,6,2,06,07,3,0,0,0,1,0,0,,0
"POINT (11.051688717000047 49.358733204000032)",Unfall 84557 (2017) Kat:3, Licht: 0,84557,3,3,5,06,13,1,0,0,1,1,0,0,,0
"POINT (11.045074924000062 49.458812135000073)",Unfall 84659 (2017) Kat:3, Licht: 0,84659,3,6,3,06,10,2,0,0,0,1,0,0,,0
"POINT (11.033351332000052 49.458271574000037)",Unfall 84660 (2017) Kat:3, Licht: 0,84660,3,6,2,06,15,2,0,0,0,1,0,0,,0
"POINT (10.994166861000053 49.437412632000076)",Unfall 84661 (2017) Kat:3, Licht: 0,84661,3,2,4,06,11,2,0,0,0,1,0,1,,0
"POINT (11.065662226000029 49.428015051000045)",Unfall 84875 (2017) Kat:3, Licht: 2,84875,3,2,5,07,22,2,0,2,1,1,0,0,,0
"POINT (11.103891737000026 49.462944254000035)",Unfall 84876 (2017) Kat:3, Licht: 0,84876,3,6,2,07,14,2,0,0,0,1,0,0,,0
"POINT (11.093939781000074 49.394560014000035)",Unfall 85030 (2017) Kat:3, Licht: 0,85030,3,1,8,06,06,5,1,0,0,1,0,0,,0
"POINT (11.159965208000074 49.420848993000050)",Unfall 85044 (2017) Kat:3, Licht: 0,85044,3,6,2,07,16,1,0,0,0,1,0,0,,0
"POINT (11.181042763000050 49.392093879000072)",Unfall 85059 (2017) Kat:3, Licht: 0,85059,3,6,2,06,14,5,0,0,0,1,0,0,,0
"POINT (11.091200460000039 49.394442028000071)",Unfall 85063 (2017) Kat:3, Licht: 0,85063,3,6,2,06,06,5,1,0,0,1,0,0,,1
"POINT (11.117799713000068 49.437994064000065)",Unfall 85067 (2017) Kat:3, Licht: 0,85067,3,3,5,06,09,5,1,0,0,1,0,0,,0
"POINT (11.012433104000024 49.465477347000046)",Unfall 85068 (2017) Kat:3, Licht: 0,85068,3,2,0,06,07,5,1,0,0,0,0,1,,1
"POINT (11.058652645000052 49.484318666000036)",Unfall 85082 (2017) Kat:3, Licht: 0,85082,3,6,2,06,12,5,1,0,0,1,0,0,,0
"POINT (11.083211647000041 49.429933368000036)",Unfall 85097 (2017) Kat:3, Licht: 0,85097,3,1,0,06,12,5,1,0,0,0,0,1,,0
"POINT (11.118610617000058 49.439061845000026)",Unfall 85099 (2017) Kat:3, Licht: 0,85099,3,6,2,06,14,5,1,0,0,1,0,0,,1
"POINT (11.023106119000033 49.461645875000045)",Unfall 85148 (2017) Kat:3, Licht: 2,85148,3,3,5,07,22,7,1,2,0,1,0,0,,0
"POINT (11.117978639000057 49.438065630000040)",Unfall 85149 (2017) Kat:2, Licht: 0,85149,2,1,0,07,17,7,0,0,1,0,0,0,,0
"POINT (11.104178007000030 49.475980586000048)",Unfall 85153 (2017) Kat:3, Licht: 0,85153,3,7,0,07,12,7,0,0,1,0,0,0,,0
"POINT (11.023016873000074 49.461534441000026)",Unfall 85154 (2017) Kat:3, Licht: 0,85154,3,6,2,07,14,7,0,0,0,1,0,0,,0
"POINT (11.121507621000035 49.399450128000069)",Unfall 85244 (2017) Kat:3, Licht: 0,85244,3,6,3,07,17,3,0,0,0,1,0,0,,0
"POINT (11.170513140000025 49.468852614000070)",Unfall 85292 (2017) Kat:2, Licht: 0,85292,2,6,4,06,14,6,0,0,0,1,0,0,,0
"POINT (11.052501889000041 49.429853200000082)",Unfall 85293 (2017) Kat:3, Licht: 0,85293,3,2,5,06,10,6,0,0,0,1,0,0,,0
"POINT (11.076152850000028 49.430532743000072)",Unfall 85294 (2017) Kat:3, Licht: 0,85294,3,6,2,06,16,6,0,0,0,1,0,0,,0
"POINT (11.179548978000071 49.392031026000041)",Unfall 85366 (2017) Kat:3, Licht: 0,85366,3,6,2,07,16,2,0,0,0,1,0,0,,0
"POINT (11.044653247000042 49.429858926000065)",Unfall 85381 (2017) Kat:3, Licht: 0,85381,3,2,5,07,10,2,0,0,1,1,0,0,,0
"POINT (11.027633365000042 49.420515632000047)",Unfall 85384 (2017) Kat:3, Licht: 0,85384,3,2,5,07,06,2,0,0,1,1,0,0,,0
"POINT (11.086137973000064 49.469727764000027)",Unfall 85450 (2017) Kat:3, Licht: 0,85450,3,2,5,07,09,6,0,0,1,1,0,0,,0
"POINT (11.129507092000040 49.390527734000045)",Unfall 85551 (2017) Kat:3, Licht: 0,85551,3,2,0,07,15,5,0,0,1,1,0,0,,0
"POINT (11.103356660000031 49.431526437000059)",Unfall 85606 (2017) Kat:3, Licht: 0,85606,3,6,2,07,14,1,0,0,0,1,0,1,,0
"POINT (11.056823731000065 49.429212769000060)",Unfall 85642 (2017) Kat:3, Licht: 0,85642,3,1,6,07,07,4,0,0,1,0,1,0,,0
"POINT (10.997322703000066 49.434960368000077)",Unfall 85643 (2017) Kat:3, Licht: 0,85643,3,6,2,07,19,4,0,0,0,1,0,0,,0
"POINT (11.072625996000056 49.404845155000032)",Unfall 85705 (2017) Kat:3, Licht: 0,85705,3,6,2,07,09,5,0,0,0,1,0,0,,1
"POINT (11.135744435000049 49.461624931000074)",Unfall 85721 (2017) Kat:3, Licht: 1,85721,3,2,4,07,21,6,0,1,1,1,0,0,,0
"POINT (11.065399993000028 49.425480394000033)",Unfall 85741 (2017) Kat:3, Licht: 0,85741,3,2,5,07,07,5,0,0,1,1,0,0,,0
"POINT (11.103402608000067 49.472792578000053)",Unfall 85793 (2017) Kat:3, Licht: 2,85793,3,2,5,07,00,7,0,2,0,1,0,0,,0
"POINT (11.037332238000033 49.456848162000028)",Unfall 85794 (2017) Kat:3, Licht: 0,85794,3,6,3,07,13,7,0,0,0,1,0,1,,0
"POINT (11.054622001000041 49.465760771000078)",Unfall 85810 (2017) Kat:3, Licht: 0,85810,3,2,5,07,15,5,0,0,1,1,0,0,,0
"POINT (11.033573915000034 49.517073985000081)",Unfall 86007 (2017) Kat:3, Licht: 0,86007,3,3,5,07,08,4,0,0,1,1,0,0,,0
"POINT (11.117767357000048 49.438106926000046)",Unfall 86008 (2017) Kat:3, Licht: 0,86008,3,1,1,07,18,4,1,0,0,1,0,0,,1
"POINT (11.084678628000063 49.429493996000076)",Unfall 86111 (2017) Kat:3, Licht: 0,86111,3,6,1,07,19,3,0,0,0,1,0,0,,1
"POINT (11.061284335000039 49.467036015000076)",Unfall 86112 (2017) Kat:3, Licht: 0,86112,3,6,2,07,09,3,1,0,0,1,0,0,,0
"POINT (11.065443610000045 49.427895680000063)",Unfall 86113 (2017) Kat:3, Licht: 0,86113,3,3,5,07,06,3,1,0,1,1,0,0,,0
"POINT (11.046808807000048 49.448098735000031)",Unfall 86114 (2017) Kat:3, Licht: 0,86114,3,6,2,07,17,3,0,0,0,1,0,0,,1
"POINT (11.043017491000057 49.430001613000059)",Unfall 86201 (2017) Kat:3, Licht: 0,86201,3,1,5,07,17,7,0,0,1,1,0,0,,0
"POINT (11.038016698000035 49.456623965000063)",Unfall 86340 (2017) Kat:3, Licht: 1,86340,3,5,0,07,18,6,1,1,1,1,0,0,,0
"POINT (11.100693891000049 49.431246548000047)",Unfall 86341 (2017) Kat:3, Licht: 0,86341,3,7,5,07,15,6,0,0,0,1,0,0,,0
"POINT (11.134186715000055 49.461421858000051)",Unfall 86342 (2017) Kat:3, Licht: 0,86342,3,7,0,07,13,6,0,0,1,0,0,0,,0
"POINT (11.050879763000069 49.407648247000054)",Unfall 86343 (2017) Kat:3, Licht: 0,86343,3,3,4,07,20,6,1,0,0,1,0,0,,0
"POINT (11.146524779000060 49.472916654000073)",Unfall 86455 (2017) Kat:2, Licht: 0,86455,2,6,4,07,12,5,0,0,0,1,0,0,,0
"POINT (11.037919764000037 49.396494025000038)",Unfall 86457 (2017) Kat:3, Licht: 0,86457,3,2,5,07,07,5,0,0,1,1,0,0,,0
"POINT (11.103834180000035 49.474394968000070)",Unfall 86532 (2017) Kat:3, Licht: 0,86532,3,6,2,07,07,4,0,0,0,1,0,0,,0
"POINT (11.062989526000024 49.440724299000067)",Unfall 86533 (2017) Kat:3, Licht: 0,86533,3,6,3,07,13,4,0,0,0,1,0,1,,0
"POINT (11.037564514000053 49.456913074000056)",Unfall 86616 (2017) Kat:3, Licht: 0,86616,3,6,3,07,18,3,0,0,0,1,0,0,,0
"POINT (11.182222176000039 49.417722249000064)",Unfall 86617 (2017) Kat:2, Licht: 0,86617,2,4,6,07,10,3,0,0,0,1,1,0,,0
"POINT (11.152875178000045 49.416207242000041)",Unfall 86618 (2017) Kat:3, Licht: 0,86618,3,2,5,07,08,3,0,0,1,1,0,0,,0
"POINT (11.087615053000036 49.394592687000056)",Unfall 86713 (2017) Kat:3, Licht: 0,86713,3,1,8,07,20,2,0,0,0,1,0,0,,0
"POINT (11.120020819000047 49.436977212000045)",Unfall 86719 (2017) Kat:3, Licht: 0,86719,3,6,2,07,16,2,0,0,0,1,0,0,,0
"POINT (11.036040527000068 49.446464048000053)",Unfall 86720 (2017) Kat:3, Licht: 0,86720,3,6,2,07,10,2,0,0,0,1,0,0,,0
"POINT (11.062893168000073 49.439368934000072)",Unfall 86815 (2017) Kat:3, Licht: 0,86815,3,6,2,07,12,1,0,0,0,1,0,0,,0
"POINT (11.096358137000038 49.431243071000040)",Unfall 86872 (2017) Kat:3, Licht: 0,86872,3,2,5,07,12,7,0,0,1,1,0,0,,0
"POINT (11.127869602000033 49.393563767000046)",Unfall 86988 (2017) Kat:3, Licht: 0,86988,3,2,4,07,14,6,0,0,0,1,0,0,,0
"POINT (11.046454345000029 49.429987867000079)",Unfall 86989 (2017) Kat:3, Licht: 0,86989,3,6,2,07,14,6,0,0,0,1,0,0,,1
"POINT (11.174511741000060 49.468948517000058)",Unfall 86990 (2017) Kat:3, Licht: 0,86990,3,6,2,07,15,6,0,0,0,1,0,0,,0
"POINT (11.036789059000057 49.400146707000033)",Unfall 86991 (2017) Kat:3, Licht: 0,86991,3,3,5,07,19,6,0,0,1,1,0,0,,0
"POINT (11.157444744000031 49.389296715000057)",Unfall 87116 (2017) Kat:3, Licht: 0,87116,3,6,2,07,07,5,0,0,0,0,0,0,,1
"POINT (11.067853659000036 49.469292256000074)",Unfall 87121 (2017) Kat:3, Licht: 0,87121,3,6,2,07,07,5,0,0,0,1,0,0,,0
"POINT (11.097875460000068 49.467096625000067)",Unfall 87122 (2017) Kat:3, Licht: 2,87122,3,3,5,07,23,5,0,2,0,1,0,0,,0
"POINT (11.103402956000025 49.472793643000045)",Unfall 87123 (2017) Kat:3, Licht: 0,87123,3,2,5,07,17,5,0,0,1,1,0,0,,0
"POINT (11.037620744000037 49.451398779000044)",Unfall 87229 (2017) Kat:3, Licht: 0,87229,3,6,2,07,18,5,0,0,0,1,0,0,,0
"POINT (11.055136516000061 49.445016126000041)",Unfall 87354 (2017) Kat:3, Licht: 0,87354,3,2,4,07,14,4,1,0,1,1,0,0,,0
"POINT (11.113166194000030 49.412037553000062)",Unfall 87355 (2017) Kat:3, Licht: 0,87355,3,6,2,07,10,4,1,0,0,1,0,0,,0
"POINT (11.042341591000024 49.456872884000063)",Unfall 87356 (2017) Kat:3, Licht: 0,87356,3,6,2,07,06,4,1,0,0,1,0,0,,1
"POINT (11.034783926000046 49.457811495000044)",Unfall 87490 (2017) Kat:3, Licht: 0,87490,3,3,5,07,14,3,1,0,1,1,0,0,,0
"POINT (11.105153023000071 49.461387143000081)",Unfall 87491 (2017) Kat:3, Licht: 0,87491,3,2,5,07,18,3,1,0,1,1,0,0,,0
"POINT (11.084186629000044 49.409258155000032)",Unfall 87492 (2017) Kat:3, Licht: 0,87492,3,1,0,07,16,3,1,0,0,0,0,1,,0
"POINT (11.115485183000033 49.507115955000074)",Unfall 87584 (2017) Kat:3, Licht: 0,87584,3,6,2,07,07,1,1,0,0,1,0,0,,0
"POINT (11.171356430000060 49.391322123000066)",Unfall 87604 (2017) Kat:3, Licht: 0,87604,3,6,2,07,12,1,0,0,0,1,0,0,,0
"POINT (11.104419781000047 49.462266715000055)",Unfall 87608 (2017) Kat:3, Licht: 0,87608,3,6,2,07,14,2,1,0,0,1,0,0,,1
"POINT (11.036475449000022 49.448540495000032)",Unfall 87612 (2017) Kat:3, Licht: 2,87612,3,2,0,07,23,1,0,2,0,0,0,0,,1
"POINT (11.104235599000049 49.476088796000056)",Unfall 87657 (2017) Kat:3, Licht: 0,87657,3,3,5,07,06,2,0,0,1,1,0,0,,0
"POINT (11.080775069000026 49.343276520000074)",Unfall 87909 (2017) Kat:3, Licht: 0,87909,3,6,2,07,19,7,0,0,0,1,0,0,,0
"POINT (11.022730962000026 49.461630432000049)",Unfall 87916 (2017) Kat:3, Licht: 0,87916,3,6,2,07,18,7,0,0,0,1,0,0,,0
"POINT (11.051413279000030 49.446176613000034)",Unfall 88039 (2017) Kat:3, Licht: 0,88039,3,6,2,07,15,6,0,0,0,1,0,0,,0
"POINT (11.042980551000028 49.388820926000051)",Unfall 88063 (2017) Kat:3, Licht: 0,88063,3,6,8,07,19,5,0,0,0,1,0,0,,0
"POINT (11.121505413000023 49.456761861000075)",Unfall 88080 (2017) Kat:3, Licht: 0,88080,3,6,3,07,13,5,1,0,0,1,0,0,,0
"POINT (11.098441829000024 49.467674745000068)",Unfall 88137 (2017) Kat:3, Licht: 0,88137,3,2,5,08,15,7,0,0,0,1,0,1,,0
"POINT (11.123424579000073 49.397919798000032)",Unfall 88213 (2017) Kat:3, Licht: 0,88213,3,2,5,08,18,5,1,0,0,1,0,0,,0
"POINT (11.123824530000036 49.466337581000062)",Unfall 88304 (2017) Kat:3, Licht: 0,88304,3,2,5,08,11,6,0,0,0,1,0,1,,0
"POINT (11.035983296000040 49.441052089000038)",Unfall 88353 (2017) Kat:3, Licht: 0,88353,3,2,5,08,13,4,0,0,1,0,0,0,,1
"POINT (11.099571785000023 49.353595939000058)",Unfall 88354 (2017) Kat:3, Licht: 0,88354,3,1,0,08,14,4,0,0,1,0,0,0,,0
"POINT (11.041135358000076 49.455602114000044)",Unfall 88508 (2017) Kat:3, Licht: 0,88508,3,6,2,08,16,3,0,0,0,1,0,0,,0
"POINT (11.041218936000064 49.455715559000055)",Unfall 88804 (2017) Kat:3, Licht: 0,88804,3,3,0,08,19,3,1,0,0,1,0,1,,0
"POINT (11.056233894000059 49.351619133000042)",Unfall 88805 (2017) Kat:3, Licht: 0,88805,3,3,5,08,16,3,0,0,0,1,0,0,,0
"POINT (11.137388284000053 49.461903524000036)",Unfall 88874 (2017) Kat:3, Licht: 0,88874,3,6,1,08,08,5,0,0,0,1,0,0,,0
"POINT (11.055375424000033 49.444914325000070)",Unfall 88875 (2017) Kat:3, Licht: 0,88875,3,6,2,08,07,5,0,0,0,1,0,0,,0
"POINT (11.061227481000060 49.428637638000055)",Unfall 88876 (2017) Kat:2, Licht: 0,88876,2,2,4,08,15,5,1,0,0,1,0,0,,0
"POINT (11.044674403000045 49.429887802000053)",Unfall 88987 (2017) Kat:3, Licht: 0,88987,3,6,3,08,13,2,0,0,0,1,0,1,,0
"POINT (11.049154430000044 49.461535673000071)",Unfall 88988 (2017) Kat:3, Licht: 0,88988,3,1,0,08,15,2,0,0,1,0,0,0,,0
"POINT (11.081490455000051 49.430368855000040)",Unfall 89001 (2017) Kat:2, Licht: 1,89001,2,2,5,08,19,6,1,1,0,1,0,0,,0
"POINT (11.159758096000076 49.420921325000052)",Unfall 89002 (2017) Kat:3, Licht: 1,89002,3,7,0,08,05,6,1,1,0,1,0,0,,0
"POINT (11.129727229000025 49.459084816000029)",Unfall 89014 (2017) Kat:3, Licht: 0,89014,3,1,0,08,15,6,1,0,0,0,0,1,,0
"POINT (11.176932171000033 49.391699919000075)",Unfall 89143 (2017) Kat:3, Licht: 0,89143,3,6,2,08,11,1,0,0,0,1,0,0,,0
"POINT (11.099891248000063 49.469165944000054)",Unfall 89164 (2017) Kat:3, Licht: 0,89164,3,2,3,08,14,6,0,0,1,1,0,0,,0
"POINT (11.115551112000048 49.481545940000046)",Unfall 89171 (2017) Kat:3, Licht: 0,89171,3,1,0,08,10,5,0,0,0,0,0,1,,0
"POINT (11.052803289000053 49.464148456000032)",Unfall 89172 (2017) Kat:3, Licht: 0,89172,3,6,3,08,16,5,0,0,0,1,0,1,,0
"POINT (11.040102108000042 49.454405867000048)",Unfall 89173 (2017) Kat:2, Licht: 0,89173,2,6,3,08,10,5,0,0,0,1,0,0,,0
"POINT (11.064780440000050 49.473145992000070)",Unfall 89261 (2017) Kat:3, Licht: 0,89261,3,7,0,08,12,4,0,0,0,0,0,0,,1
"POINT (11.067347961000053 49.428498778000062)",Unfall 89264 (2017) Kat:3, Licht: 0,89264,3,6,0,08,08,4,0,0,0,1,0,1,,0
"POINT (11.117935709000051 49.438014116000033)",Unfall 89266 (2017) Kat:3, Licht: 2,89266,3,7,5,08,21,4,0,2,0,1,0,0,,0
"POINT (11.099968833000048 49.469243310000081)",Unfall 89268 (2017) Kat:3, Licht: 0,89268,3,6,2,08,16,4,0,0,0,1,0,0,,0
"POINT (11.118927424000049 49.437486316000047)",Unfall 89270 (2017) Kat:3, Licht: 0,89270,3,6,2,08,11,4,0,0,0,1,0,0,,0
"POINT (11.085693149000065 49.429342907000034)",Unfall 89271 (2017) Kat:3, Licht: 0,89271,3,1,0,08,17,4,0,0,1,0,0,0,,0
"POINT (11.062907439000071 49.476696342000025)",Unfall 89351 (2017) Kat:3, Licht: 0,89351,3,6,2,08,09,2,0,0,0,1,0,0,,0
"POINT (11.127824617000044 49.433740309000029)",Unfall 89494 (2017) Kat:3, Licht: 0,89494,3,6,2,08,10,7,0,0,0,1,0,1,,0
"POINT (11.118877235000070 49.390244739000082)",Unfall 89608 (2017) Kat:3, Licht: 0,89608,3,6,3,08,13,2,0,0,0,1,0,0,,0
"POINT (11.164107744000034 49.390656792000073)",Unfall 89617 (2017) Kat:3, Licht: 0,89617,3,6,2,08,12,1,0,0,0,1,0,0,,1
"POINT (11.168822350000028 49.468851346000065)",Unfall 89622 (2017) Kat:3, Licht: 0,89622,3,3,5,08,17,2,0,0,0,1,0,1,,0
"POINT (11.104739836000022 49.461886511000046)",Unfall 89623 (2017) Kat:3, Licht: 0,89623,3,3,0,08,12,2,0,0,0,1,0,0,,0
"POINT (11.104275180000059 49.476150336000046)",Unfall 89624 (2017) Kat:3, Licht: 0,89624,3,6,2,08,10,2,0,0,0,1,0,0,,0
"POINT (11.036343704000046 49.400968456000044)",Unfall 89774 (2017) Kat:3, Licht: 0,89774,3,3,5,08,08,1,0,0,1,1,0,0,,0
"POINT (11.015427473000045 49.464732123000033)",Unfall 89827 (2017) Kat:2, Licht: 0,89827,2,1,8,08,13,5,0,0,0,1,0,0,,0