WKT,Name,OBJECTID,UKATEGORIE,UTYP1,UART,UMONAT,USTUNDE,UWOCHENTAG,STRZUSTAND,ULICHTVERH,ISTRAD,ISTPKW,ISTFUSS,ISTKRAD,ISTGKFZ,ISTSONSTIG
"POINT (11.035164159000033 49.406681146000039)",Unfall 89831 (2017) Kat:3, Licht: 0,89831,3,3,5,08,12,5,0,0,1,1,0,0,,0
"POINT (11.064561612000034 49.473673287000054)",Unfall 89925 (2017) Kat:3, Licht: 0,89925,3,3,2,08,08,4,0,0,0,1,0,0,,0
"POINT (11.125426332000075 49.466851355000074)",Unfall 90005 (2017) Kat:3, Licht: 0,90005,3,2,0,08,16,3,0,0,1,1,0,0,,0
"POINT (11.103374273000043 49.431403699000043)",Unfall 90006 (2017) Kat:3, Licht: 0,90006,3,2,3,08,17,3,0,0,0,1,0,1,,0
"POINT (11.056995876000030 49.429289238000081)",Unfall 90007 (2017) Kat:3, Licht: 0,90007,3,6,3,08,14,3,0,0,1,0,0,0,,0
"POINT (11.103705468000044 49.474648520000073)",Unfall 90124 (2017) Kat:2, Licht: 2,90124,2,7,6,08,04,1,0,2,0,1,1,0,,0
"POINT (11.172805941000036 49.468951649000076)",Unfall 90183 (2017) Kat:3, Licht: 0,90183,3,6,2,08,10,7,0,0,0,1,0,0,,1
"POINT (11.036427302000050 49.418908801000043)",Unfall 90278 (2017) Kat:2, Licht: 0,90278,2,7,0,08,10,6,0,0,1,0,0,0,,0
"POINT (11.032945793000067 49.388937158000033)",Unfall 90460 (2017) Kat:3, Licht: 0,90460,3,6,2,08,16,4,0,0,0,1,0,1,,0
"POINT (11.105056863000073 49.424055612000075)",Unfall 90461 (2017) Kat:3, Licht: 0,90461,3,6,2,08,16,4,0,0,0,1,0,1,,0
"POINT (11.038015063000046 49.436888580000073)",Unfall 90564 (2017) Kat:3, Licht: 0,90564,3,6,2,08,07,3,0,0,0,1,0,0,,0
"POINT (11.055513483000027 49.444851558000039)",Unfall 90565 (2017) Kat:3, Licht: 0,90565,3,6,2,08,12,3,0,0,0,1,0,0,,1
"POINT (11.012449267000022 49.465325737000057)",Unfall 90566 (2017) Kat:3, Licht: 0,90566,3,2,5,08,14,3,0,0,0,1,0,0,,0
"POINT (11.057761959000061 49.443115859000045)",Unfall 90567 (2017) Kat:3, Licht: 0,90567,3,6,1,08,17,3,0,0,0,1,0,1,,0
"POINT (11.072220620000053 49.343358775000070)",Unfall 90662 (2017) Kat:2, Licht: 2,90662,2,3,5,08,21,2,0,2,0,1,0,1,,0
"POINT (11.037130619000038 49.399484493000045)",Unfall 90663 (2017) Kat:3, Licht: 0,90663,3,3,5,08,13,2,0,0,1,1,0,0,,0
"POINT (11.052599682000050 49.429942418000053)",Unfall 90694 (2017) Kat:3, Licht: 2,90694,3,3,5,09,04,2,0,2,0,1,0,0,,1
"POINT (11.036288713000033 49.438942750000081)",Unfall 90695 (2017) Kat:3, Licht: 0,90695,3,2,5,09,19,2,0,0,1,1,0,0,,0
"POINT (11.106803819000049 49.418617777000065)",Unfall 90696 (2017) Kat:3, Licht: 0,90696,3,6,3,09,07,2,0,0,0,1,0,0,,1
"POINT (11.103694756000039 49.474608196000077)",Unfall 90785 (2017) Kat:3, Licht: 2,90785,3,6,2,09,04,1,0,2,0,1,0,0,,0
"POINT (11.159896004000075 49.420873170000050)",Unfall 90857 (2017) Kat:2, Licht: 0,90857,2,3,5,09,06,3,0,0,0,1,0,1,,0
"POINT (11.071410934000028 49.339497841000082)",Unfall 90871 (2017) Kat:3, Licht: 0,90871,3,6,2,09,15,7,0,0,0,1,0,0,,1
"POINT (11.071258702000023 49.339580075000072)",Unfall 90872 (2017) Kat:3, Licht: 0,90872,3,6,2,09,14,7,0,0,0,1,0,0,,0
"POINT (11.170739453000067 49.416875719000075)",Unfall 90876 (2017) Kat:3, Licht: 1,90876,3,1,8,09,05,7,1,1,0,1,0,0,,0
"POINT (11.117835284000023 49.402192271000047)",Unfall 90971 (2017) Kat:3, Licht: 0,90971,3,3,5,09,16,6,0,0,0,1,0,0,,0
"POINT (11.115201951000074 49.390807041000073)",Unfall 90972 (2017) Kat:3, Licht: 0,90972,3,6,2,09,11,6,1,0,0,1,0,1,,0
"POINT (11.028878579000036 49.455257786000061)",Unfall 91128 (2017) Kat:2, Licht: 0,91128,2,6,2,09,17,4,0,0,0,0,0,1,,1
"POINT (11.058616450000045 49.466823351000073)",Unfall 91132 (2017) Kat:2, Licht: 0,91132,2,6,2,09,14,4,0,0,0,1,0,0,,0
"POINT (11.128724140000031 49.458761393000032)",Unfall 91137 (2017) Kat:2, Licht: 0,91137,2,1,0,09,16,1,0,0,0,0,0,1,,0
"POINT (11.083103531000063 49.410538052000049)",Unfall 91186 (2017) Kat:3, Licht: 0,91186,3,2,5,09,20,2,0,0,0,1,0,0,,1
"POINT (11.104669522000052 49.425001760000043)",Unfall 91214 (2017) Kat:2, Licht: 2,91214,2,7,0,09,22,7,1,2,0,0,0,0,,1
"POINT (11.041218936000064 49.455715559000055)",Unfall 91215 (2017) Kat:2, Licht: 0,91215,2,3,5,09,11,7,1,0,1,1,0,0,,0
"POINT (11.035196577000022 49.403374488000054)",Unfall 91216 (2017) Kat:3, Licht: 0,91216,3,6,2,09,12,7,1,0,0,1,0,0,,0
"POINT (11.039921530000072 49.456140347000030)",Unfall 91217 (2017) Kat:3, Licht: 0,91217,3,6,2,09,16,7,1,0,0,1,0,0,,0
"POINT (11.049166285000069 49.364365541000041)",Unfall 91319 (2017) Kat:3, Licht: 0,91319,3,2,5,09,16,6,0,0,1,1,0,0,,0
"POINT (11.096328257000039 49.431241994000061)",Unfall 91377 (2017) Kat:3, Licht: 0,91377,3,2,5,09,08,2,0,0,1,1,0,0,,0
"POINT (11.030654333000030 49.382673763000071)",Unfall 91447 (2017) Kat:3, Licht: 0,91447,3,7,0,09,16,2,0,0,0,1,0,1,,0
"POINT (11.022461394000061 49.418491395000046)",Unfall 91524 (2017) Kat:3, Licht: 0,91524,3,6,2,09,17,3,0,0,0,1,0,0,,0
"POINT (11.058975393000026 49.428889930000025)",Unfall 91561 (2017) Kat:3, Licht: 2,91561,3,3,5,09,23,6,0,2,1,1,0,0,,0
"POINT (11.075995458000023 49.341486112000041)",Unfall 91724 (2017) Kat:3, Licht: 0,91724,3,6,3,09,09,5,1,0,0,1,0,0,,1
"POINT (11.083205401000043 49.344109800000069)",Unfall 91725 (2017) Kat:3, Licht: 0,91725,3,6,9,09,10,5,1,0,0,1,0,0,,1
"POINT (11.100007474000051 49.469051699000033)",Unfall 91728 (2017) Kat:3, Licht: 0,91728,3,6,2,09,11,5,1,0,0,1,0,0,,0
"POINT (11.101932019000060 49.471189439000057)",Unfall 91729 (2017) Kat:3, Licht: 0,91729,3,6,2,09,14,5,1,0,0,1,0,0,,0
"POINT (11.118125170000042 49.402315128000055)",Unfall 91730 (2017) Kat:3, Licht: 0,91730,3,6,2,09,14,5,1,0,0,1,0,0,,0
"POINT (11.118753862000062 49.464539823000052)",Unfall 91731 (2017) Kat:3, Licht: 0,91731,3,1,1,09,16,5,0,0,0,1,0,0,,0
"POINT (11.043983097000023 49.429039754000030)",Unfall 91733 (2017) Kat:3, Licht: 0,91733,3,1,0,09,08,5,1,0,0,0,0,1,,0
"POINT (11.084656746000064 49.429505685000038)",Unfall 91734 (2017) Kat:3, Licht: 0,91734,3,6,1,09,17,5,0,0,0,1,0,0,,0
"POINT (11.028527949000022 49.378292768000051)",Unfall 91736 (2017) Kat:3, Licht: 0,91736,3,3,5,09,18,5,1,0,0,1,0,0,,0
"POINT (11.041050969000025 49.455629565000038)",Unfall 91737 (2017) Kat:3, Licht: 0,91737,3,6,2,09,16,5,0,0,0,1,0,0,,0
"POINT (11.092506194000066 49.394487351000066)",Unfall 91841 (2017) Kat:3, Licht: 2,91841,3,1,9,09,22,4,1,2,0,1,0,0,,0
"POINT (11.002659027000050 49.438555335000046)",Unfall 91850 (2017) Kat:3, Licht: 0,91850,3,6,1,09,15,4,0,0,0,1,0,0,,1
"POINT (11.073072753000076 49.429847509000069)",Unfall 91959 (2017) Kat:3, Licht: 0,91959,3,3,5,09,06,3,0,0,1,1,0,0,,0
"POINT (11.036252750000074 49.420112017000065)",Unfall 91990 (2017) Kat:3, Licht: 2,91990,3,3,5,09,05,1,1,2,0,1,0,0,,0
"POINT (11.040969074000031 49.455656387000033)",Unfall 91991 (2017) Kat:3, Licht: 0,91991,3,6,2,09,19,1,0,0,0,1,0,1,,0
"POINT (11.103605830000049 49.431575358000032)",Unfall 92048 (2017) Kat:3, Licht: 0,92048,3,6,3,09,15,6,1,0,0,1,0,0,,0
"POINT (11.035904331000040 49.401770636000037)",Unfall 92050 (2017) Kat:3, Licht: 0,92050,3,6,5,09,15,6,0,0,0,1,0,1,,0
"POINT (11.040032250000024 49.454317500000059)",Unfall 92051 (2017) Kat:3, Licht: 0,92051,3,3,6,09,12,6,0,0,0,1,1,0,,0
"POINT (11.103256796000039 49.472997938000049)",Unfall 92105 (2017) Kat:3, Licht: 0,92105,3,2,5,09,17,3,0,0,1,0,0,0,,1
"POINT (11.071304421000036 49.339603107000073)",Unfall 92172 (2017) Kat:3, Licht: 1,92172,3,6,1,09,06,2,0,1,0,1,0,0,,1
"POINT (11.022616864000042 49.418543740000075)",Unfall 92190 (2017) Kat:2, Licht: 0,92190,2,6,0,09,10,3,0,0,0,1,0,0,,0
"POINT (11.062839111000073 49.438500281000074)",Unfall 92267 (2017) Kat:3, Licht: 0,92267,3,6,2,09,12,5,0,0,0,1,0,0,,1
"POINT (11.073548147000054 49.385399812000060)",Unfall 92268 (2017) Kat:3, Licht: 0,92268,3,2,3,09,17,5,0,0,1,0,0,0,,1
"POINT (11.090820223000037 49.429841072000045)",Unfall 92269 (2017) Kat:3, Licht: 0,92269,3,6,2,09,17,5,0,0,0,1,0,0,,0
"POINT (11.044628606000060 49.429825290000053)",Unfall 92324 (2017) Kat:3, Licht: 0,92324,3,6,2,09,12,2,0,0,0,1,0,0,,0
"POINT (11.015438495000069 49.421901132000073)",Unfall 92330 (2017) Kat:3, Licht: 0,92330,3,2,5,09,13,2,0,0,1,1,0,0,,0
"POINT (11.120187064000049 49.505799879000051)",Unfall 92399 (2017) Kat:2, Licht: 2,92399,2,6,2,09,00,4,0,2,0,1,0,0,,1
"POINT (11.083772344000067 49.469378426000048)",Unfall 92413 (2017) Kat:3, Licht: 0,92413,3,6,2,09,15,2,0,0,0,1,0,0,,0
"POINT (11.152846914000065 49.416233074000047)",Unfall 92414 (2017) Kat:3, Licht: 0,92414,3,2,5,09,07,4,0,0,0,1,0,0,,0
"POINT (11.024615119000032 49.461145191000071)",Unfall 92416 (2017) Kat:3, Licht: 2,92416,3,3,5,09,21,4,0,2,0,1,0,0,,0
"POINT (11.018931222000049 49.440879776000031)",Unfall 92520 (2017) Kat:3, Licht: 0,92520,3,1,6,09,13,5,0,0,1,0,1,0,,0
"POINT (11.016150377000031 49.466978544000028)",Unfall 92525 (2017) Kat:3, Licht: 0,92525,3,6,2,09,16,5,0,0,0,1,0,0,,0
"POINT (11.058784060000050 49.443230316000040)",Unfall 92526 (2017) Kat:3, Licht: 0,92526,3,3,5,09,11,5,0,0,0,1,0,0,,1
"POINT (11.114306550000038 49.406011342000056)",Unfall 92527 (2017) Kat:3, Licht: 0,92527,3,6,1,09,15,5,0,0,0,1,0,0,,0
"POINT (11.168807529000048 49.468852961000039)",Unfall 92588 (2017) Kat:3, Licht: 0,92588,3,7,9,09,14,1,0,0,0,1,0,0,,0
"POINT (11.035931924000067 49.441787588000068)",Unfall 92589 (2017) Kat:3, Licht: 2,92589,3,1,0,09,21,1,0,2,1,0,0,0,,0
"POINT (11.001938086000052 49.431525975000056)",Unfall 92658 (2017) Kat:3, Licht: 0,92658,3,6,2,09,17,4,0,0,0,1,0,1,,0
"POINT (11.114956192000022 49.403903358000036)",Unfall 92660 (2017) Kat:3, Licht: 0,92660,3,6,2,09,07,4,0,0,0,1,0,0,,1
"POINT (11.102717012000028 49.472005970000055)",Unfall 92803 (2017) Kat:3, Licht: 0,92803,3,6,2,09,09,3,0,0,0,1,0,0,,1
"POINT (11.121511519000023 49.452793906000068)",Unfall 92804 (2017) Kat:2, Licht: 0,92804,2,2,4,09,09,3,0,0,1,1,0,0,,0
"POINT (11.119926827000029 49.400400713000067)",Unfall 92806 (2017) Kat:3, Licht: 0,92806,3,6,4,09,16,3,0,0,1,0,0,0,,0
"POINT (11.036321026000053 49.448692475000030)",Unfall 92928 (2017) Kat:3, Licht: 0,92928,3,3,0,09,16,2,0,0,0,1,0,1,,0
"POINT (11.103634030000023 49.474383870000054)",Unfall 92930 (2017) Kat:2, Licht: 0,92930,2,2,5,09,11,2,0,0,1,1,0,0,,0
"POINT (11.050847693000037 49.360611424000069)",Unfall 92932 (2017) Kat:3, Licht: 2,92932,3,2,5,09,20,2,0,2,1,1,0,0,,0
"POINT (11.066852684000025 49.428383318000044)",Unfall 93020 (2017) Kat:3, Licht: 0,93020,3,4,6,09,14,7,0,0,0,1,1,0,,0
"POINT (11.037731255000040 49.451323358000081)",Unfall 93021 (2017) Kat:3, Licht: 0,93021,3,6,2,09,14,7,0,0,0,1,0,0,,0
"POINT (11.004946937000057 49.438870866000059)",Unfall 93084 (2017) Kat:3, Licht: 0,93084,3,7,0,10,13,1,1,0,0,0,0,1,,1
"POINT (11.012443229000041 49.465473433000057)",Unfall 93190 (2017) Kat:3, Licht: 2,93190,3,3,5,10,20,4,0,2,0,1,0,0,,0
"POINT (11.041098317000035 49.455614163000064)",Unfall 93192 (2017) Kat:3, Licht: 2,93192,3,6,2,10,21,4,0,2,0,1,0,0,,0
"POINT (11.045365781000044 49.368849356000055)",Unfall 93194 (2017) Kat:3, Licht: 0,93194,3,3,5,10,15,4,0,0,0,1,0,0,,0
"POINT (11.122192453000025 49.444828982000047)",Unfall 93195 (2017) Kat:3, Licht: 0,93195,3,6,2,10,11,4,0,0,0,1,0,0,,1
"POINT (11.040079400000025 49.454376512000067)",Unfall 93198 (2017) Kat:3, Licht: 2,93198,3,2,3,10,20,4,0,2,0,1,0,0,,1
"POINT (11.165402633000042 49.390837710000028)",Unfall 93299 (2017) Kat:3, Licht: 0,93299,3,6,2,09,15,6,0,0,0,1,0,0,,1
"POINT (11.036349427000061 49.448780238000040)",Unfall 93310 (2017) Kat:3, Licht: 0,93310,3,6,3,09,13,6,0,0,1,1,0,0,,0
"POINT (11.035302858000023 49.407217609000043)",Unfall 93318 (2017) Kat:3, Licht: 0,93318,3,2,5,09,08,6,0,0,1,1,0,0,,0
"POINT (11.058361206000029 49.442715112000030)",Unfall 93355 (2017) Kat:2, Licht: 2,93355,2,1,8,10,23,3,0,2,0,1,0,0,,0
"POINT (11.052434018000042 49.493073661000039)",Unfall 93445 (2017) Kat:3, Licht: 0,93445,3,6,2,10,14,2,0,0,0,1,0,0,,0
"POINT (11.056817434000038 49.429213706000041)",Unfall 93446 (2017) Kat:3, Licht: 0,93446,3,2,0,10,14,2,0,0,1,1,0,0,,0
"POINT (11.059048731000075 49.484004678000076)",Unfall 93447 (2017) Kat:3, Licht: 0,93447,3,6,2,10,08,2,0,0,0,1,0,1,,0
"POINT (11.034184552000056 49.410509835000028)",Unfall 93586 (2017) Kat:3, Licht: 1,93586,3,2,5,10,17,5,1,1,0,1,0,0,,0
"POINT (11.035066549000021 49.403975754000044)",Unfall 93588 (2017) Kat:3, Licht: 0,93588,3,3,5,10,17,5,1,0,0,1,0,1,,0
"POINT (11.097662732000060 49.431290066000031)",Unfall 93602 (2017) Kat:3, Licht: 0,93602,3,6,2,10,15,5,1,0,0,1,0,0,,0
"POINT (11.042411090000030 49.427137248000065)",Unfall 93782 (2017) Kat:2, Licht: 2,93782,2,4,6,10,19,6,0,2,0,1,1,0,,0
"POINT (11.038344488000064 49.436373578000030)",Unfall 93783 (2017) Kat:3, Licht: 0,93783,3,6,2,10,07,6,0,0,0,1,0,0,,0
"POINT (11.037530791000052 49.451434075000066)",Unfall 93784 (2017) Kat:3, Licht: 0,93784,3,6,2,10,13,6,0,0,0,1,0,0,,1
"POINT (11.106856409000045 49.459834953000041)",Unfall 93847 (2017) Kat:2, Licht: 0,93847,2,3,5,10,09,5,0,0,1,1,0,0,,0
"POINT (11.074860991000037 49.341056083000069)",Unfall 93897 (2017) Kat:3, Licht: 0,93897,3,6,2,10,07,5,0,0,0,1,0,0,,0
"POINT (11.035039966000056 49.405393322000066)",Unfall 93901 (2017) Kat:3, Licht: 2,93901,3,4,6,10,19,5,0,2,0,1,1,0,,0
"POINT (11.091425035000043 49.354741377000039)",Unfall 93902 (2017) Kat:2, Licht: 0,93902,2,2,5,10,12,5,0,0,1,1,0,0,,0
"POINT (11.041604406000033 49.373644041000034)",Unfall 93903 (2017) Kat:3, Licht: 0,93903,3,3,5,10,07,5,0,0,0,1,0,0,,0
"POINT (11.122495125000057 49.504655918000026)",Unfall 93949 (2017) Kat:3, Licht: 0,93949,3,6,2,10,13,4,0,0,0,1,0,0,,0
"POINT (11.122297555000046 49.448078970000040)",Unfall 93953 (2017) Kat:3, Licht: 0,93953,3,3,4,10,15,4,0,0,0,1,0,0,,0
"POINT (11.052462818000038 49.429914295000060)",Unfall 93954 (2017) Kat:3, Licht: 2,93954,3,2,5,10,06,4,1,2,0,1,0,1,,0
"POINT (11.098819897000055 49.431322755000053)",Unfall 93955 (2017) Kat:3, Licht: 0,93955,3,6,2,10,16,4,0,0,0,1,0,0,,0
"POINT (11.164719288000072 49.405636021000078)",Unfall 93956 (2017) Kat:3, Licht: 2,93956,3,2,0,10,19,4,1,2,0,1,0,1,,0
"POINT (11.041586016000053 49.373677947000033)",Unfall 94042 (2017) Kat:3, Licht: 0,94042,3,3,5,10,07,3,0,0,0,1,0,1,,0
"POINT (11.051213389000054 49.463300611000079)",Unfall 94043 (2017) Kat:3, Licht: 2,94043,3,3,5,10,19,3,0,2,0,1,0,0,,1
"POINT (11.138484058000074 49.462175521000063)",Unfall 94124 (2017) Kat:2, Licht: 0,94124,2,4,6,10,14,2,0,0,0,1,1,0,,0
"POINT (11.075793026000042 49.386821937000036)",Unfall 94125 (2017) Kat:3, Licht: 2,94125,3,1,0,10,21,2,1,2,0,0,0,1,,0
"POINT (11.119202841000060 49.455009791000066)",Unfall 94126 (2017) Kat:3, Licht: 1,94126,3,6,2,10,17,2,0,1,0,1,0,0,,0
"POINT (11.103373455000053 49.431403567000075)",Unfall 94127 (2017) Kat:3, Licht: 0,94127,3,2,5,10,13,2,0,0,1,0,0,0,,1
"POINT (11.102986936000036 49.431351134000067)",Unfall 94161 (2017) Kat:3, Licht: 2,94161,3,3,5,10,00,1,0,2,1,1,0,0,,0
"POINT (11.073230069000033 49.403205572000047)",Unfall 94206 (2017) Kat:3, Licht: 0,94206,3,6,2,10,11,1,0,0,0,1,0,0,,0
"POINT (11.072840947000032 49.404057766000051)",Unfall 94207 (2017) Kat:3, Licht: 0,94207,3,6,2,10,10,1,0,0,0,1,0,0,,0
"POINT (11.072831226000062 49.404079059000026)",Unfall 94208 (2017) Kat:3, Licht: 0,94208,3,6,2,10,13,1,0,0,0,1,0,0,,0
"POINT (11.099698813000032 49.468973919000064)",Unfall 94318 (2017) Kat:3, Licht: 2,94318,3,6,2,10,19,7,0,2,0,1,0,1,,0
"POINT (11.113096934000055 49.412354118000053)",Unfall 94504 (2017) Kat:3, Licht: 0,94504,3,3,5,10,13,4,0,0,1,1,0,0,,0
"POINT (11.113065384000038 49.462057128000026)",Unfall 94505 (2017) Kat:3, Licht: 0,94505,3,7,5,10,10,4,0,0,0,1,0,0,,0
"POINT (11.052761270000076 49.445553391000033)",Unfall 94506 (2017) Kat:3, Licht: 0,94506,3,6,2,10,15,4,0,0,0,1,0,0,,0
"POINT (11.062821248000034 49.438080724000031)",Unfall 94507 (2017) Kat:3, Licht: 0,94507,3,6,2,10,14,4,0,0,0,1,0,0,,1
"POINT (11.036350893000076 49.457308770000054)",Unfall 94508 (2017) Kat:3, Licht: 0,94508,3,6,2,10,12,4,0,0,0,1,0,0,,0
"POINT (11.032326046000037 49.531934652000075)",Unfall 94638 (2017) Kat:3, Licht: 0,94638,3,3,5,10,10,3,0,0,0,1,0,0,,0
"POINT (11.070158722000031 49.339027533000035)",Unfall 94741 (2017) Kat:3, Licht: 0,94741,3,6,2,10,15,2,0,0,0,1,0,0,,1
"POINT (11.167600608000043 49.468991876000075)",Unfall 94747 (2017) Kat:3, Licht: 0,94747,3,6,2,10,15,2,0,0,0,1,0,0,,0
"POINT (11.176744492000068 49.414380650000055)",Unfall 94748 (2017) Kat:3, Licht: 0,94748,3,1,0,10,17,2,1,0,1,0,0,0,,0
"POINT (11.140501356000073 49.472199427000078)",Unfall 94860 (2017) Kat:2, Licht: 2,94860,2,7,9,10,22,5,0,2,0,1,0,0,,0
"POINT (11.122089462000076 49.456934651000040)",Unfall 94862 (2017) Kat:3, Licht: 0,94862,3,3,5,10,11,5,0,0,1,1,0,0,,0
"POINT (11.121369593000054 49.452706095000053)",Unfall 94864 (2017) Kat:2, Licht: 0,94864,2,2,5,10,07,5,0,0,1,1,0,0,,0
"POINT (11.115528684000026 49.401295910000044)",Unfall 94872 (2017) Kat:3, Licht: 0,94872,3,3,5,10,09,2,0,0,0,1,0,0,,0
"POINT (11.188942870000062 49.407461776000048)",Unfall 94971 (2017) Kat:3, Licht: 1,94971,3,1,7,10,17,1,0,1,0,1,0,0,,0
"POINT (11.066891983000062 49.428405835000035)",Unfall 94972 (2017) Kat:3, Licht: 1,94972,3,7,1,10,18,1,1,1,0,0,0,1,,1
"POINT (11.039897914000051 49.425549886000056)",Unfall 95145 (2017) Kat:3, Licht: 0,95145,3,3,5,10,15,6,0,0,1,1,0,0,,0
"POINT (11.037952044000065 49.451336333000029)",Unfall 95146 (2017) Kat:3, Licht: 0,95146,3,3,5,10,14,6,0,0,0,1,0,0,,0
"POINT (11.055130206000058 49.445018687000072)",Unfall 95268 (2017) Kat:3, Licht: 0,95268,3,2,5,10,16,5,0,0,1,1,0,0,,0
"POINT (11.098406296000064 49.431316266000067)",Unfall 95276 (2017) Kat:3, Licht: 0,95276,3,3,5,10,08,4,0,0,0,1,0,1,,0
"POINT (11.081504436000046 49.469556122000029)",Unfall 95307 (2017) Kat:3, Licht: 2,95307,3,2,0,10,07,3,1,2,0,1,0,1,,0
"POINT (11.037776338000072 49.451388350000059)",Unfall 95308 (2017) Kat:3, Licht: 2,95308,3,6,2,10,05,3,1,2,0,1,0,0,,0
"POINT (11.064524663000043 49.473776194000038)",Unfall 95309 (2017) Kat:3, Licht: 0,95309,3,4,6,10,12,3,1,0,0,0,1,0,,1
"POINT (11.048977223000065 49.364788171000043)",Unfall 95531 (2017) Kat:3, Licht: 0,95531,3,1,5,10,15,5,0,0,1,1,0,0,,0
"POINT (11.199303742000041 49.419365821000042)",Unfall 95599 (2017) Kat:2, Licht: 2,95599,2,4,6,10,20,6,0,2,0,1,1,0,,0
"POINT (11.042778852000026 49.371573900000044)",Unfall 95601 (2017) Kat:3, Licht: 2,95601,3,6,4,10,20,6,0,2,0,1,0,0,,0
"POINT (11.099469418000069 49.374771241000076)",Unfall 95602 (2017) Kat:3, Licht: 0,95602,3,2,0,10,17,5,0,0,1,1,0,0,,0
"POINT (11.033757402000049 49.519017646000066)",Unfall 95604 (2017) Kat:3, Licht: 0,95604,3,6,2,10,10,6,1,0,0,1,0,0,,0
"POINT (11.065263728000048 49.425616093000031)",Unfall 95605 (2017) Kat:3, Licht: 0,95605,3,7,2,10,16,6,0,0,0,1,0,0,,0
"POINT (11.055219335000061 49.444982518000074)",Unfall 95607 (2017) Kat:3, Licht: 2,95607,3,3,5,10,21,6,1,2,0,1,0,0,,0
"POINT (11.110049552000021 49.357282279000060)",Unfall 95809 (2017) Kat:1, Licht: 0,95809,1,6,2,11,16,2,0,0,0,0,0,0,,1
"POINT (11.060781200000065 49.479990907000058)",Unfall 95818 (2017) Kat:3, Licht: 0,95818,3,6,0,11,15,2,0,0,1,0,0,0,,0
"POINT (11.037847012000043 49.396797879000076)",Unfall 95845 (2017) Kat:3, Licht: 2,95845,3,7,1,11,16,4,0,2,0,1,0,0,,0
"POINT (11.046304925000072 49.448368810000034)",Unfall 95853 (2017) Kat:3, Licht: 2,95853,3,6,3,11,17,4,0,2,0,1,0,0,,0
"POINT (11.037235799000030 49.399213276000069)",Unfall 95958 (2017) Kat:3, Licht: 2,95958,3,1,6,10,18,3,0,2,1,0,1,0,,0
"POINT (11.136790610000048 49.472436263000077)",Unfall 95959 (2017) Kat:3, Licht: 0,95959,3,6,2,10,12,3,0,0,0,1,0,0,,0
"POINT (11.123328972000024 49.398004329000059)",Unfall 96015 (2017) Kat:3, Licht: 2,96015,3,3,5,11,00,7,0,2,0,1,0,0,,0
"POINT (11.035631677000026 49.402282893000063)",Unfall 96072 (2017) Kat:3, Licht: 0,96072,3,6,2,10,14,2,0,0,0,1,0,0,,0
"POINT (11.071563399000070 49.429750915000056)",Unfall 96073 (2017) Kat:3, Licht: 0,96073,3,2,5,10,12,2,0,0,0,1,0,0,,0
"POINT (11.081634706000045 49.469426239000029)",Unfall 96074 (2017) Kat:1, Licht: 0,96074,1,2,6,10,10,2,0,0,0,0,1,0,,1
"POINT (11.061184907000040 49.428540010000063)",Unfall 96100 (2017) Kat:3, Licht: 0,96100,3,2,5,11,14,6,0,0,0,1,0,0,,0
"POINT (11.035646453000027 49.444265228000063)",Unfall 96101 (2017) Kat:3, Licht: 0,96101,3,3,5,11,14,6,0,0,1,1,0,0,,0
"POINT (11.083750070000065 49.394383423000079)",Unfall 96198 (2017) Kat:3, Licht: 2,96198,3,3,5,11,18,5,0,2,1,1,0,0,,0
"POINT (11.040252619000057 49.454320794000068)",Unfall 96199 (2017) Kat:3, Licht: 2,96199,3,6,2,11,17,5,0,2,1,1,0,0,,0
"POINT (11.108950508000021 49.459644939000043)",Unfall 96200 (2017) Kat:3, Licht: 0,96200,3,6,2,11,09,5,0,0,0,1,0,0,,0
"POINT (11.035199988000045 49.403362484000070)",Unfall 96202 (2017) Kat:3, Licht: 0,96202,3,3,5,11,11,5,0,0,1,1,0,0,,0
"POINT (11.124436472000070 49.435031994000042)",Unfall 96243 (2017) Kat:3, Licht: 0,96243,3,6,2,11,12,7,1,0,0,1,0,0,,0
"POINT (11.064346734000026 49.473716733000060)",Unfall 96253 (2017) Kat:3, Licht: 2,96253,3,6,2,11,18,7,1,2,0,1,0,0,,0
"POINT (11.092245836000075 49.394602663000057)",Unfall 96290 (2017) Kat:3, Licht: 0,96290,3,6,2,11,11,3,0,0,0,1,0,0,,0
"POINT (11.074470374000043 49.400636231000078)",Unfall 96388 (2017) Kat:3, Licht: 2,96388,3,6,2,11,18,6,1,2,0,1,0,0,,0
"POINT (11.074464510000041 49.400645783000073)",Unfall 96391 (2017) Kat:3, Licht: 2,96391,3,6,3,11,18,6,1,2,0,1,0,0,,1
"POINT (11.122779975000071 49.466006210000046)",Unfall 96403 (2017) Kat:3, Licht: 1,96403,3,3,5,11,16,6,1,1,0,1,0,0,,1
"POINT (11.061256760000049 49.428633392000052)",Unfall 96405 (2017) Kat:2, Licht: 2,96405,2,4,6,11,17,6,1,2,0,1,1,0,,0
"POINT (11.012429815000075 49.465332764000038)",Unfall 96406 (2017) Kat:3, Licht: 2,96406,3,2,5,11,16,6,1,2,0,1,0,0,,0
"POINT (11.058684505000031 49.443285659000026)",Unfall 96407 (2017) Kat:3, Licht: 0,96407,3,2,6,11,11,6,1,0,0,1,1,0,,0
"POINT (11.107497854000030 49.418077077000078)",Unfall 96471 (2017) Kat:2, Licht: 2,96471,2,2,4,11,18,2,1,2,1,1,0,0,,0