WKT,Name,OBJECTID,UKATEGORIE,UTYP1,UART,UMONAT,USTUNDE,UWOCHENTAG,STRZUSTAND,ULICHTVERH,ISTRAD,ISTPKW,ISTFUSS,ISTKRAD,ISTGKFZ,ISTSONSTIG
"POINT (11.070494568000072 49.469621397000026)",Unfall 96472 (2017) Kat:3, Licht: 2,96472,3,5,1,11,18,2,0,2,1,1,0,0,,0
"POINT (11.028712670000061 49.420666999000048)",Unfall 96482 (2017) Kat:3, Licht: 0,96482,3,6,2,11,07,2,0,0,0,1,0,0,,0
"POINT (11.117165829000044 49.436944735000054)",Unfall 96503 (2017) Kat:3, Licht: 0,96503,3,6,2,11,07,3,0,0,0,1,0,0,,0
"POINT (11.075015655000072 49.386323874000027)",Unfall 96591 (2017) Kat:3, Licht: 2,96591,3,6,2,11,18,5,0,2,0,1,0,0,,0
"POINT (11.120698788000027 49.456522475000043)",Unfall 96592 (2017) Kat:3, Licht: 0,96592,3,3,5,11,13,5,0,0,0,1,0,0,,0
"POINT (11.047440997000024 49.430048673000044)",Unfall 96600 (2017) Kat:3, Licht: 0,96600,3,6,2,11,14,3,0,0,0,1,0,0,,1
"POINT (11.106924532000050 49.354447857000082)",Unfall 96715 (2017) Kat:2, Licht: 0,96715,2,6,2,11,07,4,0,0,0,0,0,0,,1
"POINT (11.036340471000074 49.448752561000049)",Unfall 96725 (2017) Kat:3, Licht: 1,96725,3,2,5,11,07,4,0,1,1,1,0,0,,0
"POINT (11.037092621000056 49.399558942000056)",Unfall 96843 (2017) Kat:3, Licht: 2,96843,3,6,2,11,18,7,1,2,0,1,0,0,,0
"POINT (11.040053395000029 49.454343728000026)",Unfall 96845 (2017) Kat:3, Licht: 2,96845,3,2,5,11,18,7,1,2,1,1,0,0,,0
"POINT (11.052145186000075 49.407716642000025)",Unfall 96848 (2017) Kat:3, Licht: 2,96848,3,6,2,11,03,7,1,2,0,1,0,0,,0
"POINT (11.035220234000064 49.406898039000055)",Unfall 96860 (2017) Kat:3, Licht: 0,96860,3,6,3,11,16,3,0,0,0,1,0,0,,1
"POINT (11.121494150000046 49.452810632000080)",Unfall 96891 (2017) Kat:2, Licht: 2,96891,2,2,6,11,20,2,1,2,0,1,1,0,,0
"POINT (11.055414822000046 49.444896413000038)",Unfall 96893 (2017) Kat:3, Licht: 0,96893,3,6,2,11,10,2,0,0,0,1,0,0,,0
"POINT (11.125040145000071 49.457772433000059)",Unfall 96936 (2017) Kat:3, Licht: 2,96936,3,1,7,11,23,7,1,2,0,1,0,0,,0
"POINT (11.178687588000059 49.469081829000061)",Unfall 96994 (2017) Kat:3, Licht: 0,96994,3,6,2,11,15,3,1,0,0,1,0,0,,0
"POINT (11.038181672000064 49.434219837000057)",Unfall 97034 (2017) Kat:3, Licht: 0,97034,3,2,5,11,15,6,0,0,1,1,0,0,,0
"POINT (11.093323440000063 49.430340285000057)",Unfall 97140 (2017) Kat:3, Licht: 0,97140,3,6,2,11,13,3,1,0,0,1,0,0,,0
"POINT (11.034578062000037 49.413603641000066)",Unfall 97209 (2017) Kat:3, Licht: 2,97209,3,3,5,11,18,5,1,2,0,1,0,0,,1
"POINT (11.065388418000055 49.427901128000030)",Unfall 97210 (2017) Kat:3, Licht: 0,97210,3,6,2,11,13,5,0,0,0,1,0,0,,0
"POINT (11.036472492000030 49.438983544000052)",Unfall 97243 (2017) Kat:3, Licht: 0,97243,3,6,3,11,14,3,1,0,0,1,0,0,,1
"POINT (11.007397154000046 49.523215947000040)",Unfall 97305 (2017) Kat:3, Licht: 0,97305,3,2,5,11,14,4,0,0,0,0,0,0,,1
"POINT (11.103414778000058 49.472839402000034)",Unfall 97307 (2017) Kat:3, Licht: 0,97307,3,2,4,11,11,4,0,0,0,1,0,0,,0
"POINT (11.124375226000041 49.435057594000057)",Unfall 97361 (2017) Kat:3, Licht: 2,97361,3,3,5,11,20,4,0,2,1,1,0,0,,0
"POINT (11.122227069000076 49.398895178000032)",Unfall 97362 (2017) Kat:2, Licht: 0,97362,2,3,5,11,09,4,0,0,1,1,0,0,,0
"POINT (11.032653683000035 49.388026332000038)",Unfall 97363 (2017) Kat:2, Licht: 2,97363,2,2,5,11,20,4,0,2,0,1,0,1,,0
"POINT (11.018584415000021 49.419712789000073)",Unfall 97583 (2017) Kat:2, Licht: 2,97583,2,7,0,11,17,1,1,2,0,1,0,0,,1
"POINT (11.119245451000040 49.437343399000042)",Unfall 97708 (2017) Kat:3, Licht: 0,97708,3,6,2,11,08,5,0,0,0,1,0,0,,0
"POINT (10.998657197000057 49.433964482000079)",Unfall 97716 (2017) Kat:3, Licht: 2,97716,3,2,5,11,19,5,0,2,0,1,0,1,,0
"POINT (11.057484227000032 49.486324167000078)",Unfall 97724 (2017) Kat:3, Licht: 2,97724,3,6,2,11,17,6,1,2,0,1,0,0,,1
"POINT (11.061328150000065 49.466886418000058)",Unfall 97735 (2017) Kat:3, Licht: 2,97735,3,7,0,11,16,5,0,2,1,0,0,0,,0
"POINT (10.998846989000072 49.438147364000031)",Unfall 97736 (2017) Kat:3, Licht: 0,97736,3,6,2,11,15,5,0,0,0,1,0,0,,0
"POINT (11.065394163000065 49.425520484000060)",Unfall 97739 (2017) Kat:3, Licht: 1,97739,3,2,4,11,07,5,0,1,0,1,0,0,,0
"POINT (11.035221056000069 49.403297045000045)",Unfall 97809 (2017) Kat:3, Licht: 2,97809,3,6,2,11,18,2,1,2,0,1,0,0,,0
"POINT (11.099642420000066 49.468917635000025)",Unfall 97810 (2017) Kat:3, Licht: 2,97810,3,1,0,11,18,2,1,2,0,0,0,1,,0
"POINT (11.023905865000074 49.419123895000041)",Unfall 97811 (2017) Kat:3, Licht: 0,97811,3,6,3,11,08,2,0,0,0,1,0,0,,0
"POINT (11.114731684000049 49.404045310000072)",Unfall 97812 (2017) Kat:3, Licht: 0,97812,3,6,2,11,11,2,0,0,0,1,0,0,,0
"POINT (11.058641324000064 49.443310265000036)",Unfall 97919 (2017) Kat:3, Licht: 2,97919,3,2,5,11,20,5,1,2,1,1,0,0,,0
"POINT (11.183464337000032 49.392634879000070)",Unfall 98004 (2017) Kat:3, Licht: 2,98004,3,6,3,11,06,3,1,2,0,1,0,0,,1
"POINT (11.037976899000057 49.423319448000029)",Unfall 98015 (2017) Kat:3, Licht: 2,98015,3,6,2,11,18,3,1,2,0,1,0,0,,0
"POINT (11.065662905000067 49.427887630000043)",Unfall 98016 (2017) Kat:3, Licht: 2,98016,3,3,5,11,19,3,1,2,0,1,0,0,,0
"POINT (11.131355530000064 49.469974293000064)",Unfall 98017 (2017) Kat:3, Licht: 0,98017,3,7,5,11,10,3,1,0,0,1,0,0,,0
"POINT (11.036279582000077 49.438955473000078)",Unfall 98075 (2017) Kat:2, Licht: 2,98075,2,1,0,12,06,6,2,2,1,0,0,0,,0
"POINT (11.005505556000060 49.440164763000041)",Unfall 98076 (2017) Kat:3, Licht: 2,98076,3,7,6,12,06,6,2,2,0,1,1,0,,0
"POINT (11.040585773000032 49.425850482000044)",Unfall 98077 (2017) Kat:3, Licht: 2,98077,3,2,0,12,17,6,1,2,1,1,0,0,,0
"POINT (11.125103884000055 49.489123919000065)",Unfall 98080 (2017) Kat:3, Licht: 0,98080,3,6,2,12,14,6,0,0,0,1,0,0,,0
"POINT (11.097818969000059 49.467009463000068)",Unfall 98082 (2017) Kat:3, Licht: 1,98082,3,3,5,12,07,6,1,1,1,1,0,0,,0
"POINT (11.024401897000075 49.461074614000040)",Unfall 98243 (2017) Kat:3, Licht: 2,98243,3,7,1,12,06,1,0,2,0,1,0,0,,0
"POINT (11.105041859000039 49.424113231000035)",Unfall 98244 (2017) Kat:3, Licht: 2,98244,3,1,8,12,20,1,2,2,0,1,0,0,,0
"POINT (11.105581260000065 49.420679820000032)",Unfall 98245 (2017) Kat:1, Licht: 2,98245,1,1,4,12,17,1,2,2,0,1,0,0,,0
"POINT (11.113360132000025 49.411151130000064)",Unfall 98330 (2017) Kat:3, Licht: 0,98330,3,6,2,12,12,7,0,0,0,1,0,0,,0
"POINT (11.116129525000076 49.481685783000046)",Unfall 98331 (2017) Kat:3, Licht: 2,98331,3,1,8,12,03,7,1,2,0,1,0,0,,0
"POINT (11.130076571000075 49.432953924000060)",Unfall 98332 (2017) Kat:3, Licht: 2,98332,3,2,4,12,17,7,0,2,0,1,0,0,,0
"POINT (11.028472081000075 49.378268687000059)",Unfall 98399 (2017) Kat:3, Licht: 2,98399,3,4,6,12,07,6,0,2,0,1,1,0,,0
"POINT (11.044849187000068 49.458662966000077)",Unfall 98502 (2017) Kat:3, Licht: 0,98502,3,7,0,12,15,5,0,0,0,1,0,0,,1
"POINT (11.041179585000066 49.455517883000027)",Unfall 98503 (2017) Kat:3, Licht: 0,98503,3,3,5,12,15,5,0,0,1,1,0,0,,0
"POINT (11.059845309000025 49.442185124000048)",Unfall 98504 (2017) Kat:3, Licht: 2,98504,3,6,2,12,06,5,0,2,0,1,0,0,,0
"POINT (11.064044562000049 49.474528151000072)",Unfall 98505 (2017) Kat:3, Licht: 0,98505,3,6,3,12,10,5,0,0,0,1,0,0,,1
"POINT (11.049675407000052 49.363210394000077)",Unfall 98596 (2017) Kat:3, Licht: 0,98596,3,4,6,12,13,4,0,0,0,0,1,0,,1
"POINT (11.035356428000057 49.408086160000039)",Unfall 98660 (2017) Kat:3, Licht: 0,98660,3,6,2,12,13,3,0,0,0,1,0,0,,1
"POINT (11.034198457000059 49.410479193000072)",Unfall 98661 (2017) Kat:3, Licht: 2,98661,3,7,4,12,16,3,1,2,0,1,0,0,,0
"POINT (11.078755797000042 49.415231104000043)",Unfall 98662 (2017) Kat:3, Licht: 2,98662,3,3,5,12,06,3,1,2,1,1,0,0,,0
"POINT (11.036741646000053 49.449314187000027)",Unfall 98753 (2017) Kat:3, Licht: 0,98753,3,1,0,12,10,2,1,0,1,0,0,0,,0
"POINT (11.031324320000067 49.441425096000046)",Unfall 98754 (2017) Kat:3, Licht: 0,98754,3,3,5,12,08,2,1,0,0,1,0,0,,0
"POINT (11.031802833000029 49.458643428000073)",Unfall 98755 (2017) Kat:3, Licht: 1,98755,3,6,2,12,16,2,1,1,0,1,0,0,,0
"POINT (11.044479985000066 49.429643187000067)",Unfall 98779 (2017) Kat:3, Licht: 0,98779,3,6,2,12,10,5,0,0,0,1,0,0,,0
"POINT (11.152833776000023 49.416245080000067)",Unfall 98782 (2017) Kat:3, Licht: 0,98782,3,2,5,12,07,5,1,0,0,1,0,0,,0
"POINT (11.063825639000072 49.426065271000027)",Unfall 98789 (2017) Kat:3, Licht: 0,98789,3,6,1,12,14,4,0,0,0,1,0,0,,1
"POINT (11.098312119000070 49.431313453000030)",Unfall 98790 (2017) Kat:3, Licht: 2,98790,3,3,5,12,19,4,1,2,1,1,0,0,,0
"POINT (11.039415621000046 49.456165351000038)",Unfall 98814 (2017) Kat:3, Licht: 0,98814,3,6,3,12,11,5,0,0,0,1,0,1,,0
"POINT (11.041050969000025 49.455629565000038)",Unfall 98815 (2017) Kat:3, Licht: 2,98815,3,6,2,12,17,5,0,2,0,1,0,0,,0
"POINT (11.015513219000070 49.465642110000033)",Unfall 98884 (2017) Kat:3, Licht: 1,98884,3,1,8,12,16,3,1,1,0,1,0,0,,0
"POINT (11.105745316000025 49.460662076000062)",Unfall 98885 (2017) Kat:3, Licht: 2,98885,3,3,1,12,18,3,0,2,0,1,0,0,,0
"POINT (11.117669890000059 49.437940692000041)",Unfall 98971 (2017) Kat:3, Licht: 0,98971,3,7,0,12,11,2,1,0,0,1,0,0,,0
"POINT (11.052479428000026 49.429856596000036)",Unfall 98972 (2017) Kat:3, Licht: 1,98972,3,6,2,12,16,2,1,1,0,1,0,0,,0
"POINT (11.052762228000063 49.429813842000044)",Unfall 98976 (2017) Kat:3, Licht: 2,98976,3,6,2,12,16,2,1,2,0,1,0,0,,0
"POINT (11.064747896000029 49.427963637000062)",Unfall 98977 (2017) Kat:3, Licht: 2,98977,3,6,3,12,18,2,1,2,0,1,0,0,,0
"POINT (11.159716516000060 49.420935822000047)",Unfall 99202 (2017) Kat:2, Licht: 0,99202,2,2,4,12,10,2,1,0,0,1,0,0,,1
"POINT (11.159845437000058 49.420890836000069)",Unfall 99204 (2017) Kat:3, Licht: 0,99204,3,3,5,12,09,2,1,0,0,1,0,0,,0
"POINT (11.133895612000060 49.471396350000077)",Unfall 99205 (2017) Kat:3, Licht: 2,99205,3,3,5,12,19,2,0,2,0,1,0,0,,0
"POINT (11.040140811000072 49.381201806000036)",Unfall 99241 (2017) Kat:3, Licht: 0,99241,3,1,5,12,15,3,1,0,0,1,0,0,,0
"POINT (11.113653379000027 49.434888408000063)",Unfall 99254 (2017) Kat:3, Licht: 2,99254,3,6,2,12,17,3,1,2,0,1,0,0,,0
"POINT (11.102660460000038 49.431451473000038)",Unfall 99285 (2017) Kat:3, Licht: 0,99285,3,2,1,12,15,1,1,0,0,1,0,0,,1
"POINT (11.037789806000035 49.423078309000061)",Unfall 99331 (2017) Kat:3, Licht: 2,99331,3,3,5,12,17,4,0,2,0,1,0,0,,0
"POINT (11.036530030000051 49.400626628000055)",Unfall 99368 (2017) Kat:3, Licht: 0,99368,3,3,5,12,11,7,0,0,0,1,0,0,,1
"POINT (11.086725239000032 49.429300288000036)",Unfall 99369 (2017) Kat:3, Licht: 0,99369,3,6,2,12,13,7,0,0,0,1,0,0,,0
"POINT (11.101118790000044 49.350655418000031)",Unfall 99485 (2017) Kat:2, Licht: 0,99485,2,7,0,12,08,6,0,0,0,0,0,0,,1
"POINT (11.121571909000068 49.452735754000059)",Unfall 99492 (2017) Kat:3, Licht: 0,99492,3,6,2,12,13,6,1,0,0,1,0,0,,0
"POINT (11.063898102000053 49.372898414000076)",Unfall 99493 (2017) Kat:3, Licht: 2,99493,3,3,0,12,20,6,1,2,0,1,0,1,,0
"POINT (11.060740715000065 49.480086997000058)",Unfall 99512 (2017) Kat:3, Licht: 2,99512,3,4,6,12,16,3,0,2,0,1,1,0,,0
"POINT (11.064350588000025 49.473706272000072)",Unfall 99594 (2017) Kat:3, Licht: 0,99594,3,4,6,12,10,3,0,0,0,1,1,0,,0
"POINT (11.151567630000045 49.464989275000050)",Unfall 99631 (2017) Kat:3, Licht: 0,99631,3,7,0,12,12,3,0,0,0,0,0,0,,1
"POINT (11.107604060000028 49.418110172000070)",Unfall 99654 (2017) Kat:3, Licht: 0,99654,3,6,0,12,13,4,0,0,0,1,0,0,,1
"POINT (11.044840022000074 49.502890649000051)",Unfall 99677 (2017) Kat:3, Licht: 0,99677,3,6,2,12,12,6,0,0,0,1,0,0,,0
"POINT (11.056131402000062 49.351740564000067)",Unfall 99685 (2017) Kat:3, Licht: 2,99685,3,6,2,12,22,6,2,2,0,1,0,0,,0
"POINT (11.205297207000058 49.421346137000057)",Unfall 99701 (2017) Kat:3, Licht: 0,99701,3,6,2,12,12,3,0,0,0,1,0,0,,0
"POINT (11.037976623000077 49.423319093000032)",Unfall 99703 (2017) Kat:3, Licht: 2,99703,3,6,2,12,18,3,0,2,0,1,0,0,,0
"POINT (11.085045983000043 49.469380016000059)",Unfall 99790 (2017) Kat:3, Licht: 2,99790,3,1,0,12,02,1,0,2,1,0,0,0,,0
"POINT (11.059716195000021 49.466916304000051)",Unfall 99829 (2017) Kat:3, Licht: 2,99829,3,6,2,12,16,7,1,2,0,1,0,0,,0
"POINT (11.036344769000038 49.419498788000055)",Unfall 99831 (2017) Kat:3, Licht: 2,99831,3,4,6,12,18,7,1,2,0,0,1,0,,1
"POINT (11.123413946000028 49.397927792000075)",Unfall 99903 (2017) Kat:3, Licht: 2,99903,3,2,5,12,17,5,1,2,0,1,0,0,,0
"POINT (11.125592295000047 49.466913626000064)",Unfall 99934 (2017) Kat:3, Licht: 0,99934,3,3,4,12,09,6,0,0,0,1,0,0,,0
"POINT (11.059404662000077 49.428926993000061)",Unfall 99935 (2017) Kat:3, Licht: 0,99935,3,6,2,12,13,6,1,0,0,1,0,0,,0
"POINT (11.105921496000065 49.460636181000041)",Unfall 99937 (2017) Kat:3, Licht: 0,99937,3,7,2,12,11,6,1,0,0,1,0,0,,0
"POINT (11.037970016000031 49.423462994000033)",Unfall 100070 (2017) Kat:3, Licht: 0,100070,3,6,2,12,15,5,1,0,0,1,0,0,,0
"POINT (11.120551747000036 49.465285132000076)",Unfall 100071 (2017) Kat:3, Licht: 0,100071,3,7,0,12,13,5,1,0,1,0,0,0,,1
"POINT (11.064904953000053 49.472572706000051)",Unfall 100467 (2017) Kat:3, Licht: 0,100467,3,1,8,12,11,7,1,0,0,1,0,0,,0
"POINT (11.022997955000051 49.461681656000053)",Unfall 100468 (2017) Kat:3, Licht: 2,100468,3,6,2,12,17,7,1,2,0,1,0,0,,0
"POINT (11.080568829000072 49.440267339000059)",Unfall 167570 (2017) Kat:3, Licht: 1,167570,3,4,0,01,16,2,1,1,0,0,1,0,,1
"POINT (11.059015017000036 49.446773151000059)",Unfall 167571 (2017) Kat:3, Licht: 0,167571,3,1,9,01,09,2,1,0,0,0,0,0,,1
"POINT (11.072907260000022 49.450186714000040)",Unfall 167572 (2017) Kat:3, Licht: 2,167572,3,4,6,01,19,2,1,2,0,1,1,0,,0
"POINT (11.068054154000038 49.436671686000068)",Unfall 167573 (2017) Kat:3, Licht: 2,167573,3,2,0,01,18,2,1,2,0,1,1,0,,0
"POINT (11.082182712000076 49.484595564000074)",Unfall 167574 (2017) Kat:3, Licht: 0,167574,3,1,0,01,12,2,2,0,0,0,0,1,,0
"POINT (11.025379949000069 49.448865299000033)",Unfall 167829 (2017) Kat:3, Licht: 0,167829,3,3,0,01,12,5,1,0,0,1,0,1,,0
"POINT (11.098757621000061 49.459300256000063)",Unfall 167830 (2017) Kat:3, Licht: 2,167830,3,6,3,01,19,5,1,2,0,1,0,0,,0
"POINT (11.071180638000044 49.475589535000040)",Unfall 167872 (2017) Kat:3, Licht: 2,167872,3,6,4,01,17,4,1,2,1,1,0,0,,0
"POINT (11.099818310000046 49.443005933000052)",Unfall 167873 (2017) Kat:3, Licht: 2,167873,3,2,4,01,20,4,1,2,0,1,0,0,,0
"POINT (11.058943459000034 49.446837390000042)",Unfall 167910 (2017) Kat:3, Licht: 0,167910,3,6,2,01,11,3,0,0,0,1,0,0,,0
"POINT (11.000591697000061 49.436569763000080)",Unfall 167911 (2017) Kat:3, Licht: 0,167911,3,3,5,01,16,3,0,0,0,1,0,0,,0
"POINT (11.129253318000053 49.430536634000077)",Unfall 167930 (2017) Kat:3, Licht: 0,167930,3,2,5,01,14,2,1,0,0,1,0,0,,0
"POINT (11.079891849000035 49.451971683000068)",Unfall 167931 (2017) Kat:3, Licht: 0,167931,3,4,6,01,15,2,1,0,1,0,1,0,,0
"POINT (11.064692586000035 49.410312259000079)",Unfall 167932 (2017) Kat:3, Licht: 0,167932,3,2,5,01,09,2,1,0,0,1,0,0,,1
"POINT (11.072463436000021 49.484616796000068)",Unfall 167961 (2017) Kat:3, Licht: 0,167961,3,3,5,01,13,1,1,0,0,1,0,0,,0
"POINT (11.089315680000027 49.446211409000057)",Unfall 167978 (2017) Kat:3, Licht: 2,167978,3,3,5,01,19,7,0,2,0,1,0,0,,1
"POINT (11.101878756000076 49.463674402000038)",Unfall 167979 (2017) Kat:3, Licht: 2,167979,3,6,2,01,06,7,0,2,0,1,0,0,,0
"POINT (11.256147433000024 49.435215456000037)",Unfall 167995 (2017) Kat:3, Licht: 2,167995,3,7,0,01,18,6,0,2,0,0,0,0,,1
"POINT (11.072533093000061 49.484583483000051)",Unfall 167996 (2017) Kat:3, Licht: 0,167996,3,3,5,01,15,6,0,0,0,1,0,0,,0
"POINT (11.031764706000047 49.473561093000058)",Unfall 168021 (2017) Kat:3, Licht: 0,168021,3,6,2,01,14,5,0,0,0,1,0,0,,0
"POINT (11.068432758000029 49.447336592000056)",Unfall 168022 (2017) Kat:3, Licht: 2,168022,3,6,2,01,19,5,1,2,0,1,0,0,,0
"POINT (11.080799805000026 49.446753249000039)",Unfall 168099 (2017) Kat:3, Licht: 2,168099,3,6,2,01,17,5,0,2,0,1,0,0,,0
"POINT (11.060891665000042 49.444249855000066)",Unfall 168100 (2017) Kat:3, Licht: 0,168100,3,4,6,01,14,5,0,0,0,1,1,0,,0
"POINT (11.066898581000032 49.431257446000075)",Unfall 168101 (2017) Kat:3, Licht: 0,168101,3,7,3,01,16,5,0,0,0,1,0,0,,1
"POINT (11.109584473000041 49.485726089000082)",Unfall 168102 (2017) Kat:3, Licht: 0,168102,3,2,5,01,15,5,1,0,0,1,0,0,,0
"POINT (11.023883969000053 49.471062525000036)",Unfall 168103 (2017) Kat:3, Licht: 2,168103,3,6,2,01,17,5,0,2,0,1,0,0,,0
"POINT (11.084662648000062 49.434835581000073)",Unfall 168104 (2017) Kat:3, Licht: 0,168104,3,6,2,01,10,5,0,0,0,1,0,0,,1
"POINT (11.019877179000048 49.426637009000046)",Unfall 168105 (2017) Kat:3, Licht: 0,168105,3,1,0,01,08,5,2,0,1,0,0,0,,0
"POINT (11.138041901000065 49.401383138000028)",Unfall 168185 (2017) Kat:3, Licht: 0,168185,3,7,0,01,13,3,0,0,0,0,0,0,,1
"POINT (11.067125437000072 49.439382628000033)",Unfall 168186 (2017) Kat:3, Licht: 0,168186,3,4,6,01,11,3,0,0,0,1,1,0,,0
"POINT (11.084652041000027 49.452337775000046)",Unfall 168187 (2017) Kat:3, Licht: 0,168187,3,4,6,01,13,3,0,0,0,1,1,0,,0
"POINT (11.068466968000052 49.463065663000066)",Unfall 168188 (2017) Kat:3, Licht: 2,168188,3,4,6,01,07,3,1,2,0,1,1,0,,0
"POINT (11.037418984000055 49.382764362000046)",Unfall 168248 (2017) Kat:2, Licht: 2,168248,2,3,5,01,17,1,1,2,0,1,0,0,,0
"POINT (11.047418350000044 49.514062761000048)",Unfall 168249 (2017) Kat:3, Licht: 2,168249,3,6,4,01,20,1,2,2,0,1,0,0,,0
"POINT (11.049584527000036 49.452886598000077)",Unfall 168265 (2017) Kat:3, Licht: 2,168265,3,3,5,01,20,7,0,2,0,1,0,0,,0
"POINT (11.040738612000041 49.407580273000065)",Unfall 168266 (2017) Kat:3, Licht: 0,168266,3,6,2,01,11,7,1,0,0,1,0,0,,0
"POINT (11.097386260000064 49.449811855000064)",Unfall 168299 (2017) Kat:3, Licht: 0,168299,3,3,4,01,08,6,0,0,0,1,0,0,,0
"POINT (11.084770386000059 49.449363063000078)",Unfall 168300 (2017) Kat:3, Licht: 2,168300,3,2,5,01,18,6,0,2,0,1,0,0,,0
"POINT (11.099916228000041 49.443072271000062)",Unfall 168334 (2017) Kat:3, Licht: 1,168334,3,6,2,01,18,5,0,1,0,1,0,0,,0
"POINT (11.119828312000038 49.443184032000033)",Unfall 168335 (2017) Kat:3, Licht: 0,168335,3,3,5,01,16,5,1,0,0,1,0,0,,0
"POINT (11.089891935000026 49.441586149000045)",Unfall 168336 (2017) Kat:3, Licht: 2,168336,3,2,5,01,23,6,0,2,0,1,0,0,,0
"POINT (11.010059911000042 49.450600709000071)",Unfall 168337 (2017) Kat:3, Licht: 0,168337,3,1,8,01,16,6,0,0,0,1,0,0,,0
"POINT (11.081609311000022 49.467273410000075)",Unfall 168385 (2017) Kat:3, Licht: 0,168385,3,6,2,01,07,5,0,0,0,1,0,0,,0
"POINT (11.075053216000072 49.445123636000062)",Unfall 168421 (2017) Kat:3, Licht: 2,168421,3,2,5,01,05,4,0,2,0,1,0,0,,0
"POINT (11.074376067000060 49.434097596000072)",Unfall 168422 (2017) Kat:2, Licht: 0,168422,2,2,5,01,09,4,0,0,1,1,0,0,,0
"POINT (11.070207398000036 49.455157444000065)",Unfall 168423 (2017) Kat:3, Licht: 0,168423,3,6,2,01,14,4,0,0,0,1,0,0,,0
"POINT (11.026631317000067 49.411047841000027)",Unfall 168450 (2017) Kat:3, Licht: 0,168450,3,1,0,01,14,3,2,0,1,0,0,0,,0
"POINT (11.074768894000044 49.445259579000037)",Unfall 168451 (2017) Kat:3, Licht: 0,168451,3,2,5,01,11,3,1,0,1,0,0,0,,1
"POINT (11.089151170000036 49.455673805000060)",Unfall 168452 (2017) Kat:3, Licht: 0,168452,3,3,5,01,15,3,1,0,1,0,0,0,,1
"POINT (11.037418984000055 49.382764362000046)",Unfall 168491 (2017) Kat:3, Licht: 0,168491,3,2,5,01,10,2,0,0,0,1,0,0,,0
"POINT (11.098372907000055 49.450051757000040)",Unfall 168537 (2017) Kat:3, Licht: 0,168537,3,6,2,01,12,7,0,0,0,1,0,0,,0
"POINT (11.127131965000046 49.430083771000056)",Unfall 168538 (2017) Kat:3, Licht: 0,168538,3,3,5,01,14,7,0,0,0,1,0,0,,1
"POINT (11.105118022000056 49.484201096000049)",Unfall 168539 (2017) Kat:2, Licht: 0,168539,2,2,4,01,11,7,0,0,0,1,0,0,,0
"POINT (11.015408501000024 49.442086666000080)",Unfall 168580 (2017) Kat:2, Licht: 2,168580,2,3,5,01,19,6,0,2,0,1,0,1,,0
"POINT (11.055778631000067 49.449851677000026)",Unfall 168581 (2017) Kat:3, Licht: 0,168581,3,5,0,01,15,6,0,0,1,1,0,0,,0
"POINT (11.053170855000076 49.402144834000069)",Unfall 168582 (2017) Kat:3, Licht: 2,168582,3,6,3,01,05,6,0,2,0,1,0,0,,1
"POINT (11.060581558000024 49.459559940000076)",Unfall 168583 (2017) Kat:3, Licht: 2,168583,3,6,2,01,19,6,0,2,0,1,0,0,,0
"POINT (11.056483807000063 49.428209986000070)",Unfall 168643 (2017) Kat:3, Licht: 0,168643,3,3,5,02,11,5,0,0,0,1,0,0,,0
"POINT (11.084363481000025 49.451282880000065)",Unfall 168644 (2017) Kat:3, Licht: 2,168644,3,6,4,02,20,5,0,2,1,0,0,0,,0
"POINT (11.061394238000048 49.448999839000066)",Unfall 168645 (2017) Kat:3, Licht: 2,168645,3,6,3,02,20,5,0,2,0,1,0,0,,0
"POINT (11.054944507000073 49.459849407000036)",Unfall 168675 (2017) Kat:3, Licht: 0,168675,3,3,5,02,14,4,0,0,1,1,0,0,,0
"POINT (11.074716343000034 49.446799324000040)",Unfall 168676 (2017) Kat:3, Licht: 2,168676,3,6,2,02,19,4,0,2,0,1,0,0,,0
"POINT (11.090140397000027 49.439148559000046)",Unfall 168677 (2017) Kat:3, Licht: 0,168677,3,4,6,02,12,4,0,0,0,1,1,0,,0
"POINT (11.084584115000041 49.449143121000077)",Unfall 168678 (2017) Kat:3, Licht: 2,168678,3,6,2,02,18,4,0,2,0,1,0,0,,0
"POINT (11.062187144000063 49.449505850000037)",Unfall 168710 (2017) Kat:3, Licht: 0,168710,3,6,3,01,10,3,0,0,0,0,0,0,,1
"POINT (11.080893646000050 49.443054426000060)",Unfall 168711 (2017) Kat:3, Licht: 0,168711,3,3,5,01,15,3,0,0,1,0,0,0,,1
"POINT (11.097479517000068 49.459043894000047)",Unfall 168754 (2017) Kat:3, Licht: 0,168754,3,2,6,01,11,2,1,0,0,1,1,0,,0
"POINT (11.102980393000053 49.438745212000072)",Unfall 168755 (2017) Kat:3, Licht: 2,168755,3,6,2,01,17,2,1,2,0,1,0,0,,0
"POINT (11.117906960000028 49.414405592000037)",Unfall 168756 (2017) Kat:3, Licht: 2,168756,3,6,3,01,20,2,1,2,0,1,0,1,,0
"POINT (11.086301127000070 49.451708067000027)",Unfall 168788 (2017) Kat:3, Licht: 2,168788,3,6,2,01,03,1,1,2,0,1,0,0,,0
"POINT (11.132938303000060 49.472616505000076)",Unfall 168789 (2017) Kat:1, Licht: 0,168789,1,7,0,01,10,1,1,0,1,0,0,0,,0