WKT,Name,OBJECTID,UKATEGORIE,UTYP1,UART,UMONAT,USTUNDE,UWOCHENTAG,STRZUSTAND,ULICHTVERH,ISTRAD,ISTPKW,ISTFUSS,ISTKRAD,ISTGKFZ,ISTSONSTIG
"POINT (11.097725884000056 49.443197231000056)",Unfall 168806 (2017) Kat:3, Licht: 0,168806,3,3,5,01,13,7,0,0,0,1,0,0,,0
"POINT (11.099996874000055 49.442820700000027)",Unfall 168807 (2017) Kat:3, Licht: 0,168807,3,6,2,01,10,7,0,0,0,1,0,0,,0
"POINT (11.109507503000032 49.444679631000042)",Unfall 168808 (2017) Kat:3, Licht: 0,168808,3,3,5,01,15,7,0,0,0,1,0,0,,0
"POINT (11.060809883000047 49.449129786000071)",Unfall 168809 (2017) Kat:3, Licht: 2,168809,3,5,1,01,18,7,0,2,1,1,0,0,,0
"POINT (11.018155698000044 49.457487753000066)",Unfall 168810 (2017) Kat:3, Licht: 0,168810,3,3,5,01,15,7,1,0,1,1,0,0,,0
"POINT (11.010862433000057 49.461522758000058)",Unfall 168850 (2017) Kat:3, Licht: 0,168850,3,6,2,01,14,6,0,0,0,1,0,0,,0
"POINT (11.027519864000055 49.448627466000062)",Unfall 168851 (2017) Kat:2, Licht: 0,168851,2,7,6,01,08,6,0,0,0,1,1,0,,0
"POINT (11.081737325000063 49.466070904000048)",Unfall 168852 (2017) Kat:3, Licht: 0,168852,3,3,5,01,11,6,0,0,1,1,0,0,,0
"POINT (11.064554413000053 49.455595724000034)",Unfall 168869 (2017) Kat:3, Licht: 2,168869,3,7,6,02,18,7,0,2,0,1,1,0,,0
"POINT (11.071186704000070 49.447078277000060)",Unfall 168870 (2017) Kat:3, Licht: 2,168870,3,6,2,02,19,7,0,2,0,1,0,0,,0
"POINT (11.080840293000051 49.443047819000071)",Unfall 168893 (2017) Kat:3, Licht: 2,168893,3,1,6,02,21,6,0,2,0,1,1,0,,0
"POINT (11.070775592000075 49.408122488000060)",Unfall 168894 (2017) Kat:2, Licht: 2,168894,2,2,5,02,04,6,0,2,0,1,0,0,,0
"POINT (11.070459346000064 49.409158833000049)",Unfall 168895 (2017) Kat:3, Licht: 2,168895,3,6,2,02,22,6,0,2,0,1,0,0,,0
"POINT (11.090539940000042 49.438330082000050)",Unfall 168896 (2017) Kat:1, Licht: 0,168896,1,4,6,02,11,6,0,0,0,0,1,0,,1
"POINT (11.111613760000068 49.444590427000037)",Unfall 168926 (2017) Kat:3, Licht: 0,168926,3,3,5,02,12,5,0,0,1,1,0,0,,0
"POINT (11.127273784000067 49.400864697000031)",Unfall 168953 (2017) Kat:3, Licht: 2,168953,3,3,5,02,17,4,0,2,0,1,0,0,,0
"POINT (11.059504210000057 49.460614065000073)",Unfall 168984 (2017) Kat:3, Licht: 1,168984,3,7,6,02,17,3,0,1,0,1,1,0,,0
"POINT (11.064146780000044 49.448102914000060)",Unfall 168985 (2017) Kat:3, Licht: 1,168985,3,6,2,02,17,3,0,1,0,1,0,0,,0
"POINT (11.127586396000027 49.408342876000063)",Unfall 168986 (2017) Kat:2, Licht: 0,168986,2,2,5,02,13,3,0,0,1,0,0,0,,1
"POINT (11.147640643000045 49.414886406000051)",Unfall 169016 (2017) Kat:3, Licht: 2,169016,3,2,5,02,06,2,0,2,1,1,0,0,,0
"POINT (11.078236870000069 49.441943762000051)",Unfall 169017 (2017) Kat:3, Licht: 0,169017,3,3,5,02,16,2,0,0,0,1,0,0,,0
"POINT (11.065508532000024 49.461840121000080)",Unfall 169018 (2017) Kat:3, Licht: 0,169018,3,2,6,02,12,2,0,0,0,0,1,0,,1
"POINT (11.063508795000075 49.448287668000035)",Unfall 169019 (2017) Kat:3, Licht: 0,169019,3,3,5,02,14,2,0,0,0,1,0,0,,0
"POINT (11.103232997000077 49.414620292000052)",Unfall 169020 (2017) Kat:3, Licht: 1,169020,3,3,5,02,07,2,0,1,1,1,0,0,,0
"POINT (11.011368997000034 49.383863027000075)",Unfall 169084 (2017) Kat:3, Licht: 0,169084,3,1,8,02,07,7,2,0,0,1,0,0,,0
"POINT (11.124936764000040 49.471436216000029)",Unfall 169120 (2017) Kat:3, Licht: 0,169120,3,3,5,02,07,6,0,0,0,1,0,0,,0
"POINT (11.065653617000066 49.450081416000046)",Unfall 169154 (2017) Kat:3, Licht: 0,169154,3,6,2,02,09,6,1,0,0,1,0,0,,0
"POINT (11.103189023000027 49.462230714000043)",Unfall 169155 (2017) Kat:3, Licht: 0,169155,3,3,5,02,08,6,0,0,0,1,0,0,,0
"POINT (11.080627573000072 49.445977285000026)",Unfall 169156 (2017) Kat:2, Licht: 2,169156,2,1,6,02,13,6,0,2,1,0,1,0,,0
"POINT (11.088999269000055 49.442288121000047)",Unfall 169212 (2017) Kat:2, Licht: 2,169212,2,2,5,02,17,5,0,2,1,1,0,0,,0
"POINT (11.098074268000062 49.450054152000064)",Unfall 169213 (2017) Kat:3, Licht: 0,169213,3,7,0,02,11,5,0,0,0,0,0,0,,1
"POINT (11.006263841000077 49.435818481000069)",Unfall 169214 (2017) Kat:3, Licht: 1,169214,3,6,3,02,18,5,0,1,0,1,0,0,,1
"POINT (11.056043180000074 49.349719566000033)",Unfall 169265 (2017) Kat:3, Licht: 0,169265,3,3,5,02,07,4,0,0,0,1,0,0,,0
"POINT (11.100760634000039 49.405362927000056)",Unfall 169266 (2017) Kat:3, Licht: 0,169266,3,5,5,02,08,4,0,0,0,1,0,0,,0
"POINT (11.066411219000031 49.464939108000067)",Unfall 169267 (2017) Kat:3, Licht: 0,169267,3,5,0,02,15,4,0,0,1,1,0,0,,0
"POINT (11.071844833000057 49.447609790000058)",Unfall 169308 (2017) Kat:3, Licht: 0,169308,3,3,6,02,12,3,0,0,0,1,1,0,,0
"POINT (11.014822429000048 49.425861763000057)",Unfall 169309 (2017) Kat:3, Licht: 0,169309,3,7,0,02,15,3,0,0,0,0,0,0,,1
"POINT (11.065343987000062 49.447723658000029)",Unfall 169310 (2017) Kat:3, Licht: 0,169310,3,6,3,02,11,3,0,0,0,1,0,0,,0
"POINT (11.063635692000048 49.451782661000038)",Unfall 169352 (2017) Kat:3, Licht: 0,169352,3,5,1,02,08,2,0,0,0,1,0,0,,0
"POINT (11.055739166000023 49.464720450000073)",Unfall 169353 (2017) Kat:3, Licht: 2,169353,3,7,0,02,18,2,0,2,0,1,0,0,,0
"POINT (11.082092649000060 49.463327130000039)",Unfall 169380 (2017) Kat:3, Licht: 0,169380,3,3,5,02,13,1,0,0,0,1,0,0,,0
"POINT (11.080891280000060 49.443054133000032)",Unfall 169381 (2017) Kat:3, Licht: 0,169381,3,3,5,02,16,1,0,0,1,1,0,0,,0
"POINT (11.086364786000047 49.451991044000067)",Unfall 169393 (2017) Kat:3, Licht: 0,169393,3,6,3,02,15,7,0,0,0,1,0,0,,0
"POINT (11.040926932000048 49.434776755000030)",Unfall 169394 (2017) Kat:3, Licht: 2,169394,3,1,8,02,22,7,0,2,0,1,0,0,,0
"POINT (11.088970484000072 49.457655578000072)",Unfall 169428 (2017) Kat:3, Licht: 1,169428,3,2,5,02,07,6,0,1,1,1,0,0,,0
"POINT (11.066767596000034 49.405926100000045)",Unfall 169467 (2017) Kat:3, Licht: 0,169467,3,6,2,02,15,5,0,0,0,1,0,0,,1
"POINT (11.070029475000069 49.465234157000054)",Unfall 169502 (2017) Kat:3, Licht: 0,169502,3,6,2,02,15,4,0,0,0,1,0,0,,0
"POINT (11.049941761000071 49.429231153000046)",Unfall 169503 (2017) Kat:3, Licht: 0,169503,3,1,0,02,07,4,1,0,1,0,0,0,,0
"POINT (11.058409519000065 49.448495531000049)",Unfall 169537 (2017) Kat:3, Licht: 2,169537,3,6,2,02,06,3,1,2,0,1,0,0,,0
"POINT (11.003838265000070 49.449826247000033)",Unfall 169538 (2017) Kat:3, Licht: 2,169538,3,3,5,02,16,3,1,2,0,1,0,0,,0
"POINT (11.068149507000044 49.435959948000061)",Unfall 169539 (2017) Kat:3, Licht: 0,169539,3,1,0,02,13,3,1,0,0,0,0,1,,0
"POINT (11.124754670000073 49.443221820000076)",Unfall 169540 (2017) Kat:3, Licht: 2,169540,3,3,5,02,19,3,1,2,1,1,0,0,,0
"POINT (11.038768220000065 49.459277996000026)",Unfall 169541 (2017) Kat:3, Licht: 0,169541,3,3,5,02,13,3,1,0,0,1,0,0,,0
"POINT (11.147135221000042 49.410419663000027)",Unfall 169542 (2017) Kat:3, Licht: 2,169542,3,3,5,02,19,3,0,2,1,1,0,0,,0
"POINT (11.092454357000065 49.461592121000081)",Unfall 169578 (2017) Kat:3, Licht: 2,169578,3,2,5,02,18,2,1,2,0,1,0,0,,0
"POINT (11.046721851000029 49.445443419000071)",Unfall 169579 (2017) Kat:3, Licht: 0,169579,3,6,2,02,12,2,0,0,0,1,0,0,,0
"POINT (11.100863643000025 49.439830269000026)",Unfall 169580 (2017) Kat:3, Licht: 2,169580,3,4,6,02,19,2,1,2,1,0,1,0,,0
"POINT (11.071449023000071 49.477056508000032)",Unfall 169581 (2017) Kat:3, Licht: 0,169581,3,6,3,02,17,2,0,0,0,1,0,0,,0
"POINT (11.081540509000035 49.468453764000060)",Unfall 169582 (2017) Kat:3, Licht: 0,169582,3,3,5,02,12,2,0,0,1,1,0,0,,0
"POINT (11.116525764000073 49.455091793000065)",Unfall 169618 (2017) Kat:3, Licht: 0,169618,3,6,2,02,11,1,0,0,0,1,0,0,,0
"POINT (11.089322331000062 49.461462094000069)",Unfall 169619 (2017) Kat:2, Licht: 0,169619,2,1,9,02,09,1,0,0,0,1,0,0,,0
"POINT (11.082189266000057 49.451202854000030)",Unfall 169646 (2017) Kat:3, Licht: 2,169646,3,7,6,03,21,7,0,2,0,1,1,0,,0
"POINT (11.031257821000054 49.422064427000066)",Unfall 169647 (2017) Kat:3, Licht: 0,169647,3,5,1,03,13,7,0,0,0,1,0,0,,1
"POINT (11.063134482000066 49.424029860000076)",Unfall 169648 (2017) Kat:3, Licht: 0,169648,3,5,1,03,09,7,0,0,0,1,0,0,,0
"POINT (11.102575562000027 49.467979452000066)",Unfall 169649 (2017) Kat:3, Licht: 0,169649,3,7,5,03,15,7,0,0,1,1,0,0,,0
"POINT (11.112051229000031 49.445224234000079)",Unfall 169650 (2017) Kat:3, Licht: 0,169650,3,3,0,03,18,7,0,0,0,1,0,1,,0
"POINT (11.121608060000028 49.416702060000034)",Unfall 169651 (2017) Kat:3, Licht: 0,169651,3,7,0,03,09,7,0,0,0,1,0,0,,1
"POINT (11.075442829000053 49.461748572000033)",Unfall 169678 (2017) Kat:3, Licht: 0,169678,3,5,1,03,14,6,0,0,1,1,0,0,,0
"POINT (11.040572778000069 49.422160597000072)",Unfall 169679 (2017) Kat:3, Licht: 0,169679,3,6,3,03,16,6,0,0,0,1,0,0,,1
"POINT (11.080689272000029 49.445841480000070)",Unfall 169680 (2017) Kat:3, Licht: 1,169680,3,6,2,03,18,6,0,1,0,1,0,0,,0
"POINT (11.081332488000044 49.442387666000059)",Unfall 169729 (2017) Kat:3, Licht: 0,169729,3,7,5,03,11,5,0,0,0,1,0,1,,0
"POINT (11.102757561000033 49.459729791000029)",Unfall 169730 (2017) Kat:3, Licht: 2,169730,3,2,5,03,06,5,0,2,0,1,1,0,,0
"POINT (11.071600430000046 49.471725823000043)",Unfall 169764 (2017) Kat:3, Licht: 2,169764,3,3,5,03,17,4,0,2,1,1,0,0,,0
"POINT (11.017138002000024 49.455931682000028)",Unfall 169765 (2017) Kat:3, Licht: 0,169765,3,3,5,03,18,4,0,0,1,1,0,0,,0
"POINT (11.131300240000030 49.404659875000050)",Unfall 169802 (2017) Kat:3, Licht: 0,169802,3,2,5,02,13,3,0,0,0,1,0,0,,0
"POINT (11.074381396000035 49.434085863000064)",Unfall 169803 (2017) Kat:2, Licht: 1,169803,2,3,5,02,07,3,1,1,0,1,0,1,,0
"POINT (11.022568372000023 49.428697731000057)",Unfall 169804 (2017) Kat:3, Licht: 2,169804,3,7,6,02,15,3,0,2,0,1,1,0,,0
"POINT (11.103933058000052 49.450640338000028)",Unfall 169805 (2017) Kat:3, Licht: 0,169805,3,6,2,02,13,3,0,0,0,1,0,0,,0
"POINT (11.083427780000022 49.447293224000077)",Unfall 169806 (2017) Kat:3, Licht: 0,169806,3,6,3,02,09,3,0,0,0,1,0,1,,0
"POINT (11.078573973000061 49.492794502000038)",Unfall 169838 (2017) Kat:3, Licht: 2,169838,3,1,7,02,21,2,0,2,1,0,0,0,,0
"POINT (11.079602971000043 49.473903990000053)",Unfall 169839 (2017) Kat:3, Licht: 0,169839,3,3,5,02,16,2,0,0,0,1,0,0,,0
"POINT (11.049985287000027 49.451174991000073)",Unfall 169840 (2017) Kat:3, Licht: 2,169840,3,3,5,02,20,2,0,2,1,1,0,0,,0
"POINT (11.045454334000055 49.452603108000062)",Unfall 169888 (2017) Kat:3, Licht: 0,169888,3,5,1,02,16,7,0,0,0,1,0,0,,1
"POINT (11.064806224000051 49.449437427000078)",Unfall 169889 (2017) Kat:3, Licht: 0,169889,3,6,2,02,13,7,0,0,0,1,0,0,,0
"POINT (11.072747122000067 49.451361161000079)",Unfall 169909 (2017) Kat:3, Licht: 0,169909,3,7,6,03,13,6,0,0,0,0,1,0,,1
"POINT (11.072760641000059 49.459980767000047)",Unfall 169910 (2017) Kat:3, Licht: 2,169910,3,6,2,03,19,6,0,2,0,1,0,0,,0
"POINT (11.105190637000021 49.466212418000055)",Unfall 169911 (2017) Kat:3, Licht: 0,169911,3,3,5,03,16,6,0,0,0,1,0,0,,1
"POINT (11.048978120000072 49.408294983000076)",Unfall 169954 (2017) Kat:3, Licht: 2,169954,3,2,5,03,18,5,1,2,0,1,0,0,,0
"POINT (11.067998210000042 49.434910558000070)",Unfall 169955 (2017) Kat:3, Licht: 0,169955,3,4,6,03,17,5,0,0,0,1,1,0,,0
"POINT (11.089244598000050 49.445517941000048)",Unfall 169956 (2017) Kat:3, Licht: 0,169956,3,3,3,03,15,5,1,0,0,1,0,0,,0
"POINT (11.014399221000076 49.446801918000062)",Unfall 169957 (2017) Kat:3, Licht: 0,169957,3,2,5,03,13,5,1,0,0,1,0,0,,1
"POINT (11.119912334000048 49.474525897000035)",Unfall 169958 (2017) Kat:3, Licht: 0,169958,3,3,5,03,07,5,0,0,0,1,0,0,,0
"POINT (11.128364006000027 49.429546670000036)",Unfall 169997 (2017) Kat:3, Licht: 2,169997,3,1,6,03,22,4,1,2,0,1,1,0,,0
"POINT (11.065523472000052 49.462573165000038)",Unfall 169998 (2017) Kat:3, Licht: 0,169998,3,4,6,03,07,4,1,0,0,1,1,0,,0
"POINT (11.089089475000037 49.447790345000044)",Unfall 169999 (2017) Kat:3, Licht: 0,169999,3,6,2,03,07,4,1,0,0,1,0,0,,0
"POINT (11.016079151000042 49.455473726000037)",Unfall 170000 (2017) Kat:3, Licht: 0,170000,3,3,5,03,07,4,0,0,0,1,0,0,,0
"POINT (11.017333905000044 49.456302988000061)",Unfall 170001 (2017) Kat:3, Licht: 0,170001,3,4,6,03,17,4,0,0,0,0,1,1,,0
"POINT (11.066081696000026 49.447944675000031)",Unfall 170053 (2017) Kat:3, Licht: 0,170053,3,6,3,03,10,3,1,0,0,1,0,0,,1
"POINT (11.059885031000022 49.425193579000052)",Unfall 170054 (2017) Kat:3, Licht: 0,170054,3,1,0,03,07,3,1,0,0,1,0,0,,0
"POINT (11.046579482000027 49.432756462000043)",Unfall 170055 (2017) Kat:3, Licht: 0,170055,3,2,4,03,12,3,1,0,0,1,0,0,,1
"POINT (11.022806834000050 49.433942138000077)",Unfall 170056 (2017) Kat:3, Licht: 2,170056,3,1,0,03,22,3,0,2,1,0,0,0,,0
"POINT (11.078027505000023 49.436821161000069)",Unfall 170057 (2017) Kat:3, Licht: 0,170057,3,3,5,03,09,3,1,0,1,1,0,0,,0
"POINT (11.068456295000033 49.435887631000071)",Unfall 170096 (2017) Kat:3, Licht: 0,170096,3,5,1,03,17,2,0,0,0,1,0,1,,0
"POINT (11.027576107000073 49.389081348000047)",Unfall 170097 (2017) Kat:2, Licht: 0,170097,2,1,0,03,16,2,1,0,1,0,0,0,,1
"POINT (11.071479453000052 49.452468276000047)",Unfall 170098 (2017) Kat:3, Licht: 0,170098,3,6,4,03,07,2,1,0,1,1,0,0,,0
"POINT (11.015716086000054 49.453685622000080)",Unfall 170099 (2017) Kat:2, Licht: 0,170099,2,1,0,03,13,2,1,0,0,0,0,1,,0
"POINT (11.011392734000026 49.464417234000052)",Unfall 170119 (2017) Kat:3, Licht: 0,170119,3,2,6,03,15,1,0,0,0,1,1,0,,0
"POINT (11.097063020000064 49.445872350000059)",Unfall 170198 (2017) Kat:3, Licht: 2,170198,3,4,6,03,20,4,1,2,0,1,1,0,,0
"POINT (11.097485063000022 49.445366335000074)",Unfall 170199 (2017) Kat:2, Licht: 0,170199,2,5,5,03,14,4,0,0,0,1,0,1,,0
"POINT (11.039611298000068 49.437518552000029)",Unfall 170200 (2017) Kat:3, Licht: 2,170200,3,6,6,03,19,4,0,2,0,1,1,0,,0
"POINT (11.093584610000050 49.429391392000070)",Unfall 170250 (2017) Kat:2, Licht: 0,170250,2,3,5,03,10,3,0,0,0,1,0,0,,0
"POINT (11.056443996000041 49.442766799000026)",Unfall 170251 (2017) Kat:3, Licht: 0,170251,3,3,5,03,08,3,0,0,1,1,0,0,,0
"POINT (11.099550810000039 49.459446520000029)",Unfall 170252 (2017) Kat:3, Licht: 2,170252,3,1,6,03,19,3,0,2,1,0,1,0,,0
"POINT (11.091361908000067 49.436487776000035)",Unfall 170253 (2017) Kat:3, Licht: 0,170253,3,2,4,03,07,3,0,0,0,1,0,0,,0
"POINT (11.053188620000071 49.449116539000045)",Unfall 170254 (2017) Kat:3, Licht: 0,170254,3,3,5,03,12,3,0,0,1,1,0,0,,0
"POINT (11.085190036000029 49.456716034000067)",Unfall 170255 (2017) Kat:3, Licht: 0,170255,3,4,6,03,11,3,0,0,0,1,1,0,,0
"POINT (11.089769337000064 49.441714521000051)",Unfall 170298 (2017) Kat:3, Licht: 0,170298,3,4,0,03,12,2,0,0,0,0,1,0,,1
"POINT (11.074851156000022 49.446662734000029)",Unfall 170299 (2017) Kat:3, Licht: 0,170299,3,2,3,03,17,2,0,0,1,1,0,0,,0
"POINT (11.077531621000048 49.449037846000067)",Unfall 170336 (2017) Kat:3, Licht: 2,170336,3,7,6,03,05,1,0,2,0,1,1,0,,0
"POINT (11.097733500000061 49.441072748000067)",Unfall 170337 (2017) Kat:3, Licht: 0,170337,3,7,1,03,12,1,0,0,0,1,0,0,,0
"POINT (11.084760610000046 49.449351441000033)",Unfall 170338 (2017) Kat:3, Licht: 2,170338,3,2,4,03,20,1,0,2,0,1,0,0,,0
"POINT (11.020281438000040 49.469419289000029)",Unfall 170339 (2017) Kat:3, Licht: 0,170339,3,1,0,03,13,1,0,0,1,0,0,0,,0
"POINT (11.067147128000045 49.439479730000073)",Unfall 170366 (2017) Kat:2, Licht: 2,170366,2,3,5,03,02,7,0,2,0,1,0,0,,0
"POINT (11.134723125000050 49.402468367000040)",Unfall 170367 (2017) Kat:3, Licht: 0,170367,3,3,5,03,13,7,0,0,1,1,0,0,,0
"POINT (11.080687364000028 49.435886341000071)",Unfall 170368 (2017) Kat:3, Licht: 2,170368,3,3,5,03,20,7,0,2,0,1,0,0,,0
"POINT (11.060987618000070 49.468652675000044)",Unfall 170369 (2017) Kat:3, Licht: 0,170369,3,5,1,03,10,7,0,0,0,1,0,0,,1
"POINT (11.063001794000058 49.425243069000032)",Unfall 170370 (2017) Kat:3, Licht: 0,170370,3,7,5,03,15,7,0,0,0,1,0,0,,0
"POINT (11.067222816000026 49.439510571000028)",Unfall 170421 (2017) Kat:3, Licht: 1,170421,3,2,5,03,18,4,1,1,0,1,0,0,,0
"POINT (11.082970907000060 49.449862744000029)",Unfall 170422 (2017) Kat:2, Licht: 2,170422,2,7,6,03,21,4,0,2,1,0,1,0,,0
"POINT (11.089387129000045 49.456693361000077)",Unfall 170423 (2017) Kat:3, Licht: 0,170423,3,3,5,03,13,4,0,0,1,1,0,0,,0
"POINT (11.054819994000070 49.451095259000056)",Unfall 170471 (2017) Kat:3, Licht: 0,170471,3,2,5,03,14,3,0,0,1,1,0,0,,0
"POINT (11.058538784000064 49.441878151000026)",Unfall 170472 (2017) Kat:3, Licht: 2,170472,3,2,5,03,18,3,1,2,0,1,0,1,,0
"POINT (11.071542437000062 49.446375739000075)",Unfall 170473 (2017) Kat:3, Licht: 0,170473,3,3,3,03,11,3,0,0,0,1,0,0,,0
"POINT (11.076209751000022 49.411888677000036)",Unfall 170503 (2017) Kat:3, Licht: 0,170503,3,3,5,03,17,2,0,0,1,1,0,0,,0
"POINT (11.114778776000037 49.454410599000028)",Unfall 170504 (2017) Kat:3, Licht: 0,170504,3,3,5,03,17,2,0,0,1,1,0,0,,0
"POINT (11.141503464000039 49.410942858000055)",Unfall 170505 (2017) Kat:3, Licht: 0,170505,3,6,0,03,08,2,0,0,0,1,0,0,,1
"POINT (11.025847431000045 49.468833210000071)",Unfall 170506 (2017) Kat:3, Licht: 0,170506,3,3,5,03,10,2,0,0,0,1,0,0,,1
"POINT (11.084280078000063 49.447394145000032)",Unfall 170507 (2017) Kat:3, Licht: 0,170507,3,6,2,03,13,2,0,0,0,1,0,1,,0
"POINT (11.053075119000027 49.401817607000055)",Unfall 170508 (2017) Kat:3, Licht: 0,170508,3,6,2,03,14,2,0,0,0,0,0,0,,1
"POINT (11.076224139000033 49.440631479000047)",Unfall 170541 (2017) Kat:2, Licht: 0,170541,2,4,6,03,16,1,0,0,0,0,1,1,,0
"POINT (11.091339593000043 49.443673639000053)",Unfall 170561 (2017) Kat:3, Licht: 0,170561,3,4,6,03,10,7,0,0,0,0,1,0,,1
"POINT (11.054890556000032 49.451496138000039)",Unfall 170562 (2017) Kat:3, Licht: 0,170562,3,2,6,03,10,7,0,0,0,1,1,0,,0
"POINT (11.099442483000075 49.443071822000036)",Unfall 170563 (2017) Kat:2, Licht: 2,170563,2,2,4,03,20,7,1,2,0,1,0,0,,1
"POINT (11.126968900000065 49.439665436000041)",Unfall 170564 (2017) Kat:3, Licht: 0,170564,3,6,2,03,13,7,0,0,0,1,0,0,,0
"POINT (11.089179444000024 49.456887328000050)",Unfall 170565 (2017) Kat:3, Licht: 2,170565,3,6,2,03,21,7,1,2,0,1,0,0,,1
"POINT (11.089320423000061 49.442352608000078)",Unfall 170606 (2017) Kat:3, Licht: 0,170606,3,3,5,03,15,6,0,0,1,1,0,0,,0
"POINT (11.055581112000027 49.475193297000033)",Unfall 170607 (2017) Kat:2, Licht: 0,170607,2,3,5,03,15,6,0,0,1,1,0,0,,0
"POINT (11.075935771000047 49.454408388000047)",Unfall 170608 (2017) Kat:3, Licht: 0,170608,3,3,5,03,07,6,0,0,0,1,0,0,,0
"POINT (11.092509288000031 49.461528508000072)",Unfall 170609 (2017) Kat:3, Licht: 2,170609,3,1,0,03,04,6,0,2,1,0,0,0,,0
"POINT (11.083508047000066 49.440612570000042)",Unfall 170610 (2017) Kat:3, Licht: 2,170610,3,3,5,03,21,6,0,2,0,1,0,0,,0
"POINT (11.144426901000031 49.412633806000031)",Unfall 170673 (2017) Kat:3, Licht: 0,170673,3,2,4,03,18,5,0,0,1,1,0,0,,0
"POINT (11.091778883000075 49.436458345000062)",Unfall 170674 (2017) Kat:3, Licht: 0,170674,3,4,6,03,15,5,0,0,0,1,1,0,,0
"POINT (11.072086154000033 49.464875057000029)",Unfall 170675 (2017) Kat:3, Licht: 2,170675,3,7,0,03,20,5,0,2,1,0,0,0,,1
"POINT (11.058035706000055 49.446853951000037)",Unfall 170676 (2017) Kat:3, Licht: 1,170676,3,2,3,03,18,5,0,1,0,1,0,0,,0
"POINT (11.102670217000025 49.457829305000075)",Unfall 170725 (2017) Kat:3, Licht: 0,170725,3,6,3,03,13,2,0,0,0,1,0,0,,0
"POINT (11.074880267000026 49.446849396000061)",Unfall 170726 (2017) Kat:3, Licht: 2,170726,3,6,3,03,23,2,0,2,0,1,0,0,,0
"POINT (11.016006939000022 49.453747642000053)",Unfall 170727 (2017) Kat:3, Licht: 0,170727,3,2,4,03,11,2,0,0,0,1,0,0,,1
"POINT (11.010614472000043 49.458816608000063)",Unfall 170728 (2017) Kat:2, Licht: 0,170728,2,3,5,03,17,2,0,0,0,1,0,1,,0
"POINT (11.076001864000034 49.434532728000079)",Unfall 170767 (2017) Kat:3, Licht: 2,170767,3,2,5,03,05,1,0,2,0,1,0,0,,0
"POINT (11.067733482000051 49.457345156000031)",Unfall 170809 (2017) Kat:3, Licht: 0,170809,3,2,4,03,13,7,0,0,1,1,0,0,,0
"POINT (11.078644300000065 49.453765808000071)",Unfall 170810 (2017) Kat:2, Licht: 2,170810,2,3,5,03,19,7,0,2,1,0,0,0,,0
"POINT (11.043905287000030 49.499177627000051)",Unfall 170811 (2017) Kat:2, Licht: 0,170811,2,1,0,03,12,7,0,0,1,0,0,0,,0
"POINT (11.083443194000040 49.436358882000036)",Unfall 170812 (2017) Kat:3, Licht: 2,170812,3,7,5,03,19,7,0,2,0,1,0,0,,0
"POINT (11.121497926000075 49.481618783000044)",Unfall 170860 (2017) Kat:2, Licht: 0,170860,2,2,5,03,06,6,0,0,0,1,0,1,,0
"POINT (11.001211520000027 49.430934285000035)",Unfall 170861 (2017) Kat:3, Licht: 2,170861,3,3,5,03,20,6,0,2,0,1,0,1,,0
"POINT (11.018090569000037 49.453573740000081)",Unfall 170862 (2017) Kat:3, Licht: 0,170862,3,6,2,03,17,6,0,0,0,1,0,0,,0
"POINT (11.078092505000029 49.433016474000055)",Unfall 170863 (2017) Kat:3, Licht: 0,170863,3,1,0,03,11,6,0,0,1,0,0,0,,0
"POINT (11.144348497000067 49.412690740000073)",Unfall 170864 (2017) Kat:3, Licht: 0,170864,3,6,3,03,12,6,0,0,0,1,0,0,,1
"POINT (11.053806168000051 49.438458671000035)",Unfall 170915 (2017) Kat:3, Licht: 0,170915,3,7,2,03,07,5,1,0,0,1,0,0,,0
"POINT (11.071582580000040 49.473786356000062)",Unfall 170916 (2017) Kat:3, Licht: 0,170916,3,2,4,03,10,5,0,0,0,1,0,0,,1
"POINT (11.010186146000024 49.457547471000055)",Unfall 170946 (2017) Kat:3, Licht: 0,170946,3,6,2,03,12,6,0,0,0,1,0,0,,0
"POINT (11.132104716000072 49.461191656000040)",Unfall 170948 (2017) Kat:3, Licht: 2,170948,3,6,4,03,05,6,0,2,1,1,0,0,,0
"POINT (11.084672415000057 49.406490731000076)",Unfall 170949 (2017) Kat:3, Licht: 0,170949,3,3,5,03,18,6,0,0,1,1,0,0,,0
"POINT (11.071655102000022 49.439154022000025)",Unfall 170955 (2017) Kat:3, Licht: 0,170955,3,4,6,03,19,6,0,0,0,1,1,0,,0
"POINT (11.074233879000076 49.449154642000053)",Unfall 170956 (2017) Kat:3, Licht: 0,170956,3,2,4,03,12,6,0,0,1,1,0,0,,0
"POINT (11.079793352000024 49.456058448000078)",Unfall 170962 (2017) Kat:3, Licht: 0,170962,3,6,2,03,15,6,0,0,0,1,0,0,,0
"POINT (11.082622169000047 49.447081722000064)",Unfall 171045 (2017) Kat:3, Licht: 0,171045,3,2,4,03,08,5,0,0,1,1,0,0,,0