WKT,Name,OBJECTID,UKATEGORIE,UTYP1,UART,UMONAT,USTUNDE,UWOCHENTAG,STRZUSTAND,ULICHTVERH,ISTRAD,ISTPKW,ISTFUSS,ISTKRAD,ISTGKFZ,ISTSONSTIG
"POINT (11.023762430000033 49.468698509000035)",Unfall 171046 (2017) Kat:3, Licht: 0,171046,3,3,5,03,12,5,0,0,1,0,0,0,,0
"POINT (11.065789687000063 49.453842178000059)",Unfall 171047 (2017) Kat:3, Licht: 0,171047,3,6,2,03,15,5,0,0,1,1,0,0,,0
"POINT (11.065480656000034 49.445412327000042)",Unfall 171108 (2017) Kat:3, Licht: 0,171108,3,3,5,03,15,4,0,0,0,1,0,0,,0
"POINT (11.107943584000054 49.451536306000037)",Unfall 171109 (2017) Kat:3, Licht: 0,171109,3,6,2,03,09,4,0,0,0,1,0,0,,0
"POINT (11.063851530000022 49.448748196000054)",Unfall 171110 (2017) Kat:3, Licht: 2,171110,3,6,2,03,20,4,0,2,0,1,0,0,,0
"POINT (11.054927758000076 49.451369559000057)",Unfall 171111 (2017) Kat:3, Licht: 0,171111,3,2,5,03,10,4,0,0,0,1,0,0,,0
"POINT (11.026295454000035 49.468470424000031)",Unfall 171112 (2017) Kat:3, Licht: 0,171112,3,4,6,03,15,4,0,0,1,0,1,0,,0
"POINT (11.148887489000060 49.405671985000026)",Unfall 171113 (2017) Kat:3, Licht: 0,171113,3,3,5,03,12,4,0,0,0,1,0,0,,0
"POINT (11.039391731000023 49.427482083000029)",Unfall 171114 (2017) Kat:3, Licht: 2,171114,3,3,0,03,20,4,0,2,0,1,0,0,,0
"POINT (11.089131202000033 49.447502930000041)",Unfall 171200 (2017) Kat:3, Licht: 0,171200,3,3,5,03,08,3,0,0,1,1,0,0,,0
"POINT (11.068831558000056 49.445331480000050)",Unfall 171201 (2017) Kat:3, Licht: 1,171201,3,6,3,03,19,3,0,1,0,1,0,0,,0
"POINT (11.084971530000075 49.422604121000063)",Unfall 171202 (2017) Kat:3, Licht: 0,171202,3,6,2,03,17,3,0,0,0,1,0,0,,1
"POINT (11.126988536000056 49.430097693000050)",Unfall 171227 (2017) Kat:3, Licht: 0,171227,3,3,5,04,11,3,0,0,1,1,0,0,,0
"POINT (11.107947178000074 49.451537766000058)",Unfall 171228 (2017) Kat:3, Licht: 0,171228,3,6,2,04,15,3,0,0,0,1,0,0,,1
"POINT (11.105021900000054 49.484847928000079)",Unfall 171229 (2017) Kat:3, Licht: 0,171229,3,4,6,04,09,3,0,0,0,1,1,0,,0
"POINT (11.058334575000060 49.457474018000028)",Unfall 171230 (2017) Kat:3, Licht: 0,171230,3,2,6,04,13,3,0,0,0,1,1,0,,0
"POINT (11.084273243000041 49.448749387000078)",Unfall 171231 (2017) Kat:3, Licht: 0,171231,3,3,5,04,15,3,0,0,1,1,0,0,,0
"POINT (11.062685244000022 49.405677147000063)",Unfall 171232 (2017) Kat:3, Licht: 0,171232,3,2,5,04,07,3,0,0,0,1,0,0,,1
"POINT (11.104869697000026 49.485935480000080)",Unfall 171233 (2017) Kat:3, Licht: 0,171233,3,6,2,04,12,3,0,0,0,1,0,0,,0
"POINT (11.007700110000030 49.445436598000072)",Unfall 171234 (2017) Kat:3, Licht: 0,171234,3,3,5,04,07,3,0,0,1,1,0,0,,0
"POINT (11.045170392000045 49.440386414000045)",Unfall 171358 (2017) Kat:3, Licht: 0,171358,3,4,6,04,15,1,0,0,0,1,1,0,,0
"POINT (11.043759470000055 49.491995031000044)",Unfall 171359 (2017) Kat:2, Licht: 2,171359,2,1,9,04,03,1,0,2,0,1,0,0,,0
"POINT (11.081391690000032 49.446643831000074)",Unfall 171408 (2017) Kat:3, Licht: 2,171408,3,2,5,04,23,7,0,2,1,1,0,0,,0
"POINT (11.076520663000053 49.454394659000059)",Unfall 171409 (2017) Kat:2, Licht: 0,171409,2,7,0,04,16,7,0,0,0,0,0,0,,1
"POINT (11.096270828000058 49.431603726000048)",Unfall 171410 (2017) Kat:3, Licht: 0,171410,3,2,3,04,15,7,0,0,0,1,0,1,,0
"POINT (11.063114366000036 49.460822552000081)",Unfall 171411 (2017) Kat:3, Licht: 0,171411,3,3,5,04,17,7,0,0,0,1,0,0,,0
"POINT (11.056958631000043 49.354172613000060)",Unfall 171412 (2017) Kat:3, Licht: 0,171412,3,3,5,04,18,7,0,0,0,1,0,0,,0
"POINT (11.137456355000040 49.459657272000072)",Unfall 171413 (2017) Kat:3, Licht: 0,171413,3,1,0,04,10,7,0,0,1,0,0,0,,0
"POINT (11.093680433000031 49.462645672000065)",Unfall 171414 (2017) Kat:3, Licht: 2,171414,3,6,2,04,22,7,0,2,0,1,0,0,,0
"POINT (11.070113147000029 49.406887134000044)",Unfall 171415 (2017) Kat:2, Licht: 0,171415,2,1,0,04,15,7,0,0,1,0,0,0,,0
"POINT (11.071582874000057 49.438867731000073)",Unfall 171555 (2017) Kat:3, Licht: 0,171555,3,2,6,04,10,7,0,0,0,1,1,0,,0
"POINT (11.072225204000063 49.471706817000040)",Unfall 171556 (2017) Kat:3, Licht: 2,171556,3,5,3,04,20,7,0,2,0,1,0,0,,1
"POINT (11.076052043000061 49.455659343000036)",Unfall 171557 (2017) Kat:2, Licht: 2,171557,2,1,0,04,00,7,0,2,1,0,0,0,,0
"POINT (11.120740594000040 49.462952297000072)",Unfall 171606 (2017) Kat:3, Licht: 0,171606,3,7,0,04,08,6,0,0,1,1,0,0,,0
"POINT (11.069404129000077 49.452941416000044)",Unfall 171607 (2017) Kat:3, Licht: 0,171607,3,6,3,04,09,6,0,0,0,1,0,0,,1
"POINT (11.099791848000052 49.443068045000075)",Unfall 171608 (2017) Kat:3, Licht: 2,171608,3,6,2,04,21,6,0,2,0,1,0,0,,0
"POINT (11.006216736000056 49.435855314000037)",Unfall 171609 (2017) Kat:3, Licht: 0,171609,3,6,2,04,08,6,0,0,0,1,0,0,,0
"POINT (11.086840375000065 49.441281554000057)",Unfall 171610 (2017) Kat:3, Licht: 1,171610,3,1,0,04,20,6,0,1,1,0,0,0,,0
"POINT (11.064398907000054 49.462456354000039)",Unfall 171661 (2017) Kat:3, Licht: 0,171661,3,7,4,04,09,5,0,0,1,1,0,0,,0
"POINT (11.056746734000058 49.441970496000067)",Unfall 171662 (2017) Kat:3, Licht: 0,171662,3,6,2,04,14,5,0,0,0,1,0,0,,0
"POINT (11.034894249000047 49.467555844000060)",Unfall 171663 (2017) Kat:3, Licht: 0,171663,3,6,2,04,15,5,0,0,0,1,0,0,,1
"POINT (11.142091524000023 49.398068476000049)",Unfall 171717 (2017) Kat:3, Licht: 0,171717,3,6,2,04,12,4,0,0,0,1,0,0,,1
"POINT (11.105404479000072 49.447601669000051)",Unfall 171807 (2017) Kat:3, Licht: 0,171807,3,1,0,04,07,5,0,0,1,0,0,0,,0
"POINT (11.099963949000028 49.472088441000039)",Unfall 171808 (2017) Kat:3, Licht: 0,171808,3,3,5,04,15,5,0,0,0,1,0,0,,1
"POINT (11.066585317000033 49.449729589000071)",Unfall 171809 (2017) Kat:3, Licht: 0,171809,3,3,5,04,17,5,0,0,1,0,0,0,,0
"POINT (11.071500413000024 49.447120051000070)",Unfall 171868 (2017) Kat:3, Licht: 0,171868,3,3,5,04,18,4,0,0,1,1,0,0,,0
"POINT (11.088512477000052 49.447554106000041)",Unfall 171869 (2017) Kat:3, Licht: 0,171869,3,6,2,04,13,4,0,0,0,1,0,0,,0
"POINT (11.055770639000059 49.443342240000050)",Unfall 171870 (2017) Kat:3, Licht: 0,171870,3,3,5,04,07,4,0,0,1,1,0,0,,0
"POINT (11.101382631000035 49.443212939000034)",Unfall 171871 (2017) Kat:3, Licht: 0,171871,3,3,5,04,17,4,0,0,1,1,0,0,,0
"POINT (11.080415410000057 49.446443768000051)",Unfall 171872 (2017) Kat:3, Licht: 0,171872,3,2,5,04,16,4,0,0,1,1,0,0,,0
"POINT (11.045388214000070 49.443700321000051)",Unfall 171915 (2017) Kat:3, Licht: 0,171915,3,7,2,04,17,3,0,0,0,1,0,0,,1
"POINT (11.084043818000055 49.439506442000038)",Unfall 171916 (2017) Kat:3, Licht: 0,171916,3,7,1,04,17,3,0,0,0,1,0,1,,0
"POINT (11.052778714000056 49.462024149000058)",Unfall 171917 (2017) Kat:3, Licht: 0,171917,3,3,5,04,14,3,0,0,1,1,0,0,,0
"POINT (11.110816118000059 49.451803209000047)",Unfall 171918 (2017) Kat:3, Licht: 0,171918,3,2,3,04,08,3,0,0,1,1,0,0,,0
"POINT (11.069564455000034 49.465751135000062)",Unfall 171919 (2017) Kat:3, Licht: 0,171919,3,3,0,04,14,3,0,0,1,1,0,0,,0
"POINT (11.049677419000034 49.453005607000080)",Unfall 171969 (2017) Kat:3, Licht: 0,171969,3,4,6,04,18,2,0,0,1,0,1,0,,0
"POINT (11.019898812000065 49.444641164000075)",Unfall 171970 (2017) Kat:3, Licht: 0,171970,3,1,6,04,17,2,0,0,0,1,1,0,,0
"POINT (11.069360440000025 49.435178803000042)",Unfall 171971 (2017) Kat:3, Licht: 2,171971,3,7,2,04,23,2,0,2,0,1,0,0,,0
"POINT (11.102717284000050 49.460904448000065)",Unfall 172037 (2017) Kat:3, Licht: 0,172037,3,3,5,04,12,7,1,0,0,1,0,1,,0
"POINT (11.048607849000064 49.387423824000052)",Unfall 172050 (2017) Kat:3, Licht: 0,172050,3,2,5,04,19,6,0,0,0,1,0,0,,0
"POINT (11.070451406000075 49.428001424000058)",Unfall 172051 (2017) Kat:3, Licht: 2,172051,3,7,5,04,22,6,0,2,0,1,0,0,,0
"POINT (11.174771576000069 49.408681156000057)",Unfall 172052 (2017) Kat:3, Licht: 0,172052,3,1,0,04,12,6,0,0,0,0,0,0,,1
"POINT (11.069917973000031 49.462376531000075)",Unfall 172086 (2017) Kat:3, Licht: 0,172086,3,5,1,04,08,5,0,0,1,0,0,0,,1
"POINT (11.071696922000058 49.447042549000059)",Unfall 172087 (2017) Kat:3, Licht: 0,172087,3,6,4,04,16,5,0,0,1,0,0,0,,0
"POINT (11.103075895000075 49.459212112000046)",Unfall 172088 (2017) Kat:3, Licht: 0,172088,3,5,1,04,20,5,0,0,1,1,0,0,,0
"POINT (11.086901130000058 49.453465474000041)",Unfall 172089 (2017) Kat:3, Licht: 2,172089,3,6,2,04,23,5,0,2,0,1,0,0,,0
"POINT (11.097323305000032 49.449301635000040)",Unfall 172125 (2017) Kat:3, Licht: 0,172125,3,6,3,04,13,4,0,0,0,1,0,1,,0
"POINT (11.011294956000029 49.463917827000046)",Unfall 172155 (2017) Kat:3, Licht: 0,172155,3,6,3,04,10,3,1,0,0,1,0,1,,0
"POINT (11.104537031000064 49.460230672000080)",Unfall 172156 (2017) Kat:3, Licht: 0,172156,3,3,5,04,13,3,0,0,1,1,0,0,,0
"POINT (11.044668432000037 49.454623270000070)",Unfall 172157 (2017) Kat:3, Licht: 0,172157,3,3,5,04,09,3,1,0,0,1,0,0,,0
"POINT (11.063021614000036 49.426249092000035)",Unfall 172158 (2017) Kat:3, Licht: 0,172158,3,3,5,04,07,3,1,0,0,1,0,0,,0
"POINT (11.116588262000050 49.450825785000063)",Unfall 172159 (2017) Kat:3, Licht: 2,172159,3,1,1,04,20,3,0,2,0,1,0,1,,0
"POINT (11.099331152000047 49.445951797000077)",Unfall 172231 (2017) Kat:3, Licht: 1,172231,3,7,5,04,19,7,0,1,0,1,0,1,,0
"POINT (11.052824042000054 49.462689204000071)",Unfall 172260 (2017) Kat:3, Licht: 0,172260,3,7,5,04,14,6,0,0,0,1,0,1,,0
"POINT (11.095817098000055 49.443108047000067)",Unfall 172288 (2017) Kat:3, Licht: 0,172288,3,3,5,04,09,5,1,0,0,1,0,0,,1
"POINT (11.067177550000054 49.439516359000038)",Unfall 172289 (2017) Kat:2, Licht: 0,172289,2,7,3,04,16,5,0,0,1,0,0,0,,1
"POINT (11.063653956000053 49.433557189000055)",Unfall 172332 (2017) Kat:2, Licht: 0,172332,2,4,6,04,18,4,0,0,0,1,1,0,,0
"POINT (11.092493398000045 49.461388568000075)",Unfall 172384 (2017) Kat:3, Licht: 2,172384,3,6,2,04,21,3,1,2,0,1,0,0,,0
"POINT (11.057916595000052 49.434750086000065)",Unfall 172385 (2017) Kat:3, Licht: 0,172385,3,3,5,04,07,3,0,0,0,1,0,0,,1
"POINT (11.198259154000027 49.423183146000042)",Unfall 172439 (2017) Kat:2, Licht: 0,172439,2,3,5,04,19,2,0,0,1,1,0,0,,0
"POINT (11.082132812000054 49.450051869000049)",Unfall 172440 (2017) Kat:2, Licht: 0,172440,2,1,0,04,16,2,0,0,0,0,0,1,,0
"POINT (11.011499758000070 49.433064966000074)",Unfall 172441 (2017) Kat:3, Licht: 0,172441,3,6,2,04,08,2,0,0,0,1,0,0,,0
"POINT (11.053425713000024 49.462511048000067)",Unfall 172491 (2017) Kat:3, Licht: 0,172491,3,2,2,04,14,1,0,0,0,1,0,1,,0
"POINT (11.097831832000054 49.444447332000038)",Unfall 172492 (2017) Kat:3, Licht: 0,172492,3,6,2,04,17,1,0,0,0,1,0,0,,0
"POINT (11.076904838000075 49.454335475000050)",Unfall 172526 (2017) Kat:3, Licht: 2,172526,3,1,0,04,05,7,0,2,1,0,0,0,,0
"POINT (11.049561038000036 49.452812294000069)",Unfall 172527 (2017) Kat:2, Licht: 0,172527,2,2,4,04,09,7,1,0,1,1,0,0,,0
"POINT (11.124342847000037 49.442913985000075)",Unfall 172528 (2017) Kat:3, Licht: 0,172528,3,4,6,04,14,7,1,0,0,1,1,0,,0
"POINT (11.080589703000044 49.416474122000068)",Unfall 172566 (2017) Kat:2, Licht: 0,172566,2,3,5,05,11,2,0,0,1,1,0,0,,0
"POINT (11.097559395000076 49.446004274000074)",Unfall 172567 (2017) Kat:2, Licht: 2,172567,2,4,6,05,23,2,1,2,0,1,1,0,,0
"POINT (11.053359941000053 49.462423408000063)",Unfall 172568 (2017) Kat:3, Licht: 0,172568,3,3,5,05,12,2,0,0,0,1,0,1,,0
"POINT (11.135017024000035 49.393293211000071)",Unfall 172569 (2017) Kat:3, Licht: 0,172569,3,6,2,05,13,2,0,0,0,1,0,0,,0
"POINT (11.072940780000067 49.454114304000029)",Unfall 172626 (2017) Kat:3, Licht: 0,172626,3,1,0,04,19,1,0,0,1,0,0,0,,0
"POINT (11.121825867000041 49.420733526000049)",Unfall 172681 (2017) Kat:3, Licht: 0,172681,3,7,6,04,12,7,0,0,0,1,1,0,,0
"POINT (11.024486727000067 49.460301772000037)",Unfall 172682 (2017) Kat:3, Licht: 0,172682,3,4,6,04,13,7,0,0,0,1,1,0,,0
"POINT (11.056745341000067 49.434722562000047)",Unfall 172683 (2017) Kat:2, Licht: 2,172683,2,1,0,04,22,7,0,2,1,0,0,0,,0
"POINT (11.138447921000022 49.473205405000044)",Unfall 172736 (2017) Kat:3, Licht: 0,172736,3,6,2,04,17,6,0,0,0,1,0,0,,0
"POINT (11.097510515000067 49.462595493000038)",Unfall 172737 (2017) Kat:2, Licht: 0,172737,2,3,5,04,14,6,1,0,1,1,0,0,,0
"POINT (11.068112861000031 49.441816993000032)",Unfall 172738 (2017) Kat:3, Licht: 0,172738,3,2,4,04,15,6,0,0,1,1,0,0,,0
"POINT (11.102577397000061 49.474654219000058)",Unfall 172739 (2017) Kat:3, Licht: 0,172739,3,3,5,04,18,6,0,0,0,1,0,0,,0
"POINT (11.090358361000028 49.439257433000080)",Unfall 172740 (2017) Kat:3, Licht: 0,172740,3,6,0,04,20,6,0,0,1,0,0,0,,0
"POINT (11.097570454000049 49.460422905000030)",Unfall 172741 (2017) Kat:3, Licht: 0,172741,3,6,5,04,18,6,0,0,1,1,0,0,,0
"POINT (11.075300549000076 49.462046960000066)",Unfall 172786 (2017) Kat:3, Licht: 0,172786,3,5,0,04,17,5,0,0,1,0,0,0,,1
"POINT (11.032688609000047 49.421428329000037)",Unfall 172787 (2017) Kat:3, Licht: 0,172787,3,6,2,04,14,5,0,0,0,1,0,0,,1
"POINT (11.020229912000048 49.430842564000045)",Unfall 172788 (2017) Kat:3, Licht: 0,172788,3,6,3,04,18,5,0,0,0,1,0,0,,0
"POINT (11.102558207000072 49.438691150000068)",Unfall 172789 (2017) Kat:3, Licht: 1,172789,3,3,5,04,20,5,0,1,0,1,0,0,,0
"POINT (11.058316880000064 49.455077087000063)",Unfall 172790 (2017) Kat:3, Licht: 0,172790,3,2,5,04,09,5,1,0,1,1,0,0,,0
"POINT (11.067229932000032 49.439509661000045)",Unfall 172796 (2017) Kat:3, Licht: 0,172796,3,2,5,05,16,7,0,0,0,1,0,0,,0
"POINT (11.032401221000043 49.438598705000061)",Unfall 172797 (2017) Kat:2, Licht: 0,172797,2,7,0,05,19,7,0,0,1,0,0,0,,0
"POINT (11.049464566000040 49.452845062000051)",Unfall 172798 (2017) Kat:3, Licht: 1,172798,3,6,2,05,20,7,0,1,0,1,0,0,,0
"POINT (11.083349662000046 49.436402783000062)",Unfall 172859 (2017) Kat:3, Licht: 0,172859,3,2,4,05,14,6,0,0,1,1,0,0,,0
"POINT (11.045453128000077 49.444435266000028)",Unfall 172860 (2017) Kat:3, Licht: 0,172860,3,5,5,05,08,6,0,0,1,1,0,0,,0
"POINT (11.046610103000035 49.432803421000074)",Unfall 172861 (2017) Kat:3, Licht: 2,172861,3,3,5,05,20,6,0,2,0,1,0,0,,0
"POINT (11.065475933000073 49.445416539000064)",Unfall 172920 (2017) Kat:3, Licht: 0,172920,3,3,0,05,18,5,0,0,0,1,0,1,,0
"POINT (11.101301613000032 49.438743631000079)",Unfall 172921 (2017) Kat:3, Licht: 0,172921,3,6,3,05,09,5,0,0,0,1,0,1,,1
"POINT (11.103205326000023 49.441448377000029)",Unfall 172922 (2017) Kat:3, Licht: 0,172922,3,3,5,05,07,5,0,0,1,1,0,0,,0
"POINT (11.048696144000075 49.441846449000082)",Unfall 172923 (2017) Kat:2, Licht: 0,172923,2,4,6,05,14,5,0,0,0,1,1,0,,0
"POINT (11.123351692000028 49.441712814000027)",Unfall 172924 (2017) Kat:3, Licht: 0,172924,3,7,6,05,17,5,0,0,0,0,1,0,,1
"POINT (11.082635691000064 49.419836901000053)",Unfall 172973 (2017) Kat:3, Licht: 0,172973,3,3,5,05,16,4,1,0,1,1,0,0,,0
"POINT (11.058222156000056 49.441639223000038)",Unfall 172974 (2017) Kat:3, Licht: 0,172974,3,2,5,05,06,4,0,0,1,1,0,0,,0
"POINT (11.168993938000028 49.392115345000036)",Unfall 172975 (2017) Kat:2, Licht: 0,172975,2,2,5,05,06,4,1,0,0,1,0,1,,0
"POINT (11.072022535000031 49.447021426000049)",Unfall 172976 (2017) Kat:3, Licht: 0,172976,3,6,2,05,10,4,0,0,0,1,0,0,,1
"POINT (11.087567965000062 49.441211472000077)",Unfall 172977 (2017) Kat:3, Licht: 0,172977,3,7,3,05,15,4,1,0,0,1,0,0,,0
"POINT (11.116099092000070 49.471791314000029)",Unfall 172978 (2017) Kat:3, Licht: 0,172978,3,3,0,05,17,4,1,0,1,1,0,0,,0
"POINT (11.033474866000063 49.438145842000040)",Unfall 173032 (2017) Kat:3, Licht: 0,173032,3,2,4,05,16,3,1,0,1,0,0,1,,0
"POINT (11.082720003000077 49.473806136000064)",Unfall 173033 (2017) Kat:3, Licht: 0,173033,3,3,5,05,10,3,1,0,0,1,0,0,,1
"POINT (11.070850523000047 49.407936715000062)",Unfall 173034 (2017) Kat:3, Licht: 0,173034,3,6,2,05,17,3,1,0,0,1,0,0,,0
"POINT (11.047068822000028 49.453838194000070)",Unfall 173035 (2017) Kat:3, Licht: 0,173035,3,6,2,05,11,3,1,0,0,1,0,0,,0
"POINT (11.084797844000036 49.455735190000041)",Unfall 173036 (2017) Kat:3, Licht: 0,173036,3,6,2,05,08,3,1,0,0,1,0,0,,0
"POINT (11.126599779000060 49.410539558000039)",Unfall 173037 (2017) Kat:3, Licht: 0,173037,3,7,5,05,07,3,1,0,0,1,0,0,,1
"POINT (11.081273650000071 49.453945996000073)",Unfall 173050 (2017) Kat:3, Licht: 0,173050,3,3,5,05,08,5,0,0,0,1,0,0,,0
"POINT (11.071622406000074 49.472712723000029)",Unfall 173069 (2017) Kat:2, Licht: 0,173069,2,5,1,05,21,5,1,0,1,1,0,0,,0
"POINT (11.076926806000074 49.454887024000072)",Unfall 173070 (2017) Kat:3, Licht: 0,173070,3,2,5,05,06,5,0,0,1,1,0,0,,0
"POINT (11.150707795000073 49.400824647000036)",Unfall 173114 (2017) Kat:3, Licht: 0,173114,3,3,5,05,07,4,0,0,1,1,0,0,,0
"POINT (11.067947002000039 49.441122053000072)",Unfall 173115 (2017) Kat:2, Licht: 0,173115,2,3,5,05,07,4,0,0,0,1,0,1,,0
"POINT (11.113858435000054 49.477152745000069)",Unfall 173116 (2017) Kat:3, Licht: 0,173116,3,3,5,05,20,4,0,0,0,1,0,0,,0
"POINT (11.074075076000042 49.447401744000047)",Unfall 173176 (2017) Kat:3, Licht: 2,173176,3,1,8,05,20,3,0,2,0,0,0,0,,1
"POINT (11.129100232000042 49.418878850000056)",Unfall 173177 (2017) Kat:3, Licht: 0,173177,3,7,6,05,07,3,0,0,0,1,1,0,,0
"POINT (11.068504126000050 49.444373624000036)",Unfall 173178 (2017) Kat:3, Licht: 0,173178,3,6,3,05,07,3,0,0,1,1,0,0,,0
"POINT (11.085251968000023 49.430596184000080)",Unfall 173234 (2017) Kat:3, Licht: 0,173234,3,3,5,05,08,2,0,0,0,1,0,0,,0
"POINT (11.082345036000049 49.484505063000029)",Unfall 173235 (2017) Kat:3, Licht: 0,173235,3,6,2,05,06,2,1,0,0,1,0,0,,0
"POINT (11.068821365000076 49.445634001000030)",Unfall 173236 (2017) Kat:2, Licht: 0,173236,2,3,5,05,16,2,0,0,1,0,0,0,,0
"POINT (11.084326001000022 49.455870644000072)",Unfall 173351 (2017) Kat:3, Licht: 0,173351,3,2,5,05,06,2,0,0,1,1,0,0,,0
"POINT (11.083921239000063 49.492397620000077)",Unfall 173352 (2017) Kat:3, Licht: 0,173352,3,3,5,05,07,2,0,0,1,0,0,0,,1
"POINT (11.095667525000067 49.459962666000081)",Unfall 173353 (2017) Kat:3, Licht: 0,173353,3,4,0,05,14,2,0,0,1,1,1,0,,0
"POINT (11.019046696000032 49.431531664000033)",Unfall 173354 (2017) Kat:3, Licht: 0,173354,3,2,4,05,15,2,0,0,0,1,0,0,,0
"POINT (11.130855319000034 49.459947516000057)",Unfall 173355 (2017) Kat:2, Licht: 0,173355,2,7,6,05,15,2,0,0,0,1,1,0,,0
"POINT (11.099402326000074 49.443225569000049)",Unfall 173356 (2017) Kat:3, Licht: 0,173356,3,6,2,05,15,2,0,0,0,1,0,0,,0
"POINT (11.041695431000051 49.429491891000055)",Unfall 173357 (2017) Kat:3, Licht: 0,173357,3,5,1,05,18,2,0,0,0,1,0,0,,0
"POINT (11.047774440000069 49.436602320000077)",Unfall 173358 (2017) Kat:3, Licht: 0,173358,3,3,5,05,15,2,0,0,1,1,0,0,,0
"POINT (11.083333918000051 49.436289071000033)",Unfall 173399 (2017) Kat:3, Licht: 0,173399,3,3,4,05,17,1,1,0,0,1,0,0,,0
"POINT (11.097662025000034 49.457365892000041)",Unfall 173446 (2017) Kat:3, Licht: 0,173446,3,6,3,05,11,7,0,0,0,1,0,1,,0
"POINT (11.025135542000044 49.459596687000044)",Unfall 173447 (2017) Kat:2, Licht: 1,173447,2,7,0,05,05,7,0,1,1,0,0,0,,0
"POINT (11.069709297000031 49.447984465000047)",Unfall 173448 (2017) Kat:3, Licht: 0,173448,3,1,6,05,19,7,0,0,0,1,1,0,,0
"POINT (11.113690048000024 49.427379336000058)",Unfall 173449 (2017) Kat:3, Licht: 0,173449,3,1,0,05,10,7,0,0,0,0,0,0,,1
"POINT (11.034862580000038 49.467582232000041)",Unfall 173450 (2017) Kat:3, Licht: 0,173450,3,6,2,05,18,7,0,0,0,1,0,0,,0
"POINT (11.112770338000075 49.439446322000038)",Unfall 173513 (2017) Kat:3, Licht: 0,173513,3,6,2,05,09,6,0,0,0,1,0,0,,0
"POINT (11.082335727000043 49.460866895000038)",Unfall 173514 (2017) Kat:3, Licht: 0,173514,3,5,1,05,16,6,0,0,0,1,0,0,,1
"POINT (11.090899573000058 49.457725902000050)",Unfall 173515 (2017) Kat:3, Licht: 0,173515,3,4,6,05,09,6,0,0,0,1,1,0,,0
"POINT (11.096389353000063 49.484263026000065)",Unfall 173585 (2017) Kat:3, Licht: 0,173585,3,6,2,05,17,5,0,0,0,1,0,0,,0
"POINT (11.049490623000054 49.452771010000049)",Unfall 173586 (2017) Kat:3, Licht: 0,173586,3,3,5,05,05,5,0,0,0,1,0,0,,0
"POINT (11.081544892000068 49.467862073000049)",Unfall 173587 (2017) Kat:3, Licht: 0,173587,3,2,3,05,12,5,0,0,1,1,0,0,,0
"POINT (11.101244448000045 49.465994568000042)",Unfall 173588 (2017) Kat:3, Licht: 0,173588,3,7,1,05,14,5,0,0,1,1,0,0,,0
"POINT (11.070430577000025 49.455095148000055)",Unfall 173589 (2017) Kat:3, Licht: 0,173589,3,6,2,05,11,5,0,0,0,1,0,0,,0
"POINT (11.067197961000034 49.440310124000064)",Unfall 173590 (2017) Kat:3, Licht: 0,173590,3,3,5,05,15,5,0,0,1,1,0,0,,0
"POINT (11.065724058000058 49.447626862000050)",Unfall 173703 (2017) Kat:3, Licht: 0,173703,3,6,3,05,14,4,0,0,0,1,0,0,,1
"POINT (11.142347915000073 49.411821109000073)",Unfall 173704 (2017) Kat:3, Licht: 0,173704,3,3,5,05,18,4,0,0,1,1,0,0,,0
"POINT (11.089260978000027 49.446148710000045)",Unfall 173705 (2017) Kat:3, Licht: 0,173705,3,3,5,05,16,4,0,0,0,1,0,0,,0
"POINT (11.087075208000044 49.454672066000057)",Unfall 173706 (2017) Kat:3, Licht: 0,173706,3,6,4,05,19,4,0,0,1,0,0,0,,0
"POINT (11.028520664000041 49.469581247000065)",Unfall 173707 (2017) Kat:2, Licht: 0,173707,2,2,5,05,09,4,0,0,1,1,0,0,,0
"POINT (11.054878723000058 49.451470388000075)",Unfall 173708 (2017) Kat:3, Licht: 0,173708,3,6,2,05,13,4,0,0,0,1,0,0,,0
"POINT (11.059222416000068 49.449864149000064)",Unfall 173709 (2017) Kat:3, Licht: 0,173709,3,2,5,05,09,4,0,0,0,1,0,1,,0
"POINT (11.156687156000032 49.403576536000060)",Unfall 173710 (2017) Kat:3, Licht: 0,173710,3,6,2,05,17,4,0,0,0,1,0,0,,0
"POINT (11.052837110000041 49.450207393000028)",Unfall 173711 (2017) Kat:3, Licht: 0,173711,3,3,5,05,12,4,0,0,1,1,0,0,,0
"POINT (11.067865871000038 49.457445610000036)",Unfall 173712 (2017) Kat:3, Licht: 0,173712,3,2,4,05,09,4,0,0,1,1,0,0,,0
"POINT (11.099418672000070 49.457612416000075)",Unfall 173713 (2017) Kat:3, Licht: 0,173713,3,3,5,05,09,4,0,0,0,1,0,0,,0
"POINT (11.023835740000038 49.462634860000037)",Unfall 173714 (2017) Kat:3, Licht: 0,173714,3,2,4,05,19,4,0,0,1,1,0,0,,0
"POINT (11.064108451000038 49.446411599000044)",Unfall 173715 (2017) Kat:3, Licht: 0,173715,3,5,1,05,08,4,0,0,1,1,0,0,,0