WKT,Name,OBJECTID,UKATEGORIE,UTYP1,UART,UMONAT,USTUNDE,UWOCHENTAG,STRZUSTAND,ULICHTVERH,ISTRAD,ISTPKW,ISTFUSS,ISTKRAD,ISTGKFZ,ISTSONSTIG
"POINT (11.066033040000036 49.447891608000077)",Unfall 173716 (2017) Kat:3, Licht: 0,173716,3,6,2,05,14,4,0,0,0,1,0,0,,0
"POINT (11.124032922000026 49.427301934000070)",Unfall 173807 (2017) Kat:3, Licht: 2,173807,3,7,0,05,23,3,0,2,0,1,0,0,,0
"POINT (11.113657585000055 49.415736127000059)",Unfall 173808 (2017) Kat:3, Licht: 2,173808,3,6,2,05,23,3,0,2,0,1,0,1,,0
"POINT (11.088779665000061 49.457641276000061)",Unfall 173809 (2017) Kat:3, Licht: 0,173809,3,3,5,05,09,3,0,0,1,1,0,0,,0
"POINT (11.039966018000030 49.434372775000043)",Unfall 173810 (2017) Kat:3, Licht: 0,173810,3,2,5,05,09,3,0,0,1,1,0,0,,0
"POINT (11.037109408000049 49.381646925000041)",Unfall 173811 (2017) Kat:3, Licht: 0,173811,3,3,5,05,09,3,0,0,1,1,0,0,,0
"POINT (11.123762485000043 49.442175306000081)",Unfall 173860 (2017) Kat:3, Licht: 0,173860,3,6,3,05,10,2,0,0,1,1,0,0,,0
"POINT (11.003022517000034 49.450394458000062)",Unfall 173861 (2017) Kat:3, Licht: 0,173861,3,3,5,05,17,2,0,0,1,1,0,0,,0
"POINT (11.097361298000067 49.448987283000065)",Unfall 173862 (2017) Kat:3, Licht: 0,173862,3,6,2,05,14,2,0,0,0,1,0,1,,0
"POINT (11.050481802000036 49.433112190000031)",Unfall 173863 (2017) Kat:3, Licht: 0,173863,3,2,6,05,07,2,0,0,0,1,1,0,,0
"POINT (11.119796939000025 49.443110223000076)",Unfall 173864 (2017) Kat:3, Licht: 0,173864,3,2,3,05,17,2,0,0,1,1,0,0,,0
"POINT (11.028051485000049 49.454556835000062)",Unfall 173865 (2017) Kat:2, Licht: 0,173865,2,1,0,05,14,2,0,0,0,0,0,1,,0
"POINT (11.120991430000061 49.434393515000068)",Unfall 173920 (2017) Kat:3, Licht: 0,173920,3,2,4,05,15,1,0,0,0,1,0,1,,0
"POINT (11.076564329000064 49.449033067000073)",Unfall 173921 (2017) Kat:3, Licht: 2,173921,3,1,0,05,00,1,0,2,1,0,0,0,,0
"POINT (11.096305501000074 49.463977721000049)",Unfall 173922 (2017) Kat:3, Licht: 0,173922,3,5,1,05,14,1,0,0,0,1,0,0,,0
"POINT (11.071207781000055 49.449743846000047)",Unfall 173923 (2017) Kat:3, Licht: 0,173923,3,7,0,05,15,1,0,0,1,1,0,0,,0
"POINT (11.090269202000059 49.440323310000053)",Unfall 173924 (2017) Kat:3, Licht: 0,173924,3,3,5,05,17,1,0,0,0,1,0,0,,0
"POINT (11.065701568000065 49.429745141000069)",Unfall 174034 (2017) Kat:3, Licht: 0,174034,3,2,5,05,17,6,1,0,0,1,0,0,,1
"POINT (11.073723959000063 49.473878712000044)",Unfall 174035 (2017) Kat:3, Licht: 0,174035,3,7,0,05,08,6,0,0,0,0,0,0,,1
"POINT (11.057862327000066 49.460219504000065)",Unfall 174036 (2017) Kat:3, Licht: 2,174036,3,1,0,05,21,6,1,2,0,0,0,1,,0
"POINT (11.067846124000027 49.441091385000050)",Unfall 174037 (2017) Kat:3, Licht: 0,174037,3,2,4,05,18,6,1,0,1,1,0,0,,0
"POINT (11.137701279000055 49.403966534000062)",Unfall 174038 (2017) Kat:3, Licht: 0,174038,3,1,0,05,07,6,0,0,1,0,0,0,,0
"POINT (11.103239981000058 49.446392582000044)",Unfall 174110 (2017) Kat:3, Licht: 0,174110,3,2,5,05,07,5,0,0,1,1,0,0,,0
"POINT (11.115256818000034 49.413004211000043)",Unfall 174147 (2017) Kat:3, Licht: 0,174147,3,3,5,05,07,5,0,0,0,1,0,0,,0
"POINT (11.070359275000044 49.455302049000068)",Unfall 174225 (2017) Kat:3, Licht: 0,174225,3,4,6,05,07,4,0,0,0,0,1,0,,1
"POINT (11.061985347000075 49.451162715000066)",Unfall 174226 (2017) Kat:3, Licht: 0,174226,3,1,0,05,11,4,0,0,0,1,0,1,,0
"POINT (11.117211824000037 49.461622410000075)",Unfall 174306 (2017) Kat:3, Licht: 0,174306,3,1,0,05,16,3,0,0,1,0,0,0,,0
"POINT (11.086258150000049 49.462617726000076)",Unfall 174307 (2017) Kat:3, Licht: 0,174307,3,6,3,05,13,3,0,0,1,0,0,0,,0
"POINT (11.039850992000027 49.466426683000066)",Unfall 174308 (2017) Kat:3, Licht: 0,174308,3,7,2,05,09,3,0,0,0,1,0,0,,0
"POINT (11.029653863000021 49.376501158000053)",Unfall 174309 (2017) Kat:3, Licht: 0,174309,3,3,5,05,16,3,0,0,1,1,0,0,,0
"POINT (11.045553775000030 49.454290175000040)",Unfall 174310 (2017) Kat:3, Licht: 0,174310,3,6,2,05,15,3,0,0,0,1,0,1,,0
"POINT (11.081857701000047 49.466073415000039)",Unfall 174311 (2017) Kat:3, Licht: 0,174311,3,3,5,05,17,3,0,0,0,1,0,0,,0
"POINT (11.099538156000051 49.443118354000035)",Unfall 174375 (2017) Kat:3, Licht: 2,174375,3,3,5,05,21,1,0,2,0,1,0,0,,0
"POINT (11.055388102000052 49.454091386000073)",Unfall 174376 (2017) Kat:3, Licht: 0,174376,3,1,0,05,16,1,0,0,1,0,0,0,,0
"POINT (11.131527804000029 49.461797907000062)",Unfall 174379 (2017) Kat:3, Licht: 0,174379,3,7,0,05,14,1,0,0,1,0,0,0,,1
"POINT (11.137101267000048 49.402162770000075)",Unfall 174449 (2017) Kat:3, Licht: 0,174449,3,4,6,05,19,7,0,0,0,1,1,0,,0
"POINT (11.090177711000024 49.440377080000076)",Unfall 174450 (2017) Kat:3, Licht: 0,174450,3,3,5,05,17,7,0,0,0,1,0,0,,0
"POINT (11.091501569000059 49.446368666000069)",Unfall 174451 (2017) Kat:3, Licht: 0,174451,3,1,0,05,19,7,0,0,1,0,0,0,,0
"POINT (11.080538745000069 49.440263470000048)",Unfall 174545 (2017) Kat:3, Licht: 0,174545,3,1,0,05,14,6,0,0,0,0,0,1,,0
"POINT (11.055669301000023 49.359439989000066)",Unfall 174546 (2017) Kat:3, Licht: 0,174546,3,3,5,05,07,6,0,0,0,1,0,0,,0
"POINT (11.084712775000071 49.449242638000044)",Unfall 174547 (2017) Kat:3, Licht: 0,174547,3,6,3,05,08,6,0,0,0,1,0,1,,0
"POINT (11.135089230000062 49.454199389000053)",Unfall 174548 (2017) Kat:3, Licht: 0,174548,3,1,0,05,15,6,0,0,1,0,0,0,,0
"POINT (11.050062611000044 49.444205919000069)",Unfall 174549 (2017) Kat:3, Licht: 0,174549,3,1,0,05,10,6,0,0,1,0,0,0,,0
"POINT (11.045425275000071 49.442328960000054)",Unfall 174550 (2017) Kat:3, Licht: 0,174550,3,6,2,05,12,6,0,0,0,1,0,1,,0
"POINT (11.062364605000027 49.480171290000044)",Unfall 174551 (2017) Kat:3, Licht: 0,174551,3,3,5,05,17,6,0,0,1,1,0,0,,0
"POINT (11.147693123000067 49.462902383000028)",Unfall 174552 (2017) Kat:3, Licht: 0,174552,3,2,4,05,13,6,0,0,1,1,0,0,,0
"POINT (11.102847633000067 49.467851945000064)",Unfall 174553 (2017) Kat:2, Licht: 0,174553,2,1,0,05,07,6,0,0,1,0,0,0,,0
"POINT (11.088167890000022 49.447429763000059)",Unfall 174645 (2017) Kat:3, Licht: 2,174645,3,1,0,05,00,4,0,2,1,0,0,0,,0
"POINT (11.077473128000065 49.446592573000032)",Unfall 174646 (2017) Kat:3, Licht: 0,174646,3,6,2,05,19,4,0,0,0,1,0,0,,1
"POINT (11.081844280000041 49.447336141000051)",Unfall 174647 (2017) Kat:3, Licht: 0,174647,3,6,2,05,19,4,0,0,0,1,0,0,,0
"POINT (11.134075545000030 49.404489918000081)",Unfall 174719 (2017) Kat:3, Licht: 0,174719,3,3,5,05,17,3,0,0,0,1,0,0,,0
"POINT (11.125710789000038 49.428713391000031)",Unfall 174720 (2017) Kat:3, Licht: 2,174720,3,7,0,05,22,3,0,2,0,0,0,1,,0
"POINT (11.095538577000070 49.433131023000044)",Unfall 174721 (2017) Kat:3, Licht: 0,174721,3,6,2,05,08,3,0,0,0,1,0,0,,0
"POINT (11.085202112000047 49.422765896000044)",Unfall 174804 (2017) Kat:3, Licht: 0,174804,3,6,2,05,19,2,0,0,0,1,0,0,,0
"POINT (11.076402697000049 49.439696178000077)",Unfall 174805 (2017) Kat:3, Licht: 0,174805,3,6,2,05,15,2,0,0,0,1,0,0,,0
"POINT (11.117644479000035 49.449530401000061)",Unfall 174806 (2017) Kat:3, Licht: 2,174806,3,7,0,05,23,2,0,2,0,1,0,0,,0
"POINT (11.086104063000050 49.461063062000051)",Unfall 174807 (2017) Kat:3, Licht: 0,174807,3,1,0,05,14,2,0,0,1,0,0,0,,0
"POINT (11.080903086000035 49.445426992000080)",Unfall 174808 (2017) Kat:3, Licht: 0,174808,3,7,2,05,19,2,0,0,0,0,0,1,,1
"POINT (11.067387445000065 49.457542321000062)",Unfall 174809 (2017) Kat:3, Licht: 0,174809,3,6,0,05,15,2,0,0,0,1,0,0,,1
"POINT (11.112155239000060 49.445209365000039)",Unfall 174872 (2017) Kat:3, Licht: 0,174872,3,3,5,06,12,7,0,0,1,1,0,0,,0
"POINT (11.104342762000044 49.486750429000040)",Unfall 174873 (2017) Kat:3, Licht: 0,174873,3,1,0,06,09,7,0,0,1,0,0,0,,0
"POINT (11.071167468000056 49.470874963000028)",Unfall 174874 (2017) Kat:3, Licht: 2,174874,3,3,5,06,23,7,0,2,0,1,0,0,,0
"POINT (11.088407405000055 49.461312746000033)",Unfall 174875 (2017) Kat:3, Licht: 0,174875,3,3,5,06,14,7,0,0,0,1,0,0,,0
"POINT (11.073163856000065 49.441252628000029)",Unfall 174876 (2017) Kat:3, Licht: 0,174876,3,3,5,06,15,7,1,0,0,1,0,1,,0
"POINT (11.049503892000075 49.452786549000052)",Unfall 174960 (2017) Kat:2, Licht: 0,174960,2,2,4,06,18,6,0,0,0,1,0,1,,0
"POINT (11.097454345000074 49.451823100000070)",Unfall 174961 (2017) Kat:3, Licht: 2,174961,3,1,1,06,23,6,0,2,0,1,0,0,,0
"POINT (11.080122392000021 49.440960028000063)",Unfall 174962 (2017) Kat:3, Licht: 0,174962,3,1,0,06,19,6,0,0,1,0,0,0,,0
"POINT (11.083628248000025 49.416252347000068)",Unfall 174963 (2017) Kat:3, Licht: 0,174963,3,6,4,06,12,6,0,0,0,1,0,1,,0
"POINT (11.159910194000076 49.401743521000071)",Unfall 175051 (2017) Kat:3, Licht: 0,175051,3,7,8,06,06,5,0,0,0,1,0,0,,1
"POINT (11.099030660000039 49.443263016000060)",Unfall 175052 (2017) Kat:3, Licht: 0,175052,3,6,4,06,09,5,0,0,1,0,0,0,,0
"POINT (11.077941333000069 49.477918937000027)",Unfall 175053 (2017) Kat:3, Licht: 0,175053,3,1,0,06,06,5,0,0,1,0,0,0,,0
"POINT (11.122259722000024 49.398938104000081)",Unfall 175054 (2017) Kat:3, Licht: 0,175054,3,3,5,06,17,5,0,0,1,1,0,0,,0
"POINT (11.082050592000030 49.463327483000057)",Unfall 175055 (2017) Kat:3, Licht: 0,175055,3,7,5,06,19,5,0,0,1,1,0,0,,0
"POINT (11.046457149000048 49.475930948000041)",Unfall 175056 (2017) Kat:3, Licht: 0,175056,3,1,0,06,16,5,0,0,1,0,0,0,,0
"POINT (11.093233961000067 49.453153475000079)",Unfall 175057 (2017) Kat:3, Licht: 2,175057,3,3,0,06,22,5,0,2,1,0,0,0,,1
"POINT (11.071855936000077 49.461871284000040)",Unfall 175140 (2017) Kat:3, Licht: 0,175140,3,4,6,06,18,5,0,0,0,1,1,0,,0
"POINT (11.082618226000022 49.436230362000060)",Unfall 175141 (2017) Kat:3, Licht: 0,175141,3,1,6,06,16,5,0,0,0,1,1,0,,0
"POINT (11.097341489000030 49.448813528000073)",Unfall 175142 (2017) Kat:2, Licht: 0,175142,2,6,3,06,10,5,0,0,0,1,0,1,,0
"POINT (11.045936697000059 49.452434404000030)",Unfall 175145 (2017) Kat:3, Licht: 0,175145,3,2,0,06,13,5,0,0,1,1,0,0,,0
"POINT (11.049501464000059 49.452832293000029)",Unfall 175146 (2017) Kat:3, Licht: 0,175146,3,2,0,06,19,5,0,0,0,1,0,1,,0
"POINT (11.096295176000069 49.451919251000049)",Unfall 175190 (2017) Kat:3, Licht: 0,175190,3,6,2,06,13,4,0,0,0,1,0,0,,0
"POINT (11.083590926000056 49.440666440000030)",Unfall 175191 (2017) Kat:2, Licht: 0,175191,2,4,6,06,18,4,0,0,0,1,1,0,,0
"POINT (11.101277749000076 49.438629808000030)",Unfall 175192 (2017) Kat:3, Licht: 0,175192,3,2,5,06,16,4,0,0,0,1,0,0,,0
"POINT (11.026721319000046 49.451505891000068)",Unfall 175193 (2017) Kat:3, Licht: 0,175193,3,3,5,06,08,4,0,0,0,1,0,1,,0
"POINT (11.058172495000065 49.448095211000066)",Unfall 175251 (2017) Kat:3, Licht: 0,175251,3,2,5,06,16,3,1,0,1,1,0,0,,0
"POINT (11.024610855000049 49.463318614000059)",Unfall 175252 (2017) Kat:2, Licht: 0,175252,2,1,0,06,09,3,0,0,1,0,0,0,,0
"POINT (11.046942540000032 49.437726781000038)",Unfall 175253 (2017) Kat:3, Licht: 0,175253,3,3,5,06,11,3,0,0,0,1,0,0,,0
"POINT (11.053873384000042 49.406720009000026)",Unfall 175254 (2017) Kat:3, Licht: 0,175254,3,7,3,06,14,3,1,0,0,1,0,0,,1
"POINT (11.059692685000073 49.415379851000068)",Unfall 175255 (2017) Kat:3, Licht: 0,175255,3,6,2,06,16,3,1,0,0,1,0,0,,0
"POINT (11.042350418000069 49.434967474000075)",Unfall 175256 (2017) Kat:3, Licht: 0,175256,3,3,5,06,14,3,1,0,1,1,0,0,,0
"POINT (11.097604752000052 49.444596339000043)",Unfall 175296 (2017) Kat:3, Licht: 2,175296,3,7,0,06,01,2,0,2,0,0,0,0,,1
"POINT (11.052430980000054 49.456720580000081)",Unfall 175297 (2017) Kat:3, Licht: 0,175297,3,1,0,06,14,2,1,0,1,0,0,0,,0
"POINT (11.084140964000028 49.461353427000063)",Unfall 175298 (2017) Kat:3, Licht: 0,175298,3,6,2,06,19,2,0,0,0,1,0,0,,0
"POINT (11.125030289000051 49.417973777000043)",Unfall 175339 (2017) Kat:3, Licht: 0,175339,3,3,5,06,17,1,0,0,1,1,0,0,,0
"POINT (11.077014387000077 49.438421129000062)",Unfall 175340 (2017) Kat:3, Licht: 0,175340,3,2,0,06,13,1,0,0,1,1,0,0,,0
"POINT (11.040025089000039 49.458674549000079)",Unfall 175453 (2017) Kat:3, Licht: 0,175453,3,7,8,06,16,1,0,0,0,1,0,0,,0
"POINT (11.131850211000028 49.405216484000050)",Unfall 175512 (2017) Kat:2, Licht: 0,175512,2,1,1,06,12,7,0,0,0,1,0,0,,1
"POINT (11.063600129000065 49.448407066000073)",Unfall 175513 (2017) Kat:3, Licht: 0,175513,3,6,2,06,18,7,0,0,0,1,0,1,,0
"POINT (11.069931745000076 49.461732151000035)",Unfall 175585 (2017) Kat:3, Licht: 0,175585,3,5,0,06,10,6,0,0,0,0,0,0,,1
"POINT (11.089432380000062 49.426531506000060)",Unfall 175586 (2017) Kat:3, Licht: 0,175586,3,4,6,06,15,6,0,0,0,1,1,0,,0
"POINT (11.026421849000030 49.470228213000041)",Unfall 175587 (2017) Kat:3, Licht: 0,175587,3,3,5,06,17,6,0,0,0,1,0,0,,0
"POINT (11.088595595000072 49.443706673000065)",Unfall 175695 (2017) Kat:2, Licht: 0,175695,2,2,5,06,15,5,0,0,0,1,0,1,,0
"POINT (11.077466152000056 49.432322031000069)",Unfall 175696 (2017) Kat:3, Licht: 0,175696,3,4,6,06,15,5,0,0,0,1,1,0,,0
"POINT (11.172185564000074 49.411747624000043)",Unfall 175697 (2017) Kat:3, Licht: 0,175697,3,1,0,06,19,5,0,0,1,0,0,0,,0
"POINT (11.096650857000043 49.463869608000039)",Unfall 175698 (2017) Kat:3, Licht: 2,175698,3,4,6,06,02,5,0,2,0,1,1,0,,0
"POINT (11.068983585000069 49.467296783000052)",Unfall 175776 (2017) Kat:3, Licht: 0,175776,3,3,5,06,18,4,0,0,0,1,0,1,,0
"POINT (11.083126949000075 49.450837750000062)",Unfall 175777 (2017) Kat:2, Licht: 0,175777,2,3,5,06,15,4,0,0,1,1,0,0,,0
"POINT (11.028228920000060 49.487610863000043)",Unfall 175778 (2017) Kat:3, Licht: 0,175778,3,3,5,06,18,4,0,0,1,1,0,0,,0
"POINT (11.082465680000041 49.468449536000037)",Unfall 175779 (2017) Kat:3, Licht: 0,175779,3,3,5,06,15,4,0,0,1,1,0,0,,0
"POINT (11.059696811000038 49.459722474000046)",Unfall 175780 (2017) Kat:3, Licht: 0,175780,3,1,0,06,07,4,0,0,0,0,0,1,,0
"POINT (11.062378669000054 49.459362595000073)",Unfall 175781 (2017) Kat:2, Licht: 0,175781,2,4,6,06,14,4,0,0,0,1,1,0,,0
"POINT (11.075059247000070 49.445019439000077)",Unfall 175845 (2017) Kat:3, Licht: 0,175845,3,1,0,06,08,3,0,0,1,0,0,0,,0
"POINT (11.067140929000061 49.439451975000054)",Unfall 175846 (2017) Kat:3, Licht: 0,175846,3,2,5,06,15,3,0,0,1,1,0,0,,0
"POINT (11.005591243000026 49.443503020000037)",Unfall 175917 (2017) Kat:3, Licht: 0,175917,3,3,5,06,15,2,0,0,1,0,0,0,,1
"POINT (11.047344015000021 49.409930136000071)",Unfall 175951 (2017) Kat:3, Licht: 0,175951,3,6,0,06,17,2,0,0,1,1,0,0,,0
"POINT (11.083139039000059 49.449821279000048)",Unfall 175952 (2017) Kat:3, Licht: 2,175952,3,2,4,06,19,2,0,2,0,1,0,0,,1
"POINT (11.028409322000073 49.469421303000047)",Unfall 175953 (2017) Kat:2, Licht: 0,175953,2,2,6,06,17,2,0,0,0,1,1,0,,0
"POINT (11.064108023000074 49.448115275000077)",Unfall 175954 (2017) Kat:3, Licht: 2,175954,3,1,1,06,00,2,0,2,0,1,0,0,,0
"POINT (11.082362212000021 49.462309422000033)",Unfall 175955 (2017) Kat:3, Licht: 0,175955,3,2,5,06,07,2,0,0,1,1,0,0,,0
"POINT (11.071893009000064 49.480945525000038)",Unfall 175956 (2017) Kat:3, Licht: 0,175956,3,7,0,06,15,2,0,0,0,0,0,0,,1
"POINT (11.078402297000025 49.432833817000073)",Unfall 175957 (2017) Kat:3, Licht: 0,175957,3,1,0,06,15,2,0,0,1,0,0,0,,0
"POINT (11.083195094000075 49.436320870000031)",Unfall 175958 (2017) Kat:3, Licht: 0,175958,3,2,5,06,15,2,0,0,0,1,0,1,,0
"POINT (11.094996082000023 49.441720106000048)",Unfall 176023 (2017) Kat:3, Licht: 0,176023,3,6,2,06,19,1,0,0,1,0,0,0,,1
"POINT (11.089218080000023 49.457661983000037)",Unfall 176084 (2017) Kat:2, Licht: 2,176084,2,6,4,06,01,7,0,2,1,1,0,0,,0
"POINT (11.092456159000051 49.461348679000025)",Unfall 176085 (2017) Kat:3, Licht: 0,176085,3,1,6,06,20,7,0,0,0,1,1,0,,0
"POINT (11.018710159000022 49.420530047000057)",Unfall 176153 (2017) Kat:3, Licht: 0,176153,3,3,5,06,12,6,0,0,0,1,0,0,,1
"POINT (11.056705613000076 49.449884892000057)",Unfall 176154 (2017) Kat:3, Licht: 1,176154,3,1,0,06,04,6,0,1,1,0,0,0,,0
"POINT (11.085944268000048 49.440996232000032)",Unfall 176155 (2017) Kat:3, Licht: 0,176155,3,2,0,06,18,6,0,0,0,1,0,1,,0
"POINT (11.073338582000076 49.376203270000076)",Unfall 176156 (2017) Kat:3, Licht: 0,176156,3,1,0,06,16,6,0,0,1,0,0,0,,0
"POINT (11.070932263000032 49.463337939000041)",Unfall 176157 (2017) Kat:3, Licht: 0,176157,3,1,0,06,17,6,0,0,1,0,0,0,,0
"POINT (11.036104836000050 49.387470343000075)",Unfall 176158 (2017) Kat:3, Licht: 0,176158,3,3,0,06,14,6,0,0,0,1,0,1,,0
"POINT (11.105432219000022 49.424697432000073)",Unfall 176220 (2017) Kat:2, Licht: 0,176220,2,3,5,06,09,5,0,0,1,1,0,0,,0
"POINT (11.071850891000054 49.425188591000051)",Unfall 176221 (2017) Kat:3, Licht: 0,176221,3,3,5,06,12,5,0,0,0,1,0,1,,0
"POINT (11.138893724000070 49.400509677000059)",Unfall 176222 (2017) Kat:3, Licht: 0,176222,3,6,2,06,12,5,0,0,0,1,0,1,,0
"POINT (11.040846283000064 49.406632383000044)",Unfall 176223 (2017) Kat:3, Licht: 0,176223,3,6,3,06,07,5,0,0,1,0,0,0,,0
"POINT (11.089247512000043 49.442331742000079)",Unfall 176306 (2017) Kat:3, Licht: 0,176306,3,3,5,06,18,4,0,0,1,1,0,0,,0
"POINT (11.081986251000046 49.465637250000043)",Unfall 176307 (2017) Kat:2, Licht: 0,176307,2,7,0,06,18,4,0,0,1,0,0,0,,0
"POINT (11.098931241000059 49.450237108000067)",Unfall 176308 (2017) Kat:3, Licht: 0,176308,3,2,5,06,18,4,0,0,1,1,0,0,,0
"POINT (11.076175093000074 49.432588036000027)",Unfall 176309 (2017) Kat:3, Licht: 0,176309,3,6,0,06,08,4,0,0,1,1,0,0,,0
"POINT (11.121188532000076 49.469328996000058)",Unfall 176310 (2017) Kat:3, Licht: 0,176310,3,1,8,06,16,4,0,0,0,1,0,0,,0
"POINT (11.048940157000061 49.408363928000028)",Unfall 176311 (2017) Kat:3, Licht: 0,176311,3,2,5,06,19,4,0,0,0,1,0,0,,0
"POINT (11.075399723000032 49.411634246000062)",Unfall 176312 (2017) Kat:3, Licht: 0,176312,3,6,2,06,09,4,0,0,0,1,0,0,,0
"POINT (11.102558992000070 49.496649931000036)",Unfall 176394 (2017) Kat:2, Licht: 0,176394,2,6,7,06,08,3,0,0,1,0,0,0,,0
"POINT (11.046242558000074 49.465043356000081)",Unfall 176395 (2017) Kat:2, Licht: 0,176395,2,2,5,06,12,3,0,0,1,1,0,0,,0
"POINT (11.081006404000050 49.443128313000045)",Unfall 176396 (2017) Kat:3, Licht: 0,176396,3,6,2,06,09,3,0,0,0,1,0,0,,0
"POINT (11.102163384000050 49.458529568000074)",Unfall 176397 (2017) Kat:3, Licht: 1,176397,3,1,1,06,21,3,0,1,1,1,0,0,,0
"POINT (11.007356831000038 49.522832991000030)",Unfall 176490 (2017) Kat:3, Licht: 0,176490,3,3,5,06,12,1,0,0,1,1,0,0,,0
"POINT (11.093641101000060 49.438113859000055)",Unfall 176491 (2017) Kat:3, Licht: 0,176491,3,3,5,06,16,1,0,0,0,1,0,0,,0
"POINT (11.063498060000029 49.424549480000053)",Unfall 176492 (2017) Kat:3, Licht: 0,176492,3,7,1,06,14,1,0,0,0,1,0,0,,1
"POINT (11.086323300000060 49.429890806000060)",Unfall 176493 (2017) Kat:3, Licht: 0,176493,3,5,8,06,20,1,0,0,1,1,0,0,,0
"POINT (11.097390762000032 49.449711597000032)",Unfall 176555 (2017) Kat:3, Licht: 0,176555,3,6,2,06,14,7,0,0,0,1,0,0,,0
"POINT (11.082205578000071 49.484732279000070)",Unfall 176556 (2017) Kat:3, Licht: 0,176556,3,6,2,06,09,7,0,0,0,1,0,0,,0
"POINT (11.045702041000027 49.452516161000062)",Unfall 176557 (2017) Kat:3, Licht: 0,176557,3,6,4,06,20,7,0,0,1,1,0,0,,0
"POINT (11.079941579000035 49.463310235000051)",Unfall 176558 (2017) Kat:3, Licht: 0,176558,3,3,5,06,20,7,0,0,0,1,0,1,,0
"POINT (11.083512065000036 49.492228364000027)",Unfall 176653 (2017) Kat:3, Licht: 0,176653,3,3,5,06,19,6,0,0,0,1,0,0,,0
"POINT (11.067846992000057 49.441092623000031)",Unfall 176654 (2017) Kat:2, Licht: 0,176654,2,1,0,06,16,6,0,0,1,1,0,0,,0
"POINT (11.106024643000069 49.438447724000071)",Unfall 176655 (2017) Kat:3, Licht: 0,176655,3,2,5,06,19,6,0,0,1,1,0,0,,0
"POINT (11.071670273000052 49.473834317000069)",Unfall 176804 (2017) Kat:3, Licht: 0,176804,3,2,4,06,07,3,1,0,1,1,0,0,,0
"POINT (11.070524765000073 49.463615475000040)",Unfall 176805 (2017) Kat:3, Licht: 0,176805,3,1,8,06,12,3,0,0,0,1,0,0,,0
"POINT (11.089178651000054 49.457660963000080)",Unfall 176806 (2017) Kat:3, Licht: 0,176806,3,2,4,06,07,3,1,0,0,1,0,0,,0
"POINT (11.095072645000073 49.445935688000077)",Unfall 176807 (2017) Kat:3, Licht: 0,176807,3,7,0,06,12,3,0,0,1,0,0,0,,0
"POINT (11.097329887000058 49.444756094000070)",Unfall 176893 (2017) Kat:3, Licht: 0,176893,3,3,0,06,13,2,0,0,0,1,0,0,,0
"POINT (11.027337372000034 49.436336172000040)",Unfall 176894 (2017) Kat:3, Licht: 0,176894,3,6,2,06,17,2,0,0,0,1,0,0,,0
"POINT (11.054149762000065 49.452427176000072)",Unfall 176971 (2017) Kat:3, Licht: 0,176971,3,3,5,07,13,7,0,0,0,1,0,0,,0
"POINT (11.040021455000044 49.436972719000039)",Unfall 176972 (2017) Kat:3, Licht: 0,176972,3,3,5,07,12,7,1,0,1,1,0,0,,0
"POINT (11.046959789000027 49.446717096000043)",Unfall 176973 (2017) Kat:3, Licht: 0,176973,3,7,5,07,17,7,0,0,1,1,0,0,,0
"POINT (11.082474499000057 49.448492979000036)",Unfall 176974 (2017) Kat:3, Licht: 0,176974,3,6,2,07,16,7,0,0,0,1,0,0,,0
"POINT (11.091107109000063 49.436890351000045)",Unfall 176975 (2017) Kat:3, Licht: 0,176975,3,1,9,07,17,7,0,0,0,1,0,0,,0
"POINT (11.055814032000058 49.453143567000041)",Unfall 177051 (2017) Kat:3, Licht: 0,177051,3,7,1,06,20,6,0,0,1,1,0,0,,0
"POINT (11.074409867000043 49.460898883000027)",Unfall 177052 (2017) Kat:3, Licht: 0,177052,3,1,0,06,09,6,0,0,0,0,0,1,,0
"POINT (11.071758100000068 49.449641468000038)",Unfall 177053 (2017) Kat:2, Licht: 0,177053,2,7,5,06,19,6,0,0,0,1,0,1,,0
"POINT (11.168245820000038 49.409540947000039)",Unfall 177054 (2017) Kat:3, Licht: 0,177054,3,6,2,06,11,6,0,0,0,1,0,0,,0
"POINT (11.111914063000029 49.453076985000052)",Unfall 177055 (2017) Kat:3, Licht: 0,177055,3,3,5,06,19,6,0,0,1,1,0,0,,0
"POINT (11.129618890000074 49.438287159000026)",Unfall 177056 (2017) Kat:3, Licht: 0,177056,3,6,4,06,17,6,0,0,1,1,0,0,,0
"POINT (11.128886206000061 49.407182318000082)",Unfall 177124 (2017) Kat:3, Licht: 0,177124,3,6,0,06,11,5,1,0,0,1,0,1,,0
"POINT (11.080332610000028 49.446533891000058)",Unfall 177125 (2017) Kat:3, Licht: 0,177125,3,3,5,06,11,5,1,0,1,1,0,0,,0
"POINT (11.091694271000051 49.467908314000056)",Unfall 177126 (2017) Kat:3, Licht: 0,177126,3,6,4,06,07,5,1,0,1,0,0,0,,0