WKT,Name,OBJECTID,UKATEGORIE,UTYP1,UART,UMONAT,USTUNDE,UWOCHENTAG,STRZUSTAND,ULICHTVERH,ISTRAD,ISTPKW,ISTFUSS,ISTKRAD,ISTGKFZ,ISTSONSTIG
"POINT (11.031374646000074 49.467192449000038)",Unfall 177127 (2017) Kat:3, Licht: 2,177127,3,3,5,06,22,5,1,2,0,1,0,1,,0
"POINT (11.058913423000035 49.415741355000080)",Unfall 177128 (2017) Kat:3, Licht: 2,177128,3,1,9,06,03,5,1,2,0,1,0,0,,0
"POINT (11.068508044000055 49.447332198000026)",Unfall 177129 (2017) Kat:3, Licht: 2,177129,3,6,0,06,21,5,1,2,0,1,0,1,,0
"POINT (11.074968547000026 49.433756891000030)",Unfall 177130 (2017) Kat:3, Licht: 0,177130,3,3,5,06,16,5,0,0,0,1,0,1,,0
"POINT (11.083159178000074 49.449793810000074)",Unfall 177131 (2017) Kat:3, Licht: 2,177131,3,3,4,06,23,5,0,2,0,1,0,1,,0
"POINT (11.074369632000071 49.437939586000027)",Unfall 177132 (2017) Kat:2, Licht: 0,177132,2,3,5,06,17,5,0,0,1,1,0,0,,0
"POINT (11.089310055000055 49.446153623000043)",Unfall 177133 (2017) Kat:3, Licht: 0,177133,3,6,4,06,15,5,0,0,0,1,0,0,,0
"POINT (11.022584073000075 49.388471983000045)",Unfall 177134 (2017) Kat:3, Licht: 0,177134,3,6,4,06,07,5,1,0,0,1,0,0,,1
"POINT (11.085786078000069 49.464331836000042)",Unfall 177135 (2017) Kat:3, Licht: 0,177135,3,1,0,06,18,5,0,0,0,0,0,1,,0
"POINT (11.082173001000058 49.371598371000061)",Unfall 177136 (2017) Kat:3, Licht: 0,177136,3,7,0,06,17,5,0,0,0,0,0,0,,1
"POINT (11.061925237000025 49.417065991000072)",Unfall 177209 (2017) Kat:3, Licht: 2,177209,3,6,2,06,22,4,0,2,0,1,0,1,,0
"POINT (11.071654450000040 49.447045523000043)",Unfall 177210 (2017) Kat:3, Licht: 0,177210,3,1,0,06,08,4,1,0,1,0,0,0,,0
"POINT (11.098390817000052 49.444054252000058)",Unfall 177211 (2017) Kat:3, Licht: 0,177211,3,6,3,06,07,4,1,0,0,1,0,1,,0
"POINT (11.003018933000021 49.450392310000041)",Unfall 177212 (2017) Kat:3, Licht: 0,177212,3,2,5,06,17,4,0,0,1,0,0,0,,1
"POINT (11.132326013000068 49.434740139000041)",Unfall 177213 (2017) Kat:2, Licht: 0,177213,2,7,6,06,18,4,0,0,0,1,1,0,,0
"POINT (11.013555076000046 49.450729190000061)",Unfall 177214 (2017) Kat:3, Licht: 0,177214,3,6,0,06,13,4,0,0,0,1,0,1,,0
"POINT (11.073051712000051 49.470488578000072)",Unfall 177307 (2017) Kat:3, Licht: 0,177307,3,7,5,07,17,3,0,0,0,1,0,1,,0
"POINT (11.115409601000067 49.436295536000046)",Unfall 177308 (2017) Kat:3, Licht: 0,177308,3,1,0,07,18,3,0,0,0,0,0,0,,1
"POINT (11.078056802000049 49.453062188000047)",Unfall 177309 (2017) Kat:3, Licht: 2,177309,3,1,0,07,00,3,0,2,1,0,0,0,,0
"POINT (11.076923348000037 49.446848622000061)",Unfall 177376 (2017) Kat:3, Licht: 0,177376,3,2,5,07,20,2,0,0,1,1,0,0,,0
"POINT (11.012220799000033 49.444146968000041)",Unfall 177377 (2017) Kat:3, Licht: 0,177377,3,6,2,07,11,2,0,0,0,1,0,0,,0
"POINT (11.075515792000033 49.435690109000063)",Unfall 177378 (2017) Kat:2, Licht: 0,177378,2,1,0,07,08,2,0,0,0,0,0,1,,0
"POINT (11.090193721000048 49.440379524000036)",Unfall 177379 (2017) Kat:3, Licht: 0,177379,3,3,5,07,12,2,0,0,0,1,0,0,,1
"POINT (11.180276834000040 49.391554251000059)",Unfall 177380 (2017) Kat:3, Licht: 0,177380,3,3,4,07,15,2,0,0,0,1,0,0,,0
"POINT (11.025479435000022 49.421012651000069)",Unfall 177381 (2017) Kat:3, Licht: 0,177381,3,7,6,07,11,2,0,0,0,1,1,0,,0
"POINT (11.052429020000034 49.443213100000037)",Unfall 177382 (2017) Kat:2, Licht: 0,177382,2,2,5,07,15,2,0,0,1,0,0,0,,1
"POINT (11.013546941000072 49.450718609000035)",Unfall 177383 (2017) Kat:3, Licht: 0,177383,3,6,3,07,12,2,0,0,0,1,0,1,,0
"POINT (11.146142718000021 49.411301772000058)",Unfall 177429 (2017) Kat:3, Licht: 0,177429,3,6,2,07,13,1,0,0,0,1,0,0,,0
"POINT (11.074735380000050 49.446861251000030)",Unfall 177430 (2017) Kat:3, Licht: 0,177430,3,3,5,07,18,1,0,0,1,1,0,0,,0
"POINT (11.064998103000050 49.458271541000045)",Unfall 177431 (2017) Kat:3, Licht: 0,177431,3,3,5,07,16,1,0,0,0,1,0,0,,0
"POINT (11.138903132000053 49.469812794000063)",Unfall 177432 (2017) Kat:2, Licht: 2,177432,2,1,0,07,01,1,1,2,1,0,0,0,,0
"POINT (11.105981353000061 49.479180593000081)",Unfall 177515 (2017) Kat:3, Licht: 0,177515,3,7,6,07,12,6,0,0,0,0,1,0,,1
"POINT (11.127794422000022 49.462799889000053)",Unfall 177516 (2017) Kat:3, Licht: 0,177516,3,1,8,07,14,6,0,0,0,1,0,0,,0
"POINT (11.058794040000066 49.424848044000044)",Unfall 177517 (2017) Kat:3, Licht: 0,177517,3,4,6,07,20,6,0,0,0,1,1,0,,0
"POINT (11.071661851000044 49.457065755000031)",Unfall 177518 (2017) Kat:3, Licht: 0,177518,3,1,0,07,06,6,1,0,0,0,0,1,,0
"POINT (11.086389975000031 49.438546911000060)",Unfall 177519 (2017) Kat:3, Licht: 0,177519,3,4,6,07,18,6,0,0,0,1,1,0,,0
"POINT (11.091469877000065 49.441984396000066)",Unfall 177520 (2017) Kat:3, Licht: 0,177520,3,3,5,07,09,6,0,0,0,1,0,0,,0
"POINT (11.064700382000069 49.446990071000073)",Unfall 177521 (2017) Kat:3, Licht: 0,177521,3,6,2,07,16,6,0,0,0,1,0,0,,1
"POINT (11.031862957000044 49.425512268000034)",Unfall 177626 (2017) Kat:2, Licht: 0,177626,2,1,0,07,16,5,0,0,0,0,0,1,,0
"POINT (11.018397000000050 49.431032644000027)",Unfall 177627 (2017) Kat:3, Licht: 0,177627,3,6,2,07,14,5,0,0,0,1,0,0,,1
"POINT (11.078891314000032 49.440050611000061)",Unfall 177628 (2017) Kat:3, Licht: 0,177628,3,3,5,07,19,5,0,0,0,1,0,1,,0
"POINT (11.108834140000056 49.472935529000040)",Unfall 177629 (2017) Kat:3, Licht: 0,177629,3,3,5,07,09,5,0,0,1,1,0,0,,0
"POINT (11.104311982000070 49.486816046000058)",Unfall 177630 (2017) Kat:3, Licht: 0,177630,3,6,3,07,17,5,0,0,1,1,0,0,,0
"POINT (11.049434865000023 49.444449042000031)",Unfall 177723 (2017) Kat:3, Licht: 1,177723,3,3,5,07,21,4,0,1,0,1,0,1,,0
"POINT (11.127849913000034 49.431016711000041)",Unfall 177724 (2017) Kat:3, Licht: 0,177724,3,2,4,07,13,4,0,0,1,0,0,0,,1
"POINT (11.078095987000040 49.477901662000079)",Unfall 177745 (2017) Kat:3, Licht: 0,177745,3,6,6,07,18,3,0,0,0,0,1,0,,1
"POINT (11.014391535000073 49.425604691000046)",Unfall 177746 (2017) Kat:2, Licht: 0,177746,2,3,5,07,13,3,0,0,1,0,0,0,,1
"POINT (11.085732659000030 49.424987135000038)",Unfall 177747 (2017) Kat:3, Licht: 0,177747,3,1,0,07,06,3,1,0,0,0,0,1,,0
"POINT (11.088908846000038 49.455674248000037)",Unfall 177800 (2017) Kat:2, Licht: 0,177800,2,3,5,07,11,2,0,0,0,1,0,1,,0
"POINT (11.169961778000072 49.410434744000042)",Unfall 177801 (2017) Kat:3, Licht: 0,177801,3,3,5,07,17,2,0,0,0,1,0,0,,1
"POINT (11.099006293000059 49.443538160000060)",Unfall 177802 (2017) Kat:3, Licht: 0,177802,3,2,5,07,15,2,1,0,1,0,0,1,,0
"POINT (11.108375713000044 49.472955438000042)",Unfall 177803 (2017) Kat:3, Licht: 0,177803,3,1,0,07,07,2,0,0,1,0,0,0,,0
"POINT (11.040265880000049 49.434453792000056)",Unfall 177804 (2017) Kat:3, Licht: 0,177804,3,1,0,07,14,2,1,0,0,0,0,1,,0
"POINT (11.097176086000047 49.448763691000067)",Unfall 177872 (2017) Kat:2, Licht: 2,177872,2,1,6,07,04,1,0,2,0,1,1,0,,0
"POINT (11.093313989000023 49.448409836000053)",Unfall 177936 (2017) Kat:3, Licht: 0,177936,3,2,0,07,18,7,0,0,0,1,1,0,,0
"POINT (11.067758106000042 49.433891037000080)",Unfall 177937 (2017) Kat:3, Licht: 0,177937,3,1,9,07,17,7,0,0,0,1,0,0,,0
"POINT (11.025260516000060 49.463971076000064)",Unfall 177938 (2017) Kat:3, Licht: 0,177938,3,1,0,07,09,7,0,0,0,0,0,1,,0
"POINT (11.067288432000055 49.403669752000042)",Unfall 177939 (2017) Kat:3, Licht: 0,177939,3,5,1,07,20,7,0,0,0,1,0,0,,0
"POINT (11.051615123000033 49.463197786000080)",Unfall 177940 (2017) Kat:3, Licht: 0,177940,3,7,6,07,09,7,0,0,0,1,1,0,,0
"POINT (11.089506951000033 49.458542133000037)",Unfall 178079 (2017) Kat:3, Licht: 0,178079,3,6,3,07,19,5,0,0,0,1,0,0,,0
"POINT (11.102551214000073 49.474654986000075)",Unfall 178080 (2017) Kat:3, Licht: 0,178080,3,6,2,07,13,5,0,0,0,1,0,0,,1
"POINT (11.093493924000029 49.442818876000047)",Unfall 178081 (2017) Kat:3, Licht: 0,178081,3,1,0,07,19,5,0,0,1,0,0,0,,0
"POINT (11.072602643000039 49.449481093000031)",Unfall 178082 (2017) Kat:3, Licht: 2,178082,3,2,5,07,22,5,0,2,1,1,0,0,,0
"POINT (11.094949644000053 49.452912821000041)",Unfall 178083 (2017) Kat:3, Licht: 0,178083,3,6,2,07,07,5,0,0,0,1,0,1,,0
"POINT (11.064998231000061 49.431742681000060)",Unfall 178084 (2017) Kat:3, Licht: 0,178084,3,2,3,07,08,5,0,0,1,1,0,0,,0
"POINT (11.086100965000071 49.447818901000062)",Unfall 178181 (2017) Kat:3, Licht: 0,178181,3,7,6,07,13,4,0,0,0,0,1,0,,1
"POINT (11.055551183000034 49.443469700000037)",Unfall 178182 (2017) Kat:3, Licht: 0,178182,3,3,5,07,12,4,0,0,0,1,0,1,,0
"POINT (11.089366207000069 49.455683108000073)",Unfall 178183 (2017) Kat:3, Licht: 0,178183,3,2,3,07,10,4,0,0,0,1,0,0,,0
"POINT (11.139215971000056 49.415277960000026)",Unfall 178184 (2017) Kat:3, Licht: 0,178184,3,2,4,07,08,4,0,0,0,1,0,0,,0
"POINT (11.102195367000036 49.462000696000075)",Unfall 178185 (2017) Kat:3, Licht: 0,178185,3,3,5,07,07,4,0,0,1,1,0,0,,0
"POINT (11.104115704000037 49.464674621000029)",Unfall 178186 (2017) Kat:3, Licht: 0,178186,3,3,6,07,19,4,1,0,0,1,1,0,,0
"POINT (11.086734238000076 49.431779821000077)",Unfall 178274 (2017) Kat:3, Licht: 0,178274,3,2,5,07,17,3,0,0,0,1,0,0,,0
"POINT (11.011423080000043 49.458345306000069)",Unfall 178323 (2017) Kat:3, Licht: 0,178323,3,3,5,07,12,2,0,0,1,0,0,0,,0
"POINT (11.055287559000021 49.441180257000042)",Unfall 178324 (2017) Kat:3, Licht: 0,178324,3,2,3,07,21,2,0,0,1,1,0,0,,0
"POINT (11.054675025000051 49.451461707000078)",Unfall 178325 (2017) Kat:2, Licht: 0,178325,2,2,6,07,12,2,0,0,0,1,1,0,,0
"POINT (11.024662438000064 49.462489205000054)",Unfall 178326 (2017) Kat:3, Licht: 0,178326,3,3,5,07,07,2,0,0,0,1,0,1,,0
"POINT (11.003016144000071 49.450390640000080)",Unfall 178327 (2017) Kat:3, Licht: 0,178327,3,6,2,07,14,2,0,0,0,1,0,0,,0
"POINT (11.049453880000044 49.452848760000052)",Unfall 178328 (2017) Kat:3, Licht: 0,178328,3,6,2,07,12,2,0,0,0,1,0,0,,0
"POINT (11.079353705000074 49.413164826000070)",Unfall 178329 (2017) Kat:3, Licht: 0,178329,3,3,5,07,07,2,0,0,0,1,0,0,,0
"POINT (11.137614523000025 49.409053187000040)",Unfall 178330 (2017) Kat:3, Licht: 0,178330,3,6,4,07,07,2,0,0,1,0,0,0,,0
"POINT (11.099067396000066 49.471458218000066)",Unfall 178406 (2017) Kat:3, Licht: 0,178406,3,1,0,07,13,1,0,0,0,0,0,0,,1
"POINT (11.085182768000038 49.423562803000038)",Unfall 178407 (2017) Kat:3, Licht: 2,178407,3,1,7,07,03,1,0,2,1,0,0,0,,0
"POINT (11.081707290000054 49.450135892000048)",Unfall 178408 (2017) Kat:3, Licht: 0,178408,3,2,2,07,08,1,0,0,1,1,0,0,,0
"POINT (11.093375461000051 49.448276790000079)",Unfall 178409 (2017) Kat:3, Licht: 0,178409,3,7,3,07,08,1,0,0,0,1,0,0,,1
"POINT (11.108738051000046 49.477551647000041)",Unfall 178410 (2017) Kat:3, Licht: 0,178410,3,7,6,07,19,1,0,0,0,1,1,0,,0
"POINT (11.105230159000030 49.484212247000073)",Unfall 178411 (2017) Kat:3, Licht: 2,178411,3,1,8,07,00,1,0,2,0,1,0,0,,0
"POINT (11.075468725000064 49.456668082000078)",Unfall 178412 (2017) Kat:3, Licht: 0,178412,3,1,0,07,18,1,0,0,1,0,0,0,,0
"POINT (11.074791419000064 49.446024232000070)",Unfall 178413 (2017) Kat:3, Licht: 0,178413,3,6,0,07,18,1,0,0,0,1,0,1,,0
"POINT (11.097690709000062 49.449971712000035)",Unfall 178414 (2017) Kat:3, Licht: 0,178414,3,6,2,07,13,1,0,0,0,1,0,0,,0
"POINT (11.071868259000041 49.447514036000030)",Unfall 178471 (2017) Kat:2, Licht: 2,178471,2,4,6,07,23,7,0,2,0,1,1,0,,0
"POINT (11.118988942000044 49.451804391000053)",Unfall 178472 (2017) Kat:3, Licht: 0,178472,3,1,0,07,11,7,0,0,1,0,0,0,,0
"POINT (11.081691203000048 49.441013390000080)",Unfall 178534 (2017) Kat:3, Licht: 0,178534,3,1,6,07,19,6,0,0,1,0,1,0,,0
"POINT (11.077665901000046 49.434959888000037)",Unfall 178535 (2017) Kat:2, Licht: 0,178535,2,7,0,07,09,6,0,0,1,0,1,0,,0
"POINT (11.068386313000076 49.444757690000074)",Unfall 178536 (2017) Kat:3, Licht: 0,178536,3,6,3,07,17,6,0,0,1,0,0,0,,1
"POINT (11.089259072000061 49.446148520000065)",Unfall 178537 (2017) Kat:3, Licht: 2,178537,3,3,5,07,23,6,1,2,0,1,0,0,,0
"POINT (11.092060433000029 49.457821543000080)",Unfall 178539 (2017) Kat:3, Licht: 0,178539,3,1,0,07,13,6,0,0,1,1,0,0,,0
"POINT (11.087372804000040 49.464938073000042)",Unfall 178570 (2017) Kat:2, Licht: 0,178570,2,3,5,07,15,5,1,0,0,1,0,1,,0
"POINT (11.063381944000071 49.348595490000037)",Unfall 178571 (2017) Kat:3, Licht: 2,178571,3,5,1,07,00,5,0,2,0,1,0,0,,0
"POINT (11.084876614000052 49.455718529000080)",Unfall 178572 (2017) Kat:3, Licht: 0,178572,3,4,6,07,14,5,1,0,0,0,1,1,,0
"POINT (11.063599442000054 49.448406256000055)",Unfall 178573 (2017) Kat:3, Licht: 0,178573,3,1,0,07,12,5,0,0,0,0,0,1,,0
"POINT (11.095775254000046 49.452611362000027)",Unfall 178574 (2017) Kat:3, Licht: 0,178574,3,6,3,07,17,5,1,0,0,1,0,1,,0
"POINT (11.089957077000065 49.441504589000033)",Unfall 178575 (2017) Kat:3, Licht: 1,178575,3,3,5,07,20,5,0,1,1,1,0,0,,0
"POINT (11.031592131000025 49.473639344000048)",Unfall 178663 (2017) Kat:3, Licht: 0,178663,3,2,5,07,07,4,0,0,0,1,0,1,,0
"POINT (11.086436919000050 49.431769386000042)",Unfall 178664 (2017) Kat:3, Licht: 0,178664,3,3,5,07,18,4,0,0,0,1,0,1,,0
"POINT (11.060544921000030 49.448060502000033)",Unfall 178764 (2017) Kat:3, Licht: 0,178764,3,7,0,07,16,3,0,0,1,0,0,0,,0
"POINT (11.057210803000032 49.445873282000036)",Unfall 178765 (2017) Kat:2, Licht: 0,178765,2,3,5,07,19,3,0,0,1,0,0,0,,0
"POINT (11.090529870000069 49.438355676000072)",Unfall 178766 (2017) Kat:1, Licht: 0,178766,1,4,6,07,17,3,0,0,0,1,1,0,,0
"POINT (11.091162644000065 49.441940052000064)",Unfall 178767 (2017) Kat:3, Licht: 0,178767,3,3,5,07,14,3,0,0,0,1,0,0,,0
"POINT (11.058981414000073 49.457419087000062)",Unfall 178861 (2017) Kat:3, Licht: 0,178861,3,1,0,07,17,1,0,0,1,0,0,0,,0
"POINT (11.085507248000056 49.450239119000059)",Unfall 178862 (2017) Kat:3, Licht: 0,178862,3,1,0,07,19,1,0,0,1,0,0,0,,0
"POINT (11.064905268000075 49.447112593000043)",Unfall 178925 (2017) Kat:3, Licht: 0,178925,3,3,5,07,10,7,0,0,1,1,0,0,,0
"POINT (11.093637138000076 49.442444137000052)",Unfall 178926 (2017) Kat:3, Licht: 0,178926,3,5,1,07,14,7,0,0,0,1,0,0,,0
"POINT (11.113146508000057 49.454052789000059)",Unfall 179018 (2017) Kat:3, Licht: 0,179018,3,1,6,07,18,6,0,0,0,1,1,0,,0
"POINT (11.068541902000050 49.426198515000067)",Unfall 179019 (2017) Kat:3, Licht: 0,179019,3,6,3,07,11,6,0,0,1,0,0,0,,0
"POINT (11.106527544000073 49.450980491000053)",Unfall 179020 (2017) Kat:3, Licht: 2,179020,3,1,9,07,23,6,0,2,0,0,0,1,,0
"POINT (11.072366416000023 49.484618391000026)",Unfall 179021 (2017) Kat:3, Licht: 0,179021,3,6,2,07,16,6,0,0,0,1,0,0,,0
"POINT (11.022538156000053 49.461232012000039)",Unfall 179022 (2017) Kat:3, Licht: 0,179022,3,6,2,07,11,6,0,0,0,1,0,0,,0
"POINT (11.079989232000059 49.431960903000061)",Unfall 179023 (2017) Kat:3, Licht: 2,179023,3,1,0,07,23,6,0,2,1,0,0,0,,0
"POINT (11.041033710000022 49.457945525000071)",Unfall 179066 (2017) Kat:3, Licht: 0,179066,3,4,6,07,15,5,1,0,0,1,1,0,,0
"POINT (11.009284174000072 49.454197052000040)",Unfall 179067 (2017) Kat:3, Licht: 0,179067,3,2,4,07,08,5,0,0,1,1,0,0,,0
"POINT (11.028491078000059 49.469541440000057)",Unfall 179068 (2017) Kat:3, Licht: 0,179068,3,2,5,07,19,5,0,0,0,1,0,0,,0
"POINT (11.083536798000068 49.436375013000031)",Unfall 179141 (2017) Kat:3, Licht: 0,179141,3,3,5,07,13,4,1,0,1,0,0,0,,1
"POINT (11.119641890000025 49.406133229000034)",Unfall 179142 (2017) Kat:3, Licht: 0,179142,3,3,5,07,07,4,1,0,1,1,0,0,,0
"POINT (11.069561663000059 49.465663159000030)",Unfall 179143 (2017) Kat:3, Licht: 0,179143,3,5,0,07,06,4,1,0,0,0,0,1,,0
"POINT (11.052936595000062 49.348260426000081)",Unfall 179144 (2017) Kat:3, Licht: 0,179144,3,3,0,07,16,4,1,0,0,1,0,0,,0
"POINT (11.076399258000038 49.459393641000077)",Unfall 179145 (2017) Kat:3, Licht: 2,179145,3,1,1,07,20,4,1,2,1,1,0,0,,0
"POINT (11.073786893000033 49.449209320000080)",Unfall 179209 (2017) Kat:3, Licht: 0,179209,3,6,0,07,12,3,0,0,1,1,0,0,,0
"POINT (11.068686406000040 49.467748144000041)",Unfall 179210 (2017) Kat:3, Licht: 0,179210,3,1,0,07,16,3,1,0,0,0,0,1,,0
"POINT (11.045585534000054 49.454279805000056)",Unfall 179211 (2017) Kat:3, Licht: 0,179211,3,7,3,07,14,3,0,0,0,1,0,1,,0
"POINT (11.091358999000022 49.436487854000063)",Unfall 179278 (2017) Kat:3, Licht: 0,179278,3,2,5,07,20,2,1,0,0,1,0,0,,0
"POINT (11.076117262000025 49.434522890000039)",Unfall 179279 (2017) Kat:3, Licht: 0,179279,3,3,5,07,14,2,0,0,0,1,0,0,,1
"POINT (11.113648228000045 49.453806587000031)",Unfall 179280 (2017) Kat:3, Licht: 0,179280,3,1,0,07,12,2,1,0,0,0,0,1,,0
"POINT (11.092001063000055 49.435924138000075)",Unfall 179281 (2017) Kat:2, Licht: 0,179281,2,3,0,07,12,2,1,0,0,1,0,1,,0
"POINT (11.009796029000029 49.456672304000051)",Unfall 179282 (2017) Kat:3, Licht: 0,179282,3,3,5,07,13,2,1,0,0,1,0,0,,0
"POINT (11.129263019000064 49.430480556000077)",Unfall 179283 (2017) Kat:3, Licht: 0,179283,3,2,5,07,11,2,1,0,0,1,0,0,,0
"POINT (11.019838663000030 49.471511066000062)",Unfall 179284 (2017) Kat:3, Licht: 0,179284,3,1,6,07,11,2,0,0,0,1,1,0,,0
"POINT (11.050890080000045 49.452323070000034)",Unfall 179285 (2017) Kat:3, Licht: 2,179285,3,2,0,07,02,2,0,2,0,1,0,1,,0
"POINT (11.076077984000051 49.463289931000077)",Unfall 179286 (2017) Kat:3, Licht: 0,179286,3,3,5,07,15,2,0,0,1,1,0,0,,0
"POINT (11.067977763000044 49.453046747000030)",Unfall 179287 (2017) Kat:3, Licht: 0,179287,3,2,0,07,10,2,1,0,1,1,0,0,,0
"POINT (11.109084285000051 49.510233817000028)",Unfall 179354 (2017) Kat:2, Licht: 0,179354,2,1,0,07,15,1,0,0,1,0,0,0,,0
"POINT (11.062579890000052 49.448630979000029)",Unfall 179355 (2017) Kat:3, Licht: 1,179355,3,1,0,07,05,1,0,1,1,0,0,0,,0
"POINT (11.074739713000042 49.446797413000070)",Unfall 179413 (2017) Kat:3, Licht: 0,179413,3,6,2,07,14,7,0,0,0,1,0,0,,0
"POINT (11.025756324000042 49.468632192000030)",Unfall 179414 (2017) Kat:3, Licht: 0,179414,3,2,5,07,15,7,0,0,1,1,0,0,,0
"POINT (11.097466835000034 49.458633015000032)",Unfall 179415 (2017) Kat:3, Licht: 0,179415,3,3,5,07,16,7,0,0,1,1,0,0,,0
"POINT (11.058079687000031 49.457456070000035)",Unfall 179510 (2017) Kat:3, Licht: 0,179510,3,3,5,07,15,6,0,0,0,1,0,0,,0
"POINT (11.088647851000076 49.443705360000081)",Unfall 179511 (2017) Kat:3, Licht: 0,179511,3,3,5,07,16,6,0,0,1,1,0,0,,0
"POINT (11.145493639000051 49.413517411000043)",Unfall 179512 (2017) Kat:2, Licht: 0,179512,2,6,0,07,14,6,0,0,0,1,0,0,,1
"POINT (11.068266492000021 49.468891535000068)",Unfall 179639 (2017) Kat:3, Licht: 0,179639,3,6,2,08,16,4,0,0,0,1,0,0,,0
"POINT (11.005704546000061 49.443343430000027)",Unfall 179640 (2017) Kat:3, Licht: 0,179640,3,3,5,08,13,4,0,0,1,1,0,0,,0
"POINT (11.087375327000075 49.462991969000029)",Unfall 179641 (2017) Kat:2, Licht: 0,179641,2,1,0,08,20,4,0,0,1,0,0,0,,0
"POINT (11.086792890000027 49.453080172000057)",Unfall 179642 (2017) Kat:3, Licht: 0,179642,3,3,6,08,09,4,0,0,0,1,1,0,,0
"POINT (11.059034967000059 49.444777632000068)",Unfall 179643 (2017) Kat:3, Licht: 1,179643,3,6,4,08,20,4,0,1,1,1,0,0,,0
"POINT (11.146049502000039 49.401432927000030)",Unfall 179724 (2017) Kat:3, Licht: 0,179724,3,7,6,08,14,3,0,0,0,1,1,0,,0
"POINT (11.027253039000072 49.466318305000073)",Unfall 179725 (2017) Kat:3, Licht: 0,179725,3,3,5,08,06,3,0,0,1,1,0,0,,0
"POINT (11.108457626000074 49.447016533000067)",Unfall 179726 (2017) Kat:3, Licht: 0,179726,3,1,0,08,18,3,0,0,1,0,0,0,,0
"POINT (11.057006359000070 49.461116901000025)",Unfall 179727 (2017) Kat:3, Licht: 0,179727,3,3,5,08,07,3,0,0,1,0,0,0,,0
"POINT (11.090166617000023 49.458913015000064)",Unfall 179728 (2017) Kat:3, Licht: 0,179728,3,3,5,08,11,3,0,0,1,1,0,0,,0
"POINT (11.058403451000061 49.460059193000063)",Unfall 179799 (2017) Kat:3, Licht: 0,179799,3,7,5,07,16,2,0,0,0,1,0,1,,0
"POINT (11.052240366000035 49.451861078000036)",Unfall 179800 (2017) Kat:3, Licht: 0,179800,3,3,5,07,19,2,0,0,0,1,0,1,,0
"POINT (11.098817719000067 49.483964846000049)",Unfall 179801 (2017) Kat:3, Licht: 0,179801,3,1,0,07,07,2,0,0,1,0,0,0,,0
"POINT (11.086225995000063 49.455575463000059)",Unfall 179802 (2017) Kat:3, Licht: 0,179802,3,3,5,07,11,2,0,0,1,1,0,0,,0
"POINT (11.062497149000023 49.447584430000063)",Unfall 179803 (2017) Kat:3, Licht: 0,179803,3,6,3,07,15,2,0,0,0,1,0,0,,0
"POINT (11.005591243000026 49.443503020000037)",Unfall 179804 (2017) Kat:3, Licht: 0,179804,3,3,5,07,17,2,0,0,1,1,0,0,,0
"POINT (11.075002585000050 49.462529815000039)",Unfall 179805 (2017) Kat:3, Licht: 0,179805,3,2,0,07,08,2,0,0,1,1,0,0,,0
"POINT (11.077066933000026 49.446689082000034)",Unfall 179864 (2017) Kat:3, Licht: 0,179864,3,2,5,08,20,1,0,0,1,1,0,0,,0
"POINT (11.058829672000059 49.423914168000067)",Unfall 179865 (2017) Kat:3, Licht: 0,179865,3,7,6,08,18,1,0,0,0,1,1,0,,0
"POINT (11.111629482000069 49.476045567000028)",Unfall 179914 (2017) Kat:3, Licht: 2,179914,3,7,6,08,02,7,0,2,0,1,1,0,,0
"POINT (11.053361407000068 49.457353887000068)",Unfall 179915 (2017) Kat:3, Licht: 0,179915,3,7,5,08,14,7,0,0,1,1,0,0,,0
"POINT (11.069180401000040 49.452667512000062)",Unfall 179988 (2017) Kat:3, Licht: 0,179988,3,2,0,08,19,6,0,0,0,1,0,0,,1
"POINT (11.114771024000049 49.416138492000073)",Unfall 179989 (2017) Kat:2, Licht: 2,179989,2,6,3,08,21,6,0,2,0,1,0,0,,0
"POINT (11.086457035000024 49.452949459000081)",Unfall 179990 (2017) Kat:2, Licht: 2,179990,2,6,3,08,22,6,0,2,1,0,0,0,,0
"POINT (11.086606761000041 49.473520675000032)",Unfall 179991 (2017) Kat:3, Licht: 0,179991,3,5,5,08,12,6,0,0,1,1,0,0,,0
"POINT (11.131259714000066 49.404715986000042)",Unfall 179992 (2017) Kat:3, Licht: 0,179992,3,3,0,08,15,6,0,0,0,0,0,0,,1
"POINT (11.096471905000044 49.433283220000078)",Unfall 179993 (2017) Kat:3, Licht: 0,179993,3,1,1,08,14,6,0,0,1,1,0,0,,0
"POINT (11.089007564000042 49.447773672000039)",Unfall 180065 (2017) Kat:3, Licht: 0,180065,3,6,2,08,16,5,0,0,0,1,0,1,,0
"POINT (11.107666484000049 49.451350837000064)",Unfall 180066 (2017) Kat:3, Licht: 0,180066,3,6,2,08,12,5,1,0,0,1,0,0,,0
"POINT (11.103879251000023 49.450642655000081)",Unfall 180067 (2017) Kat:3, Licht: 0,180067,3,6,2,08,20,5,1,0,0,1,0,0,,1