WKT,Name,OBJECTID,UKATEGORIE,UTYP1,UART,UMONAT,USTUNDE,UWOCHENTAG,STRZUSTAND,ULICHTVERH,ISTRAD,ISTPKW,ISTFUSS,ISTKRAD,ISTGKFZ,ISTSONSTIG
"POINT (11.066934850000052 49.431231904000072)",Unfall 180068 (2017) Kat:3, Licht: 0,180068,3,7,5,08,13,5,0,0,0,1,0,1,,0
"POINT (11.021658054000056 49.460213818000057)",Unfall 180069 (2017) Kat:3, Licht: 0,180069,3,3,5,08,11,5,1,0,0,1,0,0,,0
"POINT (11.061709021000070 49.444043003000047)",Unfall 180070 (2017) Kat:3, Licht: 0,180070,3,1,0,08,07,5,0,0,0,0,0,1,,0
"POINT (11.056492269000046 49.428233324000075)",Unfall 180071 (2017) Kat:3, Licht: 0,180071,3,3,5,08,14,5,0,0,0,1,0,0,,0
"POINT (11.047271325000054 49.467294717000073)",Unfall 180072 (2017) Kat:3, Licht: 0,180072,3,2,5,08,09,5,0,0,1,1,0,0,,0
"POINT (11.077604577000045 49.493999844000029)",Unfall 180135 (2017) Kat:3, Licht: 2,180135,3,7,1,08,23,5,0,2,0,1,0,0,,0
"POINT (11.076301610000030 49.432554254000081)",Unfall 180136 (2017) Kat:3, Licht: 0,180136,3,3,5,08,15,5,0,0,1,1,0,0,,0
"POINT (11.080434873000058 49.446516864000046)",Unfall 180137 (2017) Kat:3, Licht: 1,180137,3,1,0,08,19,5,1,1,0,0,0,1,,0
"POINT (11.152262957000062 49.416190781000068)",Unfall 180138 (2017) Kat:3, Licht: 0,180138,3,3,4,08,16,5,1,0,0,1,0,0,,0
"POINT (11.113990815000022 49.444161880000081)",Unfall 180139 (2017) Kat:3, Licht: 0,180139,3,7,1,08,07,5,1,0,0,1,0,0,,0
"POINT (11.103385320000029 49.449934165000059)",Unfall 180186 (2017) Kat:2, Licht: 2,180186,2,1,0,08,03,4,0,2,1,0,0,0,,0
"POINT (11.006572505000065 49.520563620000075)",Unfall 180187 (2017) Kat:3, Licht: 0,180187,3,6,2,08,09,4,0,0,0,1,0,0,,0
"POINT (11.187383304000036 49.420308493000050)",Unfall 180188 (2017) Kat:3, Licht: 0,180188,3,7,0,08,10,4,0,0,1,0,1,0,,0
"POINT (11.098375370000042 49.454893609000067)",Unfall 180234 (2017) Kat:3, Licht: 0,180234,3,2,3,08,06,3,0,0,0,1,0,1,,0
"POINT (11.085199947000035 49.430618276000075)",Unfall 180235 (2017) Kat:3, Licht: 0,180235,3,3,5,08,18,3,0,0,0,1,0,0,,0
"POINT (11.037868922000030 49.423334775000058)",Unfall 180236 (2017) Kat:3, Licht: 2,180236,3,6,2,08,22,3,0,2,0,1,0,0,,0
"POINT (11.081860471000027 49.440499543000044)",Unfall 180237 (2017) Kat:2, Licht: 0,180237,2,1,0,08,11,3,0,0,0,0,0,1,,0
"POINT (11.084664993000047 49.441695162000030)",Unfall 180327 (2017) Kat:3, Licht: 0,180327,3,3,5,08,18,2,0,0,1,1,0,0,,0
"POINT (11.139033262000055 49.415384157000062)",Unfall 180328 (2017) Kat:3, Licht: 0,180328,3,3,5,08,06,2,0,0,1,1,0,0,,0
"POINT (11.071280527000056 49.445579726000062)",Unfall 180329 (2017) Kat:3, Licht: 0,180329,3,3,5,08,16,2,0,0,0,1,0,1,,0
"POINT (11.093344049000052 49.448344775000066)",Unfall 180330 (2017) Kat:3, Licht: 0,180330,3,2,5,08,18,2,0,0,1,1,0,0,,0
"POINT (11.015175774000056 49.452698814000030)",Unfall 180331 (2017) Kat:2, Licht: 0,180331,2,2,0,08,08,2,0,0,1,1,0,0,,0
"POINT (11.013213395000037 49.432641348000061)",Unfall 180332 (2017) Kat:3, Licht: 0,180332,3,3,3,08,17,2,0,0,0,1,0,0,,1
"POINT (11.083689564000053 49.460813392000034)",Unfall 180370 (2017) Kat:2, Licht: 2,180370,2,3,5,08,21,4,0,2,1,1,0,0,,0
"POINT (11.078277376000074 49.446537092000028)",Unfall 180371 (2017) Kat:3, Licht: 0,180371,3,1,8,08,08,4,1,0,0,0,0,1,,0
"POINT (11.075734147000048 49.442613081000047)",Unfall 180416 (2017) Kat:2, Licht: 0,180416,2,6,2,08,09,3,0,0,0,1,0,1,,0
"POINT (11.065968448000035 49.386188003000029)",Unfall 180417 (2017) Kat:2, Licht: 0,180417,2,7,0,08,11,3,0,0,1,0,0,0,,0
"POINT (11.049093185000061 49.450004103000026)",Unfall 180418 (2017) Kat:3, Licht: 0,180418,3,2,5,08,15,3,0,0,1,0,0,1,,0
"POINT (11.048880717000031 49.434780178000040)",Unfall 180481 (2017) Kat:3, Licht: 0,180481,3,6,2,08,18,2,0,0,0,1,0,1,,0
"POINT (11.043331651000074 49.428215248000072)",Unfall 180482 (2017) Kat:2, Licht: 0,180482,2,5,1,08,08,2,0,0,1,1,0,0,,0
"POINT (11.068913206000047 49.445588744000077)",Unfall 180483 (2017) Kat:3, Licht: 0,180483,3,7,0,08,15,2,0,0,0,0,0,0,,1
"POINT (11.079170446000035 49.442081317000032)",Unfall 180484 (2017) Kat:3, Licht: 0,180484,3,3,5,08,08,2,0,0,1,1,0,0,,0
"POINT (11.067843997000068 49.433835477000059)",Unfall 180537 (2017) Kat:3, Licht: 0,180537,3,7,4,08,18,1,0,0,0,1,0,0,,0
"POINT (11.006929828000068 49.521445929000038)",Unfall 180538 (2017) Kat:3, Licht: 0,180538,3,6,0,08,10,1,0,0,1,0,0,0,,0
"POINT (11.106659204000039 49.413581334000071)",Unfall 180576 (2017) Kat:2, Licht: 0,180576,2,7,6,08,14,7,0,0,0,1,1,0,,0
"POINT (11.117404633000035 49.455234084000040)",Unfall 180577 (2017) Kat:3, Licht: 0,180577,3,7,0,08,11,7,0,0,0,0,0,0,,1
"POINT (11.060425336000037 49.444191853000063)",Unfall 180614 (2017) Kat:3, Licht: 0,180614,3,7,1,08,11,6,0,0,0,1,0,0,,0
"POINT (11.059036049000042 49.449554789000047)",Unfall 180615 (2017) Kat:3, Licht: 2,180615,3,2,4,08,22,6,1,2,1,1,0,0,,0
"POINT (11.028477630000054 49.469523347000063)",Unfall 180616 (2017) Kat:3, Licht: 2,180616,3,2,4,08,20,6,1,2,0,1,0,0,,0
"POINT (11.109656111000049 49.485754384000074)",Unfall 180617 (2017) Kat:3, Licht: 0,180617,3,3,5,08,09,6,0,0,0,1,0,0,,0
"POINT (11.105020956000033 49.415181037000082)",Unfall 180618 (2017) Kat:2, Licht: 0,180618,2,6,0,08,11,6,1,0,1,1,0,0,,0
"POINT (11.074813352000035 49.446258667000052)",Unfall 180619 (2017) Kat:3, Licht: 0,180619,3,3,5,08,17,6,1,0,1,1,0,0,,0
"POINT (11.101666351000063 49.446186463000060)",Unfall 180645 (2017) Kat:3, Licht: 2,180645,3,3,3,08,21,2,0,2,0,1,0,1,,0
"POINT (11.074940915000070 49.462538573000074)",Unfall 180646 (2017) Kat:2, Licht: 0,180646,2,1,8,08,08,2,0,0,0,1,0,1,,0
"POINT (11.060309893000067 49.412118856000063)",Unfall 180647 (2017) Kat:2, Licht: 0,180647,2,3,5,08,06,2,0,0,1,0,0,0,,0
"POINT (11.019628655000076 49.453474749000065)",Unfall 180648 (2017) Kat:3, Licht: 0,180648,3,1,0,08,15,2,0,0,0,0,1,0,,1
"POINT (11.033890521000046 49.467940315000078)",Unfall 180649 (2017) Kat:3, Licht: 0,180649,3,2,5,08,14,2,0,0,1,0,0,0,,1
"POINT (11.067842520000056 49.441086243000029)",Unfall 180688 (2017) Kat:2, Licht: 0,180688,2,3,5,08,12,1,0,0,1,1,0,0,,0
"POINT (11.093335822000029 49.448362583000062)",Unfall 180689 (2017) Kat:3, Licht: 2,180689,3,3,5,08,00,1,0,2,0,1,0,0,,0
"POINT (11.087472841000022 49.466124417000060)",Unfall 180723 (2017) Kat:3, Licht: 0,180723,3,1,6,08,12,7,0,0,0,1,1,0,,0
"POINT (11.058410609000077 49.423021831000028)",Unfall 180777 (2017) Kat:3, Licht: 0,180777,3,2,0,08,17,6,1,0,1,1,0,0,,0
"POINT (11.051849979000053 49.410069291000070)",Unfall 180778 (2017) Kat:3, Licht: 0,180778,3,7,0,08,16,6,0,0,0,1,0,0,,0
"POINT (11.059036049000042 49.449554789000047)",Unfall 180779 (2017) Kat:3, Licht: 2,180779,3,2,6,08,21,6,1,2,0,1,1,0,,0
"POINT (11.099110578000023 49.443455856000071)",Unfall 180780 (2017) Kat:3, Licht: 1,180780,3,6,1,08,19,6,1,1,0,1,0,0,,0
"POINT (11.027891693000072 49.467988469000034)",Unfall 180781 (2017) Kat:3, Licht: 2,180781,3,2,5,08,20,6,1,2,1,1,0,0,,0
"POINT (11.109103416000039 49.407000564000043)",Unfall 180782 (2017) Kat:2, Licht: 1,180782,2,1,0,08,18,6,1,1,0,0,0,1,,0
"POINT (11.067844256000058 49.441088720000039)",Unfall 180783 (2017) Kat:3, Licht: 0,180783,3,1,0,08,18,6,1,0,1,0,0,0,,0
"POINT (11.117204892000075 49.471851690000051)",Unfall 180852 (2017) Kat:3, Licht: 0,180852,3,5,1,08,14,5,0,0,1,1,0,0,,0
"POINT (11.055652286000054 49.443388686000048)",Unfall 180853 (2017) Kat:3, Licht: 0,180853,3,7,0,08,15,5,0,0,1,0,0,0,,0
"POINT (11.082046947000038 49.465358745000060)",Unfall 180854 (2017) Kat:3, Licht: 0,180854,3,2,5,08,17,5,0,0,1,1,0,0,,0
"POINT (11.087840445000040 49.443275648000053)",Unfall 180855 (2017) Kat:3, Licht: 0,180855,3,7,6,08,18,5,0,0,0,1,1,0,,0
"POINT (11.125834586000053 49.452812148000078)",Unfall 180856 (2017) Kat:3, Licht: 0,180856,3,7,1,08,10,5,0,0,1,1,0,0,,0
"POINT (11.125075569000046 49.474942537000061)",Unfall 180931 (2017) Kat:3, Licht: 2,180931,3,1,1,08,05,6,0,2,0,1,0,0,,0
"POINT (11.134069119000060 49.455247770000028)",Unfall 180932 (2017) Kat:2, Licht: 0,180932,2,1,0,08,19,6,0,0,1,0,0,0,,0
"POINT (11.173983692000036 49.406367625000030)",Unfall 180933 (2017) Kat:3, Licht: 0,180933,3,6,6,08,16,6,0,0,0,0,1,0,,1
"POINT (11.086758417000055 49.441101582000044)",Unfall 180934 (2017) Kat:2, Licht: 0,180934,2,7,1,08,19,6,0,0,0,1,0,0,,1
"POINT (11.079711604000067 49.438785315000075)",Unfall 180935 (2017) Kat:3, Licht: 0,180935,3,2,4,08,09,6,0,0,1,1,0,0,,0
"POINT (11.155037886000059 49.462444978000065)",Unfall 180936 (2017) Kat:3, Licht: 0,180936,3,1,0,08,19,6,0,0,1,1,0,0,,0
"POINT (10.999698525000042 49.516560709000032)",Unfall 180937 (2017) Kat:3, Licht: 0,180937,3,6,2,08,14,6,0,0,1,1,0,0,,0
"POINT (11.041362647000028 49.434051397000076)",Unfall 180938 (2017) Kat:3, Licht: 0,180938,3,7,0,08,17,6,0,0,0,1,0,0,,0
"POINT (11.024815807000039 49.446452332000035)",Unfall 181013 (2017) Kat:2, Licht: 0,181013,2,1,0,08,13,5,0,0,1,0,0,0,,0
"POINT (11.083237280000048 49.436327488000074)",Unfall 181014 (2017) Kat:2, Licht: 0,181014,2,2,4,08,08,5,0,0,0,0,0,1,,1
"POINT (11.077762981000035 49.450645920000056)",Unfall 181015 (2017) Kat:3, Licht: 0,181015,3,7,6,08,09,5,0,0,0,1,1,0,,0
"POINT (11.047789742000077 49.445060788000035)",Unfall 181016 (2017) Kat:3, Licht: 0,181016,3,3,0,08,10,5,0,0,0,1,0,0,,0
"POINT (11.105522549000057 49.478004637000026)",Unfall 181017 (2017) Kat:3, Licht: 2,181017,3,6,4,08,21,5,0,2,1,0,0,0,,0
"POINT (11.083311430000037 49.449799083000073)",Unfall 181018 (2017) Kat:3, Licht: 0,181018,3,2,3,08,15,5,0,0,1,0,0,0,,1
"POINT (11.113384730000064 49.453817419000075)",Unfall 181072 (2017) Kat:3, Licht: 0,181072,3,7,0,08,15,4,0,0,1,0,0,0,,0
"POINT (11.075523863000058 49.444312613000079)",Unfall 181073 (2017) Kat:2, Licht: 0,181073,2,7,5,08,14,4,0,0,0,1,0,1,,0
"POINT (11.094857723000075 49.484422742000049)",Unfall 181074 (2017) Kat:3, Licht: 0,181074,3,6,2,08,11,4,0,0,0,1,0,0,,1
"POINT (11.072703798000077 49.446746007000058)",Unfall 181075 (2017) Kat:3, Licht: 0,181075,3,6,3,08,14,4,0,0,0,1,0,0,,0
"POINT (11.005728475000069 49.443483261000040)",Unfall 181076 (2017) Kat:3, Licht: 0,181076,3,2,5,08,12,4,0,0,0,1,0,1,,0
"POINT (11.049962624000045 49.451145910000037)",Unfall 181136 (2017) Kat:3, Licht: 0,181136,3,3,5,08,12,3,0,0,0,1,0,0,,0
"POINT (11.065934682000034 49.447558981000043)",Unfall 181137 (2017) Kat:3, Licht: 0,181137,3,4,6,08,19,3,0,0,0,0,1,1,,0
"POINT (11.081217780000031 49.442372731000034)",Unfall 181138 (2017) Kat:2, Licht: 0,181138,2,3,4,08,11,3,0,0,0,1,0,1,,0
"POINT (11.111064964000036 49.462900812000044)",Unfall 181139 (2017) Kat:3, Licht: 0,181139,3,1,1,08,14,3,0,0,1,1,0,0,,0
"POINT (11.085120770000060 49.422420284000054)",Unfall 181250 (2017) Kat:3, Licht: 0,181250,3,6,2,08,15,3,0,0,0,1,0,0,,0
"POINT (11.015897805000066 49.453675234000059)",Unfall 181251 (2017) Kat:3, Licht: 0,181251,3,6,3,08,17,3,0,0,0,1,0,0,,0
"POINT (11.101501658000075 49.446145007000041)",Unfall 181252 (2017) Kat:3, Licht: 0,181252,3,6,2,08,16,3,0,0,0,0,0,1,,0
"POINT (11.079574803000071 49.415369200000043)",Unfall 181253 (2017) Kat:3, Licht: 0,181253,3,1,0,08,12,3,0,0,1,0,0,0,,0
"POINT (11.073886386000027 49.460881667000081)",Unfall 181254 (2017) Kat:3, Licht: 0,181254,3,5,1,08,13,3,0,0,1,0,0,0,,1
"POINT (11.000592967000046 49.448975700000062)",Unfall 181255 (2017) Kat:3, Licht: 0,181255,3,6,2,08,09,3,0,0,0,1,0,0,,0
"POINT (11.107633222000061 49.445317219000060)",Unfall 181256 (2017) Kat:3, Licht: 0,181256,3,1,2,08,15,3,0,0,0,1,0,1,,0
"POINT (11.079560909000065 49.445661696000059)",Unfall 181309 (2017) Kat:3, Licht: 0,181309,3,3,5,08,17,2,0,0,1,1,0,0,,0
"POINT (11.134260863000065 49.401455311000063)",Unfall 181310 (2017) Kat:3, Licht: 0,181310,3,3,5,08,09,2,0,0,1,0,0,0,,0
"POINT (11.061525522000068 49.399963379000042)",Unfall 181311 (2017) Kat:3, Licht: 0,181311,3,3,5,08,13,2,0,0,0,1,0,0,,1
"POINT (11.102328881000062 49.463805031000049)",Unfall 181350 (2017) Kat:3, Licht: 0,181350,3,3,5,08,12,1,0,0,1,1,0,0,,0
"POINT (11.013318720000029 49.431287513000029)",Unfall 181351 (2017) Kat:3, Licht: 0,181351,3,5,1,08,15,1,0,0,1,1,0,0,,0
"POINT (11.055406222000045 49.441244722000079)",Unfall 181405 (2017) Kat:3, Licht: 0,181405,3,3,5,08,16,7,0,0,1,1,0,0,,0
"POINT (11.067912188000037 49.435087820000035)",Unfall 181406 (2017) Kat:3, Licht: 0,181406,3,2,5,08,18,7,0,0,0,1,0,0,,0
"POINT (11.060399164000046 49.414925863000065)",Unfall 181407 (2017) Kat:3, Licht: 0,181407,3,6,0,08,17,7,0,0,0,1,0,0,,0
"POINT (11.061608212000067 49.491132119000042)",Unfall 181408 (2017) Kat:3, Licht: 0,181408,3,7,0,08,18,7,1,0,0,0,0,1,,0
"POINT (11.101548002000072 49.484127544000046)",Unfall 181409 (2017) Kat:3, Licht: 0,181409,3,3,5,08,15,7,0,0,0,1,0,1,,0
"POINT (11.081958890000067 49.466017391000037)",Unfall 181410 (2017) Kat:3, Licht: 0,181410,3,3,5,08,08,7,0,0,0,1,0,0,,0
"POINT (11.027791927000067 49.465389781000056)",Unfall 181433 (2017) Kat:3, Licht: 0,181433,3,6,0,09,13,1,0,0,0,1,0,0,,0
"POINT (11.142447970000035 49.406032804000063)",Unfall 181434 (2017) Kat:3, Licht: 0,181434,3,3,4,09,11,1,0,0,0,1,0,1,,0
"POINT (11.031820594000067 49.489970276000065)",Unfall 181474 (2017) Kat:3, Licht: 0,181474,3,7,0,09,13,7,0,0,0,0,0,1,,0
"POINT (11.134650922000048 49.453929257000027)",Unfall 181475 (2017) Kat:2, Licht: 0,181475,2,7,1,09,11,7,0,0,1,0,0,0,,0
"POINT (11.043594621000068 49.438944538000044)",Unfall 181476 (2017) Kat:3, Licht: 0,181476,3,3,5,09,09,7,0,0,0,1,0,0,,0
"POINT (11.056073046000051 49.349719132000075)",Unfall 181477 (2017) Kat:3, Licht: 0,181477,3,3,5,09,10,7,0,0,0,1,0,1,,0
"POINT (11.085003278000045 49.423377172000073)",Unfall 181509 (2017) Kat:3, Licht: 0,181509,3,2,5,09,07,6,1,0,1,0,0,0,,1
"POINT (11.070832020000068 49.456783244000064)",Unfall 181572 (2017) Kat:3, Licht: 0,181572,3,6,2,08,09,5,0,0,0,1,0,0,,1
"POINT (11.012058356000068 49.465012206000040)",Unfall 181573 (2017) Kat:3, Licht: 0,181573,3,6,2,08,13,5,1,0,0,1,0,0,,0
"POINT (11.092476447000024 49.457897312000057)",Unfall 181574 (2017) Kat:3, Licht: 0,181574,3,7,1,08,18,5,0,0,1,1,0,0,,0
"POINT (11.085398981000026 49.423661238000079)",Unfall 181575 (2017) Kat:3, Licht: 0,181575,3,7,0,08,06,5,1,0,0,1,0,1,,1
"POINT (11.080385971000055 49.445820511000079)",Unfall 181576 (2017) Kat:3, Licht: 2,181576,3,7,2,08,20,5,0,2,0,1,0,0,,0
"POINT (11.059462187000065 49.460718449000069)",Unfall 181644 (2017) Kat:2, Licht: 0,181644,2,2,6,08,15,4,0,0,0,1,1,0,,0
"POINT (11.104093992000060 49.487324738000041)",Unfall 181645 (2017) Kat:2, Licht: 0,181645,2,4,6,08,18,4,0,0,0,1,1,0,,0
"POINT (11.089383823000048 49.457805348000079)",Unfall 181646 (2017) Kat:3, Licht: 0,181646,3,1,0,08,09,4,0,0,1,0,0,0,,0
"POINT (11.085403056000075 49.461036842000055)",Unfall 181647 (2017) Kat:2, Licht: 0,181647,2,3,5,08,19,4,0,0,1,1,0,0,,0
"POINT (11.097652868000068 49.445878635000042)",Unfall 181648 (2017) Kat:3, Licht: 0,181648,3,2,3,08,16,4,0,0,1,1,0,0,,0
"POINT (11.071919152000021 49.425617402000057)",Unfall 181649 (2017) Kat:3, Licht: 0,181649,3,3,5,08,13,4,0,0,1,1,0,0,,0
"POINT (11.047425929000042 49.453777992000028)",Unfall 181650 (2017) Kat:3, Licht: 0,181650,3,3,5,08,18,4,0,0,1,1,0,0,,0
"POINT (11.092650800000058 49.458057950000068)",Unfall 181651 (2017) Kat:3, Licht: 0,181651,3,3,5,08,16,4,0,0,1,1,0,0,,0
"POINT (11.078377168000031 49.454602817000080)",Unfall 181683 (2017) Kat:3, Licht: 2,181683,3,2,3,09,20,6,0,2,1,1,0,0,,0
"POINT (11.020527882000067 49.453419577000034)",Unfall 181684 (2017) Kat:3, Licht: 0,181684,3,6,2,09,13,6,0,0,0,1,0,1,,0
"POINT (11.081326280000042 49.446622991000027)",Unfall 181685 (2017) Kat:3, Licht: 2,181685,3,6,2,09,02,6,0,2,0,1,0,0,,0
"POINT (11.059102758000051 49.449666802000081)",Unfall 181686 (2017) Kat:3, Licht: 0,181686,3,2,5,09,09,6,0,0,0,1,0,0,,0
"POINT (11.054650598000023 49.451470114000074)",Unfall 181738 (2017) Kat:3, Licht: 2,181738,3,6,4,09,02,5,0,2,1,0,0,0,,0
"POINT (11.086129097000025 49.484708155000078)",Unfall 181739 (2017) Kat:3, Licht: 0,181739,3,3,5,09,19,5,0,0,0,1,0,0,,0
"POINT (11.106022410000037 49.444174348000047)",Unfall 181802 (2017) Kat:3, Licht: 0,181802,3,4,6,09,18,4,0,0,0,1,1,0,,0
"POINT (11.065586474000042 49.458454021000080)",Unfall 181803 (2017) Kat:3, Licht: 2,181803,3,7,1,09,22,4,0,2,1,1,0,0,,0
"POINT (11.107453385000042 49.451341458000059)",Unfall 181804 (2017) Kat:3, Licht: 0,181804,3,6,2,09,16,4,0,0,0,1,0,0,,0
"POINT (11.069649910000066 49.436078964000046)",Unfall 181852 (2017) Kat:3, Licht: 0,181852,3,7,6,09,17,3,0,0,0,1,1,0,,0
"POINT (11.079051497000023 49.432480432000034)",Unfall 181853 (2017) Kat:3, Licht: 0,181853,3,1,0,09,08,3,0,0,1,1,0,0,,0
"POINT (11.091960581000023 49.457809766000025)",Unfall 181854 (2017) Kat:3, Licht: 0,181854,3,5,3,09,14,3,0,0,1,1,0,0,,0
"POINT (11.119889030000024 49.410259047000068)",Unfall 181855 (2017) Kat:3, Licht: 2,181855,3,2,3,09,20,3,0,2,0,1,0,1,,0
"POINT (11.091984965000051 49.484649473000047)",Unfall 181856 (2017) Kat:3, Licht: 0,181856,3,6,2,09,18,3,0,0,0,1,0,0,,0
"POINT (11.064448539000068 49.452237013000058)",Unfall 181910 (2017) Kat:3, Licht: 0,181910,3,2,5,09,08,2,0,0,1,1,0,0,,0
"POINT (11.071903181000039 49.447092294000072)",Unfall 181911 (2017) Kat:3, Licht: 0,181911,3,4,6,09,10,2,0,0,0,1,1,0,,0
"POINT (11.097296983000035 49.448800118000065)",Unfall 181912 (2017) Kat:3, Licht: 2,181912,3,6,2,09,22,2,0,2,0,1,0,0,,0
"POINT (11.099492559000055 49.460110034000081)",Unfall 181913 (2017) Kat:3, Licht: 2,181913,3,1,0,09,21,2,0,2,0,1,0,1,,0
"POINT (11.064257964000035 49.449141182000062)",Unfall 181960 (2017) Kat:3, Licht: 0,181960,3,6,2,09,18,4,0,0,0,1,0,0,,0
"POINT (11.085963253000045 49.447638567000070)",Unfall 181961 (2017) Kat:3, Licht: 0,181961,3,7,6,09,11,4,0,0,0,1,1,0,,0
"POINT (11.082307376000074 49.439186510000070)",Unfall 181962 (2017) Kat:3, Licht: 0,181962,3,2,5,09,16,4,0,0,1,1,0,0,,0
"POINT (11.061478496000063 49.418589995000048)",Unfall 182029 (2017) Kat:3, Licht: 0,182029,3,3,5,09,07,3,0,0,0,1,0,0,,0
"POINT (11.046582246000071 49.432760701000063)",Unfall 182030 (2017) Kat:3, Licht: 0,182030,3,3,5,09,13,3,0,0,1,1,0,0,,0
"POINT (11.065615208000054 49.436510379000026)",Unfall 182086 (2017) Kat:3, Licht: 0,182086,3,3,0,09,15,2,0,0,1,1,0,0,,0
"POINT (11.129280461000064 49.430496829000049)",Unfall 182087 (2017) Kat:3, Licht: 0,182087,3,2,4,09,14,2,0,0,0,1,0,0,,0
"POINT (11.059096417000035 49.446766693000029)",Unfall 182114 (2017) Kat:3, Licht: 0,182114,3,1,9,09,07,1,1,0,0,1,0,0,,0
"POINT (11.052347853000072 49.462889447000066)",Unfall 182115 (2017) Kat:3, Licht: 0,182115,3,5,1,09,17,1,0,0,0,1,0,0,,0
"POINT (11.071465379000074 49.463724122000031)",Unfall 182116 (2017) Kat:3, Licht: 0,182116,3,2,0,09,08,1,1,0,0,1,1,0,,0
"POINT (11.085101972000075 49.447014727000067)",Unfall 182117 (2017) Kat:2, Licht: 2,182117,2,7,6,09,21,1,0,2,1,0,1,0,,0
"POINT (10.997566581000058 49.448621505000062)",Unfall 182147 (2017) Kat:3, Licht: 0,182147,3,3,3,09,16,7,1,0,0,1,0,0,,0
"POINT (11.088977645000057 49.455535679000036)",Unfall 182148 (2017) Kat:3, Licht: 0,182148,3,3,0,09,13,7,1,0,1,1,0,0,,0
"POINT (11.139453288000027 49.396514668000066)",Unfall 182149 (2017) Kat:3, Licht: 0,182149,3,7,0,09,16,7,1,0,0,0,1,1,,0
"POINT (11.023833821000039 49.462656251000055)",Unfall 182150 (2017) Kat:3, Licht: 2,182150,3,2,4,09,21,7,1,2,0,1,0,0,,0
"POINT (11.067326279000042 49.440292845000045)",Unfall 182151 (2017) Kat:3, Licht: 0,182151,3,7,5,09,09,7,1,0,0,1,0,0,,1
"POINT (11.078616686000032 49.442769136000038)",Unfall 182152 (2017) Kat:3, Licht: 0,182152,3,3,5,09,18,7,1,0,0,1,0,1,,0
"POINT (11.062824286000023 49.447690981000051)",Unfall 182153 (2017) Kat:2, Licht: 0,182153,2,7,1,09,16,7,1,0,0,1,0,0,,0
"POINT (11.058779417000039 49.460844175000034)",Unfall 182280 (2017) Kat:3, Licht: 0,182280,3,3,5,09,17,1,0,0,1,1,0,0,,0
"POINT (11.053654175000077 49.450002787000074)",Unfall 182313 (2017) Kat:3, Licht: 0,182313,3,3,5,09,12,7,0,0,0,1,0,0,,0
"POINT (11.070214348000036 49.455176521000055)",Unfall 182314 (2017) Kat:2, Licht: 0,182314,2,1,0,09,16,7,0,0,1,0,0,0,,0
"POINT (11.095262155000057 49.444569976000025)",Unfall 182375 (2017) Kat:3, Licht: 0,182375,3,3,5,09,07,6,0,0,1,1,0,0,,0
"POINT (11.050790763000066 49.442116461000069)",Unfall 182376 (2017) Kat:3, Licht: 0,182376,3,1,8,09,06,6,1,0,0,1,0,0,,0
"POINT (11.106994325000073 49.472108622000064)",Unfall 182377 (2017) Kat:3, Licht: 0,182377,3,4,6,09,17,6,0,0,0,1,1,0,,0
"POINT (11.048076029000072 49.444955769000046)",Unfall 182431 (2017) Kat:3, Licht: 0,182431,3,4,6,09,17,5,0,0,0,1,1,0,,0
"POINT (11.088338963000069 49.456705340000042)",Unfall 182432 (2017) Kat:3, Licht: 0,182432,3,5,5,09,10,5,1,0,1,1,0,0,,0
"POINT (11.137287121000043 49.414206074000049)",Unfall 182433 (2017) Kat:3, Licht: 0,182433,3,5,5,09,13,5,1,0,0,1,0,0,,0
"POINT (11.077697765000039 49.437317755000038)",Unfall 182477 (2017) Kat:3, Licht: 2,182477,3,7,1,09,21,6,0,2,0,1,0,0,,0
"POINT (11.087943719000066 49.455642161000071)",Unfall 182478 (2017) Kat:3, Licht: 0,182478,3,6,3,09,12,6,0,0,0,1,0,0,,0
"POINT (11.105988251000042 49.507530843000040)",Unfall 182479 (2017) Kat:3, Licht: 2,182479,3,1,9,09,01,6,0,2,0,1,0,0,,0
"POINT (11.056814341000063 49.451765272000046)",Unfall 182480 (2017) Kat:3, Licht: 0,182480,3,3,5,09,15,6,0,0,1,1,0,0,,0
"POINT (11.046171297000058 49.431954147000056)",Unfall 182481 (2017) Kat:3, Licht: 0,182481,3,2,5,09,14,6,0,0,1,1,0,0,,0
"POINT (11.145221264000043 49.466276048000054)",Unfall 182572 (2017) Kat:3, Licht: 0,182572,3,6,4,09,13,5,0,0,1,1,0,0,,0
"POINT (11.097418751000021 49.449916543000029)",Unfall 182573 (2017) Kat:3, Licht: 0,182573,3,3,5,09,08,5,0,0,0,1,0,0,,0
"POINT (11.055132081000068 49.452180833000057)",Unfall 182574 (2017) Kat:3, Licht: 0,182574,3,3,6,09,12,5,0,0,0,1,1,0,,0
"POINT (11.097136696000064 49.448751822000077)",Unfall 182575 (2017) Kat:3, Licht: 0,182575,3,6,2,09,11,5,0,0,0,1,0,0,,0
"POINT (11.050948061000042 49.511357319000069)",Unfall 182576 (2017) Kat:3, Licht: 0,182576,3,1,0,09,11,5,0,0,1,0,0,0,,0