WKT,Name,OBJECTID,UKATEGORIE,UTYP1,UART,UMONAT,USTUNDE,UWOCHENTAG,STRZUSTAND,ULICHTVERH,ISTRAD,ISTPKW,ISTFUSS,ISTKRAD,ISTGKFZ,ISTSONSTIG
"POINT (11.085412491000056 49.446342006000066)",Unfall 182577 (2017) Kat:2, Licht: 1,182577,2,7,0,09,19,5,0,1,1,0,1,0,,0
"POINT (11.048847917000046 49.464201141000046)",Unfall 182578 (2017) Kat:3, Licht: 0,182578,3,3,1,09,19,5,0,0,0,1,0,0,,0
"POINT (11.045824993000053 49.447188545000074)",Unfall 182637 (2017) Kat:3, Licht: 0,182637,3,3,5,09,18,4,1,0,1,1,0,0,,0
"POINT (11.089894792000052 49.441582426000082)",Unfall 182638 (2017) Kat:3, Licht: 0,182638,3,1,0,09,16,4,1,0,0,0,0,1,,0
"POINT (11.101521274000049 49.463570427000036)",Unfall 182639 (2017) Kat:3, Licht: 0,182639,3,3,5,09,15,4,1,0,0,1,0,1,,0
"POINT (11.080526554000073 49.440013176000036)",Unfall 182640 (2017) Kat:3, Licht: 0,182640,3,4,6,09,11,4,0,0,0,0,1,0,,1
"POINT (11.070092661000047 49.446274269000071)",Unfall 182641 (2017) Kat:3, Licht: 0,182641,3,1,0,09,12,4,0,0,0,0,0,1,,0
"POINT (11.080771482000046 49.416744015000063)",Unfall 182688 (2017) Kat:3, Licht: 0,182688,3,6,0,09,15,3,0,0,0,1,0,1,,0
"POINT (11.063075143000049 49.447780428000044)",Unfall 182689 (2017) Kat:3, Licht: 0,182689,3,4,6,09,15,3,0,0,0,1,1,0,,0
"POINT (11.066497248000076 49.439695811000036)",Unfall 182690 (2017) Kat:3, Licht: 0,182690,3,6,2,09,08,3,0,0,0,1,0,0,,0
"POINT (11.057561141000065 49.460310124000046)",Unfall 182691 (2017) Kat:3, Licht: 0,182691,3,4,6,09,16,3,0,0,0,1,1,0,,0
"POINT (11.070284262000030 49.464646149000032)",Unfall 182692 (2017) Kat:3, Licht: 0,182692,3,3,5,09,09,3,0,0,0,1,0,0,,0
"POINT (11.018499871000074 49.431100155000081)",Unfall 182693 (2017) Kat:3, Licht: 2,182693,3,3,5,09,20,3,0,2,0,1,0,0,,0
"POINT (11.012536069000021 49.427328668000030)",Unfall 182760 (2017) Kat:3, Licht: 0,182760,3,6,2,09,18,3,0,0,0,1,0,0,,1
"POINT (11.084351885000046 49.455847222000045)",Unfall 182761 (2017) Kat:3, Licht: 0,182761,3,3,5,09,12,3,0,0,1,1,0,0,,0
"POINT (11.067131325000048 49.439408991000050)",Unfall 182762 (2017) Kat:3, Licht: 0,182762,3,6,2,09,07,3,0,0,0,1,0,1,,0
"POINT (11.060273535000022 49.484391789000028)",Unfall 182763 (2017) Kat:3, Licht: 0,182763,3,3,5,09,15,3,0,0,0,1,0,1,,0
"POINT (11.100098034000041 49.459539220000067)",Unfall 182764 (2017) Kat:3, Licht: 0,182764,3,1,2,09,17,3,0,0,0,1,0,0,,0
"POINT (11.083838691000039 49.450711092000063)",Unfall 182765 (2017) Kat:3, Licht: 0,182765,3,6,2,09,13,3,0,0,0,1,0,0,,0
"POINT (11.070071950000056 49.445232125000075)",Unfall 182832 (2017) Kat:3, Licht: 0,182832,3,3,5,09,16,2,0,0,0,1,0,1,,0
"POINT (11.061521374000051 49.430851567000047)",Unfall 182833 (2017) Kat:3, Licht: 0,182833,3,3,5,09,09,2,0,0,0,1,0,0,,1
"POINT (11.089060228000051 49.447602411000048)",Unfall 182834 (2017) Kat:2, Licht: 0,182834,2,2,3,09,12,2,0,0,1,1,0,0,,0
"POINT (11.019806961000029 49.453461942000047)",Unfall 182835 (2017) Kat:3, Licht: 0,182835,3,7,0,09,14,2,0,0,0,0,0,0,,1
"POINT (11.004813201000047 49.440746081000043)",Unfall 182836 (2017) Kat:3, Licht: 2,182836,3,7,3,09,05,2,0,2,0,1,0,0,,0
"POINT (11.073000340000021 49.458448862000068)",Unfall 182837 (2017) Kat:3, Licht: 0,182837,3,7,0,09,10,2,1,0,0,0,0,1,,1
"POINT (11.079306790000032 49.448836790000030)",Unfall 182887 (2017) Kat:2, Licht: 1,182887,2,1,6,09,18,1,0,1,1,0,1,0,,0
"POINT (11.089303900000061 49.456430396000030)",Unfall 182888 (2017) Kat:3, Licht: 2,182888,3,1,9,09,00,1,0,2,1,0,0,0,,0
"POINT (11.097567286000071 49.447206885000071)",Unfall 182889 (2017) Kat:3, Licht: 0,182889,3,1,0,09,16,1,0,0,0,1,0,1,,0
"POINT (11.088156764000075 49.423313885000027)",Unfall 182890 (2017) Kat:3, Licht: 0,182890,3,6,4,09,17,1,0,0,0,1,0,1,,0
"POINT (11.131300240000030 49.404659875000050)",Unfall 182945 (2017) Kat:3, Licht: 0,182945,3,2,4,09,11,7,0,0,0,1,0,1,,0
"POINT (11.071376112000053 49.439913570000044)",Unfall 182946 (2017) Kat:3, Licht: 0,182946,3,3,4,09,15,7,0,0,0,1,0,1,,0
"POINT (11.131785357000069 49.427463435000050)",Unfall 182990 (2017) Kat:3, Licht: 0,182990,3,6,3,09,13,7,0,0,0,1,0,0,,0
"POINT (11.071972933000040 49.448056417000032)",Unfall 182991 (2017) Kat:3, Licht: 0,182991,3,3,5,09,15,7,0,0,0,1,0,1,,0
"POINT (11.073515197000063 49.445423975000040)",Unfall 182992 (2017) Kat:3, Licht: 1,182992,3,6,2,09,18,7,0,1,0,1,0,0,,0
"POINT (11.063299529000062 49.458921903000032)",Unfall 182993 (2017) Kat:3, Licht: 2,182993,3,1,0,09,21,7,0,2,1,0,0,0,,0
"POINT (11.089321498000061 49.446271180000053)",Unfall 182994 (2017) Kat:2, Licht: 0,182994,2,1,0,09,13,7,0,0,1,0,0,0,,0
"POINT (11.084653587000048 49.452355050000051)",Unfall 183062 (2017) Kat:3, Licht: 1,183062,3,7,0,09,07,6,0,1,1,0,0,0,,0
"POINT (11.090408256000046 49.438252237000029)",Unfall 183063 (2017) Kat:3, Licht: 2,183063,3,2,5,09,21,6,0,2,1,1,0,0,,0
"POINT (11.134612627000024 49.460678746000042)",Unfall 183064 (2017) Kat:3, Licht: 0,183064,3,1,0,09,15,6,1,0,1,0,0,0,,0
"POINT (11.095288935000042 49.464144097000030)",Unfall 183065 (2017) Kat:3, Licht: 2,183065,3,2,4,09,05,6,0,2,1,1,0,0,,0
"POINT (11.085276847000046 49.423104961000035)",Unfall 183066 (2017) Kat:3, Licht: 0,183066,3,6,3,09,14,6,0,0,0,1,0,1,,0
"POINT (11.096016581000072 49.445620573000042)",Unfall 183067 (2017) Kat:3, Licht: 0,183067,3,3,5,09,09,6,1,0,1,1,0,0,,0
"POINT (11.066440560000046 49.447456215000045)",Unfall 183144 (2017) Kat:3, Licht: 0,183144,3,6,1,09,16,5,0,0,1,1,0,0,,0
"POINT (11.024714597000070 49.470762063000052)",Unfall 183145 (2017) Kat:3, Licht: 0,183145,3,2,0,09,19,5,0,0,1,1,0,0,,0
"POINT (11.108788587000049 49.466521578000027)",Unfall 183146 (2017) Kat:3, Licht: 0,183146,3,6,2,09,17,5,0,0,0,1,0,1,,0
"POINT (11.079384046000030 49.449347523000029)",Unfall 183219 (2017) Kat:3, Licht: 2,183219,3,5,0,09,19,4,0,2,1,1,0,0,,0
"POINT (11.067881892000059 49.441145893000055)",Unfall 183220 (2017) Kat:3, Licht: 0,183220,3,3,0,09,07,4,0,0,0,1,0,0,,1
"POINT (11.103796482000064 49.450719791000040)",Unfall 183221 (2017) Kat:3, Licht: 0,183221,3,3,5,09,13,4,0,0,1,0,0,0,,1
"POINT (11.079194050000069 49.442084728000054)",Unfall 183222 (2017) Kat:3, Licht: 0,183222,3,7,5,09,14,4,0,0,1,0,0,0,,1
"POINT (11.004712533000031 49.520258004000027)",Unfall 183223 (2017) Kat:3, Licht: 0,183223,3,3,5,09,09,4,0,0,0,1,0,0,,1
"POINT (11.154117716000030 49.404344444000060)",Unfall 183254 (2017) Kat:3, Licht: 0,183254,3,2,5,10,16,5,1,0,1,1,0,0,,0
"POINT (11.118577843000025 49.455692246000069)",Unfall 183255 (2017) Kat:3, Licht: 0,183255,3,6,2,10,16,5,0,0,0,1,0,0,,0
"POINT (11.090040577000025 49.465658247000079)",Unfall 183256 (2017) Kat:2, Licht: 0,183256,2,3,0,10,16,5,0,0,1,1,0,0,,0
"POINT (11.085430859000041 49.460927633000040)",Unfall 183257 (2017) Kat:3, Licht: 0,183257,3,3,5,10,06,5,0,0,0,1,0,0,,0
"POINT (11.097439126000040 49.444910536000066)",Unfall 183258 (2017) Kat:3, Licht: 2,183258,3,6,2,10,05,5,1,2,0,1,0,0,,0
"POINT (11.083834893000073 49.460932192000030)",Unfall 183336 (2017) Kat:3, Licht: 0,183336,3,2,5,10,15,4,0,0,1,1,0,0,,0
"POINT (11.065765357000032 49.449690413000042)",Unfall 183337 (2017) Kat:2, Licht: 0,183337,2,6,2,10,18,4,0,0,0,1,0,0,,0
"POINT (11.087077225000030 49.448936042000071)",Unfall 183338 (2017) Kat:3, Licht: 0,183338,3,2,5,10,16,4,0,0,0,1,0,0,,0
"POINT (11.085209080000027 49.440564029000029)",Unfall 183339 (2017) Kat:3, Licht: 0,183339,3,4,6,10,18,4,0,0,0,1,1,0,,0
"POINT (11.039843144000031 49.434346075000065)",Unfall 183340 (2017) Kat:3, Licht: 0,183340,3,3,5,10,14,4,0,0,0,1,0,0,,0
"POINT (11.092320200000074 49.436540890000060)",Unfall 183341 (2017) Kat:3, Licht: 0,183341,3,6,3,10,14,4,0,0,0,1,0,0,,0
"POINT (11.009627722000062 49.456800364000060)",Unfall 183342 (2017) Kat:3, Licht: 0,183342,3,6,2,10,07,4,0,0,0,1,0,0,,0
"POINT (11.071458243000052 49.445953732000078)",Unfall 183380 (2017) Kat:3, Licht: 2,183380,3,2,5,10,18,3,1,2,0,1,0,0,,0
"POINT (11.066807241000049 49.451062510000042)",Unfall 183430 (2017) Kat:3, Licht: 0,183430,3,6,2,10,15,2,0,0,0,1,0,0,,1
"POINT (11.083377593000023 49.449776340000028)",Unfall 183565 (2017) Kat:3, Licht: 0,183565,3,6,2,10,14,3,1,0,0,1,0,0,,0
"POINT (11.077971935000051 49.457802162000064)",Unfall 183566 (2017) Kat:3, Licht: 0,183566,3,1,0,10,12,3,1,0,1,0,0,0,,0
"POINT (11.082057259000067 49.458398712000076)",Unfall 183567 (2017) Kat:3, Licht: 0,183567,3,6,4,10,17,3,0,0,1,1,0,0,,0
"POINT (11.131392636000044 49.404546562000064)",Unfall 183568 (2017) Kat:3, Licht: 2,183568,3,2,5,10,23,3,1,2,1,1,0,0,,0
"POINT (11.068584394000027 49.425569846000030)",Unfall 183569 (2017) Kat:3, Licht: 0,183569,3,3,5,10,16,3,0,0,0,1,0,0,,0
"POINT (11.102868586000056 49.459735085000034)",Unfall 183620 (2017) Kat:3, Licht: 0,183620,3,7,3,10,09,2,0,0,0,1,0,0,,1
"POINT (11.078062357000022 49.493954725000037)",Unfall 183621 (2017) Kat:3, Licht: 0,183621,3,7,0,10,11,2,0,0,0,1,0,0,,0
"POINT (11.083121177000066 49.446643714000061)",Unfall 183686 (2017) Kat:3, Licht: 2,183686,3,1,0,10,19,7,1,2,1,0,0,0,,0
"POINT (11.067349127000057 49.439494421000063)",Unfall 183743 (2017) Kat:3, Licht: 0,183743,3,6,2,10,13,6,1,0,0,1,0,0,,0
"POINT (11.133352076000051 49.423468778000029)",Unfall 183744 (2017) Kat:3, Licht: 2,183744,3,3,5,10,23,6,1,2,0,1,0,0,,0
"POINT (11.068940990000044 49.452757355000074)",Unfall 183841 (2017) Kat:3, Licht: 0,183841,3,2,5,10,14,6,0,0,1,1,0,0,,0
"POINT (11.132355076000067 49.405120019000037)",Unfall 183842 (2017) Kat:3, Licht: 0,183842,3,6,2,10,08,6,0,0,0,0,0,0,,1
"POINT (11.047694193000041 49.442259328000034)",Unfall 183843 (2017) Kat:3, Licht: 0,183843,3,6,2,10,10,6,0,0,0,1,0,0,,0
"POINT (11.062502626000025 49.405717338000045)",Unfall 183844 (2017) Kat:3, Licht: 0,183844,3,1,0,10,09,6,0,0,0,0,0,0,,1
"POINT (11.169937834000052 49.410498227000062)",Unfall 183845 (2017) Kat:3, Licht: 2,183845,3,2,5,10,06,6,0,2,1,1,0,0,,0
"POINT (11.135336949000077 49.462085537000064)",Unfall 183916 (2017) Kat:3, Licht: 0,183916,3,1,8,10,13,5,0,0,1,0,0,0,,0
"POINT (11.105016664000061 49.484093347000055)",Unfall 183917 (2017) Kat:2, Licht: 0,183917,2,2,4,10,11,5,0,0,1,1,0,0,,0
"POINT (11.099275758000033 49.445947611000065)",Unfall 183918 (2017) Kat:3, Licht: 0,183918,3,4,6,10,15,5,0,0,0,1,1,0,,0
"POINT (11.049300974000062 49.389400641000066)",Unfall 183919 (2017) Kat:3, Licht: 0,183919,3,2,5,10,07,5,0,0,0,1,0,0,,1
"POINT (11.069757382000034 49.454045876000066)",Unfall 183920 (2017) Kat:2, Licht: 0,183920,2,7,0,10,14,5,0,0,0,0,0,0,,1
"POINT (11.129735337000056 49.445290226000054)",Unfall 183921 (2017) Kat:3, Licht: 0,183921,3,7,0,10,07,5,0,0,1,0,0,0,,0
"POINT (11.090266889000077 49.440153369000029)",Unfall 183922 (2017) Kat:3, Licht: 0,183922,3,6,3,10,16,5,0,0,0,1,0,0,,0
"POINT (11.116924719000053 49.480769608000060)",Unfall 183993 (2017) Kat:3, Licht: 0,183993,3,7,0,10,15,4,0,0,0,0,0,0,,1
"POINT (11.083520566000061 49.440580420000060)",Unfall 183994 (2017) Kat:3, Licht: 0,183994,3,7,0,10,12,4,0,0,1,1,0,0,,0
"POINT (11.080288451000058 49.431725474000075)",Unfall 183995 (2017) Kat:3, Licht: 1,183995,3,7,0,10,06,4,1,1,0,0,0,1,,1
"POINT (11.057876666000027 49.458187647000045)",Unfall 183996 (2017) Kat:3, Licht: 0,183996,3,7,3,10,14,4,0,0,1,1,0,0,,0
"POINT (11.054415900000038 49.440748677000045)",Unfall 183997 (2017) Kat:2, Licht: 0,183997,2,3,5,10,15,4,0,0,1,1,0,0,,0
"POINT (11.102179620000072 49.434448348000046)",Unfall 184049 (2017) Kat:3, Licht: 0,184049,3,6,2,10,08,3,0,0,0,1,0,0,,0
"POINT (11.075029085000040 49.449148379000064)",Unfall 184050 (2017) Kat:3, Licht: 0,184050,3,3,5,10,13,3,0,0,1,1,0,0,,0
"POINT (11.191278603000058 49.416522646000033)",Unfall 184051 (2017) Kat:2, Licht: 0,184051,2,2,4,10,07,3,0,0,1,1,0,0,,0
"POINT (11.068694396000069 49.444464520000054)",Unfall 184052 (2017) Kat:3, Licht: 0,184052,3,3,5,10,17,3,0,0,1,0,0,0,,0
"POINT (11.085381152000025 49.447286753000071)",Unfall 184053 (2017) Kat:3, Licht: 0,184053,3,7,0,10,08,3,0,0,0,1,0,0,,1
"POINT (11.117691726000032 49.455348383000057)",Unfall 184141 (2017) Kat:2, Licht: 1,184141,2,3,6,10,06,2,0,1,0,0,1,0,,1
"POINT (11.072031298000070 49.452865301000031)",Unfall 184142 (2017) Kat:3, Licht: 0,184142,3,3,5,10,07,2,0,0,1,1,0,0,,0
"POINT (11.048211026000047 49.453329568000072)",Unfall 184203 (2017) Kat:3, Licht: 2,184203,3,1,0,10,01,1,0,2,0,1,0,0,,0
"POINT (11.081859898000062 49.440501285000039)",Unfall 184204 (2017) Kat:3, Licht: 0,184204,3,2,4,10,13,1,0,0,0,1,0,1,,0
"POINT (11.113949828000045 49.472457797000061)",Unfall 184259 (2017) Kat:3, Licht: 0,184259,3,3,5,10,14,7,0,0,1,1,0,0,,0
"POINT (11.067163092000044 49.446121278000078)",Unfall 184260 (2017) Kat:3, Licht: 1,184260,3,2,0,10,18,7,0,1,1,1,0,0,,0
"POINT (11.033021664000046 49.514104425000028)",Unfall 184261 (2017) Kat:3, Licht: 0,184261,3,7,5,10,11,7,0,0,0,1,0,1,,0
"POINT (11.141511722000075 49.410909793000030)",Unfall 184313 (2017) Kat:3, Licht: 0,184313,3,6,2,10,14,6,0,0,0,1,0,1,,0
"POINT (11.117434377000052 49.473010912000063)",Unfall 184317 (2017) Kat:3, Licht: 0,184317,3,3,5,10,13,6,0,0,1,1,0,0,,0
"POINT (11.032448573000067 49.409136828000044)",Unfall 184382 (2017) Kat:3, Licht: 0,184382,3,1,0,10,15,5,0,0,1,0,0,0,,0
"POINT (11.043738373000053 49.421182762000058)",Unfall 184383 (2017) Kat:3, Licht: 2,184383,3,6,2,10,06,5,1,2,0,1,0,0,,1
"POINT (11.069234148000021 49.452666727000064)",Unfall 184384 (2017) Kat:3, Licht: 0,184384,3,2,3,10,15,5,0,0,0,1,0,0,,1
"POINT (11.064465045000077 49.452257163000070)",Unfall 184385 (2017) Kat:3, Licht: 0,184385,3,7,5,10,07,5,0,0,1,1,0,0,,0
"POINT (11.071787106000045 49.447313439000027)",Unfall 184386 (2017) Kat:3, Licht: 0,184386,3,2,4,10,08,5,0,0,1,1,0,0,,0
"POINT (11.101659683000037 49.446203381000032)",Unfall 184472 (2017) Kat:3, Licht: 2,184472,3,3,5,10,19,4,1,2,0,1,0,0,,0
"POINT (11.003702755000063 49.450885326000048)",Unfall 184473 (2017) Kat:3, Licht: 1,184473,3,6,4,10,06,4,0,1,0,1,0,0,,0
"POINT (11.092891771000041 49.461954691000074)",Unfall 184474 (2017) Kat:3, Licht: 0,184474,3,6,2,10,14,4,0,0,0,1,0,0,,0
"POINT (11.070598376000021 49.433243974000050)",Unfall 184475 (2017) Kat:3, Licht: 0,184475,3,3,5,10,16,4,0,0,1,1,0,0,,0
"POINT (11.071180177000031 49.447078734000058)",Unfall 184597 (2017) Kat:3, Licht: 0,184597,3,6,2,10,13,3,0,0,0,1,0,1,,0
"POINT (11.061676472000045 49.444022678000067)",Unfall 184598 (2017) Kat:3, Licht: 0,184598,3,1,0,10,13,3,1,0,0,0,0,1,,0
"POINT (11.093261898000037 49.443949500000031)",Unfall 184599 (2017) Kat:3, Licht: 0,184599,3,2,6,10,06,3,1,0,0,1,1,0,,0
"POINT (11.089563872000042 49.446182115000056)",Unfall 184600 (2017) Kat:3, Licht: 2,184600,3,6,2,10,05,3,1,2,0,1,0,0,,0
"POINT (11.139276650000056 49.415237971000067)",Unfall 184601 (2017) Kat:3, Licht: 0,184601,3,2,5,10,11,3,1,0,1,1,0,0,,0
"POINT (11.018978058000073 49.470805542000051)",Unfall 184602 (2017) Kat:3, Licht: 0,184602,3,3,5,10,15,3,1,0,0,1,0,0,,0
"POINT (11.089429399000039 49.456693245000054)",Unfall 184660 (2017) Kat:3, Licht: 0,184660,3,3,5,10,14,2,0,0,1,1,0,0,,0
"POINT (11.056204990000026 49.445817542000043)",Unfall 184661 (2017) Kat:3, Licht: 0,184661,3,6,2,10,15,2,1,0,0,1,0,0,,0
"POINT (11.061660473000074 49.365430025000080)",Unfall 184662 (2017) Kat:2, Licht: 0,184662,2,3,5,10,16,2,1,0,0,1,0,1,,0
"POINT (11.054990452000027 49.461678734000031)",Unfall 184663 (2017) Kat:3, Licht: 1,184663,3,1,0,10,17,2,1,1,1,0,0,0,,0
"POINT (11.028488374000062 49.469537802000048)",Unfall 184664 (2017) Kat:3, Licht: 0,184664,3,4,6,10,15,2,0,0,0,1,1,0,,0
"POINT (11.050754053000048 49.433256477000043)",Unfall 184665 (2017) Kat:3, Licht: 0,184665,3,1,0,10,17,2,1,0,1,0,0,0,,0
"POINT (11.112988653000059 49.466229504000069)",Unfall 184666 (2017) Kat:3, Licht: 0,184666,3,3,5,10,15,2,1,0,1,1,0,0,,0
"POINT (11.039991685000075 49.437012939000056)",Unfall 184710 (2017) Kat:3, Licht: 2,184710,3,3,5,10,20,1,1,2,0,1,0,0,,0
"POINT (11.076104007000026 49.460836256000050)",Unfall 184744 (2017) Kat:3, Licht: 2,184744,3,2,5,10,00,7,0,2,1,1,0,0,,0
"POINT (11.090266796000037 49.440171194000072)",Unfall 184745 (2017) Kat:3, Licht: 1,184745,3,6,2,10,17,7,1,1,0,1,0,0,,0
"POINT (11.072522627000069 49.446989226000028)",Unfall 184810 (2017) Kat:3, Licht: 1,184810,3,6,2,10,17,6,0,1,0,1,0,0,,0
"POINT (11.112571926000044 49.476706276000073)",Unfall 184811 (2017) Kat:2, Licht: 2,184811,2,4,6,10,19,6,0,2,0,1,1,0,,0
"POINT (11.074750803000029 49.446859988000028)",Unfall 184812 (2017) Kat:3, Licht: 2,184812,3,2,5,10,19,6,0,2,1,1,0,0,,0
"POINT (11.084800257000040 49.441390507000051)",Unfall 184813 (2017) Kat:3, Licht: 0,184813,3,6,4,10,13,6,0,0,0,1,0,0,,0
"POINT (11.064684290000059 49.438519985000028)",Unfall 184814 (2017) Kat:3, Licht: 0,184814,3,7,1,10,11,6,0,0,0,1,0,0,,1
"POINT (11.058779417000039 49.460844175000034)",Unfall 184815 (2017) Kat:3, Licht: 2,184815,3,7,1,10,21,6,0,2,1,1,0,0,,0
"POINT (11.082015589000036 49.459115765000035)",Unfall 184816 (2017) Kat:3, Licht: 2,184816,3,6,2,10,06,6,0,2,0,1,0,0,,0
"POINT (11.069748336000032 49.441737346000082)",Unfall 184826 (2017) Kat:3, Licht: 2,184826,3,2,5,10,21,1,0,2,0,1,0,0,,0
"POINT (11.070926417000067 49.463346252000065)",Unfall 184915 (2017) Kat:3, Licht: 2,184915,3,6,2,10,19,6,0,2,0,1,0,0,,0
"POINT (11.009667560000025 49.456595026000059)",Unfall 184916 (2017) Kat:3, Licht: 2,184916,3,6,2,10,19,6,0,2,0,1,0,0,,0
"POINT (11.075792081000031 49.444978670000069)",Unfall 184917 (2017) Kat:3, Licht: 0,184917,3,1,0,10,09,6,1,0,1,0,0,0,,0
"POINT (11.037791442000071 49.465961020000066)",Unfall 184918 (2017) Kat:3, Licht: 2,184918,3,7,1,10,20,6,0,2,0,1,0,0,,0
"POINT (11.069566758000065 49.459646005000081)",Unfall 184919 (2017) Kat:3, Licht: 0,184919,3,1,0,10,15,6,1,0,1,0,0,0,,0
"POINT (11.066442488000064 49.447455851000029)",Unfall 184920 (2017) Kat:3, Licht: 1,184920,3,1,4,10,07,6,1,1,1,0,0,0,,0
"POINT (11.059798359000069 49.464699537000058)",Unfall 184921 (2017) Kat:2, Licht: 1,184921,2,7,6,10,07,6,0,1,0,1,1,0,,0
"POINT (11.133900567000069 49.453301178000061)",Unfall 184922 (2017) Kat:3, Licht: 0,184922,3,6,2,10,15,6,0,0,0,1,0,0,,1
"POINT (11.068864968000071 49.445417103000068)",Unfall 184923 (2017) Kat:3, Licht: 0,184923,3,6,2,10,15,6,0,0,0,1,0,0,,0
"POINT (11.156012655000040 49.403100401000074)",Unfall 184991 (2017) Kat:3, Licht: 0,184991,3,6,2,10,17,5,0,0,0,1,0,0,,1
"POINT (11.023056422000025 49.434348158000034)",Unfall 184992 (2017) Kat:2, Licht: 0,184992,2,7,0,10,14,5,0,0,0,0,0,0,,1
"POINT (11.111179272000072 49.440542050000033)",Unfall 184993 (2017) Kat:2, Licht: 0,184993,2,4,6,10,16,5,0,0,0,1,1,0,,0
"POINT (11.105087210000022 49.485212478000051)",Unfall 184994 (2017) Kat:2, Licht: 2,184994,2,2,5,10,18,5,0,2,0,1,0,1,,0
"POINT (11.056690003000028 49.446259481000027)",Unfall 184995 (2017) Kat:3, Licht: 0,184995,3,1,0,10,16,5,0,0,1,0,0,0,,0
"POINT (11.068272780000029 49.435869660000037)",Unfall 184996 (2017) Kat:3, Licht: 2,184996,3,3,5,10,23,5,0,2,0,1,0,0,,0
"POINT (11.064078307000045 49.444357360000026)",Unfall 184997 (2017) Kat:3, Licht: 0,184997,3,7,1,10,13,5,0,0,0,1,0,0,,0
"POINT (11.106908325000063 49.416778894000061)",Unfall 184998 (2017) Kat:2, Licht: 0,184998,2,7,4,10,15,5,0,0,0,1,0,1,,0
"POINT (11.056799838000074 49.446352867000030)",Unfall 185065 (2017) Kat:3, Licht: 0,185065,3,6,2,10,15,4,0,0,0,1,0,0,,0
"POINT (11.064902551000046 49.445992645000047)",Unfall 185066 (2017) Kat:3, Licht: 2,185066,3,1,9,10,18,4,0,2,1,0,0,0,,0
"POINT (11.127707130000033 49.464528898000026)",Unfall 185067 (2017) Kat:3, Licht: 0,185067,3,7,5,10,08,4,0,0,1,1,0,0,,0
"POINT (10.999772616000030 49.434093232000066)",Unfall 185068 (2017) Kat:3, Licht: 1,185068,3,3,5,10,18,4,0,1,1,1,0,0,,0
"POINT (11.109152862000030 49.406975582000030)",Unfall 185069 (2017) Kat:3, Licht: 0,185069,3,6,2,10,12,4,0,0,0,1,0,0,,1
"POINT (11.045542272000034 49.455599361000054)",Unfall 185093 (2017) Kat:3, Licht: 1,185093,3,2,5,11,18,2,0,1,1,1,0,0,,0
"POINT (11.059590370000024 49.454507282000066)",Unfall 185094 (2017) Kat:3, Licht: 0,185094,3,7,6,11,14,2,0,0,1,0,1,0,,0
"POINT (11.073010418000024 49.451545957000064)",Unfall 185095 (2017) Kat:3, Licht: 2,185095,3,7,0,11,16,2,0,2,0,1,0,0,,0
"POINT (11.065370155000039 49.448576584000079)",Unfall 185101 (2017) Kat:3, Licht: 0,185101,3,6,2,11,07,2,0,0,0,1,0,1,,0
"POINT (11.070412514000054 49.464199406000034)",Unfall 185112 (2017) Kat:3, Licht: 0,185112,3,6,3,11,14,1,0,0,0,1,0,0,,0
"POINT (11.016765506000070 49.454994380000073)",Unfall 185113 (2017) Kat:3, Licht: 2,185113,3,3,5,11,21,1,1,2,0,1,0,1,,0
"POINT (11.071345882000060 49.464834009000072)",Unfall 185114 (2017) Kat:3, Licht: 2,185114,3,3,5,11,00,1,0,2,1,1,0,0,,0
"POINT (11.094223026000066 49.443033119000063)",Unfall 185115 (2017) Kat:2, Licht: 2,185115,2,4,6,11,17,1,1,2,0,1,1,0,,0
"POINT (11.059286187000055 49.445701486000075)",Unfall 185116 (2017) Kat:3, Licht: 1,185116,3,3,5,11,17,1,1,1,0,1,0,0,,0
"POINT (11.027024238000024 49.451250503000040)",Unfall 185143 (2017) Kat:2, Licht: 0,185143,2,6,3,11,13,7,0,0,1,1,0,0,,0
"POINT (11.027868573000035 49.516202579000037)",Unfall 185184 (2017) Kat:3, Licht: 2,185184,3,3,5,11,18,6,0,2,0,1,0,1,,0
"POINT (11.038996470000029 49.470915351000031)",Unfall 185185 (2017) Kat:3, Licht: 2,185185,3,7,0,11,18,6,1,2,1,1,0,0,,0
"POINT (11.042684529000041 49.434959882000044)",Unfall 185186 (2017) Kat:3, Licht: 0,185186,3,2,4,11,15,6,0,0,1,1,0,0,,0
"POINT (11.113867415000072 49.477156154000056)",Unfall 185187 (2017) Kat:3, Licht: 0,185187,3,3,5,11,14,6,0,0,0,1,0,0,,0
"POINT (11.032557114000042 49.421611309000070)",Unfall 185188 (2017) Kat:3, Licht: 0,185188,3,2,6,11,12,6,0,0,0,1,1,0,,0
"POINT (11.083464894000031 49.440739936000057)",Unfall 185234 (2017) Kat:3, Licht: 2,185234,3,3,5,11,17,5,0,2,0,1,0,0,,0
"POINT (11.099022717000025 49.482584295000038)",Unfall 185270 (2017) Kat:2, Licht: 1,185270,2,7,0,11,17,4,0,1,0,1,1,0,,0