WKT,Name,OBJECTID,UKATEGORIE,UTYP1,UART,UMONAT,USTUNDE,UWOCHENTAG,STRZUSTAND,ULICHTVERH,ISTRAD,ISTPKW,ISTFUSS,ISTKRAD,ISTGKFZ,ISTSONSTIG
"POINT (11.067658690000030 49.475139060000060)",Unfall 185271 (2017) Kat:3, Licht: 2,185271,3,3,5,11,16,4,0,2,0,1,0,0,,0
"POINT (11.162785030000066 49.399184520000063)",Unfall 185290 (2017) Kat:3, Licht: 0,185290,3,6,2,10,09,3,0,0,0,1,0,0,,0
"POINT (11.067181490000053 49.439652614000067)",Unfall 185291 (2017) Kat:2, Licht: 0,185291,2,7,6,10,10,3,0,0,0,0,1,0,,1
"POINT (11.073065358000065 49.468127160000051)",Unfall 185327 (2017) Kat:3, Licht: 1,185327,3,4,6,10,16,2,0,1,0,1,1,0,,0
"POINT (11.086048168000048 49.441009678000057)",Unfall 185328 (2017) Kat:3, Licht: 0,185328,3,1,6,10,10,2,0,0,1,0,1,0,,0
"POINT (11.061228812000024 49.434949631000052)",Unfall 185329 (2017) Kat:3, Licht: 0,185329,3,2,5,10,13,2,0,0,0,1,0,0,,0
"POINT (11.057509040000070 49.469679772000063)",Unfall 185371 (2017) Kat:3, Licht: 0,185371,3,6,2,11,13,6,1,0,0,1,0,1,,0
"POINT (11.100378854000041 49.458119682000074)",Unfall 185372 (2017) Kat:3, Licht: 2,185372,3,7,1,11,22,6,1,2,1,1,0,0,,0
"POINT (11.102893381000058 49.459671867000054)",Unfall 185373 (2017) Kat:3, Licht: 2,185373,3,3,5,11,23,6,1,2,0,1,0,0,,0
"POINT (11.061382319000074 49.429938957000047)",Unfall 185374 (2017) Kat:3, Licht: 2,185374,3,7,2,11,16,6,1,2,0,0,0,1,,1
"POINT (11.097661054000071 49.447260542000038)",Unfall 185375 (2017) Kat:3, Licht: 0,185375,3,6,3,11,14,6,1,0,0,1,0,0,,0
"POINT (11.058227572000021 49.442839698000057)",Unfall 185376 (2017) Kat:3, Licht: 0,185376,3,3,5,11,09,6,0,0,0,1,0,0,,0
"POINT (11.088979868000024 49.455675693000046)",Unfall 185450 (2017) Kat:2, Licht: 0,185450,2,3,5,11,13,5,0,0,1,1,0,0,,0
"POINT (11.071834407000040 49.425593890000073)",Unfall 185451 (2017) Kat:3, Licht: 0,185451,3,3,5,11,07,5,1,0,0,1,0,0,,0
"POINT (11.058167774000026 49.460057532000064)",Unfall 185452 (2017) Kat:3, Licht: 2,185452,3,2,5,11,20,5,0,2,1,1,0,0,,0
"POINT (11.127170563000050 49.463091302000066)",Unfall 185453 (2017) Kat:2, Licht: 2,185453,2,1,0,11,17,5,0,2,1,0,0,0,,0
"POINT (11.117328157000031 49.455409179000071)",Unfall 185454 (2017) Kat:3, Licht: 1,185454,3,6,2,11,07,5,1,1,0,1,0,0,,0
"POINT (11.064607768000030 49.439954891000070)",Unfall 185455 (2017) Kat:3, Licht: 0,185455,3,7,6,11,15,5,0,0,1,0,1,0,,0
"POINT (11.086724890000028 49.453211906000035)",Unfall 185511 (2017) Kat:3, Licht: 0,185511,3,3,0,11,11,4,0,0,1,1,0,0,,0
"POINT (11.070610666000050 49.407979899000054)",Unfall 185512 (2017) Kat:3, Licht: 2,185512,3,3,5,11,19,4,1,2,0,1,0,0,,0
"POINT (11.011454097000069 49.464409304000071)",Unfall 185513 (2017) Kat:3, Licht: 0,185513,3,7,5,11,08,4,0,0,0,1,0,0,,0
"POINT (11.107112150000034 49.446151790000044)",Unfall 185572 (2017) Kat:2, Licht: 2,185572,2,2,5,11,06,3,0,2,1,1,0,0,,0
"POINT (11.059179082000071 49.461779648000061)",Unfall 185573 (2017) Kat:3, Licht: 1,185573,3,3,5,11,16,3,0,1,1,1,0,0,,0
"POINT (11.083519534000061 49.440583071000049)",Unfall 185574 (2017) Kat:3, Licht: 0,185574,3,3,5,11,13,3,0,0,1,1,0,0,,0
"POINT (11.093023442000060 49.469201621000082)",Unfall 185618 (2017) Kat:3, Licht: 0,185618,3,3,5,11,10,2,0,0,1,1,0,0,,0
"POINT (11.131684683000060 49.421312050000040)",Unfall 185650 (2017) Kat:3, Licht: 0,185650,3,3,4,11,14,4,0,0,0,1,0,0,,1
"POINT (11.073819435000075 49.464285031000031)",Unfall 185651 (2017) Kat:3, Licht: 0,185651,3,3,5,11,15,4,0,0,0,1,0,0,,0
"POINT (11.085743514000058 49.465077831000031)",Unfall 185652 (2017) Kat:3, Licht: 0,185652,3,7,6,11,12,4,0,0,0,0,1,0,,1
"POINT (11.070314280000048 49.464651616000026)",Unfall 185653 (2017) Kat:3, Licht: 1,185653,3,6,2,11,16,4,0,1,0,1,0,0,,1
"POINT (11.087480727000070 49.449631847000035)",Unfall 185654 (2017) Kat:3, Licht: 0,185654,3,1,0,11,14,4,0,0,1,0,0,0,,0
"POINT (11.059160080000026 49.424925962000032)",Unfall 185720 (2017) Kat:3, Licht: 0,185720,3,3,5,11,09,3,0,0,0,1,0,0,,0
"POINT (11.051087691000021 49.437678118000065)",Unfall 185721 (2017) Kat:3, Licht: 2,185721,3,5,1,11,18,3,0,2,1,1,0,0,,0
"POINT (11.011746810000034 49.464658857000074)",Unfall 185722 (2017) Kat:3, Licht: 2,185722,3,6,4,11,18,3,0,2,0,1,0,0,,0
"POINT (11.036814981000077 49.491172356000050)",Unfall 185723 (2017) Kat:3, Licht: 0,185723,3,6,2,11,07,3,0,0,0,1,0,0,,0
"POINT (11.069441071000028 49.447208371000045)",Unfall 185724 (2017) Kat:3, Licht: 2,185724,3,6,2,11,19,3,0,2,0,1,0,0,,0
"POINT (11.065757071000064 49.447599241000034)",Unfall 185768 (2017) Kat:3, Licht: 1,185768,3,2,5,11,17,2,0,1,1,0,0,0,,1
"POINT (11.028619846000026 49.436687191000033)",Unfall 185769 (2017) Kat:3, Licht: 0,185769,3,1,0,11,14,2,1,0,1,0,0,0,,0
"POINT (11.094772138000053 49.458439027000054)",Unfall 185770 (2017) Kat:3, Licht: 0,185770,3,6,2,11,14,2,0,0,0,1,0,0,,0
"POINT (11.052700110000046 49.400374729000077)",Unfall 185771 (2017) Kat:3, Licht: 2,185771,3,3,5,11,22,2,1,2,0,1,0,0,,1
"POINT (11.069582167000021 49.453661341000043)",Unfall 185772 (2017) Kat:3, Licht: 2,185772,3,7,0,11,18,2,0,2,0,0,0,0,,1
"POINT (11.089710248000074 49.441507127000079)",Unfall 185805 (2017) Kat:3, Licht: 2,185805,3,2,6,11,17,1,1,2,0,1,1,0,,0
"POINT (11.092463938000037 49.461479583000028)",Unfall 185806 (2017) Kat:3, Licht: 2,185806,3,2,5,11,20,1,1,2,0,1,0,0,,0
"POINT (11.103790791000051 49.450527201000057)",Unfall 185807 (2017) Kat:3, Licht: 2,185807,3,3,5,11,00,1,0,2,0,1,0,0,,0
"POINT (11.040609428000039 49.407670835000033)",Unfall 185808 (2017) Kat:3, Licht: 2,185808,3,6,2,11,18,1,1,2,0,1,0,0,,0
"POINT (11.080206911000062 49.457249624000042)",Unfall 185850 (2017) Kat:3, Licht: 2,185850,3,4,6,11,17,7,1,2,0,1,1,0,,0
"POINT (11.099374769000065 49.443247321000058)",Unfall 185851 (2017) Kat:3, Licht: 2,185851,3,4,6,11,05,7,0,2,0,1,1,0,,0
"POINT (11.059606955000049 49.443904372000077)",Unfall 185852 (2017) Kat:2, Licht: 1,185852,2,6,4,11,17,7,1,1,1,1,0,0,,0
"POINT (11.076687786000036 49.439304367000034)",Unfall 185853 (2017) Kat:3, Licht: 0,185853,3,1,0,11,12,7,0,0,1,0,0,0,,0
"POINT (11.086843139000052 49.441112545000067)",Unfall 185900 (2017) Kat:2, Licht: 2,185900,2,4,6,11,20,5,0,2,0,1,1,0,,0
"POINT (11.169074485000067 49.392049679000081)",Unfall 185914 (2017) Kat:3, Licht: 2,185914,3,2,4,11,18,5,0,2,0,1,0,0,,0
"POINT (11.123585632000072 49.442835534000039)",Unfall 185915 (2017) Kat:3, Licht: 2,185915,3,7,0,11,17,5,0,2,1,1,0,0,,0
"POINT (11.088817794000022 49.447844667000027)",Unfall 185945 (2017) Kat:3, Licht: 2,185945,3,2,5,11,19,3,1,2,1,1,0,0,,0
"POINT (11.018604497000069 49.431046497000068)",Unfall 185946 (2017) Kat:3, Licht: 0,185946,3,2,5,11,16,3,1,0,0,1,0,0,,0
"POINT (11.099525828000026 49.443068780000033)",Unfall 185947 (2017) Kat:3, Licht: 2,185947,3,2,5,11,19,3,1,2,0,1,0,1,,0
"POINT (11.097289886000056 49.451199153000061)",Unfall 185948 (2017) Kat:3, Licht: 0,185948,3,3,0,11,09,3,1,0,0,1,0,0,,1
"POINT (11.061410568000042 49.448994759000072)",Unfall 185949 (2017) Kat:3, Licht: 0,185949,3,7,5,11,07,3,1,0,0,1,0,0,,0
"POINT (11.097664249000047 49.443175234000080)",Unfall 185950 (2017) Kat:3, Licht: 2,185950,3,1,0,11,16,3,1,2,0,0,0,1,,0
"POINT (11.065078996000068 49.453819963000058)",Unfall 185951 (2017) Kat:3, Licht: 2,185951,3,7,2,11,17,3,1,2,0,1,0,0,,0
"POINT (11.075804128000073 49.455771389000063)",Unfall 185952 (2017) Kat:3, Licht: 0,185952,3,6,2,11,12,3,1,0,0,1,0,0,,0
"POINT (11.069421526000042 49.437889388000031)",Unfall 186011 (2017) Kat:3, Licht: 2,186011,3,3,5,11,17,2,1,2,1,1,0,0,,0
"POINT (11.103005666000058 49.459750919000044)",Unfall 186012 (2017) Kat:3, Licht: 0,186012,3,7,5,11,12,2,0,0,0,1,0,0,,1
"POINT (11.083472557000050 49.440715670000031)",Unfall 186051 (2017) Kat:3, Licht: 2,186051,3,3,5,11,16,1,1,2,0,1,0,0,,0
"POINT (11.097794690000057 49.445882839000035)",Unfall 186052 (2017) Kat:3, Licht: 2,186052,3,6,2,11,22,1,1,2,0,1,0,0,,0
"POINT (11.092607771000075 49.461631386000079)",Unfall 186053 (2017) Kat:3, Licht: 2,186053,3,7,5,11,19,1,0,2,0,1,0,0,,0
"POINT (11.087683079000044 49.447264128000029)",Unfall 186054 (2017) Kat:3, Licht: 2,186054,3,1,0,11,03,1,1,2,1,0,0,0,,0
"POINT (11.037625768000055 49.439531025000065)",Unfall 186084 (2017) Kat:3, Licht: 2,186084,3,7,5,11,21,7,0,2,0,1,0,0,,0
"POINT (11.081833789000029 49.446785578000060)",Unfall 186117 (2017) Kat:3, Licht: 0,186117,3,1,6,11,13,6,0,0,0,0,1,0,,1
"POINT (11.066378463000035 49.451370466000071)",Unfall 186118 (2017) Kat:3, Licht: 1,186118,3,1,0,11,17,6,1,1,0,0,0,1,,0
"POINT (11.014860967000061 49.443033435000075)",Unfall 186169 (2017) Kat:3, Licht: 2,186169,3,3,5,11,17,2,1,2,0,1,0,0,,0
"POINT (11.011416097000051 49.458349963000046)",Unfall 186170 (2017) Kat:3, Licht: 1,186170,3,5,1,11,07,2,0,1,1,0,0,0,,1
"POINT (11.074509032000037 49.437962325000058)",Unfall 186171 (2017) Kat:3, Licht: 2,186171,3,3,5,11,22,2,1,2,0,1,0,0,,0
"POINT (11.068957527000066 49.463660981000032)",Unfall 186172 (2017) Kat:3, Licht: 0,186172,3,7,1,11,12,2,0,0,1,1,0,0,,0
"POINT (11.041929376000041 49.474488190000045)",Unfall 186173 (2017) Kat:3, Licht: 2,186173,3,3,5,11,20,2,1,2,0,1,0,0,,0
"POINT (11.036301157000025 49.448623385000076)",Unfall 186192 (2017) Kat:3, Licht: 0,186192,3,7,3,11,09,1,0,0,0,1,0,0,,0
"POINT (11.045833677000076 49.482075173000055)",Unfall 186193 (2017) Kat:3, Licht: 2,186193,3,6,4,11,23,1,0,2,0,1,0,0,,0
"POINT (11.114862115000051 49.488358236000067)",Unfall 186219 (2017) Kat:3, Licht: 2,186219,3,2,5,11,18,7,1,2,0,1,0,0,,0
"POINT (11.071697056000062 49.449620699000036)",Unfall 186220 (2017) Kat:3, Licht: 0,186220,3,7,6,11,15,7,1,0,0,1,1,0,,0
"POINT (11.057828232000077 49.454615994000051)",Unfall 186258 (2017) Kat:2, Licht: 2,186258,2,2,5,11,17,6,1,2,1,1,0,0,,0
"POINT (11.081857633000027 49.440508159000046)",Unfall 186259 (2017) Kat:2, Licht: 1,186259,2,4,6,11,16,6,1,1,1,0,1,0,,0
"POINT (11.091515172000072 49.436455445000036)",Unfall 186260 (2017) Kat:3, Licht: 2,186260,3,2,5,11,22,6,0,2,1,1,0,0,,0
"POINT (11.089836341000023 49.441648688000043)",Unfall 186319 (2017) Kat:3, Licht: 0,186319,3,3,0,11,10,5,0,0,0,0,0,1,,1
"POINT (11.066507413000068 49.457021151000049)",Unfall 186320 (2017) Kat:3, Licht: 2,186320,3,4,6,11,19,5,0,2,0,1,1,0,,0
"POINT (11.014967054000067 49.452337010000065)",Unfall 186321 (2017) Kat:3, Licht: 0,186321,3,2,5,11,09,5,0,0,0,1,0,0,,0
"POINT (11.071184419000076 49.447142764000034)",Unfall 186322 (2017) Kat:3, Licht: 0,186322,3,6,2,11,15,5,0,0,0,1,0,0,,0
"POINT (11.063194392000071 49.440789263000056)",Unfall 186323 (2017) Kat:2, Licht: 0,186323,2,6,2,11,10,5,1,0,0,1,0,1,,0
"POINT (11.090974290000077 49.459809258000064)",Unfall 186390 (2017) Kat:3, Licht: 2,186390,3,6,2,11,17,4,0,2,0,1,0,0,,0
"POINT (11.046211304000053 49.445619991000058)",Unfall 186417 (2017) Kat:3, Licht: 0,186417,3,3,5,12,11,7,0,0,0,1,0,0,,0
"POINT (11.054769057000044 49.451200580000034)",Unfall 186445 (2017) Kat:3, Licht: 2,186445,3,1,0,12,00,6,1,2,1,0,0,0,,0
"POINT (11.080473139000048 49.446322071000054)",Unfall 186446 (2017) Kat:3, Licht: 1,186446,3,6,2,12,17,6,1,1,0,1,0,0,,0
"POINT (11.080640838000022 49.416545943000074)",Unfall 186447 (2017) Kat:3, Licht: 0,186447,3,6,2,12,13,6,0,0,0,1,0,0,,0
"POINT (11.082295759000033 49.467325924000079)",Unfall 186448 (2017) Kat:3, Licht: 2,186448,3,5,1,12,07,6,2,2,1,1,0,0,,0
"POINT (11.125079096000036 49.443624768000063)",Unfall 186498 (2017) Kat:3, Licht: 0,186498,3,6,3,11,07,5,1,0,1,0,0,0,,1
"POINT (11.080712852000033 49.447382909000055)",Unfall 186499 (2017) Kat:3, Licht: 0,186499,3,3,5,11,10,5,1,0,1,1,0,0,,0
"POINT (11.079624534000061 49.455841550000059)",Unfall 186500 (2017) Kat:2, Licht: 2,186500,2,2,6,11,17,5,0,2,0,1,1,0,,0
"POINT (11.068924792000075 49.439228853000031)",Unfall 186501 (2017) Kat:3, Licht: 0,186501,3,3,5,11,15,5,1,0,0,1,0,0,,0
"POINT (11.105735137000067 49.480483539000033)",Unfall 186560 (2017) Kat:3, Licht: 0,186560,3,3,5,11,10,4,1,0,1,1,0,0,,0
"POINT (11.083514259000026 49.436371130000055)",Unfall 186561 (2017) Kat:3, Licht: 2,186561,3,2,5,11,18,4,1,2,0,1,0,0,,0
"POINT (11.054720594000059 49.451080231000049)",Unfall 186562 (2017) Kat:3, Licht: 2,186562,3,6,2,11,16,4,1,2,0,1,0,0,,0
"POINT (11.081774593000034 49.470835480000062)",Unfall 186563 (2017) Kat:2, Licht: 2,186563,2,2,6,11,17,4,1,2,0,1,1,0,,0
"POINT (11.033403134000025 49.424919102000047)",Unfall 186564 (2017) Kat:3, Licht: 2,186564,3,6,2,11,16,4,1,2,0,1,0,0,,0
"POINT (11.051255856000068 49.438256615000057)",Unfall 186565 (2017) Kat:3, Licht: 2,186565,3,3,5,11,22,4,1,2,0,1,0,0,,0
"POINT (11.067831634000072 49.433786614000041)",Unfall 186566 (2017) Kat:3, Licht: 0,186566,3,2,4,11,12,4,0,0,0,1,0,0,,0
"POINT (11.097633978000033 49.449960961000045)",Unfall 186567 (2017) Kat:3, Licht: 0,186567,3,6,2,11,11,4,0,0,0,1,0,0,,0
"POINT (11.071975819000045 49.448064968000040)",Unfall 186623 (2017) Kat:3, Licht: 2,186623,3,2,6,11,19,3,1,2,0,1,1,0,,0
"POINT (11.088086919000034 49.473421904000077)",Unfall 186624 (2017) Kat:3, Licht: 0,186624,3,6,2,11,08,3,1,0,0,1,0,0,,0
"POINT (11.080236368000044 49.434024199000078)",Unfall 186732 (2017) Kat:3, Licht: 0,186732,3,3,5,12,07,5,0,0,0,1,0,0,,0
"POINT (11.096990622000021 49.436599545000036)",Unfall 186733 (2017) Kat:3, Licht: 0,186733,3,7,1,12,11,5,0,0,1,1,0,0,,1
"POINT (11.085683263000021 49.436627047000059)",Unfall 186734 (2017) Kat:3, Licht: 0,186734,3,1,0,12,10,5,0,0,0,0,0,1,,0
"POINT (11.111084414000061 49.469569861000082)",Unfall 186784 (2017) Kat:3, Licht: 0,186784,3,7,6,12,10,4,0,0,0,1,1,0,,0
"POINT (11.055997804000071 49.443121387000076)",Unfall 186785 (2017) Kat:3, Licht: 2,186785,3,6,3,12,21,4,0,2,0,1,0,0,,0
"POINT (11.084029452000038 49.440728799000055)",Unfall 186786 (2017) Kat:3, Licht: 2,186786,3,6,3,12,21,4,0,2,0,1,0,1,,0
"POINT (11.118498001000034 49.443392878000054)",Unfall 186787 (2017) Kat:3, Licht: 2,186787,3,6,2,12,17,4,0,2,0,1,0,0,,0
"POINT (11.120566090000068 49.443035857000041)",Unfall 186838 (2017) Kat:3, Licht: 2,186838,3,2,0,12,17,3,1,2,0,0,0,0,,1
"POINT (11.071718813000075 49.447018217000050)",Unfall 186839 (2017) Kat:3, Licht: 0,186839,3,7,5,12,13,3,0,0,0,1,0,0,,0
"POINT (11.115721410000049 49.454659850000041)",Unfall 186887 (2017) Kat:3, Licht: 0,186887,3,6,2,12,13,2,1,0,0,1,0,0,,0
"POINT (11.029974248000030 49.390181679000079)",Unfall 186923 (2017) Kat:3, Licht: 2,186923,3,7,6,12,16,1,2,2,0,1,1,0,,0
"POINT (11.098045857000045 49.444318278000026)",Unfall 186968 (2017) Kat:3, Licht: 0,186968,3,5,5,12,06,4,1,0,1,1,0,0,,0
"POINT (11.085206604000064 49.440568288000065)",Unfall 186969 (2017) Kat:3, Licht: 2,186969,3,5,0,12,17,4,1,2,1,1,0,0,,0
"POINT (11.123580437000044 49.441796329000056)",Unfall 186970 (2017) Kat:3, Licht: 0,186970,3,2,4,12,10,4,1,0,1,1,0,0,,0
"POINT (11.073208206000061 49.409958785000072)",Unfall 186971 (2017) Kat:3, Licht: 2,186971,3,6,4,12,19,4,1,2,1,0,0,0,,0
"POINT (11.076499223000042 49.439822139000057)",Unfall 187022 (2017) Kat:3, Licht: 0,187022,3,3,6,12,14,3,0,0,1,0,1,0,,0
"POINT (11.068958518000045 49.439400814000066)",Unfall 187023 (2017) Kat:3, Licht: 2,187023,3,7,1,12,18,3,1,2,0,1,0,0,,0
"POINT (11.071263317000046 49.464824457000077)",Unfall 187024 (2017) Kat:3, Licht: 2,187024,3,3,5,12,18,3,1,2,0,1,0,0,,0
"POINT (11.019030020000059 49.431536750000078)",Unfall 187065 (2017) Kat:3, Licht: 0,187065,3,2,5,12,15,2,1,0,1,1,0,0,,0
"POINT (11.118355899000051 49.478117081000050)",Unfall 187066 (2017) Kat:3, Licht: 0,187066,3,3,5,12,13,2,1,0,1,0,0,0,,1
"POINT (11.012455998000064 49.527340241000047)",Unfall 187067 (2017) Kat:3, Licht: 0,187067,3,1,0,12,18,2,0,0,1,0,0,0,,0
"POINT (11.003164548000029 49.450429138000061)",Unfall 187068 (2017) Kat:3, Licht: 1,187068,3,2,4,12,07,2,1,1,0,1,0,0,,0
"POINT (11.054855609000072 49.451420089000067)",Unfall 187069 (2017) Kat:3, Licht: 0,187069,3,2,4,12,12,2,1,0,0,1,0,0,,0
"POINT (11.081107162000023 49.473880896000026)",Unfall 187070 (2017) Kat:3, Licht: 2,187070,3,7,5,12,06,2,1,2,1,1,0,0,,0
"POINT (11.125511933000041 49.408422552000047)",Unfall 187115 (2017) Kat:3, Licht: 0,187115,3,1,4,12,13,1,2,0,0,1,0,0,,0
"POINT (11.068698937000022 49.448608084000057)",Unfall 187153 (2017) Kat:3, Licht: 2,187153,3,1,6,12,18,7,1,2,0,0,1,0,,1
"POINT (11.103435991000026 49.441948161000028)",Unfall 187154 (2017) Kat:3, Licht: 0,187154,3,3,5,12,14,7,0,0,0,1,0,0,,0
"POINT (11.095142603000056 49.443107770000040)",Unfall 187200 (2017) Kat:3, Licht: 2,187200,3,2,6,12,18,6,1,2,0,1,1,0,,0
"POINT (11.057593167000050 49.459140630000036)",Unfall 187201 (2017) Kat:3, Licht: 0,187201,3,3,5,12,11,6,1,0,0,1,0,0,,0
"POINT (11.057015301000035 49.475237110000080)",Unfall 187205 (2017) Kat:3, Licht: 1,187205,3,4,6,12,07,3,0,1,0,0,1,0,,1
"POINT (11.091263434000041 49.436490396000067)",Unfall 187206 (2017) Kat:3, Licht: 0,187206,3,2,6,12,13,3,0,0,0,0,1,0,,1
"POINT (11.085707719000027 49.450258972000029)",Unfall 187207 (2017) Kat:3, Licht: 2,187207,3,1,5,12,17,3,1,2,1,1,0,0,,0
"POINT (11.100131999000041 49.443016590000070)",Unfall 187262 (2017) Kat:3, Licht: 1,187262,3,2,5,12,16,2,0,1,1,1,0,0,,0
"POINT (11.039961373000040 49.427227517000063)",Unfall 187263 (2017) Kat:3, Licht: 2,187263,3,6,2,12,16,2,0,2,0,1,0,0,,0
"POINT (11.091346697000063 49.436488180000026)",Unfall 187322 (2017) Kat:3, Licht: 0,187322,3,2,5,12,14,7,0,0,0,1,0,0,,0
"POINT (11.097354815000074 49.449024634000068)",Unfall 187363 (2017) Kat:3, Licht: 0,187363,3,6,2,12,13,6,0,0,0,1,0,1,,0
"POINT (11.059140387000070 49.449933231000045)",Unfall 187364 (2017) Kat:3, Licht: 2,187364,3,2,6,12,17,6,1,2,0,1,1,0,,0
"POINT (11.095233159000031 49.464151466000033)",Unfall 187438 (2017) Kat:3, Licht: 2,187438,3,2,0,12,19,5,0,2,0,1,0,0,,1
"POINT (11.032713706000038 49.421592224000051)",Unfall 187439 (2017) Kat:2, Licht: 2,187439,2,2,6,12,16,5,0,2,0,1,1,0,,0
"POINT (11.068839391000040 49.445518757000059)",Unfall 187440 (2017) Kat:3, Licht: 0,187440,3,2,3,12,08,5,0,0,0,1,0,0,,1
"POINT (11.064465933000065 49.449245100000041)",Unfall 187441 (2017) Kat:3, Licht: 1,187441,3,6,2,12,16,5,0,1,0,1,0,0,,0
"POINT (11.083807070000034 49.434459552000078)",Unfall 187486 (2017) Kat:2, Licht: 0,187486,2,4,6,12,14,4,0,0,1,0,1,0,,0
"POINT (11.067970602000059 49.435081059000026)",Unfall 187487 (2017) Kat:3, Licht: 0,187487,3,3,5,12,13,4,0,0,0,1,0,0,,0
"POINT (11.081184359000076 49.448008780000066)",Unfall 187503 (2017) Kat:3, Licht: 0,187503,3,7,6,12,15,3,0,0,0,1,1,0,,0
"POINT (11.083516235000047 49.440591542000050)",Unfall 187530 (2017) Kat:3, Licht: 2,187530,3,3,5,12,22,1,0,2,0,1,0,0,,0
"POINT (11.081994229000031 49.440451346000032)",Unfall 187531 (2017) Kat:3, Licht: 2,187531,3,2,5,12,23,1,0,2,0,1,0,0,,0
"POINT (11.114401535000070 49.488205845000039)",Unfall 187532 (2017) Kat:3, Licht: 0,187532,3,2,5,12,10,1,0,0,0,1,0,0,,0
"POINT (11.083234301000061 49.436327021000068)",Unfall 187559 (2017) Kat:3, Licht: 2,187559,3,2,5,12,21,7,0,2,0,1,0,0,,0
"POINT (11.155877225000040 49.403216025000063)",Unfall 187560 (2017) Kat:2, Licht: 0,187560,2,3,4,12,09,7,1,0,0,1,0,0,,0
"POINT (11.089102450000041 49.447548905000076)",Unfall 187595 (2017) Kat:3, Licht: 1,187595,3,6,2,12,08,6,1,1,0,1,0,0,,0
"POINT (11.083930952000060 49.440714793000041)",Unfall 187596 (2017) Kat:3, Licht: 2,187596,3,6,2,12,20,6,0,2,0,1,0,0,,0
"POINT (11.104238097000064 49.442739706000054)",Unfall 187597 (2017) Kat:3, Licht: 0,187597,3,6,2,12,14,6,1,0,0,1,0,0,,0
"POINT (11.089989843000069 49.459023864000073)",Unfall 187598 (2017) Kat:3, Licht: 0,187598,3,6,2,12,11,6,1,0,0,1,0,0,,0
"POINT (11.083246831000054 49.436394958000051)",Unfall 187649 (2017) Kat:3, Licht: 1,187649,3,3,5,12,15,5,1,1,0,1,0,0,,0
"POINT (11.066738417000067 49.405986208000058)",Unfall 187650 (2017) Kat:3, Licht: 2,187650,3,2,6,12,17,5,1,2,0,0,1,0,,1
"POINT (11.075658208000050 49.456413873000031)",Unfall 187696 (2017) Kat:3, Licht: 0,187696,3,6,2,12,13,4,0,0,1,1,0,0,,0
"POINT (11.147546046000059 49.414822633000028)",Unfall 187697 (2017) Kat:3, Licht: 0,187697,3,6,3,12,15,4,0,0,0,1,0,0,,1
"POINT (11.075980297000058 49.463287631000071)",Unfall 187698 (2017) Kat:3, Licht: 2,187698,3,3,5,12,07,4,1,2,1,1,0,0,,0
"POINT (11.083961018000025 49.492395475000080)",Unfall 187699 (2017) Kat:3, Licht: 0,187699,3,7,2,12,13,4,0,0,0,1,0,0,,1
"POINT (11.095757502000026 49.458541236000030)",Unfall 187700 (2017) Kat:3, Licht: 2,187700,3,2,6,12,19,4,1,2,0,1,1,0,,0
"POINT (11.130261129000075 49.449445070000081)",Unfall 187701 (2017) Kat:3, Licht: 1,187701,3,2,6,12,07,4,1,1,0,1,1,0,,0
"POINT (11.083345676000022 49.450093969000079)",Unfall 187702 (2017) Kat:3, Licht: 0,187702,3,6,2,12,13,4,0,0,0,1,0,0,,0
"POINT (11.068350382000062 49.441785610000068)",Unfall 187927 (2017) Kat:3, Licht: 0,187927,3,7,6,12,14,7,1,0,0,1,1,0,,0
"POINT (11.065147863000050 49.458314422000058)",Unfall 187928 (2017) Kat:2, Licht: 2,187928,2,4,6,12,17,7,1,2,0,1,1,0,,0
"POINT (11.090072557000042 49.447937706000062)",Unfall 187955 (2017) Kat:3, Licht: 2,187955,3,7,3,12,22,6,2,2,0,1,0,0,,1
"POINT (11.071608156000025 49.447048765000034)",Unfall 187983 (2017) Kat:3, Licht: 0,187983,3,6,2,12,15,5,0,0,0,1,0,0,,0
"POINT (11.043708469000023 49.428706211000076)",Unfall 72522 (2018) Kat:2, Licht: 0,72522,2,4,6,01,15,4,0,0,0,1,1,0,0,0
"POINT (11.113108429000022 49.412301573000036)",Unfall 72591 (2018) Kat:3, Licht: 2,72591,3,6,2,01,20,5,1,2,0,1,0,0,0,0
"POINT (11.118460035000055 49.455826148000028)",Unfall 72634 (2018) Kat:3, Licht: 0,72634,3,6,2,01,16,3,0,0,0,1,0,0,0,0
"POINT (11.067863487000068 49.469524629000034)",Unfall 72645 (2018) Kat:3, Licht: 0,72645,3,6,2,01,14,4,1,0,0,1,0,0,0,0
"POINT (11.077062399000056 49.342006373000061)",Unfall 72764 (2018) Kat:3, Licht: 0,72764,3,6,2,01,17,2,0,0,0,1,0,0,0,0
"POINT (11.077523489000043 49.342168384000047)",Unfall 72892 (2018) Kat:3, Licht: 2,72892,3,6,2,01,16,2,0,2,0,1,0,0,0,0