WKT,Name,OBJECTID,UKATEGORIE,UTYP1,UART,UMONAT,USTUNDE,UWOCHENTAG,STRZUSTAND,ULICHTVERH,ISTRAD,ISTPKW,ISTFUSS,ISTKRAD,ISTGKFZ,ISTSONSTIG
"POINT (11.103226055000050 49.464030656000034)",Unfall 72909 (2018) Kat:3, Licht: 0,72909,3,6,2,01,12,4,1,0,0,1,0,0,0,0
"POINT (11.065617653000061 49.427885726000056)",Unfall 72982 (2018) Kat:3, Licht: 2,72982,3,6,2,01,19,5,1,2,0,1,0,0,0,0
"POINT (11.065517102000058 49.427887874000078)",Unfall 73027 (2018) Kat:3, Licht: 0,73027,3,3,0,01,16,3,0,0,1,0,0,0,0,1
"POINT (11.077740739000035 49.342243356000040)",Unfall 73063 (2018) Kat:3, Licht: 1,73063,3,6,2,01,17,2,0,1,0,1,0,0,0,0
"POINT (11.077002600000071 49.341985362000059)",Unfall 73155 (2018) Kat:3, Licht: 2,73155,3,6,2,01,17,2,0,2,0,1,0,0,0,0
"POINT (11.000276362000022 49.438229101000047)",Unfall 73167 (2018) Kat:3, Licht: 2,73167,3,6,2,01,06,3,0,2,0,1,0,0,0,0
"POINT (11.065462634000028 49.427893660000052)",Unfall 73214 (2018) Kat:3, Licht: 0,73214,3,2,5,01,16,2,0,0,0,1,0,0,0,0
"POINT (11.178019472000074 49.415117459000044)",Unfall 73223 (2018) Kat:3, Licht: 2,73223,3,6,4,01,18,2,0,2,0,1,0,0,0,0
"POINT (11.152831787000025 49.416246899000043)",Unfall 73256 (2018) Kat:3, Licht: 2,73256,3,2,5,01,22,7,0,2,0,1,0,0,0,0
"POINT (11.037995341000055 49.423494939000079)",Unfall 73272 (2018) Kat:3, Licht: 0,73272,3,6,2,01,11,2,0,0,0,1,0,0,0,0
"POINT (11.051303627000038 49.495831899000052)",Unfall 73343 (2018) Kat:3, Licht: 2,73343,3,6,2,01,18,3,0,2,0,1,0,0,0,0
"POINT (11.060713306000025 49.345768365000026)",Unfall 73350 (2018) Kat:3, Licht: 2,73350,3,3,0,01,18,6,1,2,0,1,0,1,0,0
"POINT (11.035795337000025 49.440983574000029)",Unfall 73353 (2018) Kat:3, Licht: 2,73353,3,2,6,01,19,6,1,2,0,1,1,0,0,0
"POINT (11.074088438000047 49.469431596000049)",Unfall 73398 (2018) Kat:3, Licht: 0,73398,3,6,2,01,14,2,0,0,0,1,0,0,1,0
"POINT (11.118709876000025 49.464519935000055)",Unfall 73451 (2018) Kat:3, Licht: 0,73451,3,2,6,01,15,2,0,0,0,1,1,0,0,0
"POINT (11.058908912000049 49.484236774000067)",Unfall 73473 (2018) Kat:3, Licht: 0,73473,3,6,2,01,09,7,0,0,0,1,0,0,0,0
"POINT (11.040107841000065 49.454413277000072)",Unfall 73482 (2018) Kat:3, Licht: 2,73482,3,7,0,01,20,6,0,2,0,0,0,0,0,1
"POINT (11.051474663000022 49.463310871000033)",Unfall 73594 (2018) Kat:3, Licht: 0,73594,3,2,0,01,15,1,0,0,0,1,0,1,0,1
"POINT (11.075824344000068 49.341567224000073)",Unfall 73597 (2018) Kat:3, Licht: 0,73597,3,6,1,01,08,5,0,0,0,1,0,0,0,0
"POINT (11.058795573000054 49.484083898000051)",Unfall 73611 (2018) Kat:3, Licht: 2,73611,3,2,9,01,19,5,0,2,0,1,0,0,0,0
"POINT (11.076300512000046 49.430709855000032)",Unfall 73639 (2018) Kat:2, Licht: 2,73639,2,2,5,01,18,2,0,2,0,1,0,0,0,0
"POINT (11.102991425000027 49.464029743000026)",Unfall 73733 (2018) Kat:3, Licht: 2,73733,3,2,0,01,19,1,0,2,0,1,0,0,0,1
"POINT (11.094419111000036 49.394708597000033)",Unfall 73750 (2018) Kat:3, Licht: 1,73750,3,6,1,01,07,4,0,1,0,1,0,0,0,0
"POINT (11.098342541000022 49.431186903000025)",Unfall 73756 (2018) Kat:3, Licht: 0,73756,3,3,5,01,07,4,2,0,1,1,0,0,0,0
"POINT (11.119424376000040 49.456125458000031)",Unfall 73758 (2018) Kat:3, Licht: 0,73758,3,7,3,01,14,4,0,0,0,0,0,0,0,1
"POINT (11.033687911000072 49.514375298000061)",Unfall 73784 (2018) Kat:3, Licht: 0,73784,3,6,2,01,13,4,1,0,0,1,0,0,1,0
"POINT (11.036108642000045 49.439198310000052)",Unfall 73912 (2018) Kat:2, Licht: 2,73912,2,7,1,01,05,6,2,2,0,1,0,0,0,1
"POINT (11.051509338000074 49.463336287000061)",Unfall 73984 (2018) Kat:3, Licht: 0,73984,3,6,2,01,09,6,1,0,0,1,0,0,0,0
"POINT (11.137042958000052 49.461833847000037)",Unfall 74037 (2018) Kat:3, Licht: 0,74037,3,6,2,01,14,3,1,0,0,1,0,0,0,0
"POINT (11.097933268000077 49.467155638000065)",Unfall 74041 (2018) Kat:3, Licht: 0,74041,3,6,2,01,14,3,1,0,0,1,0,0,0,0
"POINT (11.001282785000058 49.438417980000054)",Unfall 74043 (2018) Kat:3, Licht: 0,74043,3,6,2,01,11,6,0,0,0,0,0,0,1,1
"POINT (11.041607365000061 49.373638585000037)",Unfall 74044 (2018) Kat:3, Licht: 2,74044,3,3,4,01,18,3,0,2,0,1,0,0,0,0
"POINT (11.026279335000027 49.373593624000080)",Unfall 74116 (2018) Kat:3, Licht: 2,74116,3,3,5,01,07,5,1,2,0,1,0,0,0,0
"POINT (11.052467126000067 49.492998660000069)",Unfall 74135 (2018) Kat:3, Licht: 0,74135,3,6,2,01,07,6,1,0,0,1,0,0,0,0
"POINT (11.032635255000059 49.387966715000061)",Unfall 74158 (2018) Kat:3, Licht: 2,74158,3,2,6,01,06,2,1,2,0,1,1,0,0,0
"POINT (11.056987510000056 49.350841707000029)",Unfall 74192 (2018) Kat:3, Licht: 2,74192,3,3,5,01,18,3,0,2,0,1,0,0,0,0
"POINT (11.065513206000048 49.426788882000039)",Unfall 74304 (2018) Kat:3, Licht: 1,74304,3,7,3,01,16,3,0,1,0,1,0,0,0,1
"POINT (11.071493766000060 49.339539577000039)",Unfall 74459 (2018) Kat:3, Licht: 0,74459,3,6,2,01,14,6,0,0,0,1,0,0,0,0
"POINT (11.067959765000069 49.469555110000044)",Unfall 74472 (2018) Kat:3, Licht: 0,74472,3,4,0,01,09,6,0,0,0,0,1,0,0,1
"POINT (11.083039645000042 49.429976517000057)",Unfall 74513 (2018) Kat:3, Licht: 0,74513,3,6,0,01,14,5,0,0,0,1,0,0,0,1
"POINT (11.059818095000026 49.482117247000076)",Unfall 74531 (2018) Kat:3, Licht: 2,74531,3,6,3,01,17,6,0,2,0,1,0,0,0,0
"POINT (11.117814944000031 49.402209416000062)",Unfall 74536 (2018) Kat:3, Licht: 1,74536,3,3,5,01,17,4,0,1,0,1,0,0,0,0
"POINT (11.037581322000051 49.509042248000071)",Unfall 74539 (2018) Kat:3, Licht: 2,74539,3,1,9,01,17,4,0,2,0,1,0,0,0,0
"POINT (11.114035256000022 49.459601722000059)",Unfall 74630 (2018) Kat:3, Licht: 0,74630,3,7,5,01,12,7,1,0,0,1,0,0,0,0
"POINT (11.118212540000059 49.455865123000081)",Unfall 74661 (2018) Kat:3, Licht: 0,74661,3,6,2,01,12,6,0,0,0,1,0,0,0,0
"POINT (11.099704555000073 49.352622698000062)",Unfall 74718 (2018) Kat:3, Licht: 2,74718,3,3,5,01,16,5,0,2,1,0,0,1,0,0
"POINT (11.035168163000037 49.406696632000035)",Unfall 74806 (2018) Kat:2, Licht: 2,74806,2,2,5,02,17,6,0,2,0,1,0,1,0,0
"POINT (11.072800464000068 49.469573250000053)",Unfall 74814 (2018) Kat:3, Licht: 0,74814,3,3,5,02,13,7,0,0,0,1,0,0,0,0
"POINT (11.004893882000033 49.439946311000028)",Unfall 74853 (2018) Kat:3, Licht: 1,74853,3,6,2,01,16,4,1,1,0,1,0,0,0,0
"POINT (10.994103213000074 49.437434005000057)",Unfall 74908 (2018) Kat:3, Licht: 0,74908,3,2,5,02,15,5,0,0,0,1,0,0,0,1
"POINT (11.034838723000064 49.409203346000027)",Unfall 74909 (2018) Kat:2, Licht: 0,74909,2,2,5,01,14,3,0,0,1,1,0,0,0,0
"POINT (11.096324689000028 49.431241865000061)",Unfall 74912 (2018) Kat:3, Licht: 0,74912,3,2,5,01,14,3,0,0,0,1,0,0,0,0
"POINT (11.081565114000057 49.430361925000057)",Unfall 74915 (2018) Kat:3, Licht: 0,74915,3,2,5,01,13,3,0,0,1,1,0,0,0,0
"POINT (11.084834155000067 49.429505683000059)",Unfall 74917 (2018) Kat:2, Licht: 0,74917,2,6,0,01,13,3,0,0,1,1,0,0,0,0
"POINT (11.051490212000033 49.463322268000070)",Unfall 74962 (2018) Kat:3, Licht: 2,74962,3,6,2,02,21,7,0,2,0,1,0,0,0,0
"POINT (11.202533467000023 49.418866092000030)",Unfall 74963 (2018) Kat:3, Licht: 2,74963,3,6,9,02,06,5,1,2,0,1,0,0,0,0
"POINT (11.104699773000050 49.424903697000047)",Unfall 75129 (2018) Kat:3, Licht: 0,75129,3,6,1,02,12,4,0,0,0,1,0,0,0,0
"POINT (11.038265418000037 49.435980223000058)",Unfall 75190 (2018) Kat:2, Licht: 0,75190,2,3,5,02,10,2,0,0,1,1,0,0,0,0
"POINT (11.035048098000061 49.406012340000075)",Unfall 75191 (2018) Kat:2, Licht: 0,75191,2,1,6,02,10,2,0,0,0,1,1,0,0,0
"POINT (11.115048209000065 49.403469983000036)",Unfall 75193 (2018) Kat:3, Licht: 2,75193,3,2,5,02,07,2,1,2,1,1,0,0,0,0
"POINT (11.122209058000067 49.398906607000072)",Unfall 75196 (2018) Kat:3, Licht: 0,75196,3,3,5,02,16,2,0,0,1,1,0,0,0,0
"POINT (11.084804884000050 49.395304825000039)",Unfall 75199 (2018) Kat:3, Licht: 0,75199,3,3,5,02,14,2,0,0,0,1,0,0,0,0
"POINT (11.104742497000075 49.395156861000032)",Unfall 75250 (2018) Kat:3, Licht: 2,75250,3,6,2,02,06,3,1,2,0,1,0,0,0,0
"POINT (11.034414734000052 49.410040766000066)",Unfall 75280 (2018) Kat:3, Licht: 1,75280,3,6,2,02,16,4,0,1,0,1,0,0,0,0
"POINT (11.054696750000062 49.444616633000066)",Unfall 75287 (2018) Kat:3, Licht: 0,75287,3,6,2,02,14,5,0,0,0,1,0,0,0,0
"POINT (11.036464261000049 49.438995046000059)",Unfall 75309 (2018) Kat:3, Licht: 0,75309,3,6,2,02,09,3,0,0,0,1,0,0,0,1
"POINT (11.040210252000065 49.454267691000041)",Unfall 75312 (2018) Kat:3, Licht: 2,75312,3,6,2,02,18,3,0,2,0,1,0,0,0,0
"POINT (11.169937637000032 49.402461432000052)",Unfall 75550 (2018) Kat:3, Licht: 2,75550,3,1,8,02,19,1,1,2,0,1,0,0,0,0
"POINT (11.160215512000036 49.411793502000080)",Unfall 75598 (2018) Kat:3, Licht: 1,75598,3,6,2,02,07,2,1,1,0,1,0,0,0,0
"POINT (11.083735198000056 49.394366414000046)",Unfall 75608 (2018) Kat:3, Licht: 2,75608,3,3,5,02,17,4,0,2,0,1,0,0,0,0
"POINT (11.098614035000026 49.431196624000052)",Unfall 75632 (2018) Kat:3, Licht: 0,75632,3,6,3,02,16,5,1,0,0,1,0,0,0,0
"POINT (11.072158569000067 49.343347442000038)",Unfall 75670 (2018) Kat:2, Licht: 0,75670,2,3,5,02,12,7,0,0,0,1,0,0,0,0
"POINT (11.023016873000074 49.461534441000026)",Unfall 75674 (2018) Kat:3, Licht: 2,75674,3,3,5,02,17,7,0,2,0,1,0,0,0,0
"POINT (11.062806643000044 49.440669144000026)",Unfall 75678 (2018) Kat:3, Licht: 2,75678,3,6,3,02,23,7,0,2,0,1,0,0,0,0
"POINT (11.036442486000055 49.448396359000071)",Unfall 75734 (2018) Kat:3, Licht: 0,75734,3,6,2,02,10,3,0,0,0,1,0,0,1,0
"POINT (11.051476453000021 49.463312183000028)",Unfall 75800 (2018) Kat:3, Licht: 0,75800,3,3,5,02,11,5,0,0,0,1,0,0,0,0
"POINT (11.035789389000058 49.441070490000072)",Unfall 75804 (2018) Kat:3, Licht: 0,75804,3,6,2,02,14,4,0,0,0,1,0,0,0,0
"POINT (11.114967901000057 49.403847117000055)",Unfall 75876 (2018) Kat:3, Licht: 0,75876,3,3,5,02,11,6,0,0,0,1,0,0,0,0
"POINT (11.103456080000058 49.431543330000068)",Unfall 75879 (2018) Kat:3, Licht: 2,75879,3,6,2,02,06,6,0,2,0,1,0,0,0,0
"POINT (11.036791033000043 49.449433110000030)",Unfall 75894 (2018) Kat:3, Licht: 0,75894,3,3,5,02,14,4,0,0,1,1,0,0,0,0
"POINT (11.034786016000055 49.413591666000059)",Unfall 75919 (2018) Kat:3, Licht: 0,75919,3,6,3,02,10,5,0,0,0,1,0,0,1,0
"POINT (11.035316594000051 49.407270734000065)",Unfall 75966 (2018) Kat:3, Licht: 0,75966,3,7,5,02,17,3,0,0,0,1,0,0,0,0
"POINT (11.034885998000050 49.413714352000056)",Unfall 75982 (2018) Kat:3, Licht: 2,75982,3,1,0,02,01,7,0,2,0,1,0,0,0,0
"POINT (11.094750089000058 49.470280506000051)",Unfall 75983 (2018) Kat:3, Licht: 0,75983,3,3,5,02,14,4,0,0,0,1,0,0,0,0
"POINT (11.038210473000049 49.434411944000033)",Unfall 75985 (2018) Kat:3, Licht: 2,75985,3,2,6,02,18,7,1,2,0,1,1,0,0,0
"POINT (11.035904331000040 49.401770636000037)",Unfall 75987 (2018) Kat:3, Licht: 2,75987,3,7,4,02,18,7,1,2,0,1,0,0,0,0
"POINT (11.112211271000035 49.415000823000071)",Unfall 76026 (2018) Kat:3, Licht: 2,76026,3,7,8,02,04,2,0,2,0,1,0,0,0,0
"POINT (11.043692134000025 49.428684517000079)",Unfall 76048 (2018) Kat:3, Licht: 0,76048,3,6,3,02,11,5,0,0,0,1,0,0,0,0
"POINT (11.068279486000051 49.469479072000070)",Unfall 76119 (2018) Kat:3, Licht: 1,76119,3,6,2,02,07,2,0,1,0,1,0,0,0,0
"POINT (11.015609154000060 49.465066183000033)",Unfall 76127 (2018) Kat:3, Licht: 2,76127,3,7,2,02,02,3,0,2,0,1,0,0,0,0
"POINT (11.084734645000026 49.395243489000052)",Unfall 76172 (2018) Kat:3, Licht: 2,76172,3,2,5,02,20,4,1,2,0,1,0,0,0,0
"POINT (11.002228764000051 49.438435856000069)",Unfall 76212 (2018) Kat:3, Licht: 0,76212,3,6,2,02,08,5,0,0,0,1,0,0,0,0
"POINT (11.065673349000065 49.427888042000063)",Unfall 76214 (2018) Kat:3, Licht: 0,76214,3,3,0,02,08,2,0,0,0,0,0,0,1,1
"POINT (11.035652293000055 49.402243419000058)",Unfall 76220 (2018) Kat:3, Licht: 0,76220,3,4,6,02,15,2,0,0,0,1,1,0,0,0
"POINT (11.077258724000046 49.341932388000032)",Unfall 76231 (2018) Kat:3, Licht: 0,76231,3,6,2,02,14,6,0,0,0,1,0,0,0,1
"POINT (11.112048936000065 49.434287399000027)",Unfall 76238 (2018) Kat:2, Licht: 0,76238,2,4,6,02,15,6,0,0,0,0,1,0,0,1
"POINT (11.019376025000042 49.462783169000033)",Unfall 76242 (2018) Kat:3, Licht: 2,76242,3,2,4,02,20,6,0,2,0,1,0,0,0,0
"POINT (11.080984056000034 49.430415856000081)",Unfall 76264 (2018) Kat:2, Licht: 0,76264,2,1,0,02,14,1,0,0,0,0,0,1,0,0
"POINT (11.035907746000021 49.446827453000026)",Unfall 76271 (2018) Kat:3, Licht: 0,76271,3,6,2,02,08,4,0,0,0,1,0,0,0,0
"POINT (11.140379088000032 49.472205828000028)",Unfall 76318 (2018) Kat:3, Licht: 0,76318,3,6,2,02,09,2,0,0,0,1,0,0,0,0
"POINT (11.065706087000024 49.428016483000079)",Unfall 76326 (2018) Kat:2, Licht: 0,76326,2,4,0,02,14,3,0,0,0,0,1,0,0,1
"POINT (11.123634042000049 49.435367400000075)",Unfall 76407 (2018) Kat:3, Licht: 0,76407,3,3,5,02,12,2,0,0,0,1,0,0,0,0
"POINT (11.058603467000069 49.443331836000027)",Unfall 76453 (2018) Kat:3, Licht: 0,76453,3,6,2,02,15,2,0,0,0,1,0,0,0,0
"POINT (11.041604406000033 49.373644041000034)",Unfall 76515 (2018) Kat:3, Licht: 0,76515,3,3,5,02,07,2,0,0,0,1,0,0,0,0
"POINT (11.120665862000067 49.399591819000079)",Unfall 76516 (2018) Kat:3, Licht: 0,76516,3,2,5,03,15,6,1,0,1,1,0,0,0,0
"POINT (11.114162657000065 49.406634332000067)",Unfall 76524 (2018) Kat:3, Licht: 0,76524,3,6,2,03,17,1,0,0,0,1,0,0,0,0
"POINT (11.114013341000032 49.459608510000066)",Unfall 76526 (2018) Kat:3, Licht: 2,76526,3,1,5,03,02,7,2,2,0,1,0,0,0,0
"POINT (11.035352992000071 49.402886386000034)",Unfall 76533 (2018) Kat:3, Licht: 2,76533,3,3,5,02,17,4,0,2,0,1,0,0,0,1
"POINT (11.159961480000050 49.420850296000026)",Unfall 76672 (2018) Kat:3, Licht: 2,76672,3,6,2,02,20,4,0,2,0,1,0,0,0,0
"POINT (11.114161204000027 49.406640760000073)",Unfall 76747 (2018) Kat:3, Licht: 2,76747,3,6,2,03,18,7,0,2,0,1,0,0,0,0
"POINT (11.035740793000059 49.441780555000037)",Unfall 76851 (2018) Kat:3, Licht: 0,76851,3,6,2,03,09,6,0,0,0,1,0,0,0,1
"POINT (11.147200453000039 49.464041641000051)",Unfall 76859 (2018) Kat:3, Licht: 2,76859,3,6,0,03,18,1,0,2,0,1,0,0,0,1
"POINT (11.015330676000076 49.463250327000026)",Unfall 76862 (2018) Kat:3, Licht: 0,76862,3,6,2,03,12,7,1,0,0,1,0,0,0,1
"POINT (11.048836593000033 49.430108535000045)",Unfall 76868 (2018) Kat:3, Licht: 0,76868,3,6,0,02,15,4,0,0,0,1,0,0,0,1
"POINT (11.028031825000028 49.459873420000065)",Unfall 76872 (2018) Kat:3, Licht: 2,76872,3,6,2,02,19,6,0,2,0,1,0,0,0,0
"POINT (11.035992547000035 49.440712366000071)",Unfall 77000 (2018) Kat:3, Licht: 2,77000,3,6,3,03,20,6,1,2,0,1,0,0,1,0
"POINT (11.059861186000035 49.442674576000059)",Unfall 77013 (2018) Kat:3, Licht: 1,77013,3,6,2,03,16,2,0,1,0,1,0,0,0,1
"POINT (11.122510541000054 49.448216073000026)",Unfall 77047 (2018) Kat:3, Licht: 0,77047,3,4,6,03,16,5,0,0,0,1,1,0,0,0
"POINT (11.058844532000023 49.443199188000051)",Unfall 77151 (2018) Kat:3, Licht: 1,77151,3,6,2,03,18,1,0,1,0,1,0,0,0,0
"POINT (11.099609744000077 49.375419882000074)",Unfall 77217 (2018) Kat:3, Licht: 0,77217,3,6,2,03,16,6,1,0,0,1,0,0,0,0
"POINT (11.052575517000037 49.464251319000027)",Unfall 77224 (2018) Kat:3, Licht: 0,77224,3,2,3,03,10,3,0,0,0,1,0,0,1,1
"POINT (11.036213315000055 49.439352930000041)",Unfall 77229 (2018) Kat:3, Licht: 0,77229,3,6,3,03,08,3,0,0,0,0,0,1,1,0
"POINT (11.058628269000053 49.443317704000037)",Unfall 77234 (2018) Kat:3, Licht: 0,77234,3,2,5,03,16,3,1,0,1,1,0,0,0,0
"POINT (11.123447337000073 49.397902685000076)",Unfall 77237 (2018) Kat:3, Licht: 0,77237,3,2,0,03,16,3,1,0,0,1,0,0,0,0
"POINT (11.104856928000061 49.424327902000073)",Unfall 77326 (2018) Kat:3, Licht: 2,77326,3,4,6,03,21,6,1,2,0,1,1,0,0,0
"POINT (11.042996656000071 49.430003260000035)",Unfall 77365 (2018) Kat:3, Licht: 0,77365,3,7,0,03,15,3,0,0,0,0,1,0,0,1
"POINT (11.096414333000041 49.431245096000055)",Unfall 77460 (2018) Kat:3, Licht: 0,77460,3,2,5,03,09,2,0,0,1,0,0,0,1,0
"POINT (11.098249813000052 49.366742344000045)",Unfall 77463 (2018) Kat:3, Licht: 0,77463,3,6,2,03,16,2,0,0,0,1,0,0,0,0
"POINT (11.141242715000033 49.462916494000069)",Unfall 77465 (2018) Kat:3, Licht: 2,77465,3,6,2,03,19,2,0,2,0,1,0,0,0,0
"POINT (11.093705792000037 49.394672382000067)",Unfall 77508 (2018) Kat:3, Licht: 0,77508,3,6,9,03,06,6,0,0,0,1,0,0,0,0
"POINT (11.115128153000057 49.390748665000046)",Unfall 77531 (2018) Kat:3, Licht: 0,77531,3,6,2,03,06,6,1,0,0,1,0,0,0,1
"POINT (11.102760013000022 49.378895812000053)",Unfall 77534 (2018) Kat:3, Licht: 2,77534,3,6,8,03,00,6,1,2,0,1,0,0,0,0
"POINT (11.101923123000063 49.378294768000046)",Unfall 77604 (2018) Kat:3, Licht: 1,77604,3,6,4,03,06,1,2,1,0,1,0,0,0,0
"POINT (11.034889403000022 49.457777637000049)",Unfall 77623 (2018) Kat:3, Licht: 0,77623,3,6,2,03,17,6,0,0,0,1,0,0,0,0
"POINT (11.203666490000046 49.419991277000065)",Unfall 77679 (2018) Kat:3, Licht: 0,77679,3,6,2,03,10,4,0,0,0,1,0,0,0,0
"POINT (11.066960486000028 49.415381003000050)",Unfall 77696 (2018) Kat:3, Licht: 1,77696,3,6,2,03,16,5,1,1,0,1,0,0,0,0
"POINT (11.065541520000068 49.413357442000063)",Unfall 77706 (2018) Kat:2, Licht: 0,77706,2,1,9,03,05,4,1,0,0,1,0,0,0,0
"POINT (11.061165311000025 49.428542621000076)",Unfall 77736 (2018) Kat:3, Licht: 0,77736,3,2,5,03,09,2,0,0,0,1,0,0,0,0
"POINT (11.033913246000054 49.391670470000065)",Unfall 77775 (2018) Kat:3, Licht: 0,77775,3,6,2,03,13,3,0,0,0,1,0,1,0,0
"POINT (11.077198458000055 49.369530044000044)",Unfall 77787 (2018) Kat:3, Licht: 0,77787,3,6,1,03,12,5,0,0,0,1,0,0,0,0
"POINT (11.035047400000053 49.404903095000066)",Unfall 77793 (2018) Kat:3, Licht: 0,77793,3,3,5,03,14,5,0,0,1,1,0,0,0,0
"POINT (11.042752171000075 49.457155021000062)",Unfall 77829 (2018) Kat:3, Licht: 0,77829,3,6,2,03,13,4,0,0,0,1,0,0,0,0
"POINT (11.098368265000033 49.431315130000030)",Unfall 77879 (2018) Kat:3, Licht: 0,77879,3,3,5,03,12,6,0,0,0,1,0,0,0,0
"POINT (11.176983613000061 49.413414735000060)",Unfall 77966 (2018) Kat:3, Licht: 0,77966,3,6,2,03,08,4,1,0,0,1,0,0,0,0
"POINT (11.076273381000021 49.430566995000049)",Unfall 77994 (2018) Kat:3, Licht: 0,77994,3,7,1,03,13,2,0,0,0,1,0,0,1,0
"POINT (11.104014531000075 49.380532490000064)",Unfall 78024 (2018) Kat:3, Licht: 2,78024,3,1,4,03,02,1,2,2,0,1,0,0,0,0
"POINT (11.042781296000044 49.371569934000036)",Unfall 78056 (2018) Kat:3, Licht: 0,78056,3,7,1,03,12,4,0,0,0,1,0,0,0,0
"POINT (11.031278073000067 49.384423799000047)",Unfall 78086 (2018) Kat:3, Licht: 0,78086,3,4,6,03,13,4,0,0,0,1,1,0,0,0
"POINT (11.037937006000050 49.396426601000030)",Unfall 78172 (2018) Kat:3, Licht: 0,78172,3,6,2,03,16,3,0,0,0,1,0,1,0,0
"POINT (11.114720150000039 49.404100551000056)",Unfall 78183 (2018) Kat:3, Licht: 0,78183,3,6,2,03,19,1,0,0,0,1,0,0,0,0
"POINT (11.015321659000051 49.441199864000055)",Unfall 78187 (2018) Kat:3, Licht: 0,78187,3,6,2,03,14,1,0,0,0,1,0,1,0,0
"POINT (11.033778454000071 49.391414347000079)",Unfall 78278 (2018) Kat:3, Licht: 0,78278,3,3,2,03,17,7,0,0,1,1,0,0,0,1
"POINT (11.053417046000050 49.429714844000046)",Unfall 78280 (2018) Kat:3, Licht: 0,78280,3,6,2,03,15,7,0,0,0,1,0,0,0,0
"POINT (11.054169551000030 49.429601073000072)",Unfall 78281 (2018) Kat:2, Licht: 0,78281,2,7,2,03,14,7,0,0,0,1,0,1,0,0
"POINT (11.102926740000044 49.464080315000047)",Unfall 78283 (2018) Kat:3, Licht: 2,78283,3,6,2,03,19,7,0,2,0,1,0,0,0,0
"POINT (11.048828373000049 49.365121747000046)",Unfall 78285 (2018) Kat:3, Licht: 0,78285,3,6,2,03,10,7,0,0,0,1,0,0,0,0
"POINT (11.112820008000028 49.412791467000034)",Unfall 78286 (2018) Kat:3, Licht: 0,78286,3,6,2,03,09,7,0,0,0,1,0,0,0,0
"POINT (11.125576384000055 49.466906777000077)",Unfall 78310 (2018) Kat:3, Licht: 0,78310,3,2,5,03,13,2,0,0,0,1,0,0,0,0
"POINT (11.115503882000041 49.391048149000028)",Unfall 78312 (2018) Kat:3, Licht: 0,78312,3,3,5,03,07,2,0,0,0,1,0,0,0,0
"POINT (11.062849398000026 49.440682038000034)",Unfall 78413 (2018) Kat:3, Licht: 0,78413,3,2,5,04,11,2,0,0,0,1,0,0,0,0
"POINT (11.015228963000027 49.441195994000054)",Unfall 78463 (2018) Kat:3, Licht: 0,78463,3,6,2,03,11,7,0,0,0,1,0,0,0,0
"POINT (11.058545626000068 49.443364796000026)",Unfall 78532 (2018) Kat:3, Licht: 0,78532,3,6,2,03,14,5,0,0,0,1,0,0,0,0
"POINT (11.036793678000038 49.449438499000053)",Unfall 78534 (2018) Kat:3, Licht: 0,78534,3,3,5,03,15,5,0,0,0,1,0,0,0,0
"POINT (11.044225707000066 49.429331619000038)",Unfall 78535 (2018) Kat:3, Licht: 0,78535,3,3,5,04,12,2,0,0,0,1,0,0,0,0
"POINT (11.036435596000047 49.449046498000030)",Unfall 78537 (2018) Kat:3, Licht: 0,78537,3,2,3,03,16,5,0,0,1,1,0,0,0,0
"POINT (11.050072246000070 49.430101964000073)",Unfall 78540 (2018) Kat:3, Licht: 2,78540,3,1,1,03,05,5,1,2,1,1,0,0,0,0
"POINT (11.067798127000060 49.469284394000056)",Unfall 78541 (2018) Kat:3, Licht: 0,78541,3,6,2,04,14,1,1,0,0,1,0,0,0,0
"POINT (11.061138216000074 49.428650400000038)",Unfall 78542 (2018) Kat:3, Licht: 0,78542,3,3,5,03,11,5,0,0,0,1,0,0,0,0
"POINT (11.017960504000030 49.420141408000063)",Unfall 78544 (2018) Kat:3, Licht: 0,78544,3,2,5,03,12,5,0,0,1,1,0,0,0,0
"POINT (10.994046655000034 49.437471196000047)",Unfall 78545 (2018) Kat:3, Licht: 0,78545,3,2,0,03,13,5,0,0,0,1,0,0,0,1
"POINT (11.149171176000038 49.464427657000044)",Unfall 78714 (2018) Kat:3, Licht: 0,78714,3,3,3,04,11,6,0,0,0,1,0,1,1,0
"POINT (11.025144849000071 49.419679162000079)",Unfall 78751 (2018) Kat:3, Licht: 0,78751,3,6,2,04,16,4,0,0,0,1,0,0,1,0
"POINT (11.031065970000043 49.459031078000066)",Unfall 78777 (2018) Kat:3, Licht: 2,78777,3,7,0,04,20,5,0,2,1,1,0,0,0,0
"POINT (11.140335488000062 49.472208111000043)",Unfall 78842 (2018) Kat:3, Licht: 0,78842,3,6,2,04,16,5,0,0,0,1,0,0,0,0
"POINT (11.045870609000076 49.429950592000068)",Unfall 78890 (2018) Kat:3, Licht: 0,78890,3,6,2,04,12,5,1,0,0,1,0,0,1,0
"POINT (11.108876687000077 49.417379104000076)",Unfall 78910 (2018) Kat:3, Licht: 0,78910,3,6,3,04,16,6,0,0,0,1,0,0,0,0
"POINT (11.056244503000073 49.429400539000028)",Unfall 78980 (2018) Kat:3, Licht: 0,78980,3,6,2,04,18,5,0,0,0,1,0,0,0,0
"POINT (11.103426485000057 49.472888892000071)",Unfall 79041 (2018) Kat:3, Licht: 0,79041,3,6,4,04,08,2,0,0,1,0,0,0,0,0
"POINT (11.043900156000063 49.428940222000051)",Unfall 79087 (2018) Kat:3, Licht: 0,79087,3,3,5,04,11,3,0,0,1,1,0,0,0,0