WKT,Name,OBJECTID,UKATEGORIE,UTYP1,UART,UMONAT,USTUNDE,UWOCHENTAG,STRZUSTAND,ULICHTVERH,ISTRAD,ISTPKW,ISTFUSS,ISTKRAD,ISTGKFZ,ISTSONSTIG
"POINT (11.038140733000034 49.395623037000064)",Unfall 79129 (2018) Kat:3, Licht: 0,79129,3,6,2,04,12,2,0,0,0,1,0,0,1,0
"POINT (11.036400256000036 49.400865006000060)",Unfall 79155 (2018) Kat:3, Licht: 0,79155,3,6,2,04,14,3,0,0,0,1,0,0,0,0
"POINT (11.112946107000027 49.434697510000035)",Unfall 79165 (2018) Kat:3, Licht: 0,79165,3,6,2,04,14,1,0,0,0,1,0,1,0,0
"POINT (11.036805636000054 49.449462864000054)",Unfall 79181 (2018) Kat:3, Licht: 1,79181,3,3,5,04,07,2,0,1,1,1,0,0,0,0
"POINT (11.202376073000039 49.418420898000079)",Unfall 79194 (2018) Kat:3, Licht: 0,79194,3,6,2,04,13,7,0,0,0,1,0,0,0,0
"POINT (11.118131770000048 49.455991064000045)",Unfall 79210 (2018) Kat:3, Licht: 0,79210,3,6,2,04,13,3,0,0,0,1,0,0,0,0
"POINT (11.119815364000033 49.454405865000069)",Unfall 79220 (2018) Kat:3, Licht: 2,79220,3,4,6,04,00,7,0,2,0,0,1,1,0,0
"POINT (11.081740234000051 49.371617237000066)",Unfall 79222 (2018) Kat:3, Licht: 2,79222,3,1,6,04,00,7,0,2,0,1,1,0,0,0
"POINT (11.036368211000024 49.457162778000054)",Unfall 79224 (2018) Kat:3, Licht: 0,79224,3,6,2,04,09,7,0,0,0,1,0,0,0,0
"POINT (11.055801510000038 49.465984452000043)",Unfall 79254 (2018) Kat:3, Licht: 1,79254,3,6,2,04,19,2,0,1,0,1,0,0,0,0
"POINT (11.033490292000067 49.520767339000031)",Unfall 79304 (2018) Kat:3, Licht: 0,79304,3,6,2,04,16,3,0,0,0,1,0,0,0,0
"POINT (11.065285177000021 49.425488769000026)",Unfall 79357 (2018) Kat:2, Licht: 0,79357,2,7,5,04,13,3,0,0,0,1,0,1,0,0
"POINT (11.121456732000070 49.442707546000065)",Unfall 79372 (2018) Kat:3, Licht: 0,79372,3,7,0,04,15,3,0,0,1,0,0,0,0,0
"POINT (11.105804484000032 49.477226010000038)",Unfall 79508 (2018) Kat:2, Licht: 1,79508,2,6,2,04,05,6,1,1,0,1,0,0,0,0
"POINT (11.036440676000041 49.416412476000062)",Unfall 79512 (2018) Kat:3, Licht: 0,79512,3,6,2,04,15,7,0,0,0,1,0,1,0,0
"POINT (11.042434745000037 49.456935982000061)",Unfall 79590 (2018) Kat:3, Licht: 0,79590,3,2,2,04,06,6,1,0,0,1,0,0,0,0
"POINT (11.052010251000070 49.463852969000072)",Unfall 79611 (2018) Kat:3, Licht: 0,79611,3,3,5,04,09,4,0,0,1,1,0,0,0,0
"POINT (11.109332009000070 49.461451398000065)",Unfall 79614 (2018) Kat:3, Licht: 0,79614,3,2,3,04,13,4,0,0,0,1,0,0,0,1
"POINT (11.114790512000070 49.403767821000031)",Unfall 79615 (2018) Kat:3, Licht: 0,79615,3,3,5,04,09,4,0,0,0,1,0,0,0,0
"POINT (11.058693806000065 49.484252166000033)",Unfall 79619 (2018) Kat:3, Licht: 0,79619,3,3,5,04,11,4,0,0,1,1,0,0,0,0
"POINT (11.081475912000030 49.371624894000036)",Unfall 79624 (2018) Kat:3, Licht: 0,79624,3,3,5,04,17,6,1,0,1,1,0,0,0,0
"POINT (11.027955534000057 49.441624682000054)",Unfall 79668 (2018) Kat:3, Licht: 0,79668,3,2,0,04,09,5,0,0,0,1,0,0,0,1
"POINT (11.118859517000033 49.455370168000059)",Unfall 79680 (2018) Kat:3, Licht: 0,79680,3,6,2,04,11,7,0,0,0,1,0,0,0,0
"POINT (11.107688949000021 49.432825667000031)",Unfall 79688 (2018) Kat:3, Licht: 1,79688,3,7,0,04,19,6,0,1,1,0,0,0,0,0
"POINT (11.115437068000062 49.390993119000029)",Unfall 79752 (2018) Kat:3, Licht: 2,79752,3,2,4,04,22,6,1,2,0,1,0,0,0,0
"POINT (11.035939305000056 49.441681926000058)",Unfall 79862 (2018) Kat:3, Licht: 0,79862,3,7,0,04,17,5,0,0,1,0,0,0,0,0
"POINT (11.151635215000056 49.465005952000070)",Unfall 79866 (2018) Kat:2, Licht: 0,79866,2,3,5,04,14,3,0,0,1,1,0,0,0,0
"POINT (11.071228186000042 49.339564701000029)",Unfall 79921 (2018) Kat:3, Licht: 1,79921,3,6,2,04,05,2,0,1,0,1,0,0,1,0
"POINT (11.048073224000063 49.366451848000054)",Unfall 79930 (2018) Kat:3, Licht: 0,79930,3,6,2,04,15,2,0,0,0,1,0,0,0,0
"POINT (11.096699574000070 49.431128216000047)",Unfall 80043 (2018) Kat:3, Licht: 0,80043,3,6,3,04,15,5,0,0,0,1,0,0,0,0
"POINT (11.081723777000036 49.395504622000033)",Unfall 80117 (2018) Kat:3, Licht: 0,80117,3,7,1,04,11,3,0,0,0,1,0,0,1,0
"POINT (11.047507332000066 49.447900835000041)",Unfall 80139 (2018) Kat:3, Licht: 0,80139,3,6,2,04,08,4,0,0,0,1,0,0,0,0
"POINT (11.016532077000022 49.440050346000078)",Unfall 80153 (2018) Kat:3, Licht: 0,80153,3,7,0,04,17,1,1,0,0,0,0,1,0,1
"POINT (11.035860565000064 49.444793933000028)",Unfall 80260 (2018) Kat:3, Licht: 0,80260,3,7,0,04,18,2,0,0,1,0,1,0,0,0
"POINT (11.038190858000064 49.423741571000050)",Unfall 80338 (2018) Kat:3, Licht: 2,80338,3,1,0,04,00,7,0,2,1,0,0,0,0,0
"POINT (11.034844731000021 49.457791971000063)",Unfall 80345 (2018) Kat:3, Licht: 0,80345,3,2,0,04,11,6,0,0,1,1,0,0,0,0
"POINT (11.121318971000051 49.442397467000035)",Unfall 80348 (2018) Kat:3, Licht: 0,80348,3,6,2,04,12,6,0,0,0,0,0,0,0,1
"POINT (11.074592632000076 49.430167838000045)",Unfall 80352 (2018) Kat:3, Licht: 2,80352,3,6,0,04,21,6,0,2,0,1,0,0,0,0
"POINT (11.073831111000061 49.401903703000073)",Unfall 80440 (2018) Kat:3, Licht: 0,80440,3,6,2,04,15,2,0,0,0,1,0,0,0,1
"POINT (11.103820645000042 49.474346491000063)",Unfall 80460 (2018) Kat:3, Licht: 0,80460,3,6,2,04,13,1,0,0,0,1,0,0,0,0
"POINT (11.066101617000072 49.428049737000038)",Unfall 80462 (2018) Kat:3, Licht: 0,80462,3,7,0,04,12,2,0,0,0,0,1,0,0,1
"POINT (11.104748812000025 49.461875847000044)",Unfall 80481 (2018) Kat:3, Licht: 0,80481,3,6,3,04,08,3,0,0,1,1,0,0,0,0
"POINT (11.044002423000052 49.370003616000076)",Unfall 80639 (2018) Kat:2, Licht: 0,80639,2,6,2,04,12,1,0,0,0,1,0,1,0,0
"POINT (11.179107996000027 49.475339663000057)",Unfall 80667 (2018) Kat:2, Licht: 0,80667,2,6,2,04,08,3,0,0,0,0,0,1,1,0
"POINT (11.117477550000046 49.463927796000064)",Unfall 80762 (2018) Kat:2, Licht: 0,80762,2,7,7,04,16,6,0,0,1,0,0,0,0,1
"POINT (11.116633940000042 49.392578121000042)",Unfall 80778 (2018) Kat:3, Licht: 0,80778,3,3,5,04,11,5,0,0,0,1,0,0,0,0
"POINT (11.117742912000040 49.464057346000061)",Unfall 80844 (2018) Kat:3, Licht: 2,80844,3,7,0,04,21,7,0,2,1,0,0,0,0,0
"POINT (11.063993585000048 49.373320582000076)",Unfall 80866 (2018) Kat:3, Licht: 0,80866,3,1,0,04,14,1,0,0,1,0,0,0,0,0
"POINT (11.163539946000071 49.406963113000074)",Unfall 80964 (2018) Kat:3, Licht: 0,80964,3,3,5,04,17,6,0,0,0,1,0,0,0,0
"POINT (11.074477762000072 49.400624196000081)",Unfall 81013 (2018) Kat:3, Licht: 0,81013,3,6,2,04,17,6,0,0,0,1,0,0,0,0
"POINT (11.119225262000043 49.456049792000044)",Unfall 81033 (2018) Kat:3, Licht: 0,81033,3,2,5,04,13,4,0,0,1,1,0,0,0,0
"POINT (11.022634102000040 49.418550037000045)",Unfall 81038 (2018) Kat:3, Licht: 0,81038,3,6,3,04,08,4,0,0,1,1,0,0,0,0
"POINT (11.003860064000037 49.438610171000050)",Unfall 81063 (2018) Kat:3, Licht: 0,81063,3,6,3,04,06,6,0,0,0,1,0,0,1,0
"POINT (11.004891563000058 49.439983017000031)",Unfall 81138 (2018) Kat:3, Licht: 0,81138,3,6,2,04,13,6,0,0,0,1,0,0,0,0
"POINT (11.110598912000057 49.478937187000042)",Unfall 81251 (2018) Kat:3, Licht: 0,81251,3,6,2,05,10,7,0,0,0,1,0,0,0,0
"POINT (11.124424097000031 49.466526823000038)",Unfall 81279 (2018) Kat:3, Licht: 0,81279,3,7,0,05,17,4,0,0,1,1,0,0,0,0
"POINT (11.046075339000026 49.459421005000081)",Unfall 81282 (2018) Kat:3, Licht: 0,81282,3,6,2,05,15,4,0,0,0,1,0,0,0,0
"POINT (11.051504353000041 49.463332633000050)",Unfall 81284 (2018) Kat:3, Licht: 0,81284,3,6,2,05,08,4,0,0,0,1,0,0,0,0
"POINT (11.058917573000031 49.484222579000061)",Unfall 81288 (2018) Kat:3, Licht: 0,81288,3,6,2,05,18,4,0,0,0,1,0,0,1,0
"POINT (11.114733071000046 49.404038668000055)",Unfall 81290 (2018) Kat:3, Licht: 0,81290,3,1,0,05,15,4,0,0,0,0,0,1,0,0
"POINT (11.103481976000069 49.429202992000057)",Unfall 81304 (2018) Kat:3, Licht: 0,81304,3,6,2,05,12,1,0,0,0,1,0,0,0,0
"POINT (11.047059492000074 49.460048942000071)",Unfall 81366 (2018) Kat:3, Licht: 0,81366,3,6,2,05,13,6,0,0,0,1,0,0,0,0
"POINT (11.205457295000031 49.419947245000060)",Unfall 81474 (2018) Kat:3, Licht: 0,81474,3,3,5,05,14,7,0,0,0,1,0,0,0,0
"POINT (11.116780367000047 49.435927256000070)",Unfall 81475 (2018) Kat:3, Licht: 0,81475,3,6,3,05,15,6,0,0,0,1,0,1,0,0
"POINT (11.127776229000062 49.393466125000032)",Unfall 81593 (2018) Kat:3, Licht: 0,81593,3,2,5,05,07,6,0,0,1,1,0,0,0,0
"POINT (11.036404321000077 49.400857539000071)",Unfall 81620 (2018) Kat:3, Licht: 0,81620,3,5,1,05,11,7,0,0,1,1,0,0,0,0
"POINT (11.037463610000032 49.456805206000070)",Unfall 81643 (2018) Kat:3, Licht: 0,81643,3,7,4,05,19,1,0,0,0,1,0,0,0,0
"POINT (11.060730880000051 49.480112439000038)",Unfall 81705 (2018) Kat:3, Licht: 0,81705,3,2,5,05,08,6,0,0,1,1,0,0,0,0
"POINT (11.072434310000062 49.429883067000048)",Unfall 81753 (2018) Kat:2, Licht: 2,81753,2,1,0,04,23,2,0,2,1,0,0,0,0,0
"POINT (11.186135366000030 49.391734492000069)",Unfall 81756 (2018) Kat:3, Licht: 0,81756,3,3,5,04,16,2,0,0,0,1,0,1,0,0
"POINT (11.073606659000063 49.385435108000081)",Unfall 81757 (2018) Kat:3, Licht: 0,81757,3,6,2,04,13,2,0,0,0,1,0,0,0,0
"POINT (11.055738601000030 49.488284391000036)",Unfall 81803 (2018) Kat:3, Licht: 0,81803,3,6,2,05,18,4,0,0,0,1,0,0,0,0
"POINT (11.107539508000059 49.459630652000044)",Unfall 81835 (2018) Kat:3, Licht: 0,81835,3,6,0,05,07,3,0,0,0,1,0,1,0,0
"POINT (11.099866101000032 49.469140867000078)",Unfall 81839 (2018) Kat:2, Licht: 2,81839,2,3,5,05,01,3,0,2,1,1,0,0,0,0
"POINT (11.087351471000034 49.405880254000067)",Unfall 81840 (2018) Kat:3, Licht: 0,81840,3,7,1,05,16,3,0,0,0,1,0,0,0,0
"POINT (11.141757595000058 49.463023172000078)",Unfall 81841 (2018) Kat:3, Licht: 0,81841,3,2,6,05,17,3,0,0,0,1,1,0,0,0
"POINT (11.079799355000034 49.469451906000074)",Unfall 81854 (2018) Kat:3, Licht: 0,81854,3,3,5,05,10,4,0,0,1,0,0,0,0,1
"POINT (11.062772405000032 49.440335175000030)",Unfall 81912 (2018) Kat:3, Licht: 1,81912,3,6,3,05,19,4,0,1,0,1,0,0,0,0
"POINT (11.054939435000051 49.489291660000049)",Unfall 81970 (2018) Kat:3, Licht: 0,81970,3,6,3,05,16,4,0,0,0,1,0,1,0,0
"POINT (11.035865193000063 49.444909286000041)",Unfall 82025 (2018) Kat:3, Licht: 0,82025,3,6,2,05,16,4,0,0,0,1,0,0,0,0
"POINT (11.103521785000055 49.431557435000059)",Unfall 82044 (2018) Kat:3, Licht: 0,82044,3,2,4,05,08,2,0,0,1,0,0,0,0,0
"POINT (11.052585468000075 49.464260067000055)",Unfall 82045 (2018) Kat:3, Licht: 0,82045,3,6,2,05,17,2,0,0,1,0,0,0,0,0
"POINT (11.136801911000077 49.472436988000027)",Unfall 82047 (2018) Kat:3, Licht: 0,82047,3,6,2,05,07,2,0,0,0,1,0,0,0,0
"POINT (11.169850848000067 49.468817931000046)",Unfall 82049 (2018) Kat:3, Licht: 0,82049,3,6,1,05,08,2,0,0,0,1,0,0,0,0
"POINT (11.037580715000047 49.456907764000050)",Unfall 82050 (2018) Kat:3, Licht: 0,82050,3,6,2,05,14,2,0,0,0,1,0,0,0,0
"POINT (11.065399050000053 49.426803863000032)",Unfall 82052 (2018) Kat:3, Licht: 0,82052,3,7,5,05,18,2,0,0,0,1,0,0,0,1
"POINT (11.117928101000075 49.438004987000056)",Unfall 82077 (2018) Kat:3, Licht: 2,82077,3,1,0,05,01,5,1,2,1,0,0,0,0,0
"POINT (11.131504355000061 49.432455330000039)",Unfall 82141 (2018) Kat:3, Licht: 2,82141,3,1,0,05,00,7,0,2,1,0,0,0,0,0
"POINT (11.099859757000047 49.469134540000027)",Unfall 82238 (2018) Kat:3, Licht: 0,82238,3,3,5,05,16,6,0,0,1,1,0,0,0,0
"POINT (11.115611069000067 49.403458016000059)",Unfall 82242 (2018) Kat:3, Licht: 0,82242,3,7,6,05,16,6,0,0,1,0,1,0,0,0
"POINT (11.079908423000063 49.371616454000048)",Unfall 82320 (2018) Kat:3, Licht: 0,82320,3,6,2,05,13,7,0,0,0,1,0,0,0,0
"POINT (11.015565213000059 49.522827227000050)",Unfall 82346 (2018) Kat:3, Licht: 0,82346,3,1,8,05,14,3,0,0,0,1,0,0,0,0
"POINT (11.032994569000039 49.420611628000074)",Unfall 82447 (2018) Kat:3, Licht: 0,82447,3,6,2,05,08,4,1,0,0,1,0,0,0,0
"POINT (11.062892709000039 49.439808627000048)",Unfall 82460 (2018) Kat:3, Licht: 0,82460,3,6,2,05,18,2,0,0,0,1,0,0,0,0
"POINT (11.099406551000072 49.373842351000064)",Unfall 82508 (2018) Kat:3, Licht: 0,82508,3,6,4,05,13,1,0,0,1,0,0,0,0,0
"POINT (11.038182655000071 49.434184360000074)",Unfall 82517 (2018) Kat:3, Licht: 0,82517,3,6,2,05,19,4,1,0,0,1,0,0,1,0
"POINT (11.052473030000044 49.492985284000042)",Unfall 82548 (2018) Kat:3, Licht: 0,82548,3,6,2,05,09,2,0,0,0,1,0,0,0,0
"POINT (11.040021109000065 49.430748049000044)",Unfall 82554 (2018) Kat:3, Licht: 0,82554,3,6,2,05,13,3,1,0,0,1,0,0,1,0
"POINT (11.122467572000062 49.447852448000049)",Unfall 82663 (2018) Kat:2, Licht: 0,82663,2,1,0,05,10,4,0,0,1,0,0,0,0,0
"POINT (11.036235112000043 49.510221752000064)",Unfall 82675 (2018) Kat:3, Licht: 0,82675,3,6,2,05,15,2,0,0,0,1,0,0,0,0
"POINT (11.121565456000042 49.452741967000065)",Unfall 82761 (2018) Kat:3, Licht: 0,82761,3,6,2,05,12,6,0,0,0,1,0,0,0,0
"POINT (11.036194791000071 49.439074822000066)",Unfall 82763 (2018) Kat:3, Licht: 0,82763,3,2,5,05,16,6,0,0,1,1,0,0,0,0
"POINT (11.082892543000071 49.410636076000060)",Unfall 82764 (2018) Kat:3, Licht: 0,82764,3,6,2,05,16,6,0,0,0,1,0,0,0,0
"POINT (11.074911387000043 49.469554979000065)",Unfall 82769 (2018) Kat:3, Licht: 0,82769,3,6,2,05,13,6,0,0,0,1,0,0,0,0
"POINT (11.099134643000070 49.468142455000077)",Unfall 82910 (2018) Kat:3, Licht: 0,82910,3,3,5,05,12,7,0,0,0,1,0,0,0,0
"POINT (11.105151278000051 49.422889992000080)",Unfall 83033 (2018) Kat:3, Licht: 0,83033,3,1,0,05,15,5,0,0,1,0,0,0,0,0
"POINT (11.056439930000067 49.466205967000064)",Unfall 83039 (2018) Kat:3, Licht: 0,83039,3,6,2,05,14,7,0,0,0,1,0,0,0,0
"POINT (11.058868579000034 49.443186809000053)",Unfall 83081 (2018) Kat:2, Licht: 0,83081,2,3,5,05,19,4,1,0,1,1,0,0,0,0
"POINT (11.097934890000033 49.466947520000076)",Unfall 83085 (2018) Kat:3, Licht: 0,83085,3,6,2,05,17,4,1,0,0,1,0,0,0,0
"POINT (11.063842835000059 49.428104681000036)",Unfall 83088 (2018) Kat:3, Licht: 0,83088,3,6,2,05,09,4,0,0,0,1,0,0,1,0
"POINT (11.083426926000072 49.429875420000030)",Unfall 83092 (2018) Kat:3, Licht: 0,83092,3,1,0,05,16,4,1,0,0,0,0,1,0,0
"POINT (11.050097849000053 49.362277817000063)",Unfall 83106 (2018) Kat:3, Licht: 0,83106,3,2,5,05,15,5,0,0,1,1,0,0,0,0
"POINT (11.121169413000075 49.442532859000039)",Unfall 83184 (2018) Kat:3, Licht: 0,83184,3,4,6,05,07,5,1,0,0,0,1,0,1,0
"POINT (11.158580199000028 49.421332006000057)",Unfall 83296 (2018) Kat:2, Licht: 0,83296,2,6,0,05,10,6,0,0,0,1,0,0,1,0
"POINT (11.105861854000068 49.460526398000070)",Unfall 83331 (2018) Kat:3, Licht: 2,83331,3,6,2,05,23,3,0,2,0,1,0,0,0,0
"POINT (11.038181152000050 49.434238573000073)",Unfall 83335 (2018) Kat:3, Licht: 0,83335,3,7,5,05,14,3,0,0,1,0,0,0,1,0
"POINT (11.064864467000064 49.428070872000035)",Unfall 83337 (2018) Kat:2, Licht: 0,83337,2,3,5,05,08,3,0,0,0,1,0,0,1,0
"POINT (11.088009781000039 49.345752007000044)",Unfall 83338 (2018) Kat:2, Licht: 0,83338,2,6,2,05,07,5,1,0,0,1,0,0,1,0
"POINT (11.102978785000062 49.431479316000036)",Unfall 83339 (2018) Kat:3, Licht: 0,83339,3,3,5,05,12,7,0,0,0,1,0,0,0,0
"POINT (11.128860094000061 49.468389377000051)",Unfall 83359 (2018) Kat:3, Licht: 0,83359,3,7,5,05,09,5,0,0,0,1,0,0,0,0
"POINT (11.071060151000040 49.407765799000060)",Unfall 83449 (2018) Kat:3, Licht: 0,83449,3,6,1,05,08,6,0,0,0,0,0,1,1,0
"POINT (11.124906500000066 49.434835523000061)",Unfall 83520 (2018) Kat:3, Licht: 0,83520,3,3,5,05,17,4,0,0,1,1,0,0,0,0
"POINT (11.034806364000076 49.457804289000080)",Unfall 83525 (2018) Kat:3, Licht: 0,83525,3,3,5,05,13,3,0,0,1,1,0,0,0,0
"POINT (10.994214542000066 49.437360256000034)",Unfall 83595 (2018) Kat:3, Licht: 2,83595,3,2,4,05,23,5,1,2,0,1,0,0,0,0
"POINT (11.064570042000071 49.473648980000064)",Unfall 83635 (2018) Kat:3, Licht: 0,83635,3,4,6,05,07,4,0,0,0,1,1,0,0,0
"POINT (11.122336118000021 49.435949692000065)",Unfall 83685 (2018) Kat:3, Licht: 0,83685,3,6,2,05,13,3,0,0,0,1,0,0,0,0
"POINT (11.146782559000030 49.426021884000079)",Unfall 83710 (2018) Kat:3, Licht: 2,83710,3,1,0,05,02,1,0,2,1,0,0,0,0,0
"POINT (11.123426675000076 49.397918222000044)",Unfall 83719 (2018) Kat:3, Licht: 0,83719,3,3,5,05,15,2,0,0,0,1,0,0,0,0
"POINT (11.035297062000041 49.408717129000081)",Unfall 83733 (2018) Kat:3, Licht: 0,83733,3,7,1,05,13,2,0,0,1,1,0,0,0,0
"POINT (11.024580811000021 49.461156577000054)",Unfall 83740 (2018) Kat:3, Licht: 0,83740,3,3,5,05,07,2,0,0,1,1,0,0,0,0
"POINT (11.111290279000059 49.479276951000031)",Unfall 83783 (2018) Kat:3, Licht: 2,83783,3,6,3,05,01,5,0,2,0,1,0,0,0,0
"POINT (11.033884759000046 49.391623537000044)",Unfall 83798 (2018) Kat:3, Licht: 0,83798,3,7,0,05,09,4,0,0,0,0,0,0,0,1
"POINT (11.038005901000076 49.434359899000071)",Unfall 83914 (2018) Kat:3, Licht: 0,83914,3,6,2,05,13,4,0,0,0,1,0,0,0,0
"POINT (11.022629827000060 49.461665081000035)",Unfall 84020 (2018) Kat:3, Licht: 0,84020,3,6,2,06,16,3,0,0,0,1,0,0,0,0
"POINT (11.029164489000038 49.420771327000068)",Unfall 84077 (2018) Kat:3, Licht: 0,84077,3,6,3,06,16,2,0,0,1,1,0,0,0,0
"POINT (11.067879085000072 49.469494724000072)",Unfall 84157 (2018) Kat:3, Licht: 0,84157,3,3,5,06,20,1,0,0,1,0,0,0,0,1
"POINT (11.035661903000062 49.443128049000052)",Unfall 84163 (2018) Kat:3, Licht: 0,84163,3,6,2,06,13,6,0,0,0,1,0,0,0,0
"POINT (11.065648986000042 49.428014619000066)",Unfall 84166 (2018) Kat:3, Licht: 0,84166,3,2,6,06,12,6,0,0,0,1,1,0,0,0
"POINT (11.117818077000038 49.402206775000082)",Unfall 84169 (2018) Kat:3, Licht: 0,84169,3,3,5,06,09,6,0,0,1,1,0,0,0,0
"POINT (11.089551083000060 49.470233250000035)",Unfall 84323 (2018) Kat:3, Licht: 0,84323,3,6,2,06,15,7,0,0,0,1,0,0,0,0
"POINT (11.123337640000045 49.397994982000057)",Unfall 84363 (2018) Kat:3, Licht: 1,84363,3,2,4,06,21,2,0,1,0,1,0,0,0,0
"POINT (11.044856235000054 49.458667623000053)",Unfall 84445 (2018) Kat:3, Licht: 0,84445,3,2,5,06,18,5,0,0,0,1,0,0,0,1
"POINT (11.033879906000038 49.518851147000078)",Unfall 84525 (2018) Kat:3, Licht: 0,84525,3,6,2,06,08,3,0,0,0,1,0,0,0,0
"POINT (11.143733997000027 49.427701989000070)",Unfall 84553 (2018) Kat:3, Licht: 0,84553,3,2,5,06,10,6,0,0,1,1,0,0,0,0
"POINT (11.121854352000071 49.456865427000025)",Unfall 84612 (2018) Kat:3, Licht: 0,84612,3,3,5,06,15,3,0,0,1,1,0,0,0,0
"POINT (11.045581700000071 49.459132077000049)",Unfall 84619 (2018) Kat:3, Licht: 0,84619,3,6,2,06,11,7,0,0,0,1,0,0,0,0
"POINT (11.040121725000063 49.454431226000054)",Unfall 84724 (2018) Kat:3, Licht: 0,84724,3,6,2,06,11,3,0,0,0,1,0,0,0,0
"POINT (11.086537186000044 49.429173218000074)",Unfall 84746 (2018) Kat:3, Licht: 0,84746,3,6,2,06,15,2,0,0,0,1,0,0,0,1
"POINT (11.099354483000070 49.468377662000080)",Unfall 84792 (2018) Kat:3, Licht: 0,84792,3,3,5,06,13,6,0,0,1,1,0,0,0,0
"POINT (11.049835413000039 49.462100471000042)",Unfall 84816 (2018) Kat:3, Licht: 0,84816,3,7,1,06,11,4,0,0,0,1,0,0,0,0
"POINT (11.053154864000021 49.464369659000056)",Unfall 84858 (2018) Kat:3, Licht: 1,84858,3,1,8,06,03,7,0,1,0,1,0,0,0,0
"POINT (11.005038626000044 49.438824615000044)",Unfall 84879 (2018) Kat:3, Licht: 0,84879,3,7,0,06,17,3,1,0,0,0,0,1,0,1
"POINT (11.066508542000065 49.355726208000078)",Unfall 84963 (2018) Kat:3, Licht: 0,84963,3,6,2,06,17,3,0,0,0,1,0,1,0,0
"POINT (11.058052057000054 49.442939717000058)",Unfall 84970 (2018) Kat:3, Licht: 0,84970,3,4,2,06,15,7,0,0,0,1,1,0,0,0
"POINT (11.053954045000069 49.465316312000027)",Unfall 85001 (2018) Kat:3, Licht: 0,85001,3,6,3,06,10,5,0,0,0,1,0,0,1,0
"POINT (11.065468177000071 49.426474484000039)",Unfall 85005 (2018) Kat:3, Licht: 0,85005,3,7,5,06,17,6,0,0,0,1,0,0,0,1
"POINT (11.087031904000071 49.404500012000028)",Unfall 85006 (2018) Kat:3, Licht: 0,85006,3,6,2,06,08,5,0,0,0,1,0,0,0,0
"POINT (11.035298758000067 49.407201750000070)",Unfall 85007 (2018) Kat:3, Licht: 0,85007,3,6,3,06,12,5,0,0,0,1,0,1,0,0
"POINT (11.103249739000034 49.472966560000032)",Unfall 85011 (2018) Kat:3, Licht: 2,85011,3,3,5,06,22,6,0,2,1,1,0,0,0,0
"POINT (11.007403166000074 49.523215754000034)",Unfall 85014 (2018) Kat:3, Licht: 2,85014,3,3,5,06,00,5,0,2,0,1,0,0,0,1
"POINT (11.035799675000021 49.440736893000064)",Unfall 85029 (2018) Kat:3, Licht: 0,85029,3,2,5,06,17,7,0,0,1,1,0,0,0,0
"POINT (11.020223751000060 49.441011587000048)",Unfall 85126 (2018) Kat:3, Licht: 0,85126,3,1,0,06,19,6,0,0,0,0,0,1,0,0
"POINT (11.038008745000070 49.434373864000065)",Unfall 85149 (2018) Kat:3, Licht: 0,85149,3,6,2,06,14,7,0,0,0,1,0,0,0,0
"POINT (11.086128896000048 49.429303884000035)",Unfall 85177 (2018) Kat:3, Licht: 2,85177,3,6,2,06,22,7,0,2,0,1,0,0,0,0
"POINT (11.086273605000031 49.429301811000073)",Unfall 85242 (2018) Kat:3, Licht: 0,85242,3,6,2,06,13,6,0,0,0,1,0,0,0,0
"POINT (11.110373858000059 49.394472504000078)",Unfall 85252 (2018) Kat:3, Licht: 0,85252,3,6,3,06,15,2,0,0,0,1,0,0,0,0
"POINT (11.115366677000054 49.390935144000082)",Unfall 85266 (2018) Kat:3, Licht: 0,85266,3,6,2,06,18,7,0,0,0,1,0,0,0,0
"POINT (11.099828416000037 49.465764248000028)",Unfall 85310 (2018) Kat:3, Licht: 0,85310,3,3,5,06,19,4,0,0,0,1,0,1,0,1
"POINT (11.029906040000071 49.380035662000068)",Unfall 85364 (2018) Kat:2, Licht: 0,85364,2,3,5,06,10,6,0,0,1,1,0,0,0,0
"POINT (11.112854743000071 49.412626840000030)",Unfall 85382 (2018) Kat:3, Licht: 0,85382,3,6,2,06,09,7,0,0,0,1,0,0,0,0
"POINT (11.163502290000054 49.407020783000064)",Unfall 85482 (2018) Kat:3, Licht: 0,85482,3,6,2,06,15,6,0,0,0,1,0,1,0,0
"POINT (11.083107732000030 49.469510316000026)",Unfall 85486 (2018) Kat:3, Licht: 0,85486,3,6,2,06,18,2,0,0,0,1,0,0,0,0
"POINT (11.103412646000038 49.472830530000067)",Unfall 85505 (2018) Kat:3, Licht: 2,85505,3,3,5,06,23,7,0,2,1,1,0,0,0,0
"POINT (11.022167227000068 49.441223128000047)",Unfall 85628 (2018) Kat:3, Licht: 0,85628,3,6,4,06,15,4,0,0,1,0,0,0,0,0
"POINT (11.071124603000044 49.469611547000056)",Unfall 85697 (2018) Kat:3, Licht: 0,85697,3,2,5,06,07,5,0,0,0,1,0,1,0,0
"POINT (11.023136797000063 49.461494636000054)",Unfall 85803 (2018) Kat:3, Licht: 0,85803,3,2,5,06,08,3,0,0,1,1,0,0,0,0
"POINT (11.012463388000072 49.423115295000059)",Unfall 85805 (2018) Kat:3, Licht: 0,85805,3,7,0,06,11,3,0,0,1,0,0,0,0,0
"POINT (11.012511122000035 49.423101493000047)",Unfall 85806 (2018) Kat:3, Licht: 0,85806,3,2,4,06,17,3,0,0,1,1,0,0,0,0