WKT,Name,OBJECTID,UKATEGORIE,UTYP1,UART,UMONAT,USTUNDE,UWOCHENTAG,STRZUSTAND,ULICHTVERH,ISTRAD,ISTPKW,ISTFUSS,ISTKRAD,ISTGKFZ,ISTSONSTIG
"POINT (11.105877418000034 49.477412354000080)",Unfall 85808 (2018) Kat:3, Licht: 0,85808,3,6,2,06,14,3,0,0,0,1,0,0,0,0
"POINT (11.058737825000037 49.443255275000070)",Unfall 85876 (2018) Kat:3, Licht: 2,85876,3,3,5,06,23,7,0,2,0,1,0,0,0,0
"POINT (11.039176005000058 49.424836240000047)",Unfall 85877 (2018) Kat:3, Licht: 0,85877,3,1,0,06,15,1,0,0,1,0,0,0,0,0
"POINT (11.023790574000031 49.461277622000068)",Unfall 85878 (2018) Kat:3, Licht: 0,85878,3,6,2,06,18,7,0,0,0,1,0,1,0,0
"POINT (11.077040913000076 49.341998824000029)",Unfall 85931 (2018) Kat:3, Licht: 0,85931,3,6,2,06,18,2,0,0,0,1,0,0,0,0
"POINT (11.103017472000033 49.431354620000036)",Unfall 86000 (2018) Kat:3, Licht: 0,86000,3,3,5,06,20,6,0,0,0,0,0,1,0,1
"POINT (11.015077637000047 49.441183095000042)",Unfall 86071 (2018) Kat:3, Licht: 0,86071,3,4,6,06,20,2,0,0,0,1,1,0,0,0
"POINT (11.163598567000065 49.406871075000026)",Unfall 86184 (2018) Kat:3, Licht: 0,86184,3,2,5,06,17,4,0,0,0,1,0,1,0,0
"POINT (11.044830182000055 49.458650408000040)",Unfall 86188 (2018) Kat:3, Licht: 0,86188,3,2,5,06,08,4,0,0,0,1,0,0,0,0
"POINT (11.100925265000058 49.469959378000055)",Unfall 86298 (2018) Kat:3, Licht: 0,86298,3,6,2,06,17,5,1,0,0,1,0,0,0,0
"POINT (11.100615888000050 49.469879302000038)",Unfall 86394 (2018) Kat:3, Licht: 0,86394,3,6,2,06,11,3,0,0,0,1,0,0,0,0
"POINT (11.082339550000029 49.411220462000074)",Unfall 86395 (2018) Kat:3, Licht: 0,86395,3,6,2,06,15,3,0,0,0,1,0,0,0,0
"POINT (11.059877250000056 49.442174453000064)",Unfall 86396 (2018) Kat:3, Licht: 0,86396,3,6,3,06,13,3,0,0,0,1,0,0,1,0
"POINT (11.124836363000043 49.434864840000046)",Unfall 86399 (2018) Kat:2, Licht: 0,86399,2,2,3,06,18,3,0,0,1,0,0,0,0,0
"POINT (11.033913805000054 49.420768240000029)",Unfall 86430 (2018) Kat:3, Licht: 0,86430,3,6,0,06,14,5,0,0,0,1,0,0,0,1
"POINT (11.117867908000051 49.437920505000079)",Unfall 86489 (2018) Kat:3, Licht: 0,86489,3,3,5,06,16,7,0,0,0,1,0,0,0,0
"POINT (11.122015332000046 49.436090389000071)",Unfall 86526 (2018) Kat:3, Licht: 0,86526,3,1,2,07,19,2,0,0,0,1,0,0,0,0
"POINT (11.125338154000076 49.466822672000035)",Unfall 86567 (2018) Kat:3, Licht: 0,86567,3,2,5,07,17,1,0,0,1,1,0,0,0,0
"POINT (11.093146010000055 49.430302147000077)",Unfall 86680 (2018) Kat:3, Licht: 0,86680,3,3,5,07,11,2,0,0,0,1,0,0,1,0
"POINT (11.139553496000076 49.472300043000075)",Unfall 86724 (2018) Kat:2, Licht: 0,86724,2,7,0,07,20,1,0,0,1,0,0,0,0,0
"POINT (11.074831089000043 49.469428440000058)",Unfall 86807 (2018) Kat:3, Licht: 0,86807,3,6,2,06,15,6,0,0,0,1,0,1,0,0
"POINT (11.097928910000064 49.394902475000038)",Unfall 86813 (2018) Kat:3, Licht: 0,86813,3,6,1,07,17,2,0,0,0,1,0,0,0,0
"POINT (11.030059918000063 49.454793507000034)",Unfall 86838 (2018) Kat:3, Licht: 0,86838,3,6,2,07,17,5,1,0,0,1,0,0,0,0
"POINT (11.127865669000073 49.393559655000047)",Unfall 86874 (2018) Kat:3, Licht: 0,86874,3,2,5,07,18,6,0,0,0,1,0,0,1,0
"POINT (11.093462182000053 49.430503244000079)",Unfall 86951 (2018) Kat:3, Licht: 0,86951,3,6,2,07,08,6,1,0,0,1,0,0,0,0
"POINT (11.082675962000053 49.392482362000067)",Unfall 87025 (2018) Kat:3, Licht: 0,87025,3,3,5,07,06,3,0,0,1,0,0,0,0,0
"POINT (11.035301834000052 49.407213646000059)",Unfall 87028 (2018) Kat:3, Licht: 0,87028,3,3,5,07,10,3,0,0,0,1,0,0,0,0
"POINT (11.097978899000054 49.466977018000080)",Unfall 87030 (2018) Kat:3, Licht: 0,87030,3,6,3,07,17,3,0,0,0,1,0,1,0,0
"POINT (11.036267562000035 49.420015510000042)",Unfall 87032 (2018) Kat:2, Licht: 0,87032,2,6,2,07,12,3,0,0,0,0,0,1,0,1
"POINT (11.035796839000056 49.440961621000042)",Unfall 87038 (2018) Kat:2, Licht: 1,87038,2,3,5,07,04,6,0,1,0,1,0,0,0,0
"POINT (11.111921380000069 49.394035585000040)",Unfall 87046 (2018) Kat:3, Licht: 0,87046,3,6,3,07,13,5,0,0,0,0,0,1,1,0
"POINT (11.116687429000024 49.435835540000028)",Unfall 87055 (2018) Kat:3, Licht: 0,87055,3,7,0,07,08,4,1,0,0,0,0,1,0,1
"POINT (11.086894457000028 49.429304763000061)",Unfall 87065 (2018) Kat:3, Licht: 0,87065,3,1,6,07,05,4,0,0,1,0,1,0,0,0
"POINT (11.039984016000062 49.376577844000053)",Unfall 87069 (2018) Kat:3, Licht: 0,87069,3,6,2,07,08,4,0,0,0,1,0,0,0,0
"POINT (11.142290802000048 49.463117179000051)",Unfall 87081 (2018) Kat:2, Licht: 0,87081,2,6,0,07,06,4,0,0,0,1,0,0,0,0
"POINT (11.093081174000076 49.430288813000061)",Unfall 87086 (2018) Kat:3, Licht: 0,87086,3,2,5,07,13,5,0,0,1,1,0,0,0,0
"POINT (11.082651487000021 49.392433206000078)",Unfall 87087 (2018) Kat:2, Licht: 0,87087,2,1,0,07,17,4,0,0,1,0,0,0,0,0
"POINT (11.093462167000041 49.430503241000054)",Unfall 87123 (2018) Kat:3, Licht: 0,87123,3,6,2,07,14,6,0,0,0,1,0,0,0,0
"POINT (11.102786483000045 49.431332126000029)",Unfall 87225 (2018) Kat:3, Licht: 0,87225,3,3,5,07,08,2,0,0,1,1,0,0,0,0
"POINT (11.038140590000069 49.395623895000028)",Unfall 87283 (2018) Kat:3, Licht: 0,87283,3,6,2,07,14,3,0,0,0,1,0,0,0,1
"POINT (11.097502204000023 49.467103938000037)",Unfall 87289 (2018) Kat:2, Licht: 0,87289,2,1,5,07,07,4,1,0,0,1,0,1,0,0
"POINT (11.055123103000028 49.445021570000051)",Unfall 87314 (2018) Kat:3, Licht: 0,87314,3,2,5,07,17,1,0,0,1,1,0,0,0,0
"POINT (11.098297744000035 49.431185299000049)",Unfall 87359 (2018) Kat:3, Licht: 2,87359,3,1,0,07,22,7,0,2,0,0,0,1,0,0
"POINT (11.025673900000072 49.375580709000076)",Unfall 87378 (2018) Kat:3, Licht: 0,87378,3,6,2,07,08,3,0,0,0,1,0,0,0,0
"POINT (11.027785134000055 49.441612149000036)",Unfall 87387 (2018) Kat:3, Licht: 0,87387,3,6,2,07,17,2,0,0,0,1,0,0,0,0
"POINT (11.110414269000046 49.461579153000059)",Unfall 87472 (2018) Kat:2, Licht: 1,87472,2,1,9,07,21,3,0,1,0,1,0,0,0,0
"POINT (11.059116178000068 49.442404708000026)",Unfall 87485 (2018) Kat:3, Licht: 0,87485,3,6,3,07,06,4,1,0,0,1,0,0,1,0
"POINT (11.103239800000040 49.431386028000077)",Unfall 87558 (2018) Kat:3, Licht: 0,87558,3,1,0,07,16,7,0,0,0,0,0,1,0,0
"POINT (11.117581049000023 49.457150118000072)",Unfall 87579 (2018) Kat:3, Licht: 0,87579,3,6,2,07,17,3,0,0,0,1,0,0,0,0
"POINT (11.058086464000041 49.442913465000061)",Unfall 87586 (2018) Kat:3, Licht: 0,87586,3,6,2,07,07,4,1,0,0,1,0,0,0,0
"POINT (11.052731479000045 49.492846943000075)",Unfall 87671 (2018) Kat:3, Licht: 0,87671,3,6,2,07,12,3,0,0,0,1,0,0,0,0
"POINT (11.106154963000051 49.383363401000054)",Unfall 87679 (2018) Kat:3, Licht: 0,87679,3,6,2,07,14,7,0,0,0,1,0,1,0,0
"POINT (11.096393447000025 49.431244343000060)",Unfall 87683 (2018) Kat:3, Licht: 0,87683,3,2,5,07,09,4,0,0,0,1,0,0,0,0
"POINT (11.058962134000069 49.442448257000081)",Unfall 87807 (2018) Kat:3, Licht: 0,87807,3,3,5,07,16,2,0,0,0,1,0,1,0,0
"POINT (11.119181091000030 49.437372321000055)",Unfall 87880 (2018) Kat:3, Licht: 0,87880,3,7,3,07,17,1,0,0,0,1,0,1,0,0
"POINT (11.080682212000056 49.343244852000055)",Unfall 87996 (2018) Kat:3, Licht: 0,87996,3,7,2,07,14,2,0,0,0,1,0,0,1,0
"POINT (11.116731248000065 49.392817033000028)",Unfall 88023 (2018) Kat:3, Licht: 0,88023,3,3,5,07,11,2,0,0,0,1,0,0,0,0
"POINT (11.079342743000041 49.469456957000034)",Unfall 88035 (2018) Kat:3, Licht: 0,88035,3,6,2,07,14,5,0,0,0,1,0,0,0,0
"POINT (11.022933932000058 49.461702781000042)",Unfall 88041 (2018) Kat:3, Licht: 0,88041,3,6,3,07,18,5,0,0,1,1,0,0,0,0
"POINT (11.117929451000066 49.438006606000044)",Unfall 88066 (2018) Kat:3, Licht: 0,88066,3,6,2,07,15,6,0,0,0,1,0,0,0,0
"POINT (11.122048945000074 49.436075692000031)",Unfall 88071 (2018) Kat:3, Licht: 0,88071,3,6,2,07,20,6,0,0,0,1,0,1,0,0
"POINT (11.037941105000073 49.451320702000032)",Unfall 88084 (2018) Kat:3, Licht: 0,88084,3,2,0,07,14,6,0,0,1,0,0,0,0,1
"POINT (11.039966193000055 49.454235567000069)",Unfall 88101 (2018) Kat:3, Licht: 0,88101,3,2,5,07,15,1,0,0,1,1,0,0,0,0
"POINT (11.087441077000051 49.406093402000067)",Unfall 88159 (2018) Kat:2, Licht: 0,88159,2,3,5,07,12,3,0,0,1,1,0,0,0,0
"POINT (11.034502620000069 49.409870781000052)",Unfall 88204 (2018) Kat:3, Licht: 2,88204,3,1,0,07,00,1,0,2,1,0,0,0,0,0
"POINT (11.010507891000032 49.424091428000054)",Unfall 88208 (2018) Kat:3, Licht: 0,88208,3,3,5,07,06,2,1,0,1,0,0,0,1,0
"POINT (11.142056013000058 49.472312317000046)",Unfall 88233 (2018) Kat:3, Licht: 0,88233,3,6,4,07,11,3,0,0,1,1,0,0,0,0
"POINT (11.069317618000071 49.338447733000066)",Unfall 88296 (2018) Kat:3, Licht: 0,88296,3,6,2,07,14,7,1,0,0,1,0,0,0,0
"POINT (11.121339641000077 49.452734929000030)",Unfall 88302 (2018) Kat:3, Licht: 0,88302,3,2,4,07,16,2,0,0,0,1,0,0,0,0
"POINT (10.998754623000025 49.438059180000039)",Unfall 88332 (2018) Kat:2, Licht: 0,88332,2,2,5,07,06,5,0,0,0,1,0,1,0,0
"POINT (11.104860089000056 49.424316281000074)",Unfall 88436 (2018) Kat:3, Licht: 0,88436,3,6,2,07,11,7,0,0,0,1,0,0,0,0
"POINT (11.007359299000029 49.523217164000073)",Unfall 88472 (2018) Kat:2, Licht: 0,88472,2,2,4,07,14,6,0,0,0,1,0,1,0,0
"POINT (10.998989897000058 49.438085453000042)",Unfall 88480 (2018) Kat:3, Licht: 0,88480,3,6,2,07,18,4,0,0,0,1,0,0,0,0
"POINT (11.031263471000045 49.420742796000070)",Unfall 88482 (2018) Kat:3, Licht: 0,88482,3,6,2,07,11,4,0,0,0,1,0,0,0,0
"POINT (11.156126261000054 49.465961274000051)",Unfall 88540 (2018) Kat:3, Licht: 0,88540,3,3,0,07,17,2,0,0,1,0,0,0,0,0
"POINT (11.118462966000038 49.455822442000056)",Unfall 88569 (2018) Kat:3, Licht: 0,88569,3,6,2,07,15,5,0,0,0,1,0,0,0,0
"POINT (11.092645169000036 49.430335323000065)",Unfall 88689 (2018) Kat:3, Licht: 0,88689,3,6,2,07,15,5,0,0,0,1,0,0,0,0
"POINT (11.079206518000035 49.414725596000039)",Unfall 88713 (2018) Kat:3, Licht: 0,88713,3,1,0,07,15,6,1,0,1,0,0,0,0,1
"POINT (11.055162547000066 49.445005563000052)",Unfall 88791 (2018) Kat:3, Licht: 1,88791,3,3,5,07,20,7,0,1,1,1,0,0,0,0
"POINT (11.035796585000071 49.440965335000044)",Unfall 88823 (2018) Kat:3, Licht: 0,88823,3,2,5,07,18,6,0,0,1,1,0,0,0,0
"POINT (11.057189824000034 49.443444510000063)",Unfall 88849 (2018) Kat:3, Licht: 0,88849,3,6,3,07,07,5,0,0,0,1,0,0,1,0
"POINT (11.122830755000052 49.457127595000031)",Unfall 88961 (2018) Kat:3, Licht: 0,88961,3,3,5,07,15,5,0,0,0,1,0,1,0,0
"POINT (11.056559851000031 49.443740263000052)",Unfall 89083 (2018) Kat:3, Licht: 0,89083,3,6,3,07,06,5,0,0,0,1,0,0,0,0
"POINT (11.169801138000025 49.468815328000062)",Unfall 89136 (2018) Kat:3, Licht: 0,89136,3,7,0,07,10,3,0,0,1,0,0,0,0,0
"POINT (11.077119254000024 49.416692284000078)",Unfall 89140 (2018) Kat:2, Licht: 0,89140,2,1,8,07,12,3,0,0,0,1,0,0,0,0
"POINT (11.118152289000022 49.464257200000077)",Unfall 89144 (2018) Kat:3, Licht: 0,89144,3,7,5,07,14,6,0,0,0,1,0,0,0,1
"POINT (11.023120198000072 49.461500145000059)",Unfall 89145 (2018) Kat:3, Licht: 0,89145,3,2,5,07,16,3,0,0,1,1,0,0,0,0
"POINT (11.128736741000068 49.458764257000041)",Unfall 89150 (2018) Kat:3, Licht: 0,89150,3,3,5,07,16,3,0,0,1,1,0,0,0,0
"POINT (11.119063158000074 49.401169125000081)",Unfall 89191 (2018) Kat:3, Licht: 0,89191,3,6,0,07,13,4,0,0,0,1,0,1,0,0
"POINT (11.113117831000068 49.412258599000040)",Unfall 89196 (2018) Kat:3, Licht: 0,89196,3,6,2,07,17,5,0,0,0,1,0,0,0,0
"POINT (11.176822109000057 49.391819954000027)",Unfall 89197 (2018) Kat:3, Licht: 0,89197,3,6,3,07,11,4,0,0,0,1,0,0,1,0
"POINT (11.110776326000064 49.387869499000033)",Unfall 89243 (2018) Kat:3, Licht: 0,89243,3,6,2,07,14,6,0,0,0,1,0,0,0,0
"POINT (11.036328112000035 49.448714374000076)",Unfall 89344 (2018) Kat:3, Licht: 0,89344,3,6,2,07,06,5,0,0,1,1,0,0,0,0
"POINT (11.033887270000037 49.519029252000053)",Unfall 89442 (2018) Kat:3, Licht: 0,89442,3,2,5,07,06,2,0,0,0,1,0,0,0,0
"POINT (11.102910821000023 49.471970841000029)",Unfall 89443 (2018) Kat:3, Licht: 0,89443,3,6,2,07,19,2,0,0,0,0,0,1,1,0
"POINT (11.171313442000042 49.401588496000045)",Unfall 89445 (2018) Kat:1, Licht: 0,89445,1,1,4,07,13,2,0,0,0,1,0,0,0,0
"POINT (11.077820493000047 49.345723650000082)",Unfall 89504 (2018) Kat:2, Licht: 0,89504,2,4,6,07,13,3,0,0,0,1,1,0,0,0
"POINT (11.071125698000060 49.469611527000040)",Unfall 89559 (2018) Kat:3, Licht: 0,89559,3,2,4,07,07,3,0,0,1,1,0,0,0,0
"POINT (11.097992797000074 49.467216406000034)",Unfall 89646 (2018) Kat:3, Licht: 0,89646,3,1,0,07,16,1,0,0,0,0,0,1,0,0
"POINT (11.127506741000047 49.458488447000036)",Unfall 89669 (2018) Kat:3, Licht: 0,89669,3,3,5,07,17,3,0,0,0,1,0,0,0,0
"POINT (11.038083621000055 49.451524350000057)",Unfall 89691 (2018) Kat:3, Licht: 0,89691,3,6,2,08,11,6,0,0,0,1,0,0,0,1
"POINT (11.082328528000062 49.430231311000057)",Unfall 89810 (2018) Kat:2, Licht: 0,89810,2,2,4,08,09,5,0,0,0,1,0,1,0,0
"POINT (11.034183490000032 49.410512177000044)",Unfall 89820 (2018) Kat:3, Licht: 0,89820,3,2,4,08,10,5,0,0,0,1,0,0,0,0
"POINT (11.126332151000042 49.434268368000062)",Unfall 89841 (2018) Kat:2, Licht: 2,89841,2,3,5,08,00,4,0,2,1,1,0,0,0,0
"POINT (11.063844274000076 49.372920104000059)",Unfall 89842 (2018) Kat:3, Licht: 0,89842,3,3,5,08,11,4,0,0,0,1,0,0,0,0
"POINT (11.052149629000041 49.357716137000068)",Unfall 89845 (2018) Kat:3, Licht: 0,89845,3,3,5,08,14,4,0,0,1,1,0,0,0,0
"POINT (11.102330923000068 49.431429843000046)",Unfall 89971 (2018) Kat:3, Licht: 0,89971,3,1,8,08,08,1,0,0,0,1,0,0,0,0
"POINT (11.036881499000060 49.399972733000027)",Unfall 89973 (2018) Kat:3, Licht: 0,89973,3,6,2,08,16,1,0,0,0,1,0,1,0,0
"POINT (11.044869454000036 49.458676358000048)",Unfall 90138 (2018) Kat:3, Licht: 0,90138,3,6,3,08,11,2,0,0,0,1,0,0,0,1
"POINT (11.075118464000070 49.469557513000041)",Unfall 90158 (2018) Kat:3, Licht: 0,90158,3,6,2,08,11,7,0,0,0,1,0,0,0,0
"POINT (11.155388743000060 49.465824464000036)",Unfall 90293 (2018) Kat:2, Licht: 2,90293,2,1,0,08,22,1,0,2,1,0,0,0,0,0
"POINT (11.063906075000034 49.372895203000041)",Unfall 90320 (2018) Kat:3, Licht: 0,90320,3,1,0,08,15,3,0,0,1,1,0,0,0,0
"POINT (11.098151667000025 49.467378583000027)",Unfall 90344 (2018) Kat:3, Licht: 0,90344,3,7,2,08,15,6,0,0,0,1,0,0,0,1
"POINT (11.037223094000069 49.399253124000040)",Unfall 90363 (2018) Kat:3, Licht: 0,90363,3,3,6,08,15,3,0,0,0,1,1,0,0,0
"POINT (11.105608379000046 49.382909166000047)",Unfall 90402 (2018) Kat:3, Licht: 2,90402,3,6,4,08,23,4,0,2,0,1,0,0,0,1
"POINT (11.015360593000025 49.441201489000036)",Unfall 90404 (2018) Kat:3, Licht: 0,90404,3,6,2,08,14,4,0,0,0,1,0,0,0,0
"POINT (11.038355517000070 49.435042501000055)",Unfall 90412 (2018) Kat:3, Licht: 0,90412,3,6,2,08,11,6,0,0,0,1,0,0,0,0
"POINT (11.102273396000044 49.464648792000048)",Unfall 90452 (2018) Kat:3, Licht: 0,90452,3,3,5,08,13,7,0,0,0,1,0,1,0,0
"POINT (11.032742861000031 49.458470799000054)",Unfall 90568 (2018) Kat:3, Licht: 1,90568,3,7,2,08,20,6,0,1,0,1,0,1,0,0
"POINT (11.068195515000070 49.428992474000040)",Unfall 90655 (2018) Kat:3, Licht: 0,90655,3,3,0,08,12,3,0,0,1,0,0,0,0,0
"POINT (11.065933906000055 49.428028353000059)",Unfall 90658 (2018) Kat:3, Licht: 0,90658,3,6,2,08,16,2,0,0,0,1,0,0,0,0
"POINT (11.088419375000058 49.429344008000044)",Unfall 90695 (2018) Kat:3, Licht: 0,90695,3,6,2,08,17,5,0,0,0,1,0,0,0,0
"POINT (10.994155105000061 49.437500980000038)",Unfall 90786 (2018) Kat:3, Licht: 0,90786,3,2,5,08,18,4,0,0,0,1,0,0,0,0
"POINT (11.070096758000034 49.429454458000066)",Unfall 90813 (2018) Kat:3, Licht: 0,90813,3,3,5,08,07,3,0,0,0,1,0,1,0,0
"POINT (11.037242623000054 49.450617972000032)",Unfall 90871 (2018) Kat:2, Licht: 0,90871,2,6,3,08,18,4,0,0,0,1,0,1,0,0
"POINT (11.103207815000076 49.431381199000043)",Unfall 90881 (2018) Kat:3, Licht: 0,90881,3,3,5,08,10,1,0,0,0,1,0,0,0,0
"POINT (11.029921767000076 49.380080107000026)",Unfall 90988 (2018) Kat:3, Licht: 0,90988,3,6,2,08,16,3,0,0,0,1,0,0,0,0
"POINT (11.038009270000032 49.434376435000047)",Unfall 91002 (2018) Kat:3, Licht: 0,91002,3,6,3,08,18,2,0,0,0,1,0,0,0,0
"POINT (11.152347551000048 49.465186722000055)",Unfall 91041 (2018) Kat:3, Licht: 0,91041,3,6,0,08,16,4,0,0,0,1,0,0,0,1
"POINT (11.052099683000051 49.445859268000049)",Unfall 91159 (2018) Kat:3, Licht: 0,91159,3,6,2,08,16,3,0,0,0,1,0,0,0,0
"POINT (11.056830500000046 49.429211764000058)",Unfall 91246 (2018) Kat:3, Licht: 0,91246,3,2,4,08,10,3,0,0,1,1,0,0,0,0
"POINT (11.131245278000051 49.459827450000034)",Unfall 91292 (2018) Kat:3, Licht: 0,91292,3,3,4,08,14,6,0,0,0,1,0,0,0,1
"POINT (11.098290595000037 49.366840252000031)",Unfall 91298 (2018) Kat:3, Licht: 0,91298,3,2,4,08,13,6,0,0,0,1,0,0,0,0
"POINT (11.060705922000068 49.480177001000072)",Unfall 91301 (2018) Kat:3, Licht: 0,91301,3,6,1,08,14,6,0,0,0,1,0,0,0,0
"POINT (11.113433856000029 49.459774464000077)",Unfall 91305 (2018) Kat:3, Licht: 0,91305,3,1,0,08,10,6,0,0,1,0,0,0,0,0
"POINT (11.056703924000033 49.429230569000026)",Unfall 91316 (2018) Kat:3, Licht: 0,91316,3,6,2,08,09,6,0,0,0,1,0,0,0,1
"POINT (11.084340909000048 49.429608268000038)",Unfall 91320 (2018) Kat:3, Licht: 0,91320,3,7,1,08,10,7,0,0,0,1,0,0,0,1
"POINT (11.078962786000034 49.415009187000067)",Unfall 91337 (2018) Kat:3, Licht: 1,91337,3,6,5,08,19,3,0,1,1,1,0,0,0,0
"POINT (11.059136942000066 49.443048671000042)",Unfall 91427 (2018) Kat:3, Licht: 0,91427,3,6,2,08,13,3,0,0,0,1,0,1,0,0
"POINT (11.062601354000037 49.438750399000071)",Unfall 91475 (2018) Kat:2, Licht: 0,91475,2,7,4,08,11,1,0,0,0,1,0,0,0,1
"POINT (11.038157812000065 49.451934016000052)",Unfall 91582 (2018) Kat:3, Licht: 1,91582,3,6,2,08,19,2,0,1,0,1,0,0,0,0
"POINT (11.079558504000033 49.342861593000066)",Unfall 91632 (2018) Kat:3, Licht: 0,91632,3,6,2,08,15,5,0,0,0,1,0,0,0,0
"POINT (11.067718776000049 49.470007291000059)",Unfall 91653 (2018) Kat:3, Licht: 0,91653,3,5,5,08,20,5,0,0,1,1,0,0,0,0
"POINT (11.068017630000043 49.469432924000046)",Unfall 91674 (2018) Kat:2, Licht: 2,91674,2,1,0,08,03,7,0,2,0,0,0,1,0,0
"POINT (11.117797313000040 49.402224276000027)",Unfall 91724 (2018) Kat:3, Licht: 0,91724,3,3,5,08,16,3,0,0,1,1,0,0,0,0
"POINT (11.184983512000031 49.418780009000045)",Unfall 91845 (2018) Kat:2, Licht: 0,91845,2,3,5,08,18,7,0,0,0,1,0,1,0,0
"POINT (11.048195261000046 49.405676008000057)",Unfall 91878 (2018) Kat:3, Licht: 0,91878,3,6,3,08,16,2,0,0,0,1,0,1,0,0
"POINT (11.038121152000031 49.395706516000075)",Unfall 91912 (2018) Kat:3, Licht: 0,91912,3,6,2,08,16,4,0,0,0,1,0,0,0,0
"POINT (11.103839430000050 49.474413772000048)",Unfall 91914 (2018) Kat:2, Licht: 0,91914,2,2,3,08,18,4,0,0,1,1,0,0,0,0
"POINT (11.004829624000024 49.440038669000046)",Unfall 91917 (2018) Kat:3, Licht: 0,91917,3,6,3,08,14,4,0,0,0,1,0,0,0,0
"POINT (11.114850156000045 49.404412648000061)",Unfall 91919 (2018) Kat:3, Licht: 0,91919,3,2,5,08,17,4,0,0,1,1,0,0,0,0
"POINT (11.133022622000055 49.460893908000060)",Unfall 91924 (2018) Kat:3, Licht: 1,91924,3,2,5,08,05,3,0,1,1,1,0,0,0,0
"POINT (11.032571040000050 49.458386813000061)",Unfall 91966 (2018) Kat:3, Licht: 2,91966,3,1,0,08,00,7,0,2,1,0,0,0,0,0
"POINT (11.116125752000073 49.458562441000026)",Unfall 92067 (2018) Kat:3, Licht: 0,92067,3,6,0,08,20,6,0,0,1,0,0,0,0,0
"POINT (11.101168907000044 49.350681032000068)",Unfall 92182 (2018) Kat:3, Licht: 0,92182,3,6,2,08,13,6,0,0,0,1,0,0,0,0
"POINT (11.128751547000036 49.468323080000062)",Unfall 92254 (2018) Kat:2, Licht: 0,92254,2,1,8,09,20,1,1,0,0,1,0,0,0,0
"POINT (11.035550274000059 49.402438749000055)",Unfall 92276 (2018) Kat:3, Licht: 0,92276,3,7,6,08,09,4,0,0,1,0,1,0,0,0
"POINT (11.107584660000043 49.418125122000049)",Unfall 92279 (2018) Kat:3, Licht: 0,92279,3,6,2,08,17,4,0,0,0,1,0,1,0,0
"POINT (11.037859149000042 49.451506840000036)",Unfall 92342 (2018) Kat:3, Licht: 0,92342,3,1,0,09,16,7,0,0,0,1,0,0,0,0
"POINT (11.007385110000030 49.523216334000040)",Unfall 92411 (2018) Kat:3, Licht: 0,92411,3,2,5,09,17,2,0,0,0,1,0,0,0,0
"POINT (11.079408522000051 49.469582170000081)",Unfall 92500 (2018) Kat:3, Licht: 0,92500,3,6,2,09,09,3,0,0,0,1,0,0,0,1
"POINT (11.125599908000027 49.489350613000056)",Unfall 92538 (2018) Kat:3, Licht: 0,92538,3,3,5,09,11,2,0,0,0,1,0,0,0,0
"POINT (11.097818969000059 49.467009463000068)",Unfall 92540 (2018) Kat:3, Licht: 0,92540,3,6,2,09,11,3,0,0,0,1,0,0,1,0
"POINT (11.019301693000045 49.440947910000034)",Unfall 92618 (2018) Kat:3, Licht: 0,92618,3,6,1,09,08,3,0,0,0,1,0,0,0,0
"POINT (11.092408945000045 49.355427200000065)",Unfall 92647 (2018) Kat:1, Licht: 0,92647,1,2,2,09,10,3,0,0,0,1,0,1,0,1
"POINT (11.038215421000075 49.456699747000073)",Unfall 92665 (2018) Kat:3, Licht: 2,92665,3,2,5,09,22,5,1,2,1,1,0,0,0,0
"POINT (11.071165687000075 49.469487351000055)",Unfall 92726 (2018) Kat:3, Licht: 0,92726,3,3,0,09,17,2,0,0,1,1,0,0,0,0
"POINT (11.116712453000048 49.392763034000041)",Unfall 92728 (2018) Kat:3, Licht: 0,92728,3,3,5,09,18,3,0,0,0,1,0,0,0,0
"POINT (11.032719858000064 49.420615227000042)",Unfall 92803 (2018) Kat:3, Licht: 0,92803,3,6,2,09,16,6,0,0,0,1,0,0,0,0
"POINT (11.059793772000035 49.526433696000026)",Unfall 92821 (2018) Kat:3, Licht: 0,92821,3,7,0,09,14,7,0,0,0,1,0,0,0,0
"POINT (11.113105133000033 49.434604048000040)",Unfall 92872 (2018) Kat:1, Licht: 0,92872,1,4,6,09,17,2,0,0,0,0,1,0,0,1
"POINT (11.123315131000027 49.435514697000031)",Unfall 92874 (2018) Kat:3, Licht: 0,92874,3,6,2,09,11,3,0,0,0,1,0,0,0,0
"POINT (11.104851503000077 49.395028278000041)",Unfall 92946 (2018) Kat:3, Licht: 0,92946,3,6,2,09,19,4,0,0,0,1,0,1,0,0
"POINT (11.131330129000048 49.432518237000068)",Unfall 92958 (2018) Kat:3, Licht: 0,92958,3,3,0,09,15,1,0,0,1,1,0,0,0,0
"POINT (11.040456614000050 49.425960438000061)",Unfall 92962 (2018) Kat:3, Licht: 0,92962,3,6,2,09,10,3,0,0,0,1,0,0,0,1
"POINT (11.045577918000049 49.459129979000068)",Unfall 92991 (2018) Kat:3, Licht: 0,92991,3,6,2,09,17,3,0,0,0,1,0,0,0,0
"POINT (11.105876444000046 49.460511697000072)",Unfall 93006 (2018) Kat:3, Licht: 0,93006,3,2,5,09,14,6,0,0,1,1,0,0,0,0
"POINT (11.038130009000042 49.451590695000050)",Unfall 93153 (2018) Kat:3, Licht: 2,93153,3,1,0,09,00,4,0,2,0,0,0,1,0,0
"POINT (11.079189389000021 49.414597704000073)",Unfall 93156 (2018) Kat:3, Licht: 0,93156,3,3,5,09,16,4,0,0,1,1,0,0,0,0