WKT,Name,OBJECTID,UKATEGORIE,UTYP1,UART,UMONAT,USTUNDE,UWOCHENTAG,STRZUSTAND,ULICHTVERH,ISTRAD,ISTPKW,ISTFUSS,ISTKRAD,ISTGKFZ,ISTSONSTIG
"POINT (11.023126475000026 49.461498061000043)",Unfall 93159 (2018) Kat:3, Licht: 0,93159,3,2,3,09,06,4,0,0,1,1,0,0,0,0
"POINT (11.152033369000037 49.465104631000031)",Unfall 93367 (2018) Kat:3, Licht: 0,93367,3,6,2,09,12,1,0,0,0,1,0,0,0,0
"POINT (11.062926205000053 49.436311081000042)",Unfall 93421 (2018) Kat:3, Licht: 0,93421,3,6,2,09,13,1,0,0,0,1,0,0,0,0
"POINT (11.123664876000021 49.435354512000060)",Unfall 93538 (2018) Kat:3, Licht: 0,93538,3,6,3,09,16,6,0,0,0,1,0,0,0,0
"POINT (11.054766854000036 49.444581887000027)",Unfall 93541 (2018) Kat:3, Licht: 0,93541,3,6,2,09,17,6,0,0,0,1,0,0,1,0
"POINT (11.058919042000070 49.443160835000072)",Unfall 93542 (2018) Kat:3, Licht: 0,93542,3,6,2,09,15,1,0,0,0,1,0,0,0,0
"POINT (11.103207491000035 49.431165185000054)",Unfall 93543 (2018) Kat:3, Licht: 0,93543,3,6,3,09,16,6,0,0,0,1,0,0,0,0
"POINT (11.079174391000038 49.430597376000037)",Unfall 93544 (2018) Kat:3, Licht: 2,93544,3,6,2,09,22,6,0,2,0,1,0,0,0,0
"POINT (11.037648939000064 49.422909528000048)",Unfall 93564 (2018) Kat:3, Licht: 0,93564,3,6,2,09,14,7,0,0,0,1,0,0,0,0
"POINT (11.036328345000072 49.457175686000028)",Unfall 93663 (2018) Kat:1, Licht: 0,93663,1,3,6,09,17,5,0,0,1,0,1,0,0,0
"POINT (11.125686543000029 49.457954764000078)",Unfall 93772 (2018) Kat:3, Licht: 0,93772,3,3,0,09,16,5,0,0,1,1,0,0,0,0
"POINT (11.105652434000035 49.477152267000065)",Unfall 93853 (2018) Kat:3, Licht: 1,93853,3,6,2,09,05,4,0,1,0,1,0,0,0,0
"POINT (11.064343783000027 49.474259345000064)",Unfall 93924 (2018) Kat:3, Licht: 0,93924,3,6,1,09,13,2,0,0,0,1,0,0,0,0
"POINT (10.994166947000053 49.437487190000070)",Unfall 93925 (2018) Kat:3, Licht: 0,93925,3,3,5,09,18,2,0,0,0,1,0,0,0,0
"POINT (11.071088193000037 49.469612197000060)",Unfall 93988 (2018) Kat:3, Licht: 0,93988,3,2,5,09,12,4,0,0,0,1,0,0,0,0
"POINT (11.059645650000050 49.428786931000047)",Unfall 94098 (2018) Kat:3, Licht: 2,94098,3,1,1,09,03,1,1,2,0,1,0,0,0,0
"POINT (11.079038462000028 49.414920909000045)",Unfall 94099 (2018) Kat:3, Licht: 0,94099,3,2,5,09,15,6,0,0,0,1,0,0,0,0
"POINT (11.025398246000066 49.376511653000080)",Unfall 94101 (2018) Kat:3, Licht: 0,94101,3,3,5,09,11,6,0,0,1,1,0,0,0,0
"POINT (11.123400171000071 49.397938149000026)",Unfall 94106 (2018) Kat:3, Licht: 0,94106,3,2,4,09,12,6,0,0,0,1,0,0,0,0
"POINT (11.107017420000034 49.460999410000056)",Unfall 94110 (2018) Kat:3, Licht: 0,94110,3,5,1,09,14,6,0,0,1,1,0,0,0,0
"POINT (11.021538726000074 49.418266616000039)",Unfall 94172 (2018) Kat:3, Licht: 0,94172,3,6,2,09,18,2,0,0,0,1,0,0,0,0
"POINT (11.055871129000025 49.466014149000046)",Unfall 94187 (2018) Kat:3, Licht: 0,94187,3,6,2,09,09,7,0,0,0,1,0,0,0,0
"POINT (11.037966937000022 49.423306677000028)",Unfall 94349 (2018) Kat:3, Licht: 0,94349,3,6,2,09,14,2,0,0,0,1,0,0,0,1
"POINT (11.073288161000050 49.429874881000046)",Unfall 94357 (2018) Kat:3, Licht: 0,94357,3,6,3,09,13,1,0,0,0,1,0,0,0,0
"POINT (11.083675598000070 49.344268609000039)",Unfall 94454 (2018) Kat:3, Licht: 0,94454,3,6,2,09,08,5,0,0,0,1,0,0,0,0
"POINT (11.035798885000077 49.440683166000042)",Unfall 94467 (2018) Kat:2, Licht: 0,94467,2,2,4,09,10,5,0,0,1,1,0,0,0,0
"POINT (11.191406036000046 49.406806057000040)",Unfall 94470 (2018) Kat:3, Licht: 0,94470,3,6,2,09,17,5,0,0,0,1,0,0,0,0
"POINT (11.105886594000026 49.460622977000071)",Unfall 94473 (2018) Kat:3, Licht: 0,94473,3,2,6,09,09,5,0,0,0,1,1,0,0,0
"POINT (11.058275301000037 49.348813322000069)",Unfall 94475 (2018) Kat:3, Licht: 0,94475,3,6,2,09,15,5,0,0,0,1,0,0,0,0
"POINT (11.038204763000067 49.434384198000032)",Unfall 94500 (2018) Kat:3, Licht: 0,94500,3,2,6,09,07,6,0,0,0,1,1,0,0,0
"POINT (11.056141490000073 49.466518186000030)",Unfall 94539 (2018) Kat:3, Licht: 0,94539,3,7,6,09,18,7,0,0,1,0,1,0,0,0
"POINT (11.064550527000051 49.473207823000052)",Unfall 94623 (2018) Kat:3, Licht: 2,94623,3,1,0,09,06,7,0,2,1,0,0,0,0,0
"POINT (11.017909265000071 49.463316994000081)",Unfall 94712 (2018) Kat:3, Licht: 2,94712,3,6,2,09,20,7,0,2,1,1,0,0,0,0
"POINT (11.115196228000059 49.402774291000071)",Unfall 94734 (2018) Kat:3, Licht: 0,94734,3,6,3,09,13,1,0,0,0,1,0,0,0,0
"POINT (11.023564732000068 49.418986008000047)",Unfall 94791 (2018) Kat:3, Licht: 2,94791,3,1,0,09,01,7,0,2,1,0,0,0,0,0
"POINT (11.163342033000049 49.390536247000057)",Unfall 94835 (2018) Kat:3, Licht: 0,94835,3,6,8,10,08,5,0,0,0,1,0,0,1,0
"POINT (11.155501695000055 49.465845128000069)",Unfall 94837 (2018) Kat:3, Licht: 0,94837,3,2,5,10,08,6,0,0,1,1,0,0,0,0
"POINT (11.085887817000071 49.429195056000026)",Unfall 94854 (2018) Kat:3, Licht: 0,94854,3,6,1,10,10,5,0,0,0,1,0,0,0,0
"POINT (11.037416157000052 49.456961609000075)",Unfall 94862 (2018) Kat:2, Licht: 0,94862,2,1,0,10,08,3,0,0,0,0,0,1,0,0
"POINT (11.052348726000048 49.446144637000032)",Unfall 94864 (2018) Kat:3, Licht: 2,94864,3,6,2,10,20,3,0,2,0,1,0,1,0,0
"POINT (11.056294282000067 49.443847950000077)",Unfall 94867 (2018) Kat:3, Licht: 2,94867,3,3,5,10,05,3,0,2,1,1,0,0,0,0
"POINT (11.005027769000037 49.440075911000065)",Unfall 94868 (2018) Kat:3, Licht: 2,94868,3,6,2,10,20,3,0,2,0,1,0,0,0,0
"POINT (11.175472949000039 49.413679629000058)",Unfall 95067 (2018) Kat:3, Licht: 0,95067,3,7,0,10,17,2,1,0,0,1,0,1,0,0
"POINT (11.133797471000037 49.461302533000037)",Unfall 95070 (2018) Kat:3, Licht: 1,95070,3,2,5,10,06,2,0,1,0,1,0,1,0,0
"POINT (11.036598687000037 49.400500512000065)",Unfall 95130 (2018) Kat:3, Licht: 0,95130,3,2,0,10,11,5,0,0,0,1,0,0,0,1
"POINT (11.100443614000028 49.469709697000042)",Unfall 95289 (2018) Kat:3, Licht: 0,95289,3,6,2,10,08,5,0,0,0,1,0,0,0,0
"POINT (11.036529429000041 49.448725014000047)",Unfall 95298 (2018) Kat:3, Licht: 0,95298,3,7,0,10,12,3,1,0,0,0,0,1,0,1
"POINT (11.111455633000048 49.394044177000069)",Unfall 95324 (2018) Kat:3, Licht: 0,95324,3,6,2,10,13,4,0,0,0,1,0,0,0,0
"POINT (11.043733779000036 49.387074596000048)",Unfall 95383 (2018) Kat:3, Licht: 0,95383,3,3,5,10,09,5,0,0,0,1,0,0,0,0
"POINT (11.078162198000030 49.396853955000040)",Unfall 95384 (2018) Kat:3, Licht: 0,95384,3,1,8,10,16,2,0,0,0,0,0,1,0,0
"POINT (11.201762955000049 49.418107161000080)",Unfall 95392 (2018) Kat:3, Licht: 0,95392,3,6,2,10,11,1,0,0,0,1,0,0,0,0
"POINT (11.058994893000033 49.428886934000047)",Unfall 95399 (2018) Kat:2, Licht: 0,95399,2,3,5,10,17,3,0,0,1,1,0,0,0,0
"POINT (11.029654849000053 49.379393448000030)",Unfall 95406 (2018) Kat:3, Licht: 2,95406,3,3,5,10,19,2,0,2,0,1,0,1,0,0
"POINT (11.061400834000040 49.428612497000074)",Unfall 95422 (2018) Kat:3, Licht: 2,95422,3,6,1,10,19,1,0,2,0,1,0,0,0,0
"POINT (11.125626902000022 49.466928524000082)",Unfall 95426 (2018) Kat:3, Licht: 0,95426,3,2,3,10,17,1,0,0,1,1,0,0,0,0
"POINT (11.036202401000025 49.401218338000035)",Unfall 95439 (2018) Kat:3, Licht: 0,95439,3,3,5,10,14,2,0,0,1,1,0,0,0,0
"POINT (11.057267506000073 49.429146826000078)",Unfall 95462 (2018) Kat:2, Licht: 0,95462,2,7,0,10,16,4,0,0,0,0,0,0,0,1
"POINT (11.103160856000045 49.430798384000070)",Unfall 95463 (2018) Kat:3, Licht: 0,95463,3,6,2,10,13,2,0,0,0,1,0,0,0,0
"POINT (11.058779171000026 49.484111351000081)",Unfall 95478 (2018) Kat:3, Licht: 0,95478,3,2,5,10,17,5,0,0,1,1,0,0,0,0
"POINT (11.108883850000041 49.385705230000042)",Unfall 95494 (2018) Kat:3, Licht: 0,95494,3,3,5,10,10,3,0,0,0,1,0,0,0,0
"POINT (11.103816086000052 49.380044510000062)",Unfall 95580 (2018) Kat:3, Licht: 2,95580,3,1,9,10,00,5,0,2,0,1,0,0,0,0
"POINT (11.160170195000035 49.411828973000070)",Unfall 95596 (2018) Kat:3, Licht: 2,95596,3,6,2,10,19,3,0,2,0,1,0,0,0,0
"POINT (11.038280384000075 49.423702454000079)",Unfall 95664 (2018) Kat:3, Licht: 0,95664,3,6,3,10,09,4,0,0,0,1,0,0,1,0
"POINT (11.076383758000077 49.430729100000065)",Unfall 95670 (2018) Kat:3, Licht: 2,95670,3,6,2,10,06,2,0,2,0,1,0,0,0,0
"POINT (11.012492159000033 49.465454517000069)",Unfall 95680 (2018) Kat:3, Licht: 2,95680,3,7,5,10,19,5,0,2,0,1,0,0,0,0
"POINT (11.039961731000062 49.425494438000044)",Unfall 95697 (2018) Kat:3, Licht: 0,95697,3,2,0,10,14,3,0,0,1,1,0,0,0,0
"POINT (11.117822544000035 49.437983545000066)",Unfall 95762 (2018) Kat:3, Licht: 0,95762,3,6,0,10,12,2,0,0,0,1,0,1,0,0
"POINT (11.051347447000069 49.463206270000057)",Unfall 95801 (2018) Kat:2, Licht: 0,95801,2,3,5,10,12,1,0,0,1,1,0,0,0,0
"POINT (11.066236121000031 49.428086393000058)",Unfall 95843 (2018) Kat:3, Licht: 0,95843,3,6,2,10,12,2,0,0,0,1,0,1,0,0
"POINT (11.086459436000041 49.429299498000034)",Unfall 95875 (2018) Kat:3, Licht: 1,95875,3,2,6,10,19,6,0,1,0,1,1,0,0,0
"POINT (11.121442471000023 49.442675445000077)",Unfall 95877 (2018) Kat:3, Licht: 0,95877,3,6,2,10,10,6,0,0,0,1,0,0,0,0
"POINT (11.019520668000041 49.462875353000072)",Unfall 95954 (2018) Kat:3, Licht: 2,95954,3,2,5,10,20,2,0,2,0,1,0,0,0,0
"POINT (11.086509186000058 49.429173284000058)",Unfall 95957 (2018) Kat:3, Licht: 0,95957,3,6,2,10,14,3,0,0,1,1,0,0,0,0
"POINT (11.102386014000047 49.471658580000053)",Unfall 95993 (2018) Kat:2, Licht: 0,95993,2,6,2,10,18,7,0,0,0,1,0,0,0,1
"POINT (11.086493238000060 49.429173321000064)",Unfall 95995 (2018) Kat:3, Licht: 0,95995,3,3,5,10,13,1,0,0,0,1,0,0,0,0
"POINT (11.203122632000031 49.419157332000054)",Unfall 96001 (2018) Kat:3, Licht: 0,96001,3,6,2,10,14,7,0,0,0,1,0,0,0,0
"POINT (11.058983541000032 49.443127634000064)",Unfall 96075 (2018) Kat:3, Licht: 0,96075,3,6,2,10,09,2,0,0,0,1,0,0,0,0
"POINT (11.123411850000025 49.397929368000064)",Unfall 96149 (2018) Kat:3, Licht: 0,96149,3,2,5,10,09,1,0,0,1,1,0,0,0,0
"POINT (11.035659279000072 49.402230044000078)",Unfall 96196 (2018) Kat:3, Licht: 2,96196,3,6,2,10,21,2,0,2,0,1,0,0,0,1
"POINT (11.098295414000063 49.366849887000058)",Unfall 96199 (2018) Kat:3, Licht: 0,96199,3,3,5,10,14,3,0,0,0,1,0,1,0,0
"POINT (11.012726935000046 49.465369309000039)",Unfall 96234 (2018) Kat:3, Licht: 2,96234,3,6,3,10,17,7,0,2,0,1,0,0,0,0
"POINT (11.037685320000037 49.397481370000037)",Unfall 96343 (2018) Kat:3, Licht: 0,96343,3,3,0,10,14,7,0,0,0,1,0,0,0,1
"POINT (11.026517622000028 49.456189068000072)",Unfall 96365 (2018) Kat:3, Licht: 0,96365,3,6,2,10,17,3,0,0,0,1,0,0,0,0
"POINT (11.086327164000068 49.345031788000028)",Unfall 96381 (2018) Kat:3, Licht: 2,96381,3,7,0,10,22,4,0,2,0,1,0,0,0,1
"POINT (11.079174249000062 49.414762482000071)",Unfall 96382 (2018) Kat:3, Licht: 0,96382,3,7,5,10,16,7,0,0,0,1,0,0,0,1
"POINT (11.096339035000028 49.431242383000040)",Unfall 96384 (2018) Kat:3, Licht: 0,96384,3,2,5,10,15,6,0,0,0,1,0,0,0,0
"POINT (11.083085140000037 49.344069182000055)",Unfall 96459 (2018) Kat:3, Licht: 0,96459,3,6,3,10,10,3,0,0,0,1,0,0,1,0
"POINT (11.122253296000054 49.445099469000070)",Unfall 96480 (2018) Kat:3, Licht: 0,96480,3,2,3,10,07,3,0,0,1,1,0,0,0,0
"POINT (11.036255490000030 49.420094166000069)",Unfall 96487 (2018) Kat:3, Licht: 2,96487,3,2,5,10,19,2,1,2,0,1,0,1,0,0
"POINT (11.174765699000034 49.468940869000050)",Unfall 96499 (2018) Kat:3, Licht: 0,96499,3,6,2,10,11,7,0,0,0,1,0,0,0,0
"POINT (11.021601288000056 49.418286523000063)",Unfall 96501 (2018) Kat:2, Licht: 2,96501,2,6,8,10,06,6,1,2,0,1,0,0,0,0
"POINT (11.086788112000022 49.403057024000077)",Unfall 96527 (2018) Kat:3, Licht: 0,96527,3,7,8,10,11,4,0,0,0,0,0,1,0,0
"POINT (11.067935609000074 49.469303856000067)",Unfall 96533 (2018) Kat:3, Licht: 2,96533,3,3,5,10,05,1,0,2,0,1,0,0,0,0
"POINT (11.109331321000070 49.356614224000054)",Unfall 96550 (2018) Kat:3, Licht: 0,96550,3,6,2,10,15,2,0,0,0,0,0,0,1,0
"POINT (11.099652952000042 49.468928146000053)",Unfall 96589 (2018) Kat:3, Licht: 0,96589,3,4,0,10,09,7,0,0,0,1,1,0,0,0
"POINT (10.994032759000049 49.437405882000064)",Unfall 96609 (2018) Kat:3, Licht: 0,96609,3,2,4,10,15,3,0,0,1,1,0,0,0,0
"POINT (11.117750579000074 49.456920661000026)",Unfall 96645 (2018) Kat:3, Licht: 0,96645,3,7,0,10,14,4,0,0,0,0,1,0,0,1
"POINT (11.079284516000030 49.414634837000051)",Unfall 96728 (2018) Kat:2, Licht: 0,96728,2,4,6,10,15,3,0,0,0,1,1,0,0,0
"POINT (11.105730422000022 49.460680309000054)",Unfall 96735 (2018) Kat:3, Licht: 0,96735,3,6,2,10,11,5,0,0,0,1,0,0,0,0
"POINT (11.157069374000059 49.466329101000042)",Unfall 96748 (2018) Kat:3, Licht: 0,96748,3,6,2,10,12,7,0,0,1,1,0,0,0,0
"POINT (11.017428349000056 49.463642710000045)",Unfall 96751 (2018) Kat:3, Licht: 2,96751,3,3,5,10,06,6,0,2,1,1,0,0,0,0
"POINT (11.081448871000077 49.430372715000033)",Unfall 96873 (2018) Kat:3, Licht: 0,96873,3,2,5,10,09,7,0,0,1,0,0,0,0,1
"POINT (11.057979948000025 49.429143740000029)",Unfall 96891 (2018) Kat:3, Licht: 1,96891,3,2,5,10,07,3,0,1,1,1,0,0,0,0
"POINT (11.115460277000068 49.401589585000067)",Unfall 96899 (2018) Kat:2, Licht: 1,96899,2,6,2,10,18,4,0,1,0,0,0,1,1,0
"POINT (11.053312703000074 49.429730620000043)",Unfall 97026 (2018) Kat:2, Licht: 0,97026,2,1,0,10,12,5,1,0,1,0,0,0,0,0
"POINT (11.044665828000063 49.429941857000074)",Unfall 97062 (2018) Kat:3, Licht: 0,97062,3,6,0,10,15,4,0,0,0,1,0,1,1,0
"POINT (11.097932596000021 49.356536588000040)",Unfall 97064 (2018) Kat:3, Licht: 0,97064,3,6,2,10,11,4,1,0,0,1,0,0,0,0
"POINT (11.176149131000045 49.391771410000047)",Unfall 97237 (2018) Kat:3, Licht: 1,97237,3,6,2,10,17,7,0,1,0,1,0,0,1,0
"POINT (11.035488703000055 49.402557629000057)",Unfall 97300 (2018) Kat:3, Licht: 2,97300,3,3,5,10,19,3,1,2,0,1,0,0,0,0
"POINT (11.065517102000058 49.427887874000078)",Unfall 97344 (2018) Kat:3, Licht: 0,97344,3,2,6,10,14,3,1,0,0,0,1,0,1,0
"POINT (11.143641538000054 49.427752023000039)",Unfall 97406 (2018) Kat:3, Licht: 0,97406,3,6,2,10,15,3,1,0,0,1,0,0,1,0
"POINT (11.113093071000037 49.412371768000071)",Unfall 97453 (2018) Kat:3, Licht: 0,97453,3,7,6,10,12,1,1,0,0,1,0,0,0,1
"POINT (11.063222389000032 49.428265569000075)",Unfall 97459 (2018) Kat:3, Licht: 2,97459,3,1,8,10,19,1,1,2,0,1,0,0,0,0
"POINT (11.116752013000053 49.392881990000035)",Unfall 97471 (2018) Kat:3, Licht: 0,97471,3,3,0,10,14,1,1,0,0,1,0,0,0,0
"POINT (11.059350460000076 49.442938762000040)",Unfall 97494 (2018) Kat:3, Licht: 1,97494,3,6,2,10,14,3,1,1,0,1,0,0,1,0
"POINT (11.023286188000043 49.461445049000076)",Unfall 97516 (2018) Kat:3, Licht: 0,97516,3,1,9,10,13,6,0,0,0,1,0,0,0,0
"POINT (11.106630761000076 49.460889988000076)",Unfall 97519 (2018) Kat:2, Licht: 0,97519,2,6,0,10,12,6,0,0,0,1,0,1,0,0
"POINT (11.058070335000025 49.485520717000043)",Unfall 97521 (2018) Kat:3, Licht: 0,97521,3,6,2,10,15,6,0,0,0,1,0,0,0,0
"POINT (11.097815252000032 49.431168021000076)",Unfall 97536 (2018) Kat:3, Licht: 2,97536,3,6,2,10,19,3,0,2,0,1,0,0,0,0
"POINT (11.061783119000040 49.441567117000034)",Unfall 97552 (2018) Kat:3, Licht: 0,97552,3,6,2,11,14,5,0,0,0,1,0,0,0,0
"POINT (11.100802178000038 49.465354985000033)",Unfall 97575 (2018) Kat:3, Licht: 2,97575,3,2,4,11,06,2,0,2,1,1,0,0,0,0
"POINT (11.098929233000035 49.431325693000076)",Unfall 97688 (2018) Kat:3, Licht: 2,97688,3,7,2,10,18,4,0,2,0,1,0,0,0,0
"POINT (11.103656850000050 49.474465975000044)",Unfall 97690 (2018) Kat:3, Licht: 0,97690,3,6,2,10,12,4,0,0,0,1,0,0,0,1
"POINT (11.116745272000060 49.392860902000052)",Unfall 97692 (2018) Kat:3, Licht: 1,97692,3,3,5,11,05,6,0,1,0,1,0,0,1,0
"POINT (11.121348129000069 49.442924868000034)",Unfall 97693 (2018) Kat:2, Licht: 0,97693,2,2,6,10,07,4,0,0,0,1,1,0,0,0
"POINT (11.115449102000071 49.391003031000025)",Unfall 97696 (2018) Kat:3, Licht: 0,97696,3,2,4,11,10,6,0,0,0,1,0,0,0,0
"POINT (11.022253632000059 49.418508452000026)",Unfall 97698 (2018) Kat:3, Licht: 0,97698,3,3,5,10,14,4,0,0,1,1,0,0,0,0
"POINT (11.039307215000065 49.378339127000061)",Unfall 97702 (2018) Kat:3, Licht: 0,97702,3,6,2,10,07,4,0,0,0,1,0,0,0,0
"POINT (11.035033449000025 49.405703096000082)",Unfall 97714 (2018) Kat:3, Licht: 0,97714,3,1,9,11,12,2,0,0,0,1,1,0,0,0
"POINT (11.102931360000071 49.472245390000069)",Unfall 97761 (2018) Kat:3, Licht: 0,97761,3,6,2,11,13,7,0,0,0,1,0,0,0,0
"POINT (11.051720891000059 49.358663121000063)",Unfall 97807 (2018) Kat:3, Licht: 0,97807,3,6,2,11,10,2,0,0,0,1,0,0,0,1
"POINT (11.157881382000028 49.421574842000041)",Unfall 97865 (2018) Kat:3, Licht: 0,97865,3,1,8,11,14,1,0,0,0,0,0,1,0,0
"POINT (11.104870362000042 49.424278530000038)",Unfall 97918 (2018) Kat:3, Licht: 1,97918,3,6,2,11,17,4,0,1,0,1,0,0,0,0
"POINT (11.065294312000049 49.425425669000049)",Unfall 97920 (2018) Kat:3, Licht: 0,97920,3,2,6,11,13,4,0,0,0,1,1,0,0,0
"POINT (11.061338429000045 49.428621547000034)",Unfall 97921 (2018) Kat:3, Licht: 2,97921,3,6,2,11,19,4,0,2,0,1,0,0,0,0
"POINT (11.036353630000065 49.416045102000055)",Unfall 97949 (2018) Kat:3, Licht: 0,97949,3,7,2,11,15,6,0,0,0,1,0,0,0,0
"POINT (11.109909222000056 49.416795244000070)",Unfall 97959 (2018) Kat:3, Licht: 2,97959,3,6,2,11,17,7,0,2,0,1,0,0,0,0
"POINT (11.109603494000055 49.394648092000068)",Unfall 98005 (2018) Kat:3, Licht: 2,98005,3,6,2,11,00,6,0,2,0,1,0,0,1,0
"POINT (11.035845858000073 49.401880212000037)",Unfall 98021 (2018) Kat:2, Licht: 2,98021,2,4,6,11,17,6,0,2,0,0,1,1,0,0
"POINT (11.104844959000047 49.395028430000082)",Unfall 98027 (2018) Kat:3, Licht: 0,98027,3,6,2,11,14,5,0,0,0,1,0,0,0,1
"POINT (11.113058837000040 49.412539209000045)",Unfall 98085 (2018) Kat:2, Licht: 0,98085,2,6,2,11,11,3,0,0,0,1,0,0,0,0
"POINT (11.050035818000026 49.498370566000062)",Unfall 98091 (2018) Kat:3, Licht: 0,98091,3,7,0,11,09,3,0,0,0,1,0,0,0,0
"POINT (11.107584660000043 49.418125122000049)",Unfall 98096 (2018) Kat:3, Licht: 2,98096,3,2,6,11,06,3,0,2,0,1,1,0,0,0
"POINT (11.052908349000063 49.356037178000065)",Unfall 98098 (2018) Kat:3, Licht: 0,98098,3,6,2,11,11,3,0,0,0,1,0,1,0,0
"POINT (11.188959498000031 49.407456494000030)",Unfall 98106 (2018) Kat:3, Licht: 2,98106,3,7,1,11,18,7,0,2,0,1,0,0,0,0
"POINT (11.123560238000039 49.397817797000073)",Unfall 98139 (2018) Kat:2, Licht: 2,98139,2,2,6,11,06,5,1,2,0,1,1,0,0,0
"POINT (11.099616019000052 49.375445315000036)",Unfall 98171 (2018) Kat:3, Licht: 0,98171,3,3,5,11,07,6,0,0,1,0,0,0,0,1
"POINT (11.041132875000073 49.455743625000082)",Unfall 98181 (2018) Kat:3, Licht: 2,98181,3,2,5,11,05,7,0,2,0,1,0,0,0,1
"POINT (11.115902099000039 49.481726416000072)",Unfall 98435 (2018) Kat:3, Licht: 0,98435,3,7,5,11,14,4,0,0,0,1,0,0,0,0
"POINT (11.127894257000037 49.433715893000056)",Unfall 98511 (2018) Kat:3, Licht: 2,98511,3,6,1,11,17,3,0,2,0,1,0,0,0,0
"POINT (11.054930803000047 49.444502387000057)",Unfall 98578 (2018) Kat:3, Licht: 1,98578,3,6,3,11,17,4,0,1,0,1,0,0,1,0
"POINT (11.062588238000046 49.440723605000073)",Unfall 98679 (2018) Kat:3, Licht: 2,98679,3,6,2,11,06,3,0,2,0,1,0,0,0,1
"POINT (11.096462798000061 49.431246842000064)",Unfall 98739 (2018) Kat:3, Licht: 0,98739,3,2,4,11,12,7,0,0,0,1,0,0,0,0
"POINT (11.116273002000071 49.403268906000051)",Unfall 98741 (2018) Kat:3, Licht: 0,98741,3,3,5,11,16,2,1,0,1,1,0,0,0,0
"POINT (11.034800563000033 49.457806152000046)",Unfall 98742 (2018) Kat:3, Licht: 0,98742,3,2,3,11,12,7,0,0,1,1,0,0,0,0
"POINT (11.044462281000051 49.429826750000075)",Unfall 98759 (2018) Kat:3, Licht: 0,98759,3,6,2,11,12,3,0,0,0,1,0,0,0,0
"POINT (11.055421132000049 49.444254141000044)",Unfall 98911 (2018) Kat:3, Licht: 0,98911,3,6,2,11,13,2,0,0,0,1,0,0,0,0
"POINT (11.103657079000072 49.474466798000037)",Unfall 98930 (2018) Kat:3, Licht: 0,98930,3,3,0,11,12,3,0,0,0,1,0,0,0,0
"POINT (11.051329544000055 49.359527713000034)",Unfall 98948 (2018) Kat:3, Licht: 0,98948,3,1,2,11,12,6,0,0,0,1,0,0,0,0
"POINT (11.102377115000024 49.471649240000033)",Unfall 99059 (2018) Kat:3, Licht: 0,99059,3,7,1,11,13,2,0,0,1,1,0,0,0,0
"POINT (11.066637652000054 49.355830372000071)",Unfall 99064 (2018) Kat:3, Licht: 1,99064,3,1,1,11,07,4,0,1,0,1,0,0,0,0
"POINT (11.130145416000062 49.432929998000077)",Unfall 99266 (2018) Kat:3, Licht: 0,99266,3,2,4,11,14,6,0,0,0,1,0,0,0,0
"POINT (11.121083204000058 49.456636549000052)",Unfall 99267 (2018) Kat:3, Licht: 0,99267,3,5,5,11,09,4,0,0,0,1,0,0,1,0
"POINT (11.015815058000044 49.466968178000059)",Unfall 99333 (2018) Kat:3, Licht: 0,99333,3,6,2,11,08,5,0,0,0,1,0,0,0,0
"POINT (11.007685241000047 49.440518985000040)",Unfall 99415 (2018) Kat:3, Licht: 0,99415,3,7,2,11,13,7,0,0,0,1,0,0,0,0
"POINT (11.036701163000032 49.438675284000055)",Unfall 99493 (2018) Kat:3, Licht: 0,99493,3,6,2,11,12,2,1,0,0,1,0,0,0,0
"POINT (11.052757272000065 49.464125147000061)",Unfall 99513 (2018) Kat:3, Licht: 0,99513,3,6,2,11,13,5,0,0,0,1,0,0,0,0
"POINT (11.032673814000077 49.458352483000056)",Unfall 99516 (2018) Kat:3, Licht: 2,99516,3,6,2,11,17,5,0,2,0,1,0,0,0,0
"POINT (11.041863201000069 49.456465334000029)",Unfall 99545 (2018) Kat:3, Licht: 2,99545,3,6,3,11,23,5,0,2,0,1,0,0,0,0
"POINT (11.026844217000075 49.460262058000069)",Unfall 99574 (2018) Kat:3, Licht: 0,99574,3,6,2,12,12,2,1,0,0,1,0,0,0,0
"POINT (11.038704175000021 49.432719387000077)",Unfall 99632 (2018) Kat:3, Licht: 2,99632,3,6,1,12,18,3,0,2,0,1,0,0,0,1
"POINT (11.067826965000052 49.469594651000079)",Unfall 99647 (2018) Kat:3, Licht: 0,99647,3,6,2,12,14,2,1,0,0,1,0,0,0,0
"POINT (11.137283202000049 49.461882137000032)",Unfall 99754 (2018) Kat:2, Licht: 2,99754,2,5,6,12,16,2,1,2,0,1,1,0,0,0
"POINT (11.157299119000072 49.421776208000040)",Unfall 99758 (2018) Kat:3, Licht: 2,99758,3,6,2,12,23,2,1,2,0,1,0,0,0,0
"POINT (10.997060121000061 49.435163531000057)",Unfall 99764 (2018) Kat:3, Licht: 0,99764,3,3,5,12,09,3,1,0,1,1,0,0,0,0
"POINT (11.120204292000039 49.436896325000077)",Unfall 99772 (2018) Kat:3, Licht: 2,99772,3,6,2,12,17,1,1,2,0,1,0,0,0,0
"POINT (11.061866713000029 49.428430143000071)",Unfall 99776 (2018) Kat:3, Licht: 0,99776,3,6,0,12,13,4,0,0,0,1,0,0,0,1
"POINT (11.065446682000072 49.427895353000054)",Unfall 99794 (2018) Kat:3, Licht: 0,99794,3,3,5,11,11,6,0,0,1,1,0,0,0,0
"POINT (11.035363173000064 49.408591622000074)",Unfall 99797 (2018) Kat:3, Licht: 2,99797,3,4,6,11,20,6,1,2,0,1,1,0,0,0