WKT,Name,OBJECTID,UKATEGORIE,UTYP1,UART,UMONAT,USTUNDE,UWOCHENTAG,STRZUSTAND,ULICHTVERH,ISTRAD,ISTPKW,ISTFUSS,ISTKRAD,ISTGKFZ,ISTSONSTIG
"POINT (11.116676321000057 49.392291277000027)",Unfall 99801 (2018) Kat:3, Licht: 2,99801,3,6,2,11,18,6,0,2,0,1,0,0,0,0
"POINT (11.114943794000055 49.403962908000040)",Unfall 99838 (2018) Kat:3, Licht: 0,99838,3,6,2,12,09,7,0,0,0,1,0,0,0,1
"POINT (11.062910564000049 49.428373358000044)",Unfall 99864 (2018) Kat:3, Licht: 0,99864,3,6,2,12,11,2,1,0,0,1,0,0,0,0
"POINT (11.086725239000032 49.429300288000036)",Unfall 99895 (2018) Kat:3, Licht: 0,99895,3,6,2,12,10,2,1,0,0,1,0,0,0,0
"POINT (11.157292343000051 49.421778552000035)",Unfall 99977 (2018) Kat:3, Licht: 2,99977,3,6,2,12,19,2,1,2,0,1,0,0,0,0
"POINT (11.064331787000071 49.474291431000040)",Unfall 99986 (2018) Kat:3, Licht: 0,99986,3,6,2,12,08,3,0,0,0,1,0,0,0,0
"POINT (11.072956008000062 49.340416692000076)",Unfall 100039 (2018) Kat:3, Licht: 2,100039,3,6,3,12,19,2,1,2,0,1,0,0,0,1
"POINT (11.072859869000069 49.404016330000047)",Unfall 100080 (2018) Kat:3, Licht: 1,100080,3,6,2,12,07,4,0,1,0,1,0,0,0,1
"POINT (11.035993608000069 49.440774636000071)",Unfall 100086 (2018) Kat:3, Licht: 2,100086,3,3,5,12,20,2,1,2,0,1,0,0,0,0
"POINT (11.004758471000059 49.439979577000031)",Unfall 100103 (2018) Kat:3, Licht: 2,100103,3,6,3,12,18,4,0,2,0,1,0,0,0,1
"POINT (11.120557378000058 49.465287107000051)",Unfall 100176 (2018) Kat:3, Licht: 0,100176,3,7,3,12,13,6,0,0,0,1,0,0,0,1
"POINT (11.110629094000046 49.478952314000026)",Unfall 100178 (2018) Kat:3, Licht: 2,100178,3,6,4,12,17,5,0,2,1,0,0,0,0,0
"POINT (11.035609002000058 49.402326307000067)",Unfall 100203 (2018) Kat:2, Licht: 2,100203,2,2,6,12,05,2,1,2,0,1,1,0,0,0
"POINT (11.027229293000062 49.441623476000075)",Unfall 100310 (2018) Kat:2, Licht: 2,100310,2,3,2,12,16,1,1,2,0,1,0,0,0,0
"POINT (11.032682033000071 49.523227456000029)",Unfall 100311 (2018) Kat:3, Licht: 0,100311,3,3,5,12,12,4,0,0,0,1,0,0,0,1
"POINT (11.058229704000041 49.442805482000040)",Unfall 100516 (2018) Kat:3, Licht: 2,100516,3,3,5,12,21,5,0,2,0,1,0,0,0,0
"POINT (11.062977192000062 49.428250807000040)",Unfall 100521 (2018) Kat:3, Licht: 2,100521,3,6,2,12,20,5,1,2,0,1,0,0,0,0
"POINT (11.014651573000037 49.441121417000033)",Unfall 100550 (2018) Kat:3, Licht: 2,100550,3,3,5,12,17,5,0,2,1,1,0,0,0,0
"POINT (10.994232302000057 49.437472601000081)",Unfall 100572 (2018) Kat:2, Licht: 2,100572,2,2,4,12,18,4,1,2,1,1,0,0,0,0
"POINT (11.065466978000075 49.426466109000046)",Unfall 100687 (2018) Kat:3, Licht: 2,100687,3,6,2,12,17,4,0,2,0,1,0,0,0,0
"POINT (11.100703705000058 49.465245683000035)",Unfall 100841 (2018) Kat:2, Licht: 1,100841,2,2,6,12,18,2,0,1,0,1,1,0,0,0
"POINT (11.037712316000068 49.423133101000076)",Unfall 100907 (2018) Kat:2, Licht: 2,100907,2,3,5,12,04,2,1,2,0,1,0,0,1,0
"POINT (11.106722008000077 49.459894729000041)",Unfall 100954 (2018) Kat:3, Licht: 2,100954,3,6,2,12,07,2,0,2,0,1,0,0,0,0
"POINT (11.114711149000073 49.404143654000052)",Unfall 101060 (2018) Kat:3, Licht: 2,101060,3,6,1,12,15,5,0,2,0,1,0,0,0,0
"POINT (11.111739946000057 49.479508469000052)",Unfall 101092 (2018) Kat:3, Licht: 0,101092,3,6,2,12,13,4,0,0,0,1,0,0,0,1
"POINT (11.114983301000052 49.403774819000034)",Unfall 101103 (2018) Kat:3, Licht: 2,101103,3,6,2,12,19,6,1,2,0,1,0,0,1,0
"POINT (11.079804505000027 49.342803502000038)",Unfall 101159 (2018) Kat:3, Licht: 2,101159,3,6,3,12,04,4,0,2,0,1,0,0,1,0
"POINT (11.161736548000022 49.409776740000041)",Unfall 101174 (2018) Kat:3, Licht: 2,101174,3,6,2,12,16,4,1,2,0,1,0,0,0,1
"POINT (11.108753516000036 49.508956516000069)",Unfall 101254 (2018) Kat:2, Licht: 0,101254,2,6,2,12,12,3,0,0,0,0,0,0,1,0
"POINT (11.158693557000049 49.389652681000030)",Unfall 101263 (2018) Kat:3, Licht: 2,101263,3,6,3,12,18,3,1,2,0,1,0,0,0,0
"POINT (11.103652286000056 49.428989473000058)",Unfall 101280 (2018) Kat:3, Licht: 0,101280,3,6,2,12,14,3,1,0,0,1,0,0,0,0
"POINT (11.051427898000043 49.463276591000067)",Unfall 101282 (2018) Kat:3, Licht: 0,101282,3,6,2,12,09,3,1,0,0,1,0,0,0,0
"POINT (11.072185611000066 49.343352381000045)",Unfall 101286 (2018) Kat:3, Licht: 2,101286,3,3,5,12,06,5,1,2,0,1,0,0,0,0
"POINT (11.055276056000025 49.444959501000028)",Unfall 101287 (2018) Kat:3, Licht: 2,101287,3,3,5,12,19,4,1,2,0,1,0,0,0,0
"POINT (11.060957154000050 49.428675647000034)",Unfall 101288 (2018) Kat:3, Licht: 2,101288,3,2,5,12,05,3,1,2,1,1,0,0,0,0
"POINT (11.025346787000046 49.456656436000060)",Unfall 101292 (2018) Kat:3, Licht: 0,101292,3,6,2,12,15,3,0,0,0,1,0,0,0,0
"POINT (11.117489414000033 49.402490730000068)",Unfall 101295 (2018) Kat:3, Licht: 0,101295,3,3,0,12,15,3,0,0,1,1,0,0,0,0
"POINT (11.104632110000068 49.462014483000075)",Unfall 101298 (2018) Kat:3, Licht: 0,101298,3,7,0,12,10,6,1,0,0,1,1,0,0,0
"POINT (11.038184896000075 49.434103552000067)",Unfall 101300 (2018) Kat:3, Licht: 0,101300,3,7,0,12,10,3,1,0,0,0,0,0,0,1
"POINT (11.116754439000033 49.392889584000045)",Unfall 101340 (2018) Kat:2, Licht: 2,101340,2,3,5,12,22,5,0,2,0,1,0,0,0,0
"POINT (11.102763354000047 49.472054594000042)",Unfall 101381 (2018) Kat:3, Licht: 0,101381,3,4,6,12,11,2,0,0,0,1,1,0,0,0
"POINT (11.149148676000038 49.464423219000025)",Unfall 101413 (2018) Kat:3, Licht: 2,101413,3,3,5,12,17,5,0,2,1,1,0,0,0,0
"POINT (10.994119581000064 49.437542349000068)",Unfall 101485 (2018) Kat:3, Licht: 0,101485,3,2,5,12,14,1,1,0,1,1,0,0,0,0
"POINT (11.203889070000059 49.419909459000053)",Unfall 101528 (2018) Kat:3, Licht: 0,101528,3,6,2,12,12,4,0,0,0,1,0,0,0,0
"POINT (11.041213807000076 49.455562079000060)",Unfall 101572 (2018) Kat:3, Licht: 1,101572,3,6,2,12,18,5,0,1,0,1,0,0,0,0
"POINT (11.062898211000061 49.439602113000035)",Unfall 101636 (2018) Kat:3, Licht: 0,101636,3,6,3,12,10,7,1,0,0,1,0,0,1,0
"POINT (11.061102191000032 49.428551031000040)",Unfall 101640 (2018) Kat:3, Licht: 2,101640,3,6,2,12,18,7,0,2,0,1,0,0,0,0
"POINT (11.073961525000072 49.439410062000036)",Unfall 171080 (2018) Kat:2, Licht: 0,171080,2,3,5,01,13,3,1,0,0,1,0,0,1,0
"POINT (11.038561315000038 49.439852403000032)",Unfall 171082 (2018) Kat:3, Licht: 2,171082,3,6,5,01,18,3,0,2,0,1,0,0,0,0
"POINT (11.079724417000023 49.442909641000028)",Unfall 171085 (2018) Kat:3, Licht: 2,171085,3,3,5,01,06,3,1,2,1,1,0,0,0,0
"POINT (11.050801123000042 49.437102656000036)",Unfall 171087 (2018) Kat:2, Licht: 2,171087,2,1,6,01,18,3,0,2,0,1,1,0,0,0
"POINT (11.085901386000046 49.448817062000046)",Unfall 171089 (2018) Kat:3, Licht: 2,171089,3,6,2,01,19,3,0,2,1,0,0,0,0,0
"POINT (11.068221335000032 49.441893690000029)",Unfall 171091 (2018) Kat:3, Licht: 2,171091,3,6,2,01,16,3,0,2,0,1,0,0,0,0
"POINT (11.061464649000072 49.433278861000076)",Unfall 171279 (2018) Kat:3, Licht: 2,171279,3,3,5,01,16,2,0,2,0,1,0,0,0,0
"POINT (11.128385718000061 49.454073057000073)",Unfall 171296 (2018) Kat:3, Licht: 2,171296,3,7,1,01,17,5,0,2,1,1,0,0,0,0
"POINT (11.096109637000040 49.445491644000072)",Unfall 171298 (2018) Kat:2, Licht: 0,171298,2,4,6,01,13,5,0,0,0,1,1,0,0,0
"POINT (11.075157718000071 49.444869593000078)",Unfall 171300 (2018) Kat:3, Licht: 0,171300,3,7,2,01,14,5,0,0,0,1,1,0,0,0
"POINT (11.083200149000049 49.449870135000026)",Unfall 171316 (2018) Kat:3, Licht: 2,171316,3,4,6,01,05,1,0,2,0,1,1,0,0,0
"POINT (11.082484387000022 49.447030907000055)",Unfall 171352 (2018) Kat:3, Licht: 0,171352,3,6,2,01,14,7,0,0,0,1,0,0,0,0
"POINT (11.079940225000030 49.435661712000069)",Unfall 171354 (2018) Kat:3, Licht: 0,171354,3,6,2,01,12,7,1,0,0,1,0,0,0,0
"POINT (11.043378143000041 49.465921536000053)",Unfall 171356 (2018) Kat:3, Licht: 0,171356,3,6,2,01,15,7,1,0,0,1,0,0,0,0
"POINT (11.155037886000059 49.462444978000065)",Unfall 171384 (2018) Kat:3, Licht: 1,171384,3,3,0,01,07,4,2,1,0,1,0,1,0,0
"POINT (11.154738576000057 49.463072924000073)",Unfall 171387 (2018) Kat:2, Licht: 2,171387,2,4,6,01,17,4,0,2,0,1,1,0,0,0
"POINT (11.035319381000022 49.477544691000048)",Unfall 171389 (2018) Kat:2, Licht: 2,171389,2,4,6,01,17,4,0,2,0,1,1,0,0,0
"POINT (11.073741407000057 49.449682369000072)",Unfall 171390 (2018) Kat:3, Licht: 2,171390,3,6,2,01,21,4,0,2,1,1,0,0,0,0
"POINT (11.054912263000062 49.451375891000055)",Unfall 171409 (2018) Kat:3, Licht: 2,171409,3,2,5,01,20,6,1,2,0,1,0,0,0,0
"POINT (11.003165998000043 49.450427647000026)",Unfall 171412 (2018) Kat:2, Licht: 2,171412,2,3,5,01,18,6,1,2,0,1,0,0,0,0
"POINT (11.132631345000050 49.434111932000064)",Unfall 171462 (2018) Kat:3, Licht: 0,171462,3,1,0,01,15,3,0,0,1,0,0,0,0,0
"POINT (11.032510187000071 49.436080109000045)",Unfall 171482 (2018) Kat:2, Licht: 1,171482,2,7,1,01,07,5,1,1,1,1,0,0,0,0
"POINT (11.141415294000069 49.410982895000075)",Unfall 171524 (2018) Kat:3, Licht: 2,171524,3,1,8,01,19,3,1,2,0,1,0,0,0,0
"POINT (11.082283817000075 49.437992587000053)",Unfall 171545 (2018) Kat:3, Licht: 2,171545,3,2,5,01,22,4,1,2,1,0,0,0,0,0
"POINT (11.085532093000040 49.464385358000072)",Unfall 171547 (2018) Kat:3, Licht: 0,171547,3,4,6,01,14,2,0,0,0,1,1,0,0,0
"POINT (11.103189219000058 49.458485852000081)",Unfall 171566 (2018) Kat:3, Licht: 0,171566,3,3,5,01,12,3,1,0,0,1,0,0,0,0
"POINT (11.102864649000026 49.474619617000030)",Unfall 171592 (2018) Kat:3, Licht: 0,171592,3,2,5,01,13,3,1,0,0,1,0,0,0,0
"POINT (11.101231779000045 49.463484482000069)",Unfall 171611 (2018) Kat:3, Licht: 0,171611,3,7,2,01,16,1,0,0,1,1,0,0,0,0
"POINT (11.102662565000060 49.438572706000059)",Unfall 171613 (2018) Kat:3, Licht: 0,171613,3,6,2,01,14,1,0,0,0,1,0,0,0,0
"POINT (11.072389510000050 49.448951904000069)",Unfall 171615 (2018) Kat:3, Licht: 2,171615,3,3,5,01,04,1,0,2,0,1,0,0,0,0
"POINT (11.128099122000037 49.466077384000073)",Unfall 171616 (2018) Kat:3, Licht: 0,171616,3,7,5,01,12,1,0,0,0,1,0,0,0,0
"POINT (11.092045428000063 49.460652925000034)",Unfall 171648 (2018) Kat:3, Licht: 0,171648,3,3,5,01,09,4,2,0,1,1,0,0,0,0
"POINT (11.122174036000047 49.428623281000057)",Unfall 171657 (2018) Kat:3, Licht: 2,171657,3,7,6,01,23,7,0,2,0,1,1,0,0,0
"POINT (11.099053634000029 49.443284759000051)",Unfall 171666 (2018) Kat:3, Licht: 2,171666,3,2,6,01,18,3,0,2,0,1,1,0,0,0
"POINT (11.059906241000022 49.459671787000048)",Unfall 171727 (2018) Kat:3, Licht: 0,171727,3,1,0,01,16,6,0,0,1,0,0,0,0,0
"POINT (11.062573180000072 49.423222709000072)",Unfall 171729 (2018) Kat:3, Licht: 0,171729,3,6,4,01,16,6,0,0,0,1,0,0,0,0
"POINT (11.099177354000062 49.445913518000054)",Unfall 171730 (2018) Kat:3, Licht: 0,171730,3,3,5,01,09,6,0,0,0,1,0,0,0,0
"POINT (11.073350030000029 49.454034223000065)",Unfall 171748 (2018) Kat:3, Licht: 0,171748,3,6,4,01,08,3,1,0,1,1,0,0,0,0
"POINT (11.081551572000023 49.467810478000047)",Unfall 171781 (2018) Kat:3, Licht: 2,171781,3,6,4,01,19,7,1,2,0,1,0,0,0,0
"POINT (11.118780564000076 49.411122241000044)",Unfall 171806 (2018) Kat:3, Licht: 2,171806,3,2,6,01,18,6,1,2,0,1,1,0,0,0
"POINT (11.176764247000051 49.400005315000044)",Unfall 171809 (2018) Kat:3, Licht: 0,171809,3,3,6,01,14,5,1,0,0,1,1,0,0,0
"POINT (11.071654980000062 49.438992615000075)",Unfall 171817 (2018) Kat:3, Licht: 2,171817,3,3,5,01,22,5,0,2,0,1,0,0,0,1
"POINT (11.045231407000074 49.427926951000074)",Unfall 171821 (2018) Kat:2, Licht: 0,171821,2,7,0,01,11,5,1,0,0,0,0,1,0,0
"POINT (11.073859157000072 49.439328401000068)",Unfall 171825 (2018) Kat:3, Licht: 0,171825,3,6,2,01,08,5,1,0,0,1,0,0,0,1
"POINT (11.139220658000056 49.415190859000063)",Unfall 171830 (2018) Kat:3, Licht: 0,171830,3,6,2,01,07,5,1,0,0,1,0,0,0,0
"POINT (11.111614564000035 49.444572613000048)",Unfall 171833 (2018) Kat:3, Licht: 0,171833,3,3,0,01,12,5,1,0,1,1,0,0,0,0
"POINT (11.070618916000058 49.463640623000060)",Unfall 171837 (2018) Kat:3, Licht: 1,171837,3,4,0,01,17,5,1,1,0,0,1,0,0,1
"POINT (11.144325752000043 49.412803661000055)",Unfall 171850 (2018) Kat:3, Licht: 2,171850,3,3,5,01,19,3,0,2,0,1,0,0,0,0
"POINT (11.043886121000071 49.454823096000041)",Unfall 171852 (2018) Kat:3, Licht: 1,171852,3,3,5,01,17,3,0,1,0,1,0,0,0,0
"POINT (11.070034459000055 49.445241478000071)",Unfall 171854 (2018) Kat:3, Licht: 0,171854,3,3,5,01,10,3,0,0,0,1,0,0,0,0
"POINT (11.083522110000047 49.450341303000073)",Unfall 171855 (2018) Kat:2, Licht: 2,171855,2,4,6,01,16,3,1,2,0,1,1,0,0,0
"POINT (11.067168183000035 49.439583120000066)",Unfall 171883 (2018) Kat:3, Licht: 2,171883,3,6,2,01,18,7,1,2,0,1,1,0,0,0
"POINT (11.080372560000058 49.446668781000028)",Unfall 171886 (2018) Kat:3, Licht: 0,171886,3,3,5,01,08,6,1,0,1,1,0,0,0,0
"POINT (11.046238748000064 49.414977640000075)",Unfall 171926 (2018) Kat:3, Licht: 0,171926,3,1,9,01,09,2,2,0,0,0,0,0,0,1
"POINT (11.062465023000073 49.462199159000079)",Unfall 171928 (2018) Kat:3, Licht: 0,171928,3,4,6,01,13,2,1,0,0,0,1,0,0,1
"POINT (11.110121429000060 49.504032550000034)",Unfall 171930 (2018) Kat:3, Licht: 0,171930,3,3,5,01,09,2,2,0,1,0,0,0,0,1
"POINT (11.116091437000023 49.454876652000053)",Unfall 171932 (2018) Kat:3, Licht: 0,171932,3,6,2,01,12,2,1,0,0,1,0,0,0,0
"POINT (11.065501775000030 49.460855639000044)",Unfall 171933 (2018) Kat:3, Licht: 2,171933,3,2,5,01,17,2,1,2,1,1,0,0,0,0
"POINT (11.059808544000077 49.449441438000065)",Unfall 171935 (2018) Kat:3, Licht: 2,171935,3,6,2,01,21,2,0,2,0,1,0,0,0,0
"POINT (11.061466835000033 49.433233939000047)",Unfall 171936 (2018) Kat:3, Licht: 0,171936,3,6,4,01,13,2,1,0,0,1,0,0,0,0
"POINT (11.015846632000034 49.430692015000034)",Unfall 171939 (2018) Kat:3, Licht: 0,171939,3,1,0,01,09,2,2,0,1,0,0,0,0,0
"POINT (11.085386470000060 49.440258783000047)",Unfall 171984 (2018) Kat:3, Licht: 0,171984,3,7,6,01,14,7,1,0,0,1,1,0,0,0
"POINT (11.012129446000074 49.527947512000026)",Unfall 172007 (2018) Kat:3, Licht: 0,172007,3,1,0,01,08,6,1,0,1,0,0,0,0,0
"POINT (11.144361498000023 49.412778044000049)",Unfall 172019 (2018) Kat:3, Licht: 2,172019,3,3,5,01,17,7,0,2,0,1,0,0,0,1
"POINT (11.088164337000023 49.447505486000068)",Unfall 172020 (2018) Kat:3, Licht: 0,172020,3,4,6,01,14,7,1,0,0,1,1,0,0,0
"POINT (11.091050323000047 49.457684420000078)",Unfall 172021 (2018) Kat:3, Licht: 1,172021,3,2,5,01,17,7,1,1,1,1,0,0,0,0
"POINT (11.078321821000031 49.439970374000040)",Unfall 172022 (2018) Kat:3, Licht: 2,172022,3,2,6,01,21,7,1,2,0,1,1,0,0,0
"POINT (11.097505242000068 49.466662226000039)",Unfall 172056 (2018) Kat:3, Licht: 2,172056,3,7,3,01,20,6,0,2,0,1,0,1,0,0
"POINT (11.139215296000032 49.415278405000038)",Unfall 172058 (2018) Kat:3, Licht: 1,172058,3,2,5,01,07,6,0,1,1,1,0,0,0,0
"POINT (11.018600864000064 49.420447994000028)",Unfall 172063 (2018) Kat:3, Licht: 0,172063,3,7,0,01,12,6,0,0,0,0,0,0,0,1
"POINT (11.068134336000071 49.441816150000079)",Unfall 172103 (2018) Kat:3, Licht: 2,172103,3,2,5,01,19,3,0,2,0,1,0,0,0,0
"POINT (11.092212221000068 49.435922101000074)",Unfall 172105 (2018) Kat:3, Licht: 0,172105,3,1,6,01,12,3,0,0,0,1,1,0,0,0
"POINT (11.085474906000059 49.440161127000067)",Unfall 172107 (2018) Kat:3, Licht: 2,172107,3,3,5,01,18,3,0,2,0,1,0,0,0,0
"POINT (11.053958233000060 49.434143833000064)",Unfall 172109 (2018) Kat:3, Licht: 0,172109,3,3,5,01,13,3,0,0,0,1,0,0,0,0
"POINT (11.032751459000053 49.419926276000069)",Unfall 172111 (2018) Kat:2, Licht: 2,172111,2,2,6,01,17,3,0,2,0,1,1,0,0,0
"POINT (11.058933339000021 49.386403304000055)",Unfall 172148 (2018) Kat:3, Licht: 2,172148,3,6,2,01,06,5,0,2,0,1,0,1,0,0
"POINT (11.057922897000026 49.460200743000030)",Unfall 172150 (2018) Kat:3, Licht: 2,172150,3,1,0,01,19,5,0,2,1,0,0,0,0,0
"POINT (11.089422535000040 49.457668218000038)",Unfall 172152 (2018) Kat:3, Licht: 0,172152,3,3,5,01,07,5,0,0,0,1,0,0,0,0
"POINT (11.133399747000055 49.411939047000033)",Unfall 172154 (2018) Kat:3, Licht: 1,172154,3,6,3,01,16,5,0,1,0,1,0,0,0,0
"POINT (11.067930131000026 49.433814130000030)",Unfall 172201 (2018) Kat:2, Licht: 0,172201,2,2,5,01,15,2,0,0,0,1,0,1,0,0
"POINT (11.010712481000041 49.458825806000050)",Unfall 172203 (2018) Kat:3, Licht: 0,172203,3,3,5,01,14,2,0,0,0,1,0,0,0,0
"POINT (11.014842251000061 49.443019206000031)",Unfall 172206 (2018) Kat:3, Licht: 2,172206,3,3,5,01,19,2,0,2,0,1,0,0,0,0
"POINT (11.078744920000076 49.432647315000054)",Unfall 172209 (2018) Kat:3, Licht: 0,172209,3,3,6,01,14,2,0,0,0,0,1,0,0,1
"POINT (11.033345755000028 49.449328077000075)",Unfall 172256 (2018) Kat:3, Licht: 0,172256,3,4,6,01,13,1,1,0,0,1,1,0,0,0
"POINT (11.123582834000047 49.441969625000070)",Unfall 172258 (2018) Kat:3, Licht: 2,172258,3,2,5,01,17,4,0,2,1,1,0,0,0,0
"POINT (11.036041967000074 49.472564838000039)",Unfall 172261 (2018) Kat:3, Licht: 0,172261,3,1,8,01,12,4,0,0,0,1,0,0,0,0
"POINT (11.104136085000050 49.462375610000038)",Unfall 172300 (2018) Kat:3, Licht: 0,172300,3,2,3,02,09,6,0,0,1,1,0,0,0,0
"POINT (11.010418342000037 49.526080890000060)",Unfall 172301 (2018) Kat:2, Licht: 2,172301,2,1,0,02,05,6,2,2,1,0,0,0,0,0
"POINT (11.077434395000068 49.439845961000060)",Unfall 172302 (2018) Kat:3, Licht: 1,172302,3,6,2,02,07,6,0,1,0,1,0,0,0,0
"POINT (11.067588698000066 49.455680601000040)",Unfall 172303 (2018) Kat:3, Licht: 0,172303,3,6,4,02,12,6,1,0,1,0,0,0,0,0
"POINT (11.132905609000034 49.402641051000046)",Unfall 172304 (2018) Kat:2, Licht: 0,172304,2,4,6,02,10,6,0,0,0,1,1,0,0,0
"POINT (11.075033537000024 49.446837991000052)",Unfall 172305 (2018) Kat:3, Licht: 0,172305,3,6,2,02,14,6,0,0,0,1,0,0,0,1
"POINT (11.070497626000076 49.455082160000075)",Unfall 172306 (2018) Kat:2, Licht: 2,172306,2,2,0,02,06,6,0,2,1,0,0,0,0,1
"POINT (11.048407309000027 49.435925971000074)",Unfall 172307 (2018) Kat:3, Licht: 0,172307,3,3,5,02,10,6,0,0,0,1,0,1,0,0
"POINT (11.036841587000026 49.471102634000033)",Unfall 172308 (2018) Kat:3, Licht: 0,172308,3,1,0,02,08,6,2,0,1,0,0,0,0,0
"POINT (11.172374936000040 49.413229829000045)",Unfall 172327 (2018) Kat:2, Licht: 0,172327,2,1,0,02,11,3,0,0,1,0,0,0,0,0
"POINT (11.082956542000034 49.460022528000081)",Unfall 172328 (2018) Kat:3, Licht: 0,172328,3,2,5,02,14,3,0,0,1,1,0,0,0,0
"POINT (11.025298298000052 49.447926584000072)",Unfall 172330 (2018) Kat:3, Licht: 0,172330,3,3,5,02,17,3,0,0,0,1,0,0,0,0
"POINT (11.082094278000056 49.440464776000056)",Unfall 172331 (2018) Kat:3, Licht: 2,172331,3,4,6,02,00,3,0,2,0,1,1,0,0,0
"POINT (11.071703222000053 49.446961426000030)",Unfall 172334 (2018) Kat:3, Licht: 0,172334,3,6,4,02,12,3,0,0,1,0,0,0,0,0
"POINT (11.125251867000031 49.410156276000066)",Unfall 172395 (2018) Kat:3, Licht: 2,172395,3,6,2,02,20,5,0,2,0,1,0,0,0,0
"POINT (11.019204918000071 49.471062903000075)",Unfall 172396 (2018) Kat:3, Licht: 0,172396,3,6,2,02,07,5,1,0,0,1,0,0,0,0
"POINT (11.043581049000068 49.421229806000042)",Unfall 172398 (2018) Kat:3, Licht: 2,172398,3,6,2,02,17,5,0,2,0,1,0,0,0,1
"POINT (11.081698206000056 49.466683066000030)",Unfall 172414 (2018) Kat:3, Licht: 0,172414,3,6,2,02,13,2,0,0,0,1,0,0,0,0
"POINT (11.059134585000038 49.457300436000025)",Unfall 172416 (2018) Kat:3, Licht: 0,172416,3,6,2,02,09,2,0,0,0,1,0,0,0,0
"POINT (11.084817615000077 49.434796194000057)",Unfall 172418 (2018) Kat:3, Licht: 1,172418,3,6,2,02,17,2,0,1,0,1,0,0,0,0
"POINT (11.048409266000021 49.435918635000064)",Unfall 172420 (2018) Kat:3, Licht: 0,172420,3,3,5,02,13,2,0,0,0,1,0,0,0,1
"POINT (11.088702248000061 49.444049090000078)",Unfall 172479 (2018) Kat:3, Licht: 2,172479,3,7,5,01,23,4,0,2,0,1,0,0,0,0
"POINT (11.090945832000045 49.437260373000072)",Unfall 172482 (2018) Kat:3, Licht: 2,172482,3,6,3,01,17,4,1,2,0,1,0,1,0,0
"POINT (11.091276463000042 49.436490049000042)",Unfall 172484 (2018) Kat:3, Licht: 0,172484,3,2,6,01,15,4,0,0,0,1,1,0,0,0
"POINT (11.081098357000030 49.442857899000046)",Unfall 172512 (2018) Kat:3, Licht: 1,172512,3,7,5,02,16,7,0,1,0,1,0,0,0,0
"POINT (11.089048782000077 49.455677094000066)",Unfall 172515 (2018) Kat:3, Licht: 2,172515,3,3,5,02,21,7,0,2,0,1,0,0,0,0
"POINT (11.135655132000068 49.413358371000072)",Unfall 172555 (2018) Kat:3, Licht: 0,172555,3,7,0,02,15,6,0,0,0,0,0,0,0,1
"POINT (11.064694528000075 49.410312805000046)",Unfall 172556 (2018) Kat:3, Licht: 0,172556,3,3,5,02,09,6,0,0,0,0,0,0,0,1
"POINT (11.063642938000044 49.448477291000074)",Unfall 172557 (2018) Kat:3, Licht: 0,172557,3,6,2,02,15,6,0,0,0,1,0,0,0,0
"POINT (11.085715216000040 49.436628676000055)",Unfall 172558 (2018) Kat:3, Licht: 2,172558,3,6,4,02,20,6,0,2,0,1,0,0,0,0
"POINT (11.103225038000062 49.441439450000075)",Unfall 172560 (2018) Kat:3, Licht: 0,172560,3,3,5,02,12,6,0,0,1,1,0,0,0,0
"POINT (11.082043694000049 49.447687873000064)",Unfall 172568 (2018) Kat:3, Licht: 0,172568,3,6,3,02,16,3,0,0,0,1,0,0,1,0
"POINT (11.084952545000021 49.447320184000034)",Unfall 172570 (2018) Kat:3, Licht: 0,172570,3,3,5,02,11,3,0,0,1,1,0,0,0,0
"POINT (11.060322975000076 49.464541313000041)",Unfall 172571 (2018) Kat:3, Licht: 0,172571,3,6,0,02,13,3,0,0,0,1,0,0,0,1
"POINT (11.074636651000048 49.416526228000066)",Unfall 172575 (2018) Kat:3, Licht: 0,172575,3,7,0,02,15,3,0,0,0,0,0,1,0,0
"POINT (11.099109695000038 49.463108744000067)",Unfall 172577 (2018) Kat:3, Licht: 0,172577,3,1,0,02,15,3,2,0,1,0,0,0,0,0
"POINT (11.052822153000022 49.457357129000059)",Unfall 172614 (2018) Kat:3, Licht: 2,172614,3,7,5,02,19,5,0,2,0,1,0,1,0,0
"POINT (11.021819864000065 49.460168979000059)",Unfall 172616 (2018) Kat:3, Licht: 0,172616,3,3,5,02,12,5,0,0,1,1,0,0,0,0
"POINT (11.059033285000055 49.449550117000058)",Unfall 172618 (2018) Kat:3, Licht: 2,172618,3,3,5,02,18,5,0,2,1,1,0,0,0,0
"POINT (11.049686850000057 49.390386302000081)",Unfall 172651 (2018) Kat:3, Licht: 2,172651,3,7,1,02,05,2,1,2,0,1,0,0,1,0
"POINT (11.091278011000043 49.441919953000081)",Unfall 172652 (2018) Kat:3, Licht: 2,172652,3,4,6,02,21,2,1,2,0,1,1,0,0,0
"POINT (11.061839917000043 49.450453979000031)",Unfall 172654 (2018) Kat:3, Licht: 0,172654,3,3,5,02,14,2,0,0,0,1,0,0,0,0
"POINT (11.081239074000052 49.438999400000057)",Unfall 172655 (2018) Kat:2, Licht: 0,172655,2,1,0,02,08,2,2,0,1,0,0,0,0,0