WKT,Name,OBJECTID,UKATEGORIE,UTYP1,UART,UMONAT,USTUNDE,UWOCHENTAG,STRZUSTAND,ULICHTVERH,ISTRAD,ISTPKW,ISTFUSS,ISTKRAD,ISTGKFZ,ISTSONSTIG
"POINT (11.014237510000044 49.451565778000031)",Unfall 172656 (2018) Kat:3, Licht: 2,172656,3,6,3,02,18,2,1,2,0,1,0,0,0,0
"POINT (11.065423839000061 49.448540262000051)",Unfall 172657 (2018) Kat:3, Licht: 0,172657,3,6,2,02,12,2,0,0,0,1,0,0,0,0
"POINT (11.044081234000032 49.466435537000052)",Unfall 172659 (2018) Kat:3, Licht: 0,172659,3,1,0,02,07,2,2,0,1,0,0,0,0,0
"POINT (11.067388589000075 49.444673222000063)",Unfall 172709 (2018) Kat:3, Licht: 0,172709,3,6,3,02,07,4,0,0,0,1,0,0,0,0
"POINT (11.085979827000074 49.445404216000043)",Unfall 172711 (2018) Kat:3, Licht: 1,172711,3,2,4,02,07,4,0,1,1,1,0,0,0,0
"POINT (11.146364112000072 49.414938667000058)",Unfall 172712 (2018) Kat:3, Licht: 0,172712,3,7,0,02,07,4,0,0,0,1,1,0,0,0
"POINT (11.083784560000026 49.459451518000037)",Unfall 172715 (2018) Kat:3, Licht: 0,172715,3,4,6,02,11,4,0,0,0,1,1,0,0,0
"POINT (11.124839978000068 49.443375315000026)",Unfall 172718 (2018) Kat:3, Licht: 0,172718,3,1,2,02,14,4,0,0,0,1,0,0,0,0
"POINT (11.035118932000046 49.458558569000047)",Unfall 172720 (2018) Kat:3, Licht: 0,172720,3,2,5,02,10,4,0,0,0,1,0,0,0,0
"POINT (11.098603485000069 49.474488549000057)",Unfall 172722 (2018) Kat:3, Licht: 0,172722,3,7,3,02,16,4,0,0,0,1,0,0,0,0
"POINT (11.071755379000024 49.449636385000076)",Unfall 172730 (2018) Kat:3, Licht: 0,172730,3,5,1,02,15,1,1,0,1,1,0,0,0,0
"POINT (11.024806162000061 49.469966642000031)",Unfall 172732 (2018) Kat:3, Licht: 2,172732,3,7,1,02,18,1,1,2,0,1,0,0,0,0
"POINT (11.085593039000059 49.451981379000074)",Unfall 172790 (2018) Kat:3, Licht: 2,172790,3,1,0,02,21,7,0,2,1,0,0,0,0,0
"POINT (11.003008576000070 49.450386106000053)",Unfall 172791 (2018) Kat:3, Licht: 0,172791,3,6,2,02,13,7,0,0,0,1,0,0,0,0
"POINT (11.067519016000062 49.473790860000065)",Unfall 172792 (2018) Kat:3, Licht: 0,172792,3,6,2,02,10,7,0,0,0,1,0,0,0,0
"POINT (11.073259155000073 49.473867313000028)",Unfall 172793 (2018) Kat:3, Licht: 0,172793,3,6,2,02,13,7,0,0,0,1,0,0,0,0
"POINT (11.132806098000060 49.403773437000041)",Unfall 172805 (2018) Kat:3, Licht: 0,172805,3,7,0,02,09,4,0,0,0,1,0,0,0,0
"POINT (11.006797149000022 49.521118320000028)",Unfall 172807 (2018) Kat:3, Licht: 0,172807,3,3,5,02,12,4,0,0,0,1,0,0,0,0
"POINT (11.053926603000036 49.440492660000075)",Unfall 172808 (2018) Kat:3, Licht: 0,172808,3,6,2,02,15,4,0,0,0,1,0,0,0,0
"POINT (11.068282570000065 49.435870619000070)",Unfall 172849 (2018) Kat:3, Licht: 2,172849,3,3,5,02,05,6,1,2,0,1,0,0,0,0
"POINT (11.052410033000058 49.443059914000060)",Unfall 172850 (2018) Kat:3, Licht: 0,172850,3,6,2,02,12,6,1,0,0,1,0,0,0,0
"POINT (11.063198647000036 49.405659747000072)",Unfall 172876 (2018) Kat:3, Licht: 2,172876,3,6,2,02,17,3,2,2,0,1,0,0,0,0
"POINT (11.090934121000032 49.437292604000049)",Unfall 172877 (2018) Kat:2, Licht: 2,172877,2,7,5,02,19,3,1,2,0,1,0,0,0,1
"POINT (11.064754731000050 49.395028138000043)",Unfall 172912 (2018) Kat:3, Licht: 0,172912,3,7,5,02,15,5,1,0,0,1,0,0,1,0
"POINT (11.102928491000057 49.438683431000072)",Unfall 172914 (2018) Kat:3, Licht: 2,172914,3,7,0,02,19,5,1,2,0,1,0,0,0,1
"POINT (11.073873377000041 49.464223423000078)",Unfall 172915 (2018) Kat:3, Licht: 2,172915,3,1,0,02,18,5,2,2,1,0,0,0,0,0
"POINT (11.052811424000026 49.455213595000032)",Unfall 172917 (2018) Kat:3, Licht: 2,172917,3,1,0,02,22,5,2,2,1,0,0,0,0,0
"POINT (11.058245990000046 49.457696290000058)",Unfall 172949 (2018) Kat:3, Licht: 0,172949,3,7,5,02,14,2,1,0,1,1,0,0,0,0
"POINT (11.016545910000048 49.431583233000026)",Unfall 172951 (2018) Kat:3, Licht: 0,172951,3,6,2,02,07,2,1,0,0,1,0,0,0,0
"POINT (11.070313357000032 49.464651449000030)",Unfall 172953 (2018) Kat:3, Licht: 0,172953,3,2,6,02,16,2,0,0,0,0,1,0,0,1
"POINT (11.023103058000061 49.389227997000035)",Unfall 172955 (2018) Kat:3, Licht: 0,172955,3,7,0,02,17,2,0,0,1,0,0,0,0,0
"POINT (11.150783545000024 49.400751604000050)",Unfall 172957 (2018) Kat:3, Licht: 0,172957,3,3,5,02,07,2,0,0,1,1,0,0,0,0
"POINT (11.074561975000051 49.445241582000051)",Unfall 172960 (2018) Kat:3, Licht: 1,172960,3,6,2,02,17,2,0,1,0,1,0,0,0,0
"POINT (11.072332604000053 49.448954179000054)",Unfall 173003 (2018) Kat:2, Licht: 2,173003,2,3,5,02,04,1,0,2,1,1,0,0,0,0
"POINT (11.077887625000074 49.451094431000058)",Unfall 173005 (2018) Kat:3, Licht: 2,173005,3,7,0,02,18,1,1,2,1,0,1,0,0,0
"POINT (11.061070377000021 49.459494056000040)",Unfall 173015 (2018) Kat:2, Licht: 2,173015,2,4,6,02,18,4,0,2,0,1,1,0,0,0
"POINT (11.070628206000038 49.433372734000045)",Unfall 173017 (2018) Kat:3, Licht: 0,173017,3,3,5,02,08,4,0,0,1,1,0,0,0,0
"POINT (11.054364153000051 49.440723972000058)",Unfall 173019 (2018) Kat:3, Licht: 0,173019,3,2,6,02,08,4,1,0,0,1,1,0,0,0
"POINT (11.059072904000061 49.449617100000069)",Unfall 173058 (2018) Kat:3, Licht: 2,173058,3,3,5,02,23,7,1,2,0,1,0,0,0,0
"POINT (11.080191694000064 49.450056166000081)",Unfall 173101 (2018) Kat:3, Licht: 2,173101,3,2,0,02,23,7,0,2,1,1,0,0,0,0
"POINT (11.082145894000064 49.447865870000044)",Unfall 173145 (2018) Kat:3, Licht: 0,173145,3,6,2,02,13,4,0,0,0,1,0,0,0,0
"POINT (11.071236604000035 49.475634192000030)",Unfall 173148 (2018) Kat:3, Licht: 0,173148,3,3,4,02,13,4,0,0,0,1,0,0,0,0
"POINT (11.106540641000038 49.438018330000034)",Unfall 173150 (2018) Kat:3, Licht: 0,173150,3,3,0,02,12,4,0,0,0,0,0,0,0,1
"POINT (11.018939693000050 49.423171671000034)",Unfall 173152 (2018) Kat:3, Licht: 2,173152,3,3,0,02,04,4,0,2,1,1,0,0,0,0
"POINT (11.078359236000040 49.446596666000062)",Unfall 173154 (2018) Kat:3, Licht: 0,173154,3,6,3,02,15,4,0,0,0,1,0,0,1,0
"POINT (11.076560135000022 49.439649565000082)",Unfall 173165 (2018) Kat:3, Licht: 1,173165,3,3,5,02,06,6,0,1,0,1,0,0,0,0
"POINT (11.082673146000047 49.451022616000046)",Unfall 173167 (2018) Kat:3, Licht: 0,173167,3,2,5,02,08,6,0,0,0,1,0,1,0,0
"POINT (11.086953756000071 49.427873006000027)",Unfall 173170 (2018) Kat:3, Licht: 0,173170,3,6,2,02,13,6,0,0,0,1,0,0,0,0
"POINT (11.100395945000059 49.464660975000072)",Unfall 173174 (2018) Kat:3, Licht: 0,173174,3,4,6,02,18,6,0,0,1,0,1,0,0,0
"POINT (11.071770115000049 49.447229639000057)",Unfall 173219 (2018) Kat:2, Licht: 0,173219,2,2,5,02,09,3,0,0,1,1,0,0,0,0
"POINT (11.095438713000021 49.445943523000039)",Unfall 173235 (2018) Kat:3, Licht: 0,173235,3,3,5,02,14,5,0,0,1,1,0,0,0,0
"POINT (11.052501504000077 49.441147183000055)",Unfall 173236 (2018) Kat:3, Licht: 0,173236,3,4,6,02,17,5,0,0,0,1,1,0,0,0
"POINT (11.083181856000067 49.455917118000059)",Unfall 173238 (2018) Kat:3, Licht: 0,173238,3,6,2,02,07,5,0,0,1,1,0,0,0,0
"POINT (11.073218793000024 49.446929551000039)",Unfall 173280 (2018) Kat:3, Licht: 0,173280,3,6,2,02,11,2,0,0,0,1,0,0,0,0
"POINT (11.113826701000050 49.438957347000041)",Unfall 173282 (2018) Kat:3, Licht: 0,173282,3,3,5,02,16,2,0,0,1,1,0,0,0,0
"POINT (11.090547410000056 49.438311098000042)",Unfall 173318 (2018) Kat:2, Licht: 0,173318,2,4,6,02,14,4,0,0,0,0,1,0,0,1
"POINT (11.084610157000043 49.449350284000047)",Unfall 173319 (2018) Kat:3, Licht: 1,173319,3,2,6,02,06,4,1,1,0,1,1,0,0,0
"POINT (11.075111936000042 49.462614437000070)",Unfall 173321 (2018) Kat:3, Licht: 2,173321,3,1,6,02,20,4,0,2,1,0,1,0,0,0
"POINT (11.059808663000069 49.452643131000059)",Unfall 173325 (2018) Kat:3, Licht: 0,173325,3,3,5,02,07,4,1,0,1,1,0,0,0,0
"POINT (11.132866269000033 49.405279911000036)",Unfall 173336 (2018) Kat:3, Licht: 1,173336,3,3,5,03,06,2,0,1,1,0,0,0,0,1
"POINT (11.055922239000040 49.441526754000051)",Unfall 173338 (2018) Kat:3, Licht: 0,173338,3,6,2,03,08,2,0,0,0,1,0,0,0,0
"POINT (11.042497852000054 49.456897574000038)",Unfall 173340 (2018) Kat:3, Licht: 0,173340,3,6,2,03,10,2,0,0,0,1,0,0,0,0
"POINT (11.082372463000070 49.484505389000049)",Unfall 173342 (2018) Kat:3, Licht: 0,173342,3,6,2,03,15,2,0,0,0,1,0,0,0,0
"POINT (11.025478925000073 49.449369907000062)",Unfall 173344 (2018) Kat:3, Licht: 0,173344,3,5,1,03,13,2,0,0,1,1,0,0,0,0
"POINT (11.072825411000053 49.454449976000035)",Unfall 173351 (2018) Kat:3, Licht: 0,173351,3,7,5,03,15,2,0,0,0,1,0,0,0,0
"POINT (11.046472016000052 49.420363032000068)",Unfall 173386 (2018) Kat:2, Licht: 0,173386,2,3,5,03,14,5,0,0,0,1,0,0,1,0
"POINT (11.067991548000066 49.435078634000035)",Unfall 173388 (2018) Kat:3, Licht: 0,173388,3,2,4,03,09,5,0,0,0,1,0,0,0,0
"POINT (11.071384278000039 49.439036325000075)",Unfall 173399 (2018) Kat:3, Licht: 2,173399,3,1,7,03,02,1,2,2,0,1,0,0,0,0
"POINT (11.032437252000022 49.468506112000057)",Unfall 173402 (2018) Kat:3, Licht: 2,173402,3,2,5,03,19,1,0,2,1,1,0,0,0,0
"POINT (11.064994731000070 49.413656143000026)",Unfall 173462 (2018) Kat:3, Licht: 1,173462,3,1,9,03,07,7,1,1,0,1,0,0,0,0
"POINT (11.059500994000075 49.446739093000076)",Unfall 173464 (2018) Kat:3, Licht: 2,173464,3,7,7,03,04,7,2,2,0,1,0,0,0,0
"POINT (11.057182734000037 49.473057554000036)",Unfall 173470 (2018) Kat:3, Licht: 0,173470,3,4,6,03,13,4,0,0,0,0,1,0,0,1
"POINT (11.115373721000026 49.473956917000066)",Unfall 173472 (2018) Kat:3, Licht: 0,173472,3,6,2,03,08,4,0,0,0,1,0,0,0,0
"POINT (11.059290257000043 49.457878391000065)",Unfall 173526 (2018) Kat:3, Licht: 0,173526,3,1,6,03,07,6,0,0,1,0,1,0,0,0
"POINT (11.047036472000059 49.429003421000061)",Unfall 173527 (2018) Kat:2, Licht: 0,173527,2,4,6,03,15,6,0,0,0,1,1,0,0,0
"POINT (11.067311706000055 49.440238479000072)",Unfall 173529 (2018) Kat:3, Licht: 0,173529,3,6,2,03,13,6,0,0,0,1,0,0,0,0
"POINT (11.070580109000048 49.433314020000068)",Unfall 173531 (2018) Kat:3, Licht: 2,173531,3,3,5,03,19,3,1,2,1,1,0,0,0,0
"POINT (11.065605432000041 49.447544341000025)",Unfall 173532 (2018) Kat:2, Licht: 0,173532,2,2,6,03,10,3,0,0,0,1,1,0,0,0
"POINT (11.144304961000046 49.412818560000062)",Unfall 173534 (2018) Kat:3, Licht: 2,173534,3,2,4,03,20,3,1,2,0,1,0,0,0,0
"POINT (11.069662014000073 49.465559353000060)",Unfall 173535 (2018) Kat:3, Licht: 0,173535,3,6,3,03,10,3,0,0,0,1,0,0,0,0
"POINT (11.153792054000064 49.402143909000074)",Unfall 173594 (2018) Kat:3, Licht: 1,173594,3,6,2,03,17,5,0,1,0,1,0,0,0,0
"POINT (11.057828232000077 49.454615994000051)",Unfall 173641 (2018) Kat:3, Licht: 0,173641,3,6,2,03,07,2,1,0,0,1,0,0,0,0
"POINT (11.047648970000068 49.420075033000046)",Unfall 173653 (2018) Kat:3, Licht: 0,173653,3,6,2,03,09,5,0,0,0,1,0,0,0,0
"POINT (11.004907179000043 49.441478578000044)",Unfall 173655 (2018) Kat:3, Licht: 0,173655,3,3,5,03,16,5,0,0,1,1,0,0,0,0
"POINT (11.096623155000032 49.465759594000076)",Unfall 173656 (2018) Kat:3, Licht: 2,173656,3,6,3,03,20,5,0,2,0,1,0,0,0,0
"POINT (11.110531410000021 49.391470697000045)",Unfall 173704 (2018) Kat:3, Licht: 0,173704,3,1,3,03,11,1,0,0,1,0,0,0,0,0
"POINT (11.018799090000073 49.420560840000064)",Unfall 173780 (2018) Kat:3, Licht: 1,173780,3,6,6,03,19,7,1,1,0,1,1,0,0,0
"POINT (11.076280344000054 49.460842321000030)",Unfall 173782 (2018) Kat:3, Licht: 0,173782,3,1,0,03,09,7,0,0,1,0,0,0,0,0
"POINT (11.092478160000041 49.429134518000069)",Unfall 173789 (2018) Kat:3, Licht: 0,173789,3,2,1,03,15,4,0,0,0,1,0,0,0,0
"POINT (11.107873857000072 49.401218894000067)",Unfall 173792 (2018) Kat:3, Licht: 2,173792,3,7,4,03,20,4,0,2,0,1,0,1,0,0
"POINT (11.073338002000071 49.464966150000066)",Unfall 173853 (2018) Kat:3, Licht: 0,173853,3,3,5,03,13,6,1,0,1,1,0,0,0,0
"POINT (11.089410384000075 49.446164885000030)",Unfall 173854 (2018) Kat:3, Licht: 0,173854,3,3,5,03,12,6,1,0,0,1,0,1,0,0
"POINT (11.098825139000041 49.459401093000054)",Unfall 173856 (2018) Kat:2, Licht: 2,173856,2,4,6,03,19,6,1,2,0,1,1,0,0,0
"POINT (11.039817450000044 49.440741117000073)",Unfall 173857 (2018) Kat:3, Licht: 2,173857,3,1,0,03,22,6,1,2,1,0,0,0,0,0
"POINT (11.115228944000023 49.413029918000063)",Unfall 173881 (2018) Kat:3, Licht: 2,173881,3,2,4,03,20,3,1,2,0,1,0,0,0,0
"POINT (11.088710318000039 49.447819565000032)",Unfall 173888 (2018) Kat:3, Licht: 2,173888,3,6,2,03,20,4,0,2,0,1,0,0,0,0
"POINT (11.045746247000068 49.428804209000077)",Unfall 173906 (2018) Kat:3, Licht: 0,173906,3,3,5,03,09,6,1,0,1,1,0,0,0,0
"POINT (11.052551047000065 49.400393260000044)",Unfall 173931 (2018) Kat:3, Licht: 0,173931,3,6,2,03,08,3,0,0,0,1,0,0,1,0
"POINT (11.144354042000032 49.412686382000061)",Unfall 173937 (2018) Kat:3, Licht: 0,173937,3,3,5,03,16,3,1,0,0,1,0,0,0,1
"POINT (11.102785023000024 49.459731100000056)",Unfall 173957 (2018) Kat:3, Licht: 2,173957,3,2,6,03,19,6,1,2,0,1,1,0,0,0
"POINT (11.044627506000040 49.491864065000073)",Unfall 173964 (2018) Kat:3, Licht: 0,173964,3,3,5,03,16,2,0,0,0,1,0,0,0,1
"POINT (11.054827234000072 49.478369978000046)",Unfall 173965 (2018) Kat:3, Licht: 0,173965,3,7,9,03,09,2,0,0,0,1,0,0,0,0
"POINT (11.103731175000064 49.450057322000077)",Unfall 173967 (2018) Kat:3, Licht: 0,173967,3,3,5,03,12,2,0,0,0,1,0,0,0,0
"POINT (11.061289279000050 49.460242955000069)",Unfall 173970 (2018) Kat:3, Licht: 0,173970,3,3,0,03,07,2,2,0,0,1,0,0,0,1
"POINT (11.098170491000076 49.446724250000045)",Unfall 173971 (2018) Kat:3, Licht: 0,173971,3,1,0,03,09,2,2,0,1,0,0,0,0,0
"POINT (11.086844165000059 49.448718439000061)",Unfall 173972 (2018) Kat:3, Licht: 2,173972,3,2,6,03,20,4,0,2,0,1,1,0,0,0
"POINT (11.052554943000075 49.362219095000057)",Unfall 173982 (2018) Kat:3, Licht: 0,173982,3,7,1,03,16,3,1,0,1,1,0,0,0,0
"POINT (11.097065039000029 49.448730231000070)",Unfall 174019 (2018) Kat:3, Licht: 2,174019,3,6,2,03,01,1,2,2,0,1,0,0,0,0
"POINT (11.079242918000034 49.440096085000050)",Unfall 174065 (2018) Kat:3, Licht: 0,174065,3,6,3,03,11,7,0,0,0,1,0,0,0,1
"POINT (11.093324116000076 49.442645170000048)",Unfall 174067 (2018) Kat:3, Licht: 0,174067,3,6,3,03,12,7,0,0,0,1,0,0,0,0
"POINT (11.093351110000071 49.448329495000053)",Unfall 174068 (2018) Kat:3, Licht: 0,174068,3,3,5,03,17,7,0,0,0,1,0,0,0,0
"POINT (11.076283100000069 49.440541401000075)",Unfall 174070 (2018) Kat:3, Licht: 0,174070,3,7,5,03,16,7,0,0,0,1,0,0,0,0
"POINT (11.082139070000039 49.447852809000040)",Unfall 174072 (2018) Kat:3, Licht: 2,174072,3,3,6,03,23,7,2,2,0,1,1,0,0,0
"POINT (11.078834021000034 49.438700676000053)",Unfall 174079 (2018) Kat:2, Licht: 0,174079,2,2,4,03,07,4,0,0,1,1,0,0,0,0
"POINT (11.043103092000024 49.453334040000072)",Unfall 174091 (2018) Kat:2, Licht: 0,174091,2,1,0,03,10,3,2,0,1,0,0,0,0,0
"POINT (11.050391262000062 49.492697361000069)",Unfall 174159 (2018) Kat:3, Licht: 0,174159,3,3,5,03,12,6,0,0,0,1,0,0,0,0
"POINT (11.068511489000059 49.457263490000059)",Unfall 174161 (2018) Kat:3, Licht: 0,174161,3,6,2,03,09,6,1,0,0,1,0,0,0,0
"POINT (11.084966021000071 49.422579114000030)",Unfall 174163 (2018) Kat:3, Licht: 0,174163,3,6,2,03,07,6,0,0,0,1,0,0,0,0
"POINT (11.144210056000077 49.412699686000053)",Unfall 174188 (2018) Kat:3, Licht: 0,174188,3,2,5,03,16,7,0,0,0,1,0,0,0,0
"POINT (11.036583118000067 49.513322456000026)",Unfall 174227 (2018) Kat:3, Licht: 0,174227,3,7,0,03,09,4,1,0,1,0,0,0,0,0
"POINT (11.049308654000072 49.435985118000076)",Unfall 174228 (2018) Kat:3, Licht: 1,174228,3,2,6,03,06,4,1,1,0,1,1,0,0,0
"POINT (11.078902951000032 49.454599176000045)",Unfall 174247 (2018) Kat:2, Licht: 2,174247,2,7,0,03,03,7,0,2,1,0,0,0,0,0
"POINT (11.094949594000070 49.442548581000040)",Unfall 174304 (2018) Kat:3, Licht: 2,174304,3,7,6,03,21,3,0,2,0,1,1,0,0,0
"POINT (11.067911042000048 49.451818422000031)",Unfall 174306 (2018) Kat:3, Licht: 0,174306,3,6,1,03,10,3,0,0,0,1,0,0,0,0
"POINT (11.069077641000035 49.436894540000026)",Unfall 174307 (2018) Kat:3, Licht: 0,174307,3,7,5,03,18,3,0,0,0,1,0,0,0,1
"POINT (11.029684726000028 49.422472982000045)",Unfall 174309 (2018) Kat:3, Licht: 0,174309,3,1,0,03,13,3,0,0,0,0,0,1,0,0
"POINT (11.066093507000062 49.448124983000071)",Unfall 174312 (2018) Kat:3, Licht: 0,174312,3,7,0,03,17,5,0,0,0,1,0,0,0,0
"POINT (11.102502433000041 49.474656415000027)",Unfall 174315 (2018) Kat:2, Licht: 0,174315,2,4,6,03,15,5,1,0,0,1,1,0,0,0
"POINT (11.058802018000051 49.449159126000040)",Unfall 174321 (2018) Kat:3, Licht: 0,174321,3,5,1,03,11,5,0,0,1,1,0,0,0,0
"POINT (11.127831681000032 49.442296814000031)",Unfall 174325 (2018) Kat:2, Licht: 0,174325,2,6,4,03,11,5,0,0,1,0,0,0,0,1
"POINT (11.081205804000035 49.438993609000079)",Unfall 174368 (2018) Kat:2, Licht: 0,174368,2,4,6,03,17,7,0,0,0,1,1,0,0,0
"POINT (11.039232391000041 49.440092889000027)",Unfall 174383 (2018) Kat:3, Licht: 0,174383,3,3,5,03,16,2,1,0,0,1,0,0,0,0
"POINT (11.093103231000043 49.453209508000043)",Unfall 174419 (2018) Kat:2, Licht: 0,174419,2,7,0,04,14,2,0,0,0,0,0,1,0,0
"POINT (11.065584810000075 49.460856401000058)",Unfall 174420 (2018) Kat:3, Licht: 0,174420,3,3,5,04,10,2,0,0,0,1,0,0,0,0
"POINT (11.092045481000071 49.436052689000064)",Unfall 174421 (2018) Kat:3, Licht: 0,174421,3,3,5,04,13,2,0,0,0,1,0,1,0,0
"POINT (11.081191369000067 49.442369005000046)",Unfall 174465 (2018) Kat:3, Licht: 0,174465,3,2,4,04,13,4,0,0,0,1,0,0,0,0
"POINT (11.067493824000053 49.444778084000063)",Unfall 174467 (2018) Kat:3, Licht: 2,174467,3,1,9,04,21,4,0,2,0,1,0,0,0,0
"POINT (11.065767141000038 49.449683038000046)",Unfall 174469 (2018) Kat:3, Licht: 0,174469,3,6,2,03,12,7,0,0,0,1,0,0,0,0
"POINT (11.033691801000032 49.405990906000056)",Unfall 174470 (2018) Kat:3, Licht: 0,174470,3,2,3,04,16,4,0,0,1,1,0,0,0,0
"POINT (11.023722959000054 49.462767872000029)",Unfall 174471 (2018) Kat:3, Licht: 0,174471,3,6,2,03,13,7,0,0,0,1,0,0,0,0
"POINT (11.090374071000042 49.441621141000041)",Unfall 174473 (2018) Kat:3, Licht: 0,174473,3,6,3,04,13,4,0,0,1,1,0,0,0,0
"POINT (11.052899612000033 49.425732935000042)",Unfall 174475 (2018) Kat:3, Licht: 0,174475,3,7,1,04,16,4,0,0,1,1,0,0,0,0
"POINT (11.083710463000045 49.466069596000068)",Unfall 174534 (2018) Kat:3, Licht: 2,174534,3,5,1,03,00,6,0,2,1,1,0,0,0,0
"POINT (11.049505297000053 49.452830966000079)",Unfall 174535 (2018) Kat:3, Licht: 0,174535,3,2,2,03,14,6,0,0,0,1,0,1,0,0
"POINT (11.085850651000044 49.444625842000050)",Unfall 174537 (2018) Kat:3, Licht: 0,174537,3,1,0,03,14,6,0,0,1,0,0,0,0,0
"POINT (11.084078230000046 49.456223631000057)",Unfall 174595 (2018) Kat:3, Licht: 0,174595,3,6,2,04,15,3,0,0,0,1,0,0,0,1
"POINT (11.113345426000024 49.403763862000062)",Unfall 174597 (2018) Kat:3, Licht: 0,174597,3,2,3,04,15,3,0,0,1,0,0,0,0,1
"POINT (11.100781620000021 49.443100257000026)",Unfall 174599 (2018) Kat:3, Licht: 0,174599,3,6,2,04,14,3,0,0,0,1,0,0,0,0
"POINT (11.084790513000030 49.434821953000039)",Unfall 174601 (2018) Kat:3, Licht: 0,174601,3,6,2,04,13,3,0,0,0,1,0,0,0,0
"POINT (11.090600177000056 49.444317457000068)",Unfall 174602 (2018) Kat:3, Licht: 0,174602,3,1,1,04,16,3,0,0,1,1,0,0,0,0
"POINT (11.094671749000042 49.448409435000030)",Unfall 174615 (2018) Kat:3, Licht: 0,174615,3,6,3,03,15,5,0,0,0,1,0,0,0,0
"POINT (11.066853244000072 49.406065414000068)",Unfall 174618 (2018) Kat:2, Licht: 0,174618,2,2,5,03,11,5,0,0,0,1,0,0,0,0
"POINT (11.065495538000050 49.428417743000068)",Unfall 174619 (2018) Kat:3, Licht: 2,174619,3,6,2,03,21,5,0,2,0,1,0,0,0,1
"POINT (11.125999760000070 49.448684213000035)",Unfall 174719 (2018) Kat:3, Licht: 0,174719,3,6,0,04,15,6,0,0,0,0,0,0,0,1
"POINT (11.026815411000030 49.419543390000058)",Unfall 174721 (2018) Kat:3, Licht: 0,174721,3,5,5,04,07,6,0,0,0,1,0,0,0,0
"POINT (11.099662725000030 49.455290245000072)",Unfall 174724 (2018) Kat:3, Licht: 0,174724,3,5,0,04,11,6,0,0,0,1,0,0,0,0
"POINT (11.030992317000027 49.396650619000070)",Unfall 174726 (2018) Kat:3, Licht: 0,174726,3,7,3,04,18,6,0,0,0,0,0,1,0,1
"POINT (11.060673945000076 49.447034552000048)",Unfall 174728 (2018) Kat:3, Licht: 0,174728,3,6,2,04,16,6,0,0,0,1,0,0,1,0
"POINT (11.068831772000067 49.467401549000044)",Unfall 174731 (2018) Kat:3, Licht: 2,174731,3,6,2,04,20,6,0,2,0,1,0,0,0,1
"POINT (11.014645819000066 49.514945561000047)",Unfall 174734 (2018) Kat:3, Licht: 0,174734,3,2,5,04,14,6,0,0,0,1,0,0,0,0
"POINT (11.095912118000058 49.458694487000059)",Unfall 174736 (2018) Kat:3, Licht: 0,174736,3,2,5,04,18,6,0,0,0,1,0,0,0,1
"POINT (11.059215280000046 49.445660466000049)",Unfall 174740 (2018) Kat:3, Licht: 0,174740,3,3,5,04,16,1,0,0,0,1,0,0,0,0
"POINT (11.100237955000068 49.446020305000047)",Unfall 174827 (2018) Kat:3, Licht: 0,174827,3,6,5,04,10,5,0,0,0,1,0,0,0,0
"POINT (11.104369262000034 49.460064365000051)",Unfall 174828 (2018) Kat:3, Licht: 0,174828,3,6,3,04,10,5,0,0,0,1,0,0,0,1
"POINT (11.032693819000031 49.421419048000075)",Unfall 174831 (2018) Kat:3, Licht: 0,174831,3,5,0,04,09,5,0,0,0,1,0,0,0,1
"POINT (11.061523190000059 49.431876596000052)",Unfall 174833 (2018) Kat:3, Licht: 2,174833,3,2,5,04,05,5,0,2,0,1,0,1,0,0
"POINT (11.124852309000062 49.443385104000072)",Unfall 174853 (2018) Kat:3, Licht: 0,174853,3,6,0,04,17,7,0,0,1,1,0,0,0,0
"POINT (11.076809005000030 49.452949667000041)",Unfall 174854 (2018) Kat:3, Licht: 0,174854,3,7,6,04,18,7,0,0,1,0,1,0,0,0
"POINT (11.081057948000023 49.440330259000064)",Unfall 174857 (2018) Kat:3, Licht: 0,174857,3,3,5,04,16,7,0,0,0,1,0,1,0,0
"POINT (11.086295382000060 49.451677182000026)",Unfall 174859 (2018) Kat:2, Licht: 0,174859,2,6,3,04,15,7,0,0,0,1,0,0,0,0
"POINT (11.074518961000024 49.437963944000046)",Unfall 174861 (2018) Kat:3, Licht: 2,174861,3,3,5,04,06,7,0,2,0,1,0,0,0,0
"POINT (11.015934100000038 49.429446650000045)",Unfall 174999 (2018) Kat:3, Licht: 0,174999,3,6,2,04,07,3,0,0,0,1,0,1,0,0
"POINT (11.079273032000060 49.448142420000067)",Unfall 175001 (2018) Kat:3, Licht: 0,175001,3,7,6,04,10,3,0,0,0,0,1,0,0,1
"POINT (11.016909376000058 49.455428993000055)",Unfall 175004 (2018) Kat:3, Licht: 2,175004,3,3,0,04,06,3,0,2,1,1,0,0,0,0
"POINT (11.073971308000068 49.439384607000079)",Unfall 175005 (2018) Kat:3, Licht: 0,175005,3,2,5,04,16,3,0,0,0,1,0,0,0,0