WKT,Name,OBJECTID,UKATEGORIE,UTYP1,UART,UMONAT,USTUNDE,UWOCHENTAG,STRZUSTAND,ULICHTVERH,ISTRAD,ISTPKW,ISTFUSS,ISTKRAD,ISTGKFZ,ISTSONSTIG
"POINT (11.083240179000029 49.449934946000042)",Unfall 175007 (2018) Kat:3, Licht: 0,175007,3,6,2,04,08,3,0,0,0,1,0,1,0,0
"POINT (11.128560326000070 49.407064613000045)",Unfall 175008 (2018) Kat:3, Licht: 0,175008,3,3,5,04,13,3,0,0,1,1,0,0,0,0
"POINT (11.085939601000064 49.463328777000072)",Unfall 175012 (2018) Kat:2, Licht: 0,175012,2,1,0,04,07,3,0,0,1,0,0,0,0,0
"POINT (11.105175691000056 49.483454735000066)",Unfall 175016 (2018) Kat:3, Licht: 0,175016,3,3,5,04,18,3,1,0,1,0,0,0,0,1
"POINT (11.113487586000076 49.403649255000062)",Unfall 175027 (2018) Kat:3, Licht: 0,175027,3,2,0,04,07,5,0,0,1,1,0,0,0,0
"POINT (11.021806591000029 49.460175146000040)",Unfall 175028 (2018) Kat:3, Licht: 1,175028,3,4,6,04,19,5,0,1,0,1,1,0,0,0
"POINT (11.086484810000059 49.457198925000057)",Unfall 175031 (2018) Kat:3, Licht: 0,175031,3,6,2,04,10,5,0,0,0,1,0,0,0,0
"POINT (11.071701219000033 49.462489735000077)",Unfall 175034 (2018) Kat:3, Licht: 0,175034,3,6,3,04,16,5,0,0,1,0,0,0,1,0
"POINT (11.073561395000070 49.451649893000081)",Unfall 175036 (2018) Kat:3, Licht: 0,175036,3,4,6,04,13,5,0,0,0,1,1,0,0,0
"POINT (11.042109188000040 49.418802637000056)",Unfall 175037 (2018) Kat:3, Licht: 0,175037,3,3,5,04,13,5,0,0,1,1,0,0,0,0
"POINT (11.057776810000064 49.454645356000071)",Unfall 175149 (2018) Kat:3, Licht: 0,175149,3,2,4,04,16,4,0,0,1,1,0,0,0,0
"POINT (11.041241729000035 49.421879905000026)",Unfall 175152 (2018) Kat:3, Licht: 0,175152,3,6,3,04,17,4,0,0,0,1,0,1,0,0
"POINT (11.056448762000059 49.446047082000064)",Unfall 175154 (2018) Kat:3, Licht: 0,175154,3,3,5,04,10,4,0,0,0,1,0,0,0,0
"POINT (11.093748836000032 49.462676506000037)",Unfall 175157 (2018) Kat:3, Licht: 0,175157,3,2,5,04,16,4,0,0,0,1,0,0,0,0
"POINT (11.001192183000057 49.449309159000052)",Unfall 175159 (2018) Kat:3, Licht: 0,175159,3,7,5,04,18,2,0,0,0,1,0,0,0,0
"POINT (11.168004557000074 49.404005170000062)",Unfall 175160 (2018) Kat:3, Licht: 0,175160,3,6,2,04,11,2,0,0,1,1,0,0,0,0
"POINT (11.096440421000068 49.448656176000043)",Unfall 175172 (2018) Kat:2, Licht: 2,175172,2,1,9,04,00,1,0,2,0,0,0,1,0,0
"POINT (11.127032140000040 49.464060429000028)",Unfall 175174 (2018) Kat:3, Licht: 2,175174,3,6,3,04,00,1,0,2,0,1,0,1,0,0
"POINT (11.030610044000071 49.474165527000082)",Unfall 175252 (2018) Kat:3, Licht: 0,175252,3,2,5,04,06,3,0,0,1,1,0,0,0,0
"POINT (11.059133682000038 49.449717781000061)",Unfall 175254 (2018) Kat:3, Licht: 0,175254,3,2,4,04,08,3,0,0,0,1,0,0,0,0
"POINT (11.038371447000031 49.429782815000067)",Unfall 175256 (2018) Kat:2, Licht: 2,175256,2,5,1,04,05,3,0,2,1,1,0,0,0,0
"POINT (11.011441865000052 49.447938861000068)",Unfall 175258 (2018) Kat:3, Licht: 0,175258,3,3,5,04,16,3,0,0,1,1,0,0,0,0
"POINT (11.114836074000038 49.454348483000047)",Unfall 175259 (2018) Kat:3, Licht: 0,175259,3,3,5,04,07,3,0,0,0,1,0,1,0,0
"POINT (11.013850420000040 49.428063757000075)",Unfall 175261 (2018) Kat:3, Licht: 0,175261,3,1,0,04,17,3,0,0,0,0,0,1,0,0
"POINT (11.076068352000050 49.433921882000050)",Unfall 175263 (2018) Kat:3, Licht: 0,175263,3,6,4,04,17,3,0,0,1,1,0,0,0,0
"POINT (11.022083625000050 49.459888133000049)",Unfall 175265 (2018) Kat:3, Licht: 0,175265,3,6,4,04,10,3,0,0,1,0,0,0,0,0
"POINT (11.085633327000039 49.450285049000058)",Unfall 175275 (2018) Kat:3, Licht: 2,175275,3,3,5,04,04,7,0,2,0,1,0,0,0,0
"POINT (11.081015586000035 49.440324809000060)",Unfall 175277 (2018) Kat:3, Licht: 0,175277,3,6,2,04,10,7,0,0,0,1,0,0,0,0
"POINT (11.082462061000058 49.462151835000043)",Unfall 175278 (2018) Kat:3, Licht: 2,175278,3,3,5,04,00,7,1,2,0,1,0,0,0,0
"POINT (11.150726388000066 49.411858002000031)",Unfall 175281 (2018) Kat:3, Licht: 0,175281,3,1,0,04,15,7,0,0,1,0,0,0,0,0
"POINT (11.084258782000063 49.448732093000046)",Unfall 175284 (2018) Kat:3, Licht: 0,175284,3,6,3,04,10,7,0,0,0,1,0,0,0,0
"POINT (11.081791920000057 49.466072043000054)",Unfall 175371 (2018) Kat:3, Licht: 0,175371,3,3,5,04,09,2,0,0,1,1,0,0,0,0
"POINT (11.042389184000058 49.440537798000037)",Unfall 175373 (2018) Kat:3, Licht: 0,175373,3,3,5,04,09,2,0,0,0,1,0,0,0,0
"POINT (11.076808720000031 49.452880693000054)",Unfall 175375 (2018) Kat:3, Licht: 0,175375,3,7,0,04,14,2,0,0,1,0,1,0,0,0
"POINT (11.068949130000021 49.439361354000027)",Unfall 175376 (2018) Kat:2, Licht: 0,175376,2,3,5,04,08,2,0,0,0,1,0,1,0,0
"POINT (11.121141983000030 49.442895062000048)",Unfall 175379 (2018) Kat:3, Licht: 0,175379,3,6,2,04,13,2,0,0,0,1,0,0,0,0
"POINT (11.035905124000067 49.472363193000035)",Unfall 175380 (2018) Kat:3, Licht: 0,175380,3,3,5,04,17,2,0,0,0,1,0,0,0,0
"POINT (11.071602458000029 49.445889453000063)",Unfall 175382 (2018) Kat:3, Licht: 1,175382,3,7,0,04,06,2,1,1,0,1,0,1,0,0
"POINT (11.059035128000062 49.449553232000028)",Unfall 175384 (2018) Kat:3, Licht: 2,175384,3,3,5,04,22,2,0,2,1,1,0,0,0,0
"POINT (11.053831383000045 49.406754611000054)",Unfall 175419 (2018) Kat:2, Licht: 2,175419,2,2,4,04,05,6,1,2,0,1,0,0,1,0
"POINT (11.097573097000065 49.459027555000034)",Unfall 175420 (2018) Kat:3, Licht: 0,175420,3,2,0,04,12,6,0,0,0,1,0,1,0,0
"POINT (11.101836532000050 49.459741790000066)",Unfall 175421 (2018) Kat:2, Licht: 0,175421,2,3,5,04,08,6,0,0,1,1,0,0,0,0
"POINT (11.115619386000049 49.443787194000038)",Unfall 175423 (2018) Kat:3, Licht: 0,175423,3,3,5,04,14,6,0,0,0,1,0,1,0,0
"POINT (11.064945093000063 49.448852982000062)",Unfall 175424 (2018) Kat:3, Licht: 2,175424,3,6,2,04,21,6,0,2,0,1,0,0,0,0
"POINT (11.076943811000035 49.434791491000055)",Unfall 175427 (2018) Kat:3, Licht: 0,175427,3,3,5,04,17,6,1,0,0,1,0,0,0,0
"POINT (11.054405394000071 49.444139769000060)",Unfall 175429 (2018) Kat:3, Licht: 0,175429,3,6,3,04,11,6,0,0,0,1,0,0,0,0
"POINT (11.091524923000065 49.436478351000062)",Unfall 175464 (2018) Kat:3, Licht: 0,175464,3,1,0,04,10,5,0,0,1,0,0,0,0,0
"POINT (11.066443248000041 49.447455707000074)",Unfall 175465 (2018) Kat:3, Licht: 0,175465,3,6,4,04,08,5,0,0,1,0,0,0,0,0
"POINT (11.104781739000032 49.474279990000070)",Unfall 175468 (2018) Kat:3, Licht: 0,175468,3,3,5,04,18,5,0,0,1,1,0,0,0,0
"POINT (11.017425983000066 49.456451807000064)",Unfall 175470 (2018) Kat:2, Licht: 0,175470,2,3,5,04,17,5,0,0,0,1,0,1,0,0
"POINT (11.150102884000034 49.462078403000078)",Unfall 175473 (2018) Kat:3, Licht: 0,175473,3,1,9,04,16,5,0,0,1,0,0,0,0,0
"POINT (11.053568533000032 49.403319803000045)",Unfall 175475 (2018) Kat:3, Licht: 0,175475,3,6,2,04,13,5,0,0,0,1,0,0,1,0
"POINT (11.055823347000057 49.441472705000081)",Unfall 175556 (2018) Kat:3, Licht: 0,175556,3,3,5,04,09,6,0,0,0,1,0,1,0,0
"POINT (11.086250869000025 49.430055410000080)",Unfall 175559 (2018) Kat:3, Licht: 0,175559,3,6,2,04,17,6,0,0,0,1,0,0,0,0
"POINT (11.104714415000046 49.471920817000068)",Unfall 175561 (2018) Kat:3, Licht: 0,175561,3,5,1,04,18,6,0,0,1,1,0,0,0,0
"POINT (11.051770396000052 49.441300360000071)",Unfall 175562 (2018) Kat:3, Licht: 0,175562,3,6,1,04,17,6,0,0,0,1,0,0,0,0
"POINT (11.016734035000070 49.455043457000045)",Unfall 175563 (2018) Kat:3, Licht: 0,175563,3,6,0,04,13,6,0,0,0,0,0,1,0,0
"POINT (11.050509373000068 49.433125596000082)",Unfall 175565 (2018) Kat:3, Licht: 0,175565,3,6,1,04,13,6,0,0,1,1,0,0,0,0
"POINT (11.076766162000069 49.439749305000078)",Unfall 175566 (2018) Kat:3, Licht: 0,175566,3,6,2,04,17,6,0,0,0,1,0,1,0,0
"POINT (11.130387830000075 49.431486180000036)",Unfall 175634 (2018) Kat:3, Licht: 0,175634,3,7,0,04,15,4,0,0,1,0,1,0,0,0
"POINT (11.071819271000038 49.447498169000028)",Unfall 175636 (2018) Kat:3, Licht: 1,175636,3,3,5,04,20,4,0,1,1,1,0,0,0,0
"POINT (11.072462563000045 49.445709918000034)",Unfall 175638 (2018) Kat:3, Licht: 0,175638,3,3,5,04,09,4,0,0,0,1,0,1,0,0
"POINT (11.100979595000069 49.456204088000050)",Unfall 175639 (2018) Kat:3, Licht: 0,175639,3,7,2,04,13,4,0,0,1,1,0,0,0,0
"POINT (11.040569540000035 49.440708781000069)",Unfall 175642 (2018) Kat:3, Licht: 0,175642,3,3,5,04,17,4,0,0,0,1,0,1,0,0
"POINT (11.098525739000024 49.443930528000067)",Unfall 175643 (2018) Kat:3, Licht: 0,175643,3,6,2,04,07,4,0,0,0,1,0,1,0,0
"POINT (11.079825183000025 49.440169848000039)",Unfall 175645 (2018) Kat:3, Licht: 0,175645,3,6,2,04,08,4,0,0,0,1,0,0,0,0
"POINT (11.122311806000027 49.480216441000039)",Unfall 175751 (2018) Kat:3, Licht: 0,175751,3,7,5,04,11,3,0,0,0,1,0,1,0,0
"POINT (11.143618651000054 49.397089587000039)",Unfall 175753 (2018) Kat:2, Licht: 0,175753,2,1,8,04,14,3,0,0,0,1,0,0,0,0
"POINT (11.053864236000038 49.406647410000062)",Unfall 175754 (2018) Kat:2, Licht: 0,175754,2,1,0,04,07,3,0,0,1,0,0,0,0,0
"POINT (11.102671148000070 49.438751945000035)",Unfall 175774 (2018) Kat:3, Licht: 0,175774,3,2,0,04,09,1,0,0,0,1,0,0,0,1
"POINT (11.072292200000049 49.473844880000058)",Unfall 175775 (2018) Kat:2, Licht: 0,175775,2,6,2,04,17,1,0,0,0,1,0,1,0,0
"POINT (11.068022467000048 49.411665306000032)",Unfall 175900 (2018) Kat:3, Licht: 0,175900,3,1,8,04,14,2,0,0,0,0,0,0,1,0
"POINT (11.053619467000033 49.458835917000044)",Unfall 175902 (2018) Kat:3, Licht: 0,175902,3,3,5,04,15,2,0,0,1,1,0,0,0,0
"POINT (11.053603902000077 49.403635252000072)",Unfall 175905 (2018) Kat:2, Licht: 0,175905,2,3,5,04,09,2,0,0,0,1,0,0,0,0
"POINT (11.123745500000041 49.485514784000031)",Unfall 175907 (2018) Kat:3, Licht: 0,175907,3,7,0,04,08,2,0,0,0,0,1,0,0,1
"POINT (11.082345598000074 49.460976375000030)",Unfall 175919 (2018) Kat:3, Licht: 0,175919,3,3,5,04,18,7,0,0,0,1,0,0,0,0
"POINT (11.065136219000067 49.439214900000081)",Unfall 175922 (2018) Kat:3, Licht: 2,175922,3,7,1,04,00,7,0,2,0,1,0,0,0,0
"POINT (11.062043143000039 49.416472168000041)",Unfall 175925 (2018) Kat:3, Licht: 0,175925,3,3,5,04,10,7,0,0,0,1,0,0,0,0
"POINT (11.095423385000061 49.445916944000032)",Unfall 175926 (2018) Kat:3, Licht: 0,175926,3,7,0,04,13,7,0,0,1,0,0,0,0,0
"POINT (11.101457013000072 49.446139762000030)",Unfall 176092 (2018) Kat:2, Licht: 0,176092,2,4,6,04,16,4,0,0,0,0,1,0,0,1
"POINT (11.048481983000045 49.450180666000051)",Unfall 176093 (2018) Kat:3, Licht: 0,176093,3,7,0,04,17,4,0,0,1,1,0,0,0,0
"POINT (11.119889945000068 49.474452807000034)",Unfall 176095 (2018) Kat:3, Licht: 0,176095,3,6,1,04,19,4,0,0,0,1,0,1,0,0
"POINT (11.050880557000028 49.452311190000046)",Unfall 176096 (2018) Kat:3, Licht: 0,176096,3,3,5,04,19,4,0,0,1,1,0,0,0,0
"POINT (11.059832616000051 49.450947840000026)",Unfall 176099 (2018) Kat:3, Licht: 0,176099,3,7,0,04,14,4,0,0,1,0,0,0,0,0
"POINT (11.057420580000041 49.446880641000064)",Unfall 176102 (2018) Kat:2, Licht: 1,176102,2,3,5,04,05,4,0,1,0,1,0,1,0,0
"POINT (11.041066568000076 49.466311809000047)",Unfall 176104 (2018) Kat:3, Licht: 0,176104,3,3,5,04,11,4,0,0,0,1,0,0,0,0
"POINT (11.016266198000039 49.429659222000055)",Unfall 176118 (2018) Kat:3, Licht: 0,176118,3,6,2,04,14,6,0,0,0,1,0,0,0,0
"POINT (11.129269441000076 49.430486547000044)",Unfall 176121 (2018) Kat:2, Licht: 0,176121,2,2,5,04,16,6,0,0,1,1,0,0,0,0
"POINT (11.069517491000056 49.446460929000068)",Unfall 176125 (2018) Kat:3, Licht: 0,176125,3,7,1,04,11,6,0,0,0,1,0,1,0,0
"POINT (11.092458586000021 49.461592324000037)",Unfall 176128 (2018) Kat:3, Licht: 0,176128,3,2,4,04,19,6,0,0,0,1,0,0,0,0
"POINT (11.067331246000037 49.480258527000046)",Unfall 176130 (2018) Kat:2, Licht: 0,176130,2,3,6,04,16,6,0,0,0,1,1,0,0,0
"POINT (11.054265360000045 49.440675069000065)",Unfall 176133 (2018) Kat:3, Licht: 0,176133,3,3,5,04,16,6,0,0,0,1,0,0,0,0
"POINT (11.061914881000064 49.450411921000068)",Unfall 176137 (2018) Kat:2, Licht: 0,176137,2,1,7,04,15,6,0,0,1,0,0,0,0,0
"POINT (11.080721771000071 49.445776146000071)",Unfall 176151 (2018) Kat:3, Licht: 0,176151,3,6,2,04,15,5,0,0,0,1,0,0,0,1
"POINT (11.089761459000044 49.458703525000033)",Unfall 176155 (2018) Kat:3, Licht: 0,176155,3,6,2,04,07,5,0,0,0,1,0,0,0,0
"POINT (11.113663528000075 49.403791551000040)",Unfall 176159 (2018) Kat:3, Licht: 0,176159,3,2,3,04,16,5,0,0,1,1,0,0,0,0
"POINT (11.081980968000039 49.440449566000041)",Unfall 176260 (2018) Kat:3, Licht: 0,176260,3,6,2,04,17,2,0,0,1,1,0,0,0,0
"POINT (11.101224113000058 49.461882906000028)",Unfall 176270 (2018) Kat:3, Licht: 0,176270,3,3,5,05,13,3,0,0,1,1,0,0,0,0
"POINT (11.071452405000059 49.463760200000081)",Unfall 176286 (2018) Kat:3, Licht: 0,176286,3,3,5,04,11,2,0,0,1,1,0,0,0,0
"POINT (11.026422677000028 49.470233406000034)",Unfall 176294 (2018) Kat:3, Licht: 0,176294,3,2,6,04,15,2,0,0,0,1,1,0,0,0
"POINT (11.074546187000067 49.454074740000067)",Unfall 176328 (2018) Kat:3, Licht: 2,176328,3,1,0,04,21,1,0,2,1,0,0,0,0,0
"POINT (11.087611273000050 49.447255983000048)",Unfall 176329 (2018) Kat:3, Licht: 2,176329,3,6,2,04,02,1,0,2,0,1,0,1,0,0
"POINT (11.010212754000065 49.425359171000082)",Unfall 176331 (2018) Kat:3, Licht: 0,176331,3,1,0,04,12,1,0,0,1,0,0,0,0,0
"POINT (11.075027489000036 49.449137551000035)",Unfall 176332 (2018) Kat:2, Licht: 0,176332,2,7,0,04,10,1,0,0,1,0,0,0,0,0
"POINT (11.075240519000033 49.433239033000064)",Unfall 176335 (2018) Kat:3, Licht: 0,176335,3,3,5,04,13,1,0,0,0,1,0,1,0,0
"POINT (11.082001992000073 49.433427485000038)",Unfall 176337 (2018) Kat:3, Licht: 2,176337,3,7,1,04,20,2,0,2,1,1,0,0,0,1
"POINT (11.081865635000042 49.440483871000026)",Unfall 176373 (2018) Kat:3, Licht: 2,176373,3,2,5,05,22,3,0,2,0,1,0,0,0,0
"POINT (11.048956529000066 49.442186436000043)",Unfall 176453 (2018) Kat:3, Licht: 0,176453,3,6,2,04,12,7,0,0,0,1,0,0,0,0
"POINT (11.053834654000070 49.406754102000036)",Unfall 176455 (2018) Kat:3, Licht: 0,176455,3,6,3,04,12,7,0,0,0,1,0,0,0,0
"POINT (11.082450761000075 49.439212923000071)",Unfall 176456 (2018) Kat:3, Licht: 0,176456,3,1,0,04,13,7,0,0,1,0,0,0,0,0
"POINT (11.010478693000039 49.450490310000077)",Unfall 176457 (2018) Kat:3, Licht: 0,176457,3,6,4,04,13,7,0,0,0,1,0,0,0,0
"POINT (11.053613986000073 49.460978499000078)",Unfall 176508 (2018) Kat:3, Licht: 0,176508,3,1,0,05,19,7,0,0,1,0,0,0,0,0
"POINT (11.082359157000042 49.461092465000036)",Unfall 176519 (2018) Kat:2, Licht: 0,176519,2,6,3,05,19,7,0,0,1,1,0,0,0,0
"POINT (11.104943869000067 49.484185312000079)",Unfall 176573 (2018) Kat:3, Licht: 0,176573,3,2,5,05,15,7,0,0,1,1,0,0,0,0
"POINT (11.049662670000032 49.390759067000033)",Unfall 176584 (2018) Kat:3, Licht: 0,176584,3,3,5,05,16,5,0,0,0,0,0,1,1,0
"POINT (11.043854669000041 49.437046306000070)",Unfall 176585 (2018) Kat:3, Licht: 0,176585,3,7,6,05,18,5,0,0,0,1,1,0,0,0
"POINT (11.117720819000056 49.436012244000040)",Unfall 176586 (2018) Kat:3, Licht: 0,176586,3,3,0,05,08,5,0,0,1,0,0,0,0,1
"POINT (11.091649009000037 49.442991083000038)",Unfall 176588 (2018) Kat:2, Licht: 0,176588,2,5,0,05,19,5,0,0,1,1,0,0,0,0
"POINT (11.073598104000041 49.440478188000043)",Unfall 176589 (2018) Kat:3, Licht: 0,176589,3,6,5,05,20,5,0,0,1,1,0,0,0,0
"POINT (11.078250019000052 49.441945704000034)",Unfall 176622 (2018) Kat:3, Licht: 0,176622,3,3,5,05,10,7,0,0,0,1,0,0,0,0
"POINT (11.068274366000026 49.447345838000047)",Unfall 176625 (2018) Kat:3, Licht: 0,176625,3,6,2,05,08,6,0,0,0,1,0,0,0,0
"POINT (11.105015104000074 49.484318690000066)",Unfall 176628 (2018) Kat:3, Licht: 0,176628,3,2,5,05,20,6,0,0,1,1,0,0,0,0
"POINT (11.090495977000046 49.428621558000032)",Unfall 176629 (2018) Kat:3, Licht: 0,176629,3,1,0,05,08,6,0,0,1,0,0,0,0,0
"POINT (11.068536766000022 49.447330521000026)",Unfall 176676 (2018) Kat:3, Licht: 0,176676,3,6,2,05,12,7,0,0,0,1,0,0,0,0
"POINT (11.098956999000052 49.450176409000051)",Unfall 176702 (2018) Kat:3, Licht: 0,176702,3,6,2,05,15,4,0,0,0,1,0,0,0,0
"POINT (11.104870839000057 49.484179661000042)",Unfall 176703 (2018) Kat:3, Licht: 0,176703,3,2,3,05,12,4,0,0,1,0,0,0,1,0
"POINT (11.091262481000058 49.465998040000045)",Unfall 176705 (2018) Kat:3, Licht: 0,176705,3,7,0,05,10,4,0,0,1,0,0,0,0,0
"POINT (11.081147388000034 49.451584005000029)",Unfall 176706 (2018) Kat:3, Licht: 0,176706,3,3,5,05,08,4,0,0,1,1,0,0,0,0
"POINT (11.130994418000057 49.432077658000026)",Unfall 176726 (2018) Kat:3, Licht: 0,176726,3,7,3,05,19,7,0,0,0,1,0,0,0,0
"POINT (11.062595742000042 49.352021725000043)",Unfall 176778 (2018) Kat:3, Licht: 0,176778,3,3,0,05,15,3,0,0,1,1,0,0,0,0
"POINT (11.014443826000047 49.523768407000034)",Unfall 176779 (2018) Kat:3, Licht: 0,176779,3,1,0,05,14,3,0,0,0,0,0,1,0,0
"POINT (11.070748284000047 49.484627713000066)",Unfall 176782 (2018) Kat:3, Licht: 0,176782,3,6,2,05,17,3,0,0,0,1,0,0,0,0
"POINT (11.032895356000040 49.406404056000042)",Unfall 176784 (2018) Kat:3, Licht: 0,176784,3,3,5,05,18,3,0,0,1,1,0,0,0,0
"POINT (11.097245518000022 49.451243746000046)",Unfall 176785 (2018) Kat:2, Licht: 0,176785,2,3,5,05,08,3,0,0,1,0,0,0,0,0
"POINT (11.086308477000046 49.459539936000056)",Unfall 176787 (2018) Kat:3, Licht: 0,176787,3,7,0,05,19,3,0,0,1,0,1,0,0,0
"POINT (11.074747072000036 49.445238638000035)",Unfall 176789 (2018) Kat:3, Licht: 0,176789,3,2,3,05,14,3,0,0,1,1,0,0,0,0
"POINT (11.026946772000031 49.451189637000027)",Unfall 176790 (2018) Kat:3, Licht: 0,176790,3,6,3,05,09,3,0,0,0,1,0,0,0,0
"POINT (11.165075672000057 49.407635620000065)",Unfall 176820 (2018) Kat:2, Licht: 0,176820,2,1,7,05,19,1,0,0,1,0,0,0,0,0
"POINT (11.065077238000072 49.447806128000082)",Unfall 176824 (2018) Kat:3, Licht: 2,176824,3,6,2,05,01,1,0,2,0,1,0,0,0,0
"POINT (11.072045853000077 49.448988424000049)",Unfall 176996 (2018) Kat:2, Licht: 0,176996,2,4,6,05,18,2,0,0,0,1,1,0,0,0
"POINT (11.059290965000059 49.445701188000044)",Unfall 176998 (2018) Kat:3, Licht: 2,176998,3,3,5,05,23,2,0,2,0,1,0,0,0,0
"POINT (11.069238243000029 49.433502265000072)",Unfall 177000 (2018) Kat:3, Licht: 0,177000,3,3,5,05,14,2,0,0,1,1,0,0,0,0
"POINT (11.035568952000062 49.448811426000077)",Unfall 177001 (2018) Kat:3, Licht: 0,177001,3,3,5,05,17,2,0,0,0,1,0,0,0,0
"POINT (11.088634870000021 49.466014478000034)",Unfall 177003 (2018) Kat:2, Licht: 0,177003,2,6,4,05,18,2,0,0,1,1,0,0,0,0
"POINT (11.037414927000043 49.374057172000050)",Unfall 177004 (2018) Kat:3, Licht: 0,177004,3,3,5,05,18,2,0,0,0,1,0,0,0,0
"POINT (11.114394839000056 49.444101172000046)",Unfall 177007 (2018) Kat:3, Licht: 0,177007,3,6,2,05,16,2,0,0,0,1,0,0,0,0
"POINT (11.039082398000062 49.438566366000032)",Unfall 177008 (2018) Kat:3, Licht: 2,177008,3,7,1,05,23,7,0,2,1,1,0,0,0,0
"POINT (11.025963791000038 49.428225208000072)",Unfall 177037 (2018) Kat:3, Licht: 0,177037,3,6,2,05,16,4,0,0,0,1,0,1,0,0
"POINT (11.126936606000072 49.474551966000035)",Unfall 177038 (2018) Kat:2, Licht: 0,177038,2,7,3,05,07,4,0,0,0,1,0,1,0,0
"POINT (11.021707312000046 49.471840741000051)",Unfall 177039 (2018) Kat:3, Licht: 0,177039,3,3,5,05,16,4,0,0,1,1,0,0,0,0
"POINT (11.106174346000046 49.412784151000039)",Unfall 177040 (2018) Kat:3, Licht: 0,177040,3,1,6,05,15,4,0,0,1,0,1,0,0,0
"POINT (11.068821370000023 49.467424090000065)",Unfall 177041 (2018) Kat:3, Licht: 2,177041,3,3,3,05,21,4,0,2,1,1,0,0,0,0
"POINT (11.084996836000073 49.422718985000074)",Unfall 177042 (2018) Kat:3, Licht: 0,177042,3,7,2,05,13,4,0,0,1,1,0,0,0,0
"POINT (11.042055640000058 49.440947782000080)",Unfall 177048 (2018) Kat:3, Licht: 0,177048,3,2,3,05,15,6,0,0,1,1,0,0,0,0
"POINT (11.089320231000045 49.446258174000036)",Unfall 177049 (2018) Kat:3, Licht: 0,177049,3,3,5,05,11,6,0,0,0,1,0,0,1,0
"POINT (11.054692945000056 49.451147161000051)",Unfall 177052 (2018) Kat:3, Licht: 0,177052,3,1,0,05,15,6,0,0,0,0,0,1,0,0
"POINT (11.089630342000021 49.453148964000036)",Unfall 177053 (2018) Kat:3, Licht: 0,177053,3,1,0,05,19,6,0,0,1,0,0,0,0,0
"POINT (11.041914792000057 49.411300294000057)",Unfall 177157 (2018) Kat:3, Licht: 2,177157,3,6,4,05,20,5,0,2,1,1,0,0,0,0
"POINT (11.076878107000027 49.446672707000062)",Unfall 177158 (2018) Kat:3, Licht: 0,177158,3,7,6,05,15,5,1,0,1,0,1,0,0,0
"POINT (11.080568217000064 49.446112237000079)",Unfall 177160 (2018) Kat:3, Licht: 2,177160,3,4,2,05,00,5,0,2,0,1,1,0,0,0
"POINT (11.131274481000048 49.404694395000035)",Unfall 177376 (2018) Kat:3, Licht: 2,177376,3,2,5,05,21,7,0,2,0,1,0,1,0,0
"POINT (11.081984945000045 49.418649126000048)",Unfall 177378 (2018) Kat:3, Licht: 0,177378,3,3,2,05,10,7,0,0,0,1,0,0,0,0
"POINT (11.055067767000025 49.434360739000056)",Unfall 177380 (2018) Kat:3, Licht: 0,177380,3,3,5,05,19,7,0,0,1,1,0,0,0,0
"POINT (11.081180027000073 49.446849347000068)",Unfall 177382 (2018) Kat:3, Licht: 0,177382,3,4,6,05,16,7,0,0,0,1,1,0,0,0
"POINT (11.032656513000063 49.421571035000056)",Unfall 177384 (2018) Kat:3, Licht: 0,177384,3,3,5,05,13,7,0,0,0,1,0,1,0,0
"POINT (11.090278937000051 49.436533810000071)",Unfall 177387 (2018) Kat:3, Licht: 0,177387,3,1,0,05,08,7,0,0,1,0,0,0,0,0
"POINT (11.115337139000076 49.413048534000040)",Unfall 177390 (2018) Kat:3, Licht: 0,177390,3,2,4,05,18,7,0,0,0,1,0,0,0,0
"POINT (11.075082199000065 49.462551479000069)",Unfall 177402 (2018) Kat:3, Licht: 0,177402,3,3,5,05,18,2,0,0,1,1,0,0,0,0
"POINT (11.077223034000042 49.494037732000038)",Unfall 177403 (2018) Kat:3, Licht: 0,177403,3,3,5,05,08,2,0,0,1,1,0,0,0,0
"POINT (11.088884178000058 49.455673745000070)",Unfall 177406 (2018) Kat:3, Licht: 2,177406,3,1,0,05,01,2,0,2,1,0,0,0,0,0
"POINT (11.085047932000066 49.440841323000029)",Unfall 177409 (2018) Kat:3, Licht: 2,177409,3,6,2,05,22,2,0,2,0,1,0,0,0,0
"POINT (11.083171891000063 49.431365001000074)",Unfall 177503 (2018) Kat:3, Licht: 0,177503,3,3,5,05,18,1,0,0,1,1,0,0,0,0
"POINT (11.064628806000030 49.484517487000062)",Unfall 177505 (2018) Kat:2, Licht: 0,177505,2,6,2,05,15,1,0,0,0,1,0,0,0,0
"POINT (11.064665310000066 49.489203039000074)",Unfall 177506 (2018) Kat:3, Licht: 0,177506,3,1,0,05,15,1,0,0,1,0,0,0,0,0
"POINT (11.083696259000021 49.434849160000056)",Unfall 177508 (2018) Kat:3, Licht: 0,177508,3,3,5,05,17,1,0,0,1,1,0,0,0,0
"POINT (11.122088219000034 49.432181216000060)",Unfall 177509 (2018) Kat:3, Licht: 0,177509,3,7,6,05,11,1,0,0,0,0,1,1,0,0