WKT,Name,OBJECTID,UKATEGORIE,UTYP1,UART,UMONAT,USTUNDE,UWOCHENTAG,STRZUSTAND,ULICHTVERH,ISTRAD,ISTPKW,ISTFUSS,ISTKRAD,ISTGKFZ,ISTSONSTIG
"POINT (11.050795731000051 49.442117013000029)",Unfall 177569 (2018) Kat:3, Licht: 0,177569,3,2,5,05,14,6,0,0,1,1,0,0,0,0
"POINT (11.070678597000040 49.488027484000042)",Unfall 177570 (2018) Kat:2, Licht: 0,177570,2,4,6,05,10,6,0,0,0,0,1,0,0,1
"POINT (11.090230915000063 49.431624667000051)",Unfall 177572 (2018) Kat:3, Licht: 0,177572,3,7,6,05,16,6,0,0,0,1,1,0,0,0
"POINT (11.032934354000076 49.473073311000064)",Unfall 177574 (2018) Kat:2, Licht: 0,177574,2,3,5,05,11,6,0,0,1,1,0,0,0,0
"POINT (11.102817233000053 49.438749069000039)",Unfall 177575 (2018) Kat:3, Licht: 0,177575,3,2,5,05,13,6,0,0,0,1,0,0,0,1
"POINT (11.033458333000056 49.438140879000059)",Unfall 177578 (2018) Kat:3, Licht: 0,177578,3,1,0,05,07,6,0,0,1,0,0,0,0,0
"POINT (11.088909900000033 49.455674269000042)",Unfall 177579 (2018) Kat:3, Licht: 0,177579,3,6,2,05,14,6,0,0,0,1,0,0,0,0
"POINT (11.033695794000039 49.449250926000047)",Unfall 177581 (2018) Kat:3, Licht: 0,177581,3,6,3,05,10,6,0,0,1,0,0,0,0,1
"POINT (11.065335331000028 49.462551168000061)",Unfall 177583 (2018) Kat:3, Licht: 0,177583,3,2,5,05,13,6,0,0,1,1,0,0,0,0
"POINT (11.065494614000045 49.456809217000057)",Unfall 177584 (2018) Kat:3, Licht: 0,177584,3,7,0,05,10,6,0,0,1,0,0,0,0,0
"POINT (11.087525463000077 49.449615937000033)",Unfall 177601 (2018) Kat:3, Licht: 0,177601,3,3,5,05,12,4,0,0,1,1,0,0,0,0
"POINT (11.061734616000024 49.421859670000060)",Unfall 177603 (2018) Kat:2, Licht: 0,177603,2,2,5,05,08,4,0,0,1,1,0,0,0,0
"POINT (11.087001382000039 49.441133815000057)",Unfall 177605 (2018) Kat:2, Licht: 0,177605,2,6,2,05,09,4,1,0,0,1,0,0,0,0
"POINT (11.099844951000023 49.463939687000050)",Unfall 177609 (2018) Kat:3, Licht: 0,177609,3,1,0,05,12,4,0,0,1,0,0,0,0,0
"POINT (11.100303683000050 49.443085436000047)",Unfall 177729 (2018) Kat:3, Licht: 0,177729,3,7,0,05,16,5,1,0,1,0,0,0,1,0
"POINT (11.006865373000039 49.521286779000036)",Unfall 177730 (2018) Kat:3, Licht: 0,177730,3,7,1,05,17,5,0,0,1,1,0,0,0,0
"POINT (11.097366314000055 49.445874328000059)",Unfall 177733 (2018) Kat:2, Licht: 0,177733,2,3,5,05,07,5,1,0,1,1,0,0,0,0
"POINT (11.097601371000053 49.449954780000041)",Unfall 177735 (2018) Kat:3, Licht: 0,177735,3,6,2,05,17,5,0,0,0,1,0,1,0,0
"POINT (11.091893693000031 49.436464687000068)",Unfall 177737 (2018) Kat:3, Licht: 0,177737,3,6,2,05,08,5,1,0,0,1,0,0,0,0
"POINT (11.098301767000066 49.458573365000063)",Unfall 177772 (2018) Kat:3, Licht: 2,177772,3,6,0,05,21,3,1,2,1,1,0,0,0,0
"POINT (11.089342973000043 49.457532621000041)",Unfall 177774 (2018) Kat:3, Licht: 0,177774,3,6,0,05,09,3,0,0,0,1,0,1,0,0
"POINT (11.110634539000046 49.473302956000055)",Unfall 177777 (2018) Kat:2, Licht: 0,177777,2,6,2,05,17,3,0,0,1,1,0,0,0,0
"POINT (11.086629141000060 49.448561653000070)",Unfall 177778 (2018) Kat:3, Licht: 1,177778,3,1,0,05,20,3,1,1,1,0,0,0,0,0
"POINT (11.071632455000042 49.439063556000065)",Unfall 177780 (2018) Kat:3, Licht: 0,177780,3,1,0,05,15,3,1,0,0,0,0,1,0,0
"POINT (11.057787071000064 49.447445915000060)",Unfall 177851 (2018) Kat:3, Licht: 0,177851,3,5,1,05,14,1,0,0,1,1,0,0,0,0
"POINT (11.085928024000054 49.447711446000028)",Unfall 177853 (2018) Kat:3, Licht: 0,177853,3,7,0,05,15,1,1,0,0,0,1,0,0,1
"POINT (11.055754279000041 49.386829866000028)",Unfall 177907 (2018) Kat:3, Licht: 0,177907,3,2,5,05,17,3,0,0,1,0,0,0,1,0
"POINT (11.024276406000070 49.432866515000057)",Unfall 177909 (2018) Kat:3, Licht: 0,177909,3,2,5,05,16,3,0,0,1,1,0,0,0,0
"POINT (11.080961505000062 49.443788023000081)",Unfall 177912 (2018) Kat:3, Licht: 0,177912,3,2,5,05,17,3,0,0,0,1,0,1,0,0
"POINT (11.094264656000064 49.461403292000057)",Unfall 177941 (2018) Kat:3, Licht: 1,177941,3,7,1,05,23,7,0,1,1,1,0,0,0,0
"POINT (11.114914106000072 49.449905403000059)",Unfall 177944 (2018) Kat:1, Licht: 2,177944,1,1,0,05,04,7,1,2,1,0,0,0,0,0
"POINT (11.057454077000045 49.416740318000052)",Unfall 178021 (2018) Kat:3, Licht: 2,178021,3,1,0,05,22,2,1,2,1,0,0,0,0,0
"POINT (11.086534622000045 49.401453493000076)",Unfall 178023 (2018) Kat:3, Licht: 0,178023,3,1,9,05,13,2,0,0,1,0,0,0,0,0
"POINT (11.138460812000062 49.469836374000067)",Unfall 178024 (2018) Kat:3, Licht: 0,178024,3,1,0,05,19,2,0,0,1,0,0,0,0,0
"POINT (11.091070407000075 49.456712132000064)",Unfall 178027 (2018) Kat:3, Licht: 0,178027,3,3,5,05,15,2,0,0,1,1,0,0,0,0
"POINT (11.063988172000052 49.462412113000028)",Unfall 178090 (2018) Kat:2, Licht: 0,178090,2,3,5,05,19,6,0,0,1,1,0,0,0,0
"POINT (11.087400793000029 49.441188559000068)",Unfall 178092 (2018) Kat:3, Licht: 2,178092,3,5,0,05,21,6,0,2,0,1,0,0,0,0
"POINT (10.996347734000040 49.449392422000074)",Unfall 178093 (2018) Kat:3, Licht: 0,178093,3,6,2,05,15,6,0,0,0,1,0,0,0,1
"POINT (11.009251112000072 49.454201799000032)",Unfall 178102 (2018) Kat:3, Licht: 0,178102,3,2,4,05,15,6,0,0,0,1,0,0,0,0
"POINT (11.068342337000047 49.443397696000034)",Unfall 178103 (2018) Kat:3, Licht: 0,178103,3,1,0,05,20,6,0,0,1,0,0,0,0,0
"POINT (11.080578524000032 49.446088805000045)",Unfall 178105 (2018) Kat:3, Licht: 0,178105,3,6,2,05,07,6,0,0,0,1,0,1,0,0
"POINT (11.068918846000031 49.447307981000051)",Unfall 178107 (2018) Kat:3, Licht: 0,178107,3,6,0,05,14,6,1,0,0,1,0,1,0,0
"POINT (11.083447330000070 49.455931295000028)",Unfall 178204 (2018) Kat:3, Licht: 0,178204,3,4,6,05,13,5,1,0,0,1,1,0,0,0
"POINT (11.092499777000057 49.461594303000027)",Unfall 178206 (2018) Kat:2, Licht: 0,178206,2,1,0,05,11,5,1,0,0,0,0,1,0,0
"POINT (11.054770485000063 49.460793417000048)",Unfall 178208 (2018) Kat:2, Licht: 0,178208,2,1,0,05,14,5,1,0,1,0,0,0,0,0
"POINT (11.009144298000024 49.454205798000032)",Unfall 178231 (2018) Kat:3, Licht: 0,178231,3,2,5,05,14,7,0,0,0,1,0,1,0,0
"POINT (11.029732943000056 49.450249826000061)",Unfall 178234 (2018) Kat:3, Licht: 0,178234,3,4,5,05,17,7,0,0,0,1,1,0,0,0
"POINT (11.097559395000076 49.446004274000074)",Unfall 178236 (2018) Kat:3, Licht: 2,178236,3,6,0,05,22,7,0,2,1,0,1,0,0,0
"POINT (11.054640674000041 49.348941342000046)",Unfall 178239 (2018) Kat:3, Licht: 0,178239,3,6,2,05,16,7,0,0,1,0,0,0,0,0
"POINT (11.102361402000042 49.484088218000068)",Unfall 178312 (2018) Kat:3, Licht: 0,178312,3,3,5,05,07,4,0,0,1,1,0,0,0,0
"POINT (11.019380780000063 49.469742969000038)",Unfall 178314 (2018) Kat:3, Licht: 0,178314,3,7,6,05,08,4,0,0,0,1,1,0,0,0
"POINT (11.133724475000065 49.401893808000068)",Unfall 178316 (2018) Kat:3, Licht: 0,178316,3,3,5,05,08,4,0,0,1,0,0,0,0,0
"POINT (11.077813418000062 49.455725740000048)",Unfall 178339 (2018) Kat:3, Licht: 0,178339,3,1,6,05,09,3,0,0,1,0,1,0,0,0
"POINT (11.125620474000073 49.443942929000059)",Unfall 178340 (2018) Kat:3, Licht: 0,178340,3,1,1,05,07,3,0,0,0,1,0,1,0,0
"POINT (11.073244730000056 49.450961744000040)",Unfall 178342 (2018) Kat:3, Licht: 0,178342,3,3,5,05,08,3,0,0,1,1,0,0,0,0
"POINT (11.065391432000069 49.458333401000061)",Unfall 178343 (2018) Kat:2, Licht: 0,178343,2,6,2,05,07,3,0,0,0,1,0,0,0,0
"POINT (11.107937470000024 49.470031887000061)",Unfall 178345 (2018) Kat:3, Licht: 0,178345,3,5,1,05,17,3,0,0,1,1,0,0,0,0
"POINT (11.104161171000044 49.442949760000033)",Unfall 178346 (2018) Kat:3, Licht: 0,178346,3,6,2,05,08,3,0,0,0,1,0,0,0,0
"POINT (11.088710551000077 49.447690449000049)",Unfall 178355 (2018) Kat:3, Licht: 0,178355,3,2,3,05,17,3,0,0,1,1,0,0,0,0
"POINT (11.073167966000028 49.441240465000078)",Unfall 178505 (2018) Kat:3, Licht: 0,178505,3,1,1,05,16,2,0,0,0,1,0,0,0,0
"POINT (11.121430590000045 49.474754746000031)",Unfall 178506 (2018) Kat:3, Licht: 0,178506,3,3,5,05,14,2,0,0,1,1,0,0,0,0
"POINT (11.050720423000030 49.452436894000073)",Unfall 178507 (2018) Kat:2, Licht: 0,178507,2,4,6,05,18,4,0,0,0,0,1,0,1,0
"POINT (11.074482886000055 49.453640703000076)",Unfall 178508 (2018) Kat:3, Licht: 0,178508,3,4,6,05,19,4,0,0,1,0,1,0,0,0
"POINT (11.070470653000029 49.455087385000070)",Unfall 178510 (2018) Kat:2, Licht: 0,178510,2,6,4,05,08,2,0,0,1,0,0,0,0,0
"POINT (11.132553735000045 49.405135281000071)",Unfall 178511 (2018) Kat:3, Licht: 0,178511,3,3,5,05,14,4,0,0,0,1,0,0,0,0
"POINT (11.051507253000068 49.442649408000079)",Unfall 178513 (2018) Kat:3, Licht: 0,178513,3,6,3,05,16,4,0,0,0,1,0,0,0,0
"POINT (11.115931196000076 49.471639140000036)",Unfall 178514 (2018) Kat:3, Licht: 0,178514,3,3,5,05,09,2,0,0,0,1,0,0,0,1
"POINT (11.105239443000073 49.443468582000037)",Unfall 178515 (2018) Kat:3, Licht: 0,178515,3,3,5,05,13,4,0,0,1,1,0,0,0,0
"POINT (11.105013702000065 49.484209371000077)",Unfall 178520 (2018) Kat:3, Licht: 0,178520,3,2,4,05,16,2,0,0,0,1,0,0,0,0
"POINT (11.080569193000031 49.416445316000079)",Unfall 178521 (2018) Kat:3, Licht: 0,178521,3,3,0,05,11,2,0,0,1,1,0,0,0,0
"POINT (11.015945550000026 49.429509349000057)",Unfall 178525 (2018) Kat:3, Licht: 0,178525,3,2,2,05,16,2,0,0,0,1,0,1,0,0
"POINT (11.071232738000049 49.463116584000034)",Unfall 178615 (2018) Kat:3, Licht: 0,178615,3,3,0,05,13,5,0,0,1,0,0,0,0,1
"POINT (11.055174313000066 49.461577799000054)",Unfall 178641 (2018) Kat:3, Licht: 2,178641,3,2,3,05,01,5,0,2,0,1,0,1,0,0
"POINT (11.071897988000046 49.461771992000081)",Unfall 178643 (2018) Kat:3, Licht: 1,178643,3,1,0,05,05,5,0,1,1,0,0,0,0,0
"POINT (11.132463770000072 49.458290344000034)",Unfall 178689 (2018) Kat:3, Licht: 0,178689,3,1,0,06,14,1,0,0,1,0,0,0,0,0
"POINT (11.009371993000059 49.446590602000072)",Unfall 178732 (2018) Kat:3, Licht: 0,178732,3,3,5,06,17,6,0,0,1,1,0,0,0,0
"POINT (11.094003587000032 49.373630606000063)",Unfall 178733 (2018) Kat:3, Licht: 0,178733,3,1,0,06,19,6,0,0,1,0,0,0,0,0
"POINT (11.089837117000059 49.441647924000051)",Unfall 178734 (2018) Kat:3, Licht: 0,178734,3,1,6,06,12,6,0,0,1,0,1,0,0,0
"POINT (11.067649166000024 49.447278240000060)",Unfall 178777 (2018) Kat:3, Licht: 0,178777,3,6,2,06,09,7,0,0,0,1,0,0,0,0
"POINT (11.073624313000039 49.454434681000066)",Unfall 178782 (2018) Kat:3, Licht: 0,178782,3,7,2,06,19,7,0,0,0,1,0,1,0,0
"POINT (11.078379997000070 49.439978450000069)",Unfall 178794 (2018) Kat:3, Licht: 0,178794,3,2,3,06,13,7,0,0,0,1,0,1,0,0
"POINT (11.071968543000025 49.451329691000069)",Unfall 178805 (2018) Kat:3, Licht: 0,178805,3,7,1,06,16,7,0,0,1,1,0,0,0,0
"POINT (11.059989932000065 49.444244003000051)",Unfall 178839 (2018) Kat:3, Licht: 0,178839,3,7,0,05,10,5,1,0,0,0,0,1,0,1
"POINT (11.080165823000073 49.457135044000040)",Unfall 178841 (2018) Kat:3, Licht: 0,178841,3,7,4,05,17,5,1,0,1,1,0,0,0,0
"POINT (11.059462472000064 49.446739569000044)",Unfall 178855 (2018) Kat:2, Licht: 0,178855,2,1,9,06,12,3,0,0,0,0,0,1,0,0
"POINT (11.078305891000070 49.446535853000057)",Unfall 178857 (2018) Kat:3, Licht: 0,178857,3,6,2,06,07,3,0,0,0,1,0,0,0,0
"POINT (11.099988116000077 49.459523655000055)",Unfall 178858 (2018) Kat:2, Licht: 0,178858,2,3,5,06,16,3,0,0,1,1,0,0,0,0
"POINT (11.010956984000074 49.447667095000043)",Unfall 178860 (2018) Kat:3, Licht: 0,178860,3,3,5,06,16,3,0,0,1,0,1,0,0,0
"POINT (11.053517289000069 49.403313434000040)",Unfall 178863 (2018) Kat:3, Licht: 0,178863,3,3,5,06,12,3,0,0,0,0,0,0,1,0
"POINT (11.084640414000035 49.449215106000054)",Unfall 178864 (2018) Kat:3, Licht: 0,178864,3,6,3,06,05,3,0,0,0,1,0,1,0,0
"POINT (11.091406084000027 49.436486600000080)",Unfall 178866 (2018) Kat:3, Licht: 0,178866,3,2,5,06,07,3,0,0,1,1,0,0,0,0
"POINT (11.054628974000025 49.447918979000065)",Unfall 178868 (2018) Kat:3, Licht: 0,178868,3,6,4,06,07,3,0,0,1,0,0,0,0,1
"POINT (11.055947709000066 49.445580368000037)",Unfall 178875 (2018) Kat:3, Licht: 0,178875,3,6,4,06,14,4,0,0,1,0,0,0,0,0
"POINT (11.067324565000035 49.437739295000029)",Unfall 178940 (2018) Kat:3, Licht: 0,178940,3,3,0,06,10,4,0,0,0,1,0,0,0,1
"POINT (11.125683245000062 49.443977411000049)",Unfall 178978 (2018) Kat:3, Licht: 0,178978,3,7,0,06,11,4,0,0,0,0,0,0,0,1
"POINT (11.049579538000046 49.452880207000078)",Unfall 179028 (2018) Kat:3, Licht: 0,179028,3,2,5,06,19,2,0,0,0,1,0,0,0,0
"POINT (11.103072698000062 49.438680055000077)",Unfall 179031 (2018) Kat:3, Licht: 0,179031,3,2,5,06,07,2,0,0,1,1,0,0,0,0
"POINT (11.041758826000034 49.492092725000077)",Unfall 179032 (2018) Kat:3, Licht: 0,179032,3,1,9,06,19,2,0,0,0,1,0,0,0,0
"POINT (11.005003972000054 49.521372274000043)",Unfall 179034 (2018) Kat:3, Licht: 0,179034,3,2,5,06,16,2,0,0,0,1,0,1,0,0
"POINT (11.058311790000062 49.416039397000077)",Unfall 179036 (2018) Kat:3, Licht: 0,179036,3,6,2,06,08,2,0,0,0,1,0,0,1,0
"POINT (11.083475196000052 49.440707313000075)",Unfall 179038 (2018) Kat:3, Licht: 0,179038,3,2,4,06,07,2,0,0,1,0,0,0,0,1
"POINT (11.103422788000046 49.441562275000081)",Unfall 179040 (2018) Kat:3, Licht: 0,179040,3,3,5,06,16,2,0,0,1,1,0,0,0,0
"POINT (11.054140807000067 49.468245910000064)",Unfall 179041 (2018) Kat:3, Licht: 0,179041,3,1,0,06,19,2,0,0,0,0,0,1,0,0
"POINT (11.079809607000072 49.415491392000035)",Unfall 179043 (2018) Kat:3, Licht: 0,179043,3,4,6,06,11,4,0,0,0,1,1,0,0,0
"POINT (11.023926306000021 49.470977059000063)",Unfall 179044 (2018) Kat:3, Licht: 0,179044,3,2,5,06,08,2,0,0,0,1,0,1,0,0
"POINT (11.113518740000075 49.403624140000034)",Unfall 179081 (2018) Kat:3, Licht: 0,179081,3,3,5,06,16,4,0,0,1,1,0,0,0,0
"POINT (11.102714174000027 49.438730427000053)",Unfall 179125 (2018) Kat:3, Licht: 0,179125,3,2,0,06,18,5,0,0,0,1,0,0,0,1
"POINT (11.069850051000060 49.451600019000068)",Unfall 179126 (2018) Kat:3, Licht: 0,179126,3,7,6,06,15,5,0,0,0,1,1,0,0,0
"POINT (11.081641154000067 49.447096428000066)",Unfall 179127 (2018) Kat:3, Licht: 0,179127,3,4,6,06,20,5,1,0,0,1,1,0,0,0
"POINT (11.057418001000030 49.446907761000034)",Unfall 179128 (2018) Kat:3, Licht: 0,179128,3,6,3,06,14,5,0,0,0,1,0,0,0,0
"POINT (11.155741631000069 49.403122245000077)",Unfall 179130 (2018) Kat:3, Licht: 0,179130,3,6,2,06,16,5,1,0,0,1,0,0,0,0
"POINT (11.083035285000051 49.436295797000071)",Unfall 179131 (2018) Kat:3, Licht: 0,179131,3,2,5,06,10,5,0,0,1,1,0,0,0,0
"POINT (11.072506885000053 49.440717974000052)",Unfall 179132 (2018) Kat:3, Licht: 0,179132,3,4,6,06,20,5,0,0,1,0,1,0,0,0
"POINT (11.084395298000061 49.451146374000075)",Unfall 179302 (2018) Kat:3, Licht: 0,179302,3,2,3,06,14,6,0,0,1,0,0,0,0,0
"POINT (10.999991095000041 49.434141670000031)",Unfall 179303 (2018) Kat:2, Licht: 0,179303,2,3,5,06,18,6,0,0,1,1,0,0,0,0
"POINT (11.075966038000047 49.441615841000043)",Unfall 179306 (2018) Kat:3, Licht: 0,179306,3,7,5,06,17,6,0,0,0,1,0,0,0,0
"POINT (11.031367900000021 49.422100420000049)",Unfall 179307 (2018) Kat:3, Licht: 0,179307,3,6,3,06,12,6,0,0,1,0,0,0,1,0
"POINT (11.105653545000052 49.460537893000037)",Unfall 179309 (2018) Kat:3, Licht: 0,179309,3,6,2,06,18,6,0,0,0,1,0,0,0,0
"POINT (11.087437314000056 49.454335499000081)",Unfall 179362 (2018) Kat:3, Licht: 0,179362,3,3,5,06,08,2,0,0,1,1,0,0,0,0
"POINT (11.116054336000047 49.454798151000034)",Unfall 179363 (2018) Kat:3, Licht: 0,179363,3,6,2,06,16,2,0,0,0,1,0,0,0,0
"POINT (11.062853293000046 49.426524336000057)",Unfall 179444 (2018) Kat:3, Licht: 0,179444,3,7,0,06,15,3,0,0,0,1,0,0,1,0
"POINT (11.121853701000077 49.416499806000047)",Unfall 179445 (2018) Kat:3, Licht: 0,179445,3,6,2,06,16,3,0,0,0,1,0,0,0,0
"POINT (11.088440444000071 49.470938564000051)",Unfall 179447 (2018) Kat:3, Licht: 0,179447,3,4,6,06,16,3,0,0,0,1,1,0,0,0
"POINT (11.058259341000053 49.448241619000044)",Unfall 179448 (2018) Kat:2, Licht: 0,179448,2,2,6,06,15,3,0,0,0,1,1,0,0,0
"POINT (11.093941370000039 49.456834790000073)",Unfall 179450 (2018) Kat:3, Licht: 0,179450,3,3,5,06,07,3,0,0,1,1,0,0,0,0
"POINT (11.020522141000072 49.468936885000062)",Unfall 179452 (2018) Kat:3, Licht: 0,179452,3,1,0,06,20,3,0,0,1,0,0,0,0,0
"POINT (11.099067897000054 49.443085491000033)",Unfall 179468 (2018) Kat:2, Licht: 0,179468,2,2,6,06,20,1,0,0,0,1,1,0,0,0
"POINT (11.067756375000044 49.433884211000077)",Unfall 179471 (2018) Kat:3, Licht: 2,179471,3,6,3,06,22,1,0,2,0,1,0,0,0,0
"POINT (11.135849182000072 49.417707392000068)",Unfall 179473 (2018) Kat:3, Licht: 0,179473,3,2,5,06,20,1,0,0,1,1,0,0,0,0
"POINT (11.059343190000050 49.448157774000038)",Unfall 179474 (2018) Kat:3, Licht: 0,179474,3,3,5,06,12,1,0,0,1,1,0,0,0,0
"POINT (11.090025187000037 49.441550994000067)",Unfall 179606 (2018) Kat:2, Licht: 0,179606,2,7,4,06,16,7,1,0,0,1,0,0,0,1
"POINT (11.063592715000027 49.448279637000041)",Unfall 179608 (2018) Kat:3, Licht: 2,179608,3,1,0,06,03,7,0,2,1,0,0,0,0,0
"POINT (11.133731658000045 49.453154703000052)",Unfall 179610 (2018) Kat:3, Licht: 0,179610,3,3,5,06,13,7,0,0,1,0,0,0,0,0
"POINT (11.070232882000028 49.462435959000061)",Unfall 179692 (2018) Kat:3, Licht: 0,179692,3,3,5,06,16,5,0,0,1,1,0,0,0,0
"POINT (11.068300656000076 49.428064654000082)",Unfall 179693 (2018) Kat:3, Licht: 0,179693,3,4,6,06,20,5,0,0,1,0,1,0,0,0
"POINT (11.080882719000044 49.462266001000046)",Unfall 179696 (2018) Kat:3, Licht: 0,179696,3,3,5,06,15,5,0,0,1,1,0,0,0,0
"POINT (11.020834895000064 49.515660395000054)",Unfall 179700 (2018) Kat:3, Licht: 0,179700,3,1,0,06,18,5,0,0,1,0,0,0,0,0
"POINT (11.073604169000021 49.454362495000055)",Unfall 179702 (2018) Kat:3, Licht: 0,179702,3,3,5,06,13,5,0,0,0,0,0,1,0,1
"POINT (11.155939313000033 49.403163253000059)",Unfall 179704 (2018) Kat:3, Licht: 0,179704,3,3,5,06,06,5,0,0,0,1,0,1,0,0
"POINT (11.074643741000045 49.454651945000080)",Unfall 179705 (2018) Kat:3, Licht: 0,179705,3,2,0,06,17,5,0,0,0,1,1,0,0,0
"POINT (11.090943681000056 49.441807011000037)",Unfall 179707 (2018) Kat:3, Licht: 2,179707,3,7,3,06,21,5,0,2,0,0,0,1,0,0
"POINT (11.016828838000038 49.468765503000043)",Unfall 179748 (2018) Kat:3, Licht: 2,179748,3,4,6,06,23,6,0,2,1,0,1,0,0,0
"POINT (11.084146624000027 49.460530318000053)",Unfall 179754 (2018) Kat:3, Licht: 0,179754,3,3,5,06,13,6,0,0,1,1,0,0,0,0
"POINT (11.065357907000077 49.455260086000067)",Unfall 179756 (2018) Kat:3, Licht: 0,179756,3,5,0,06,08,6,0,0,1,1,0,0,0,0
"POINT (11.104948034000074 49.447082023000064)",Unfall 179757 (2018) Kat:3, Licht: 0,179757,3,7,0,06,12,6,0,0,1,0,0,0,0,0
"POINT (11.069287503000055 49.447282042000040)",Unfall 179759 (2018) Kat:3, Licht: 0,179759,3,6,2,06,18,6,0,0,0,1,0,0,0,0
"POINT (11.045504912000069 49.454094868000027)",Unfall 179761 (2018) Kat:3, Licht: 0,179761,3,3,5,06,05,6,0,0,1,1,0,0,0,0
"POINT (11.069039093000072 49.433544283000060)",Unfall 179764 (2018) Kat:3, Licht: 0,179764,3,7,5,06,09,6,0,0,1,0,0,0,0,1
"POINT (11.097621721000053 49.452452022000045)",Unfall 179767 (2018) Kat:2, Licht: 1,179767,2,6,2,06,20,6,0,1,1,0,0,0,0,0
"POINT (11.096562156000061 49.437474625000050)",Unfall 179770 (2018) Kat:2, Licht: 0,179770,2,1,0,06,06,6,0,0,1,0,0,0,0,0
"POINT (11.078704960000039 49.442780467000034)",Unfall 179820 (2018) Kat:3, Licht: 0,179820,3,3,5,06,17,4,0,0,0,1,0,0,0,0
"POINT (11.080557838000061 49.446135835000064)",Unfall 179821 (2018) Kat:3, Licht: 0,179821,3,7,6,06,17,4,0,0,1,0,1,0,0,0
"POINT (11.090272047000042 49.440361866000046)",Unfall 179824 (2018) Kat:3, Licht: 2,179824,3,1,0,06,21,4,0,2,1,0,0,0,0,0
"POINT (11.111857157000031 49.453054618000067)",Unfall 179886 (2018) Kat:3, Licht: 0,179886,3,3,5,06,09,2,0,0,1,1,0,0,0,0
"POINT (11.106820788000050 49.490701270000045)",Unfall 179887 (2018) Kat:3, Licht: 0,179887,3,6,2,06,17,2,0,0,0,1,0,0,0,0
"POINT (11.066232520000028 49.448263568000073)",Unfall 179888 (2018) Kat:3, Licht: 0,179888,3,2,5,06,20,2,0,0,1,1,0,0,0,0
"POINT (11.133296053000038 49.402269402000059)",Unfall 179889 (2018) Kat:2, Licht: 0,179889,2,7,6,06,14,2,0,0,0,1,1,0,0,0
"POINT (11.090185631000054 49.448767066000073)",Unfall 179890 (2018) Kat:3, Licht: 0,179890,3,7,1,06,11,2,0,0,1,1,0,0,0,0
"POINT (11.080924867000022 49.460993365000036)",Unfall 179891 (2018) Kat:3, Licht: 0,179891,3,3,5,06,16,2,0,0,0,1,0,0,0,0
"POINT (11.099671737000051 49.442962948000059)",Unfall 179892 (2018) Kat:3, Licht: 0,179892,3,7,5,06,13,2,0,0,0,1,0,1,0,0
"POINT (11.072311243000058 49.448901241000044)",Unfall 179893 (2018) Kat:3, Licht: 2,179893,3,4,6,06,22,2,0,2,0,1,1,0,0,0
"POINT (11.029420479000066 49.436886142000048)",Unfall 180003 (2018) Kat:2, Licht: 0,180003,2,1,8,06,05,1,0,0,0,1,0,0,0,0
"POINT (11.099311811000064 49.443013214000075)",Unfall 180004 (2018) Kat:3, Licht: 2,180004,3,6,3,06,00,1,0,2,0,1,0,0,0,0
"POINT (11.062086404000070 49.473282469000026)",Unfall 180005 (2018) Kat:3, Licht: 0,180005,3,1,0,06,07,3,0,0,1,0,0,0,0,0
"POINT (11.094520875000057 49.371052491000057)",Unfall 180006 (2018) Kat:3, Licht: 0,180006,3,3,5,06,12,1,0,0,1,1,0,0,0,0
"POINT (11.046441046000041 49.424208531000033)",Unfall 180007 (2018) Kat:3, Licht: 1,180007,3,7,1,06,21,3,0,1,1,1,0,0,0,0
"POINT (11.058212636000064 49.460125413000071)",Unfall 180008 (2018) Kat:3, Licht: 2,180008,3,1,0,06,23,3,0,2,1,0,0,0,0,0
"POINT (11.037993403000030 49.454998447000037)",Unfall 180009 (2018) Kat:3, Licht: 0,180009,3,6,2,06,18,1,0,0,0,1,0,0,0,0
"POINT (11.000332658000048 49.436472912000056)",Unfall 180010 (2018) Kat:3, Licht: 0,180010,3,3,5,06,16,3,0,0,1,1,0,0,0,0
"POINT (11.015901494000047 49.453602833000048)",Unfall 180011 (2018) Kat:3, Licht: 0,180011,3,2,5,06,14,3,0,0,0,1,0,0,0,0
"POINT (11.067748037000058 49.447497832000067)",Unfall 180012 (2018) Kat:3, Licht: 0,180012,3,6,2,06,15,1,0,0,0,1,0,0,0,0
"POINT (11.071797930000059 49.448117706000062)",Unfall 180013 (2018) Kat:3, Licht: 0,180013,3,1,0,06,12,1,0,0,1,0,0,0,0,0
"POINT (11.010469742000055 49.444712610000067)",Unfall 180014 (2018) Kat:2, Licht: 0,180014,2,6,3,06,09,3,0,0,0,1,0,1,0,0
"POINT (11.046652773000062 49.432868859000052)",Unfall 180015 (2018) Kat:3, Licht: 0,180015,3,2,0,06,19,1,0,0,0,1,0,1,0,0
"POINT (11.078710376000060 49.409122427000057)",Unfall 180016 (2018) Kat:3, Licht: 0,180016,3,6,4,06,18,1,0,0,1,0,0,0,0,0
"POINT (11.125899804000028 49.465134694000028)",Unfall 180017 (2018) Kat:3, Licht: 0,180017,3,6,4,06,16,3,0,0,0,1,0,0,0,0