WKT,Name,OBJECTID,UKATEGORIE,UTYP1,UART,UMONAT,USTUNDE,UWOCHENTAG,STRZUSTAND,ULICHTVERH,ISTRAD,ISTPKW,ISTFUSS,ISTKRAD,ISTGKFZ,ISTSONSTIG
"POINT (11.091480258000047 49.460508228000037)",Unfall 180019 (2018) Kat:3, Licht: 0,180019,3,1,6,06,07,3,0,0,1,0,1,0,0,0
"POINT (11.005588167000042 49.443503463000070)",Unfall 180020 (2018) Kat:3, Licht: 0,180020,3,2,5,06,18,3,0,0,1,1,0,0,0,0
"POINT (11.081224106000036 49.440351637000049)",Unfall 180120 (2018) Kat:3, Licht: 2,180120,3,1,1,06,22,7,0,2,1,1,0,0,0,0
"POINT (11.046312385000022 49.465091902000040)",Unfall 180123 (2018) Kat:3, Licht: 0,180123,3,3,5,06,13,7,0,0,0,1,0,1,0,0
"POINT (11.069021632000045 49.445480086000032)",Unfall 180231 (2018) Kat:3, Licht: 0,180231,3,7,0,06,17,6,1,0,0,1,0,1,0,0
"POINT (11.048522179000031 49.441367830000047)",Unfall 180234 (2018) Kat:3, Licht: 0,180234,3,4,6,06,07,6,0,0,0,1,1,0,0,0
"POINT (11.029613294000058 49.389986476000047)",Unfall 180282 (2018) Kat:2, Licht: 0,180282,2,1,8,06,15,4,0,0,0,0,0,1,0,0
"POINT (11.089464344000021 49.442014383000071)",Unfall 180284 (2018) Kat:3, Licht: 0,180284,3,4,6,06,19,4,0,0,0,0,1,0,0,1
"POINT (11.068135333000043 49.441816111000037)",Unfall 180287 (2018) Kat:3, Licht: 0,180287,3,2,5,06,14,4,0,0,0,1,0,0,0,0
"POINT (11.051193930000068 49.442351263000035)",Unfall 180386 (2018) Kat:3, Licht: 0,180386,3,7,1,06,20,5,0,0,1,1,0,0,0,0
"POINT (11.084250190000034 49.447397211000066)",Unfall 180389 (2018) Kat:3, Licht: 0,180389,3,6,0,06,08,5,0,0,1,1,0,0,0,0
"POINT (11.088265756000055 49.464405691000081)",Unfall 180392 (2018) Kat:3, Licht: 0,180392,3,3,5,06,09,5,0,0,0,1,0,0,0,0
"POINT (11.090137647000063 49.441567868000050)",Unfall 180393 (2018) Kat:3, Licht: 0,180393,3,4,6,06,07,5,0,0,0,0,1,0,1,0
"POINT (11.101531050000062 49.463598673000035)",Unfall 180407 (2018) Kat:3, Licht: 0,180407,3,3,5,06,10,2,0,0,1,1,0,0,0,0
"POINT (11.167823464000037 49.409200961000067)",Unfall 180479 (2018) Kat:3, Licht: 0,180479,3,3,0,06,11,1,0,0,1,1,0,0,0,0
"POINT (11.057791548000068 49.459482213000058)",Unfall 180534 (2018) Kat:3, Licht: 0,180534,3,7,1,06,19,3,0,0,1,1,0,0,0,0
"POINT (11.064730209000061 49.434801212000082)",Unfall 180535 (2018) Kat:3, Licht: 0,180535,3,1,0,06,15,3,0,0,1,0,0,0,0,0
"POINT (11.062364083000034 49.448627665000060)",Unfall 180538 (2018) Kat:3, Licht: 1,180538,3,7,0,06,04,3,0,1,1,0,0,0,0,0
"POINT (11.079285394000067 49.446522618000074)",Unfall 180541 (2018) Kat:3, Licht: 0,180541,3,6,2,06,15,3,0,0,0,1,0,0,0,0
"POINT (11.047529892000057 49.464623341000049)",Unfall 180579 (2018) Kat:3, Licht: 0,180579,3,2,2,06,17,7,0,0,0,1,0,1,0,0
"POINT (11.057481895000024 49.446900189000075)",Unfall 180582 (2018) Kat:3, Licht: 2,180582,3,3,5,06,02,7,0,2,0,1,0,0,0,0
"POINT (11.084654797000042 49.441717729000061)",Unfall 180585 (2018) Kat:3, Licht: 0,180585,3,4,6,06,18,7,0,0,0,1,1,0,0,0
"POINT (11.090374181000072 49.429682267000032)",Unfall 180586 (2018) Kat:3, Licht: 0,180586,3,1,0,06,20,7,0,0,1,0,0,0,0,0
"POINT (11.070135183000048 49.446213620000037)",Unfall 180663 (2018) Kat:3, Licht: 0,180663,3,6,5,06,16,2,0,0,1,0,0,0,0,1
"POINT (11.099038886000073 49.482548774000065)",Unfall 180664 (2018) Kat:3, Licht: 0,180664,3,4,0,06,15,2,0,0,0,1,1,0,0,0
"POINT (11.085930088000055 49.456948674000046)",Unfall 180666 (2018) Kat:3, Licht: 0,180666,3,7,0,06,18,2,0,0,0,0,0,0,0,1
"POINT (11.072881227000039 49.460866796000062)",Unfall 180668 (2018) Kat:3, Licht: 2,180668,3,1,0,06,22,2,0,2,1,0,0,0,0,0
"POINT (11.085469124000042 49.447282775000076)",Unfall 180689 (2018) Kat:3, Licht: 0,180689,3,6,2,06,19,5,1,0,0,1,0,0,0,0
"POINT (11.082118155000046 49.463326916000028)",Unfall 180690 (2018) Kat:3, Licht: 0,180690,3,3,5,06,12,5,0,0,1,1,0,0,0,0
"POINT (11.087621607000074 49.454572351000081)",Unfall 180693 (2018) Kat:3, Licht: 2,180693,3,1,9,06,21,5,1,2,0,1,0,0,0,0
"POINT (11.022005281000077 49.453309855000043)",Unfall 180699 (2018) Kat:3, Licht: 1,180699,3,7,1,06,21,5,1,1,0,1,0,1,0,0
"POINT (11.016777665000063 49.429984252000054)",Unfall 180779 (2018) Kat:3, Licht: 0,180779,3,6,3,06,14,6,0,0,0,1,0,0,0,0
"POINT (11.069366250000030 49.453079451000065)",Unfall 180781 (2018) Kat:3, Licht: 0,180781,3,1,0,06,20,6,0,0,1,0,0,0,0,0
"POINT (11.067429735000076 49.437543297000047)",Unfall 180783 (2018) Kat:3, Licht: 0,180783,3,3,5,06,11,6,0,0,0,1,0,1,0,0
"POINT (11.186754573000030 49.419044643000063)",Unfall 180786 (2018) Kat:3, Licht: 0,180786,3,2,5,06,07,6,1,0,1,1,0,0,0,0
"POINT (11.114255911000043 49.470077128000071)",Unfall 180787 (2018) Kat:3, Licht: 0,180787,3,4,6,06,15,6,0,0,0,1,1,0,0,0
"POINT (11.025909514000034 49.464973060000034)",Unfall 180789 (2018) Kat:3, Licht: 0,180789,3,7,0,06,07,6,0,0,1,0,0,0,0,1
"POINT (11.080919633000065 49.462207304000060)",Unfall 180862 (2018) Kat:3, Licht: 0,180862,3,1,0,06,15,4,0,0,1,0,0,0,0,0
"POINT (11.099491412000077 49.443155249000029)",Unfall 180863 (2018) Kat:3, Licht: 2,180863,3,2,4,06,22,4,0,2,0,1,0,0,0,0
"POINT (11.126652865000040 49.413341577000040)",Unfall 180865 (2018) Kat:3, Licht: 0,180865,3,3,5,06,09,4,0,0,1,0,0,0,0,0
"POINT (11.071160264000071 49.463013548000049)",Unfall 180866 (2018) Kat:3, Licht: 0,180866,3,6,2,06,15,4,0,0,0,1,0,0,0,0
"POINT (11.094268243000045 49.446116550000056)",Unfall 180868 (2018) Kat:3, Licht: 0,180868,3,3,5,06,14,4,0,0,1,0,0,0,0,1
"POINT (11.080302396000036 49.446659308000051)",Unfall 180869 (2018) Kat:3, Licht: 0,180869,3,6,2,06,19,4,0,0,1,0,0,0,0,0
"POINT (11.063518022000039 49.425453838000067)",Unfall 180969 (2018) Kat:3, Licht: 0,180969,3,6,2,06,15,7,0,0,0,1,0,0,0,0
"POINT (11.048895081000069 49.442189366000036)",Unfall 180970 (2018) Kat:3, Licht: 0,180970,3,6,2,06,12,7,0,0,0,1,0,1,0,0
"POINT (11.067608536000023 49.450094180000065)",Unfall 180973 (2018) Kat:3, Licht: 0,180973,3,7,6,06,15,7,0,0,0,1,0,0,0,1
"POINT (11.011428896000041 49.447944289000077)",Unfall 180974 (2018) Kat:3, Licht: 0,180974,3,3,5,06,19,7,0,0,0,1,0,0,0,0
"POINT (11.072288233000052 49.460860024000056)",Unfall 181147 (2018) Kat:3, Licht: 0,181147,3,1,0,07,14,2,0,0,1,0,0,0,0,0
"POINT (11.058682640000029 49.454544842000075)",Unfall 181191 (2018) Kat:3, Licht: 0,181191,3,6,2,07,17,2,0,0,1,1,0,0,0,0
"POINT (11.104356236000058 49.442906033000042)",Unfall 181222 (2018) Kat:3, Licht: 0,181222,3,1,0,07,14,4,0,0,0,0,0,1,0,0
"POINT (11.056059295000068 49.349719331000074)",Unfall 181264 (2018) Kat:3, Licht: 0,181264,3,3,5,07,07,4,0,0,0,1,0,0,0,0
"POINT (11.061439406000034 49.430288348000033)",Unfall 181294 (2018) Kat:3, Licht: 0,181294,3,7,0,07,14,5,0,0,0,1,0,1,0,0
"POINT (11.074823823000031 49.463256797000042)",Unfall 181295 (2018) Kat:3, Licht: 0,181295,3,2,0,07,16,5,0,0,1,1,0,0,0,0
"POINT (11.070219764000058 49.455191384000045)",Unfall 181297 (2018) Kat:3, Licht: 0,181297,3,6,2,07,07,5,0,0,0,1,0,0,0,0
"POINT (11.026404264000064 49.470061346000080)",Unfall 181300 (2018) Kat:3, Licht: 0,181300,3,2,5,07,15,5,0,0,1,1,0,0,0,0
"POINT (11.049689176000072 49.390755827000078)",Unfall 181302 (2018) Kat:3, Licht: 0,181302,3,6,2,07,15,5,0,0,0,0,0,0,1,1
"POINT (11.107855638000046 49.472785660000056)",Unfall 181304 (2018) Kat:3, Licht: 0,181304,3,2,4,07,16,5,1,0,1,1,0,0,0,0
"POINT (11.114821964000043 49.408148809000068)",Unfall 181305 (2018) Kat:2, Licht: 0,181305,2,3,5,07,08,5,0,0,1,1,0,0,0,0
"POINT (11.120705264000037 49.481356510000069)",Unfall 181307 (2018) Kat:2, Licht: 0,181307,2,1,0,07,10,5,0,0,0,0,0,1,0,0
"POINT (11.068906421000065 49.467230561000065)",Unfall 181308 (2018) Kat:3, Licht: 0,181308,3,6,5,07,15,5,1,0,1,1,0,0,0,0
"POINT (11.107863192000025 49.451503649000074)",Unfall 181324 (2018) Kat:3, Licht: 0,181324,3,6,2,07,05,4,0,0,0,1,0,1,0,0
"POINT (11.137386265000032 49.446941616000061)",Unfall 181369 (2018) Kat:2, Licht: 0,181369,2,1,6,07,10,3,0,0,1,0,1,0,0,0
"POINT (11.089524087000029 49.452083263000077)",Unfall 181372 (2018) Kat:2, Licht: 0,181372,2,1,0,07,09,3,0,0,1,0,0,0,0,0
"POINT (11.069293026000025 49.452621539000063)",Unfall 181377 (2018) Kat:3, Licht: 0,181377,3,2,5,07,07,3,0,0,1,1,0,0,0,0
"POINT (11.026990901000033 49.449921476000043)",Unfall 181383 (2018) Kat:3, Licht: 0,181383,3,7,1,07,07,4,0,0,1,1,0,0,0,0
"POINT (11.081555805000050 49.472967294000057)",Unfall 181428 (2018) Kat:3, Licht: 0,181428,3,6,3,07,13,4,0,0,0,0,0,1,1,0
"POINT (11.021301991000030 49.430097788000069)",Unfall 181466 (2018) Kat:3, Licht: 0,181466,3,3,0,07,19,7,0,0,0,1,0,0,0,0
"POINT (11.069412358000022 49.466026284000066)",Unfall 181467 (2018) Kat:3, Licht: 0,181467,3,6,0,07,07,7,0,0,0,1,0,0,0,0
"POINT (11.083504875000074 49.450710969000056)",Unfall 181468 (2018) Kat:3, Licht: 2,181468,3,2,5,07,00,7,0,2,1,1,0,0,0,0
"POINT (11.089015070000073 49.447650624000062)",Unfall 181469 (2018) Kat:3, Licht: 0,181469,3,6,2,07,11,7,0,0,0,1,0,0,0,1
"POINT (11.072545666000053 49.442066295000075)",Unfall 181470 (2018) Kat:3, Licht: 0,181470,3,5,1,07,18,7,0,0,1,1,0,0,0,0
"POINT (11.093817458000046 49.462647706000041)",Unfall 181471 (2018) Kat:3, Licht: 0,181471,3,6,2,07,18,7,0,0,0,1,0,1,0,0
"POINT (11.017780320000043 49.457070310000063)",Unfall 181600 (2018) Kat:3, Licht: 0,181600,3,6,2,07,14,1,0,0,0,1,0,0,0,0
"POINT (11.072945792000041 49.454112605000034)",Unfall 181603 (2018) Kat:3, Licht: 0,181603,3,7,1,07,12,1,0,0,1,1,0,0,0,0
"POINT (11.046586004000062 49.432766464000053)",Unfall 181605 (2018) Kat:3, Licht: 2,181605,3,7,1,07,23,1,0,2,1,1,0,0,0,0
"POINT (11.068466585000067 49.444758516000036)",Unfall 181607 (2018) Kat:3, Licht: 0,181607,3,3,5,07,09,1,0,0,0,1,0,0,0,0
"POINT (11.078660782000043 49.460938695000038)",Unfall 181609 (2018) Kat:3, Licht: 0,181609,3,2,6,07,12,1,0,0,0,1,1,0,0,0
"POINT (11.066177693000043 49.448104091000062)",Unfall 181610 (2018) Kat:3, Licht: 0,181610,3,1,0,07,14,1,0,0,0,0,0,1,0,0
"POINT (11.082743407000066 49.459287608000068)",Unfall 181612 (2018) Kat:2, Licht: 0,181612,2,3,5,07,21,1,0,0,1,1,0,0,0,0
"POINT (11.079800743000021 49.437238243000081)",Unfall 181614 (2018) Kat:2, Licht: 0,181614,2,3,5,07,14,1,0,0,0,1,0,1,0,0
"POINT (11.078235970000037 49.441943629000036)",Unfall 181623 (2018) Kat:3, Licht: 0,181623,3,3,5,07,10,6,0,0,1,1,0,0,0,0
"POINT (11.070393003000049 49.456313681000040)",Unfall 181625 (2018) Kat:2, Licht: 0,181625,2,7,0,07,16,6,1,0,0,1,0,1,0,1
"POINT (11.069434679000040 49.465982609000037)",Unfall 181627 (2018) Kat:3, Licht: 0,181627,3,1,0,07,10,6,1,0,0,0,0,1,0,0
"POINT (11.103762675000041 49.450585610000076)",Unfall 181629 (2018) Kat:3, Licht: 0,181629,3,2,5,07,18,6,0,0,0,1,0,1,0,0
"POINT (11.050410580000062 49.436341229000050)",Unfall 181789 (2018) Kat:3, Licht: 0,181789,3,3,5,07,10,3,1,0,1,1,0,0,0,0
"POINT (11.066913706000037 49.449020690000054)",Unfall 181791 (2018) Kat:3, Licht: 0,181791,3,7,6,07,13,3,0,0,0,1,1,0,0,0
"POINT (11.081722544000058 49.440918251000028)",Unfall 181792 (2018) Kat:3, Licht: 0,181792,3,3,5,07,08,5,0,0,1,1,0,0,0,0
"POINT (11.054356354000049 49.440720250000027)",Unfall 181793 (2018) Kat:2, Licht: 0,181793,2,4,6,07,07,3,0,0,0,0,1,0,1,0
"POINT (11.080837229000053 49.448136995000027)",Unfall 181794 (2018) Kat:3, Licht: 0,181794,3,4,6,07,18,3,0,0,1,0,1,0,0,0
"POINT (10.999151221000034 49.447548783000059)",Unfall 181795 (2018) Kat:3, Licht: 0,181795,3,6,2,07,08,5,0,0,0,1,0,0,0,0
"POINT (11.099328205000063 49.441634801000077)",Unfall 181797 (2018) Kat:3, Licht: 0,181797,3,3,5,07,13,5,0,0,1,1,0,0,0,0
"POINT (11.111189659000047 49.476323218000061)",Unfall 181799 (2018) Kat:3, Licht: 0,181799,3,3,5,07,11,5,0,0,0,1,0,0,1,0
"POINT (11.087530301000072 49.464977491000070)",Unfall 181801 (2018) Kat:3, Licht: 0,181801,3,1,0,07,21,5,0,0,1,0,0,0,0,0
"POINT (11.112393116000021 49.488235616000054)",Unfall 181802 (2018) Kat:3, Licht: 2,181802,3,1,8,07,23,5,0,2,0,0,0,1,0,0
"POINT (11.081196845000022 49.446587056000055)",Unfall 181945 (2018) Kat:3, Licht: 2,181945,3,4,0,07,22,4,0,2,0,0,1,1,0,0
"POINT (11.028063510000038 49.440042973000061)",Unfall 181947 (2018) Kat:3, Licht: 0,181947,3,6,4,07,13,4,0,0,1,1,0,0,0,0
"POINT (11.040958398000043 49.434679095000035)",Unfall 181948 (2018) Kat:3, Licht: 0,181948,3,6,2,07,18,2,0,0,0,1,0,1,0,0
"POINT (11.131632955000043 49.421434037000040)",Unfall 181949 (2018) Kat:3, Licht: 0,181949,3,6,3,07,07,2,0,0,0,1,0,1,0,0
"POINT (11.059182745000044 49.449798706000081)",Unfall 181952 (2018) Kat:3, Licht: 0,181952,3,3,5,07,17,2,0,0,0,1,0,1,0,0
"POINT (11.028432850000058 49.469458397000039)",Unfall 181953 (2018) Kat:3, Licht: 0,181953,3,2,5,07,19,2,0,0,0,1,0,0,0,0
"POINT (11.078379366000036 49.455669592000049)",Unfall 181955 (2018) Kat:3, Licht: 0,181955,3,6,2,07,15,2,0,0,1,1,0,0,0,0
"POINT (11.037751566000054 49.466380168000057)",Unfall 181957 (2018) Kat:3, Licht: 0,181957,3,7,4,07,18,2,0,0,0,1,0,1,0,0
"POINT (11.054787291000025 49.444571758000052)",Unfall 181960 (2018) Kat:2, Licht: 0,181960,2,3,5,07,14,2,0,0,1,1,0,0,1,0
"POINT (11.176274702000057 49.468246602000079)",Unfall 182056 (2018) Kat:3, Licht: 0,182056,3,1,0,07,18,1,0,0,1,0,0,0,0,0
"POINT (11.089787796000053 49.485349718000066)",Unfall 182058 (2018) Kat:3, Licht: 0,182058,3,6,2,07,20,1,0,0,1,0,0,0,0,0
"POINT (11.018273739000051 49.453479528000059)",Unfall 182067 (2018) Kat:3, Licht: 0,182067,3,3,5,07,15,6,0,0,1,1,0,0,0,0
"POINT (11.077631097000051 49.439940207000063)",Unfall 182069 (2018) Kat:2, Licht: 0,182069,2,3,5,07,19,6,0,0,0,1,0,1,0,0
"POINT (11.126066364000053 49.463398943000072)",Unfall 182071 (2018) Kat:3, Licht: 0,182071,3,3,5,07,15,6,0,0,0,1,0,0,0,0
"POINT (11.019641697000054 49.471229450000067)",Unfall 182072 (2018) Kat:3, Licht: 0,182072,3,2,2,07,13,6,0,0,1,1,0,0,0,0
"POINT (11.066909861000056 49.461949714000070)",Unfall 182074 (2018) Kat:3, Licht: 2,182074,3,1,0,07,23,6,0,2,0,0,0,1,0,0
"POINT (11.097679283000048 49.460426277000067)",Unfall 182076 (2018) Kat:2, Licht: 0,182076,2,3,5,07,16,6,0,0,1,1,0,0,0,0
"POINT (11.082995470000071 49.440585735000070)",Unfall 182176 (2018) Kat:3, Licht: 2,182176,3,1,3,07,22,7,0,2,0,1,0,0,0,0
"POINT (11.048409266000021 49.435918635000064)",Unfall 182178 (2018) Kat:3, Licht: 0,182178,3,3,5,07,10,7,0,0,0,1,0,0,0,0
"POINT (11.093836570000065 49.446209102000068)",Unfall 182180 (2018) Kat:3, Licht: 0,182180,3,6,3,07,19,7,0,0,1,1,0,0,0,0
"POINT (11.082966910000039 49.449863700000037)",Unfall 182183 (2018) Kat:3, Licht: 2,182183,3,3,5,07,02,7,0,2,1,1,0,0,0,0
"POINT (11.036481652000077 49.402445679000039)",Unfall 182232 (2018) Kat:3, Licht: 1,182232,3,7,4,07,20,3,0,1,0,1,0,1,0,0
"POINT (11.100651917000050 49.439899365000031)",Unfall 182233 (2018) Kat:3, Licht: 2,182233,3,7,1,07,22,3,0,2,1,1,0,0,0,0
"POINT (11.040965470000060 49.434725165000032)",Unfall 182234 (2018) Kat:3, Licht: 0,182234,3,2,5,07,07,3,0,0,0,1,0,0,0,0
"POINT (11.082142202000057 49.464320768000050)",Unfall 182235 (2018) Kat:3, Licht: 0,182235,3,2,0,07,17,3,0,0,0,1,0,1,0,0
"POINT (11.005660259000024 49.436303678000058)",Unfall 182297 (2018) Kat:3, Licht: 0,182297,3,6,2,07,10,4,0,0,0,1,0,0,1,0
"POINT (11.059308690000023 49.459817970000074)",Unfall 182299 (2018) Kat:3, Licht: 0,182299,3,1,0,07,20,4,0,0,1,0,0,0,0,0
"POINT (11.077682142000072 49.433288717000039)",Unfall 182301 (2018) Kat:3, Licht: 0,182301,3,1,0,07,18,4,0,0,1,0,0,0,0,0
"POINT (11.093562483000028 49.429350920000047)",Unfall 182303 (2018) Kat:3, Licht: 0,182303,3,3,5,07,07,4,0,0,0,1,0,1,0,0
"POINT (11.080869979000056 49.450998446000028)",Unfall 182305 (2018) Kat:3, Licht: 0,182305,3,7,0,07,14,4,0,0,1,0,0,0,0,0
"POINT (11.192292249000047 49.423695567000038)",Unfall 182306 (2018) Kat:3, Licht: 0,182306,3,7,1,07,15,4,0,0,0,1,0,0,0,0
"POINT (11.106229629000040 49.479687159000036)",Unfall 182307 (2018) Kat:2, Licht: 0,182307,2,3,0,07,17,4,0,0,1,0,0,0,0,0
"POINT (11.075888678000069 49.451890415000037)",Unfall 182310 (2018) Kat:3, Licht: 0,182310,3,4,6,07,12,4,0,0,1,0,1,0,0,0
"POINT (11.111547576000021 49.467947334000030)",Unfall 182312 (2018) Kat:3, Licht: 0,182312,3,3,6,07,10,4,0,0,0,1,1,0,0,0
"POINT (11.054318871000021 49.463598955000066)",Unfall 182400 (2018) Kat:3, Licht: 0,182400,3,3,5,07,18,2,0,0,0,1,0,0,0,0
"POINT (11.066963810000061 49.460861267000041)",Unfall 182402 (2018) Kat:3, Licht: 0,182402,3,7,1,07,13,2,0,0,1,1,0,0,0,0
"POINT (11.044393698000022 49.454665178000027)",Unfall 182404 (2018) Kat:1, Licht: 0,182404,1,4,6,07,15,2,0,0,0,1,1,0,0,0
"POINT (11.097556418000067 49.445972224000059)",Unfall 182406 (2018) Kat:3, Licht: 0,182406,3,6,2,07,18,2,0,0,1,1,0,0,0,0
"POINT (11.083461017000047 49.440752215000032)",Unfall 182408 (2018) Kat:3, Licht: 0,182408,3,2,3,07,17,2,0,0,1,1,0,0,0,0
"POINT (11.123939129000064 49.427203487000043)",Unfall 182558 (2018) Kat:3, Licht: 0,182558,3,1,8,07,20,5,0,0,1,0,0,0,0,0
"POINT (11.090754378000042 49.465459550000048)",Unfall 182559 (2018) Kat:3, Licht: 0,182559,3,5,1,07,18,5,0,0,1,1,0,0,0,0
"POINT (11.096435967000048 49.484257757000080)",Unfall 182560 (2018) Kat:2, Licht: 0,182560,2,2,5,07,13,5,0,0,1,1,0,0,0,0
"POINT (11.119295757000032 49.435432764000041)",Unfall 182563 (2018) Kat:3, Licht: 0,182563,3,5,1,07,09,5,0,0,1,1,0,0,0,0
"POINT (11.141416659000072 49.410982275000038)",Unfall 182565 (2018) Kat:3, Licht: 0,182565,3,3,5,07,13,5,0,0,1,1,0,0,0,0
"POINT (11.086127775000023 49.435777802000075)",Unfall 182566 (2018) Kat:3, Licht: 0,182566,3,2,6,07,12,5,0,0,1,0,1,0,0,0
"POINT (11.027530178000063 49.475399779000043)",Unfall 182568 (2018) Kat:3, Licht: 0,182568,3,3,5,07,18,5,0,0,0,1,0,1,0,0
"POINT (11.062535230000037 49.448644873000035)",Unfall 182570 (2018) Kat:3, Licht: 0,182570,3,6,2,07,09,5,0,0,0,1,0,0,0,0
"POINT (11.117748956000071 49.450429293000070)",Unfall 182606 (2018) Kat:3, Licht: 0,182606,3,7,6,07,17,6,0,0,0,1,1,0,0,0
"POINT (11.104157695000026 49.442950343000064)",Unfall 182608 (2018) Kat:3, Licht: 0,182608,3,4,6,07,17,6,0,0,0,1,1,0,0,0
"POINT (11.062996425000051 49.444357821000040)",Unfall 182610 (2018) Kat:3, Licht: 0,182610,3,3,5,07,06,6,0,0,1,1,0,0,0,0
"POINT (11.041102702000046 49.421920832000069)",Unfall 182611 (2018) Kat:3, Licht: 0,182611,3,6,3,07,16,6,0,0,0,1,0,0,1,0
"POINT (11.001846575000059 49.437793919000057)",Unfall 182613 (2018) Kat:3, Licht: 0,182613,3,5,0,07,13,6,0,0,1,0,0,0,0,1
"POINT (11.034947823000039 49.467156797000030)",Unfall 182793 (2018) Kat:3, Licht: 0,182793,3,3,5,07,19,3,0,0,1,1,0,0,0,0
"POINT (11.091251254000042 49.473774332000062)",Unfall 182795 (2018) Kat:3, Licht: 0,182795,3,6,2,07,05,3,0,0,0,1,0,0,0,0
"POINT (11.082198294000023 49.460118667000074)",Unfall 182798 (2018) Kat:3, Licht: 0,182798,3,3,5,07,10,3,0,0,1,1,0,0,0,0
"POINT (11.049713515000064 49.364415011000062)",Unfall 182801 (2018) Kat:2, Licht: 0,182801,2,1,0,07,21,3,0,0,1,0,0,0,0,0
"POINT (11.097605252000051 49.484124956000073)",Unfall 182803 (2018) Kat:2, Licht: 0,182803,2,5,0,07,08,3,0,0,1,1,0,0,0,0
"POINT (11.016057557000067 49.429526631000044)",Unfall 182806 (2018) Kat:3, Licht: 0,182806,3,3,5,07,13,3,0,0,0,1,0,1,0,0
"POINT (11.068736157000046 49.439317055000060)",Unfall 182854 (2018) Kat:2, Licht: 0,182854,2,7,1,07,17,1,0,0,0,1,0,0,0,1
"POINT (11.086322646000042 49.453544091000026)",Unfall 182857 (2018) Kat:2, Licht: 0,182857,2,6,4,07,08,1,1,0,1,0,0,0,0,0
"POINT (11.126052885000036 49.463400231000037)",Unfall 182938 (2018) Kat:3, Licht: 0,182938,3,1,0,07,18,7,1,0,1,0,0,0,0,0
"POINT (11.061292496000021 49.447349460000055)",Unfall 182940 (2018) Kat:3, Licht: 0,182940,3,1,0,07,16,7,1,0,1,0,0,0,0,0
"POINT (11.083776379000028 49.456047307000063)",Unfall 182942 (2018) Kat:2, Licht: 0,182942,2,1,0,07,10,7,1,0,1,0,0,0,0,0
"POINT (11.069903395000040 49.447172142000056)",Unfall 182943 (2018) Kat:3, Licht: 2,182943,3,3,5,07,00,7,0,2,0,1,0,1,0,0
"POINT (11.080484422000040 49.446298285000069)",Unfall 182945 (2018) Kat:3, Licht: 0,182945,3,3,0,07,16,7,1,0,0,1,0,1,0,0
"POINT (11.080057922000037 49.441691650000053)",Unfall 182995 (2018) Kat:3, Licht: 0,182995,3,1,6,07,17,2,0,0,1,0,1,0,0,0
"POINT (11.085441607000064 49.460885120000057)",Unfall 182996 (2018) Kat:3, Licht: 2,182996,3,3,5,07,22,2,0,2,1,1,0,0,0,0
"POINT (11.083638355000062 49.444160192000027)",Unfall 182998 (2018) Kat:3, Licht: 0,182998,3,1,6,07,13,2,0,0,1,0,1,0,0,0
"POINT (11.049452874000053 49.452849109000056)",Unfall 183000 (2018) Kat:3, Licht: 0,183000,3,6,2,07,13,2,0,0,0,1,0,0,0,0
"POINT (11.113510511000072 49.453691361000040)",Unfall 183003 (2018) Kat:3, Licht: 0,183003,3,2,5,07,19,2,0,0,0,1,0,0,0,0
"POINT (11.024889660000042 49.517217658000050)",Unfall 183006 (2018) Kat:3, Licht: 0,183006,3,3,5,07,15,2,0,0,0,1,0,0,0,0
"POINT (11.048514804000035 49.387381851000043)",Unfall 183008 (2018) Kat:2, Licht: 1,183008,2,3,5,07,05,2,0,1,0,1,0,1,0,0
"POINT (11.005711608000070 49.443354346000035)",Unfall 183009 (2018) Kat:3, Licht: 2,183009,3,3,5,07,21,2,0,2,1,1,0,0,0,0
"POINT (11.067926316000069 49.436643736000065)",Unfall 183089 (2018) Kat:3, Licht: 0,183089,3,7,2,07,11,6,0,0,0,1,0,0,0,0
"POINT (11.107327891000068 49.471731906000059)",Unfall 183091 (2018) Kat:3, Licht: 0,183091,3,7,1,07,09,6,0,0,1,1,0,0,0,0
"POINT (11.050024617000076 49.439091932000053)",Unfall 183093 (2018) Kat:2, Licht: 0,183093,2,7,0,07,14,6,0,0,1,0,0,0,0,0
"POINT (11.137979280000025 49.401497167000059)",Unfall 183095 (2018) Kat:3, Licht: 0,183095,3,6,3,07,16,6,0,0,0,1,0,0,0,0
"POINT (11.071903404000068 49.461759204000032)",Unfall 183097 (2018) Kat:2, Licht: 0,183097,2,4,6,07,13,6,1,0,0,1,1,0,0,0
"POINT (11.093428430000074 49.426898468000047)",Unfall 183156 (2018) Kat:2, Licht: 0,183156,2,3,5,07,19,4,0,0,1,1,0,0,0,0
"POINT (11.081988653000053 49.440450598000041)",Unfall 183157 (2018) Kat:3, Licht: 2,183157,3,2,0,07,03,4,0,2,1,1,0,0,0,0
"POINT (11.042242073000068 49.355247414000075)",Unfall 183159 (2018) Kat:3, Licht: 0,183159,3,6,2,07,17,4,0,0,0,1,0,0,0,0
"POINT (11.044473460000063 49.442012141000077)",Unfall 183163 (2018) Kat:3, Licht: 0,183163,3,6,1,07,16,4,0,0,0,1,0,0,0,0