WKT,Name,OBJECTID,UKATEGORIE,UTYP1,UART,UMONAT,USTUNDE,UWOCHENTAG,STRZUSTAND,ULICHTVERH,ISTRAD,ISTPKW,ISTFUSS,ISTKRAD,ISTGKFZ,ISTSONSTIG
"POINT (11.088909373000035 49.455674258000045)",Unfall 183165 (2018) Kat:3, Licht: 0,183165,3,2,5,07,08,4,0,0,1,1,0,0,0,0
"POINT (11.053626855000061 49.493022377000045)",Unfall 183286 (2018) Kat:3, Licht: 0,183286,3,4,0,07,08,5,0,0,0,0,1,0,0,1
"POINT (11.049272828000028 49.452911417000053)",Unfall 183288 (2018) Kat:3, Licht: 0,183288,3,6,4,07,12,5,0,0,1,0,0,0,0,0
"POINT (11.065767174000030 49.449682900000028)",Unfall 183289 (2018) Kat:3, Licht: 2,183289,3,6,2,07,22,5,0,2,0,1,0,0,0,0
"POINT (11.018018826000059 49.469365394000079)",Unfall 183292 (2018) Kat:3, Licht: 0,183292,3,6,0,07,17,5,0,0,1,1,0,0,0,0
"POINT (11.075460772000042 49.456676944000037)",Unfall 183293 (2018) Kat:3, Licht: 0,183293,3,1,0,07,12,5,0,0,0,1,0,0,0,0
"POINT (11.039114496000025 49.435342899000034)",Unfall 183341 (2018) Kat:3, Licht: 0,183341,3,2,6,07,14,2,0,0,0,1,1,0,0,0
"POINT (11.075881565000032 49.454401481000048)",Unfall 183342 (2018) Kat:3, Licht: 0,183342,3,7,2,07,19,1,0,0,0,1,0,1,0,0
"POINT (11.080162759000075 49.446550391000073)",Unfall 183343 (2018) Kat:3, Licht: 2,183343,3,4,6,07,02,1,0,2,0,1,1,0,0,0
"POINT (11.046631985000033 49.452200836000031)",Unfall 183430 (2018) Kat:3, Licht: 0,183430,3,3,5,07,13,2,0,0,1,1,0,0,0,0
"POINT (11.097651249000023 49.446735190000027)",Unfall 183446 (2018) Kat:3, Licht: 2,183446,3,1,0,07,23,7,0,2,1,0,0,0,0,0
"POINT (11.133301301000074 49.402264532000061)",Unfall 183448 (2018) Kat:3, Licht: 0,183448,3,5,0,07,12,7,0,0,1,1,0,0,0,0
"POINT (11.068031970000050 49.435774013000071)",Unfall 183449 (2018) Kat:3, Licht: 0,183449,3,1,6,07,09,7,0,0,1,0,1,0,0,0
"POINT (11.074365807000049 49.446827989000042)",Unfall 183451 (2018) Kat:2, Licht: 0,183451,2,1,0,07,18,7,0,0,1,0,0,0,0,0
"POINT (11.024241612000026 49.470441838000056)",Unfall 183499 (2018) Kat:3, Licht: 0,183499,3,6,2,07,10,2,0,0,0,1,0,1,0,0
"POINT (11.099639909000075 49.442986319000056)",Unfall 183569 (2018) Kat:3, Licht: 0,183569,3,2,5,08,15,4,0,0,1,1,0,0,0,0
"POINT (11.097473022000031 49.444677745000035)",Unfall 183575 (2018) Kat:2, Licht: 0,183575,2,3,5,08,16,4,0,0,0,1,0,0,0,0
"POINT (11.083492521000039 49.440652447000048)",Unfall 183609 (2018) Kat:2, Licht: 0,183609,2,2,3,08,07,4,0,0,0,1,0,1,0,1
"POINT (11.052225058000033 49.433954968000080)",Unfall 183622 (2018) Kat:3, Licht: 0,183622,3,3,5,08,17,4,0,0,1,1,0,0,0,0
"POINT (11.081519012000058 49.441556219000063)",Unfall 183658 (2018) Kat:3, Licht: 0,183658,3,6,3,07,10,3,0,0,1,1,0,0,0,0
"POINT (11.155799233000039 49.403281279000055)",Unfall 183665 (2018) Kat:3, Licht: 0,183665,3,6,2,07,18,3,0,0,0,1,0,0,0,0
"POINT (11.071205060000068 49.455129564000060)",Unfall 183667 (2018) Kat:3, Licht: 0,183667,3,1,0,08,15,4,0,0,1,0,0,0,0,0
"POINT (11.072736385000042 49.484613814000056)",Unfall 183668 (2018) Kat:3, Licht: 0,183668,3,6,2,07,09,3,0,0,0,0,0,0,1,1
"POINT (11.093437544000039 49.438070453000080)",Unfall 183670 (2018) Kat:3, Licht: 0,183670,3,5,1,07,17,3,0,0,1,1,0,0,0,0
"POINT (11.031423323000070 49.437513942000066)",Unfall 183672 (2018) Kat:3, Licht: 0,183672,3,2,3,08,16,4,0,0,0,0,0,1,0,1
"POINT (11.094084453000050 49.431553509000025)",Unfall 183678 (2018) Kat:3, Licht: 0,183678,3,5,1,08,06,5,0,0,1,0,0,0,0,1
"POINT (11.070157591000054 49.460281671000075)",Unfall 183680 (2018) Kat:2, Licht: 0,183680,2,7,0,08,18,5,0,0,1,0,0,0,0,0
"POINT (11.092516483000054 49.426371241000027)",Unfall 183682 (2018) Kat:3, Licht: 0,183682,3,3,5,08,11,5,0,0,1,1,0,0,0,0
"POINT (11.085394149000024 49.455643715000065)",Unfall 183684 (2018) Kat:2, Licht: 2,183684,2,1,0,08,21,5,0,2,0,0,0,1,0,0
"POINT (11.049430340000072 49.436918190000029)",Unfall 183729 (2018) Kat:3, Licht: 0,183729,3,3,5,08,16,4,0,0,0,1,0,0,0,0
"POINT (11.068016121000028 49.423432918000060)",Unfall 183742 (2018) Kat:3, Licht: 0,183742,3,1,6,08,09,4,0,0,0,1,1,0,0,0
"POINT (11.078590877000067 49.454942958000061)",Unfall 183787 (2018) Kat:3, Licht: 0,183787,3,2,5,08,08,4,0,0,1,1,0,0,0,0
"POINT (11.085633327000039 49.450285049000058)",Unfall 183849 (2018) Kat:3, Licht: 2,183849,3,3,5,08,04,7,0,2,0,1,0,0,0,0
"POINT (11.116867502000048 49.443740559000048)",Unfall 183902 (2018) Kat:3, Licht: 0,183902,3,6,2,08,19,2,0,0,1,1,0,0,0,0
"POINT (11.019395732000021 49.431420570000057)",Unfall 183904 (2018) Kat:3, Licht: 0,183904,3,6,2,08,10,2,0,0,0,1,0,1,0,0
"POINT (11.058696928000074 49.484189884000045)",Unfall 183905 (2018) Kat:3, Licht: 0,183905,3,6,2,08,09,2,0,0,0,1,0,0,0,0
"POINT (11.083473085000037 49.440713999000081)",Unfall 183907 (2018) Kat:3, Licht: 0,183907,3,3,5,08,14,2,0,0,1,1,0,0,0,0
"POINT (11.043167032000042 49.448304888000052)",Unfall 183910 (2018) Kat:3, Licht: 0,183910,3,2,3,08,06,2,0,0,1,1,0,0,0,0
"POINT (11.081527675000075 49.473241561000066)",Unfall 183912 (2018) Kat:3, Licht: 0,183912,3,7,0,08,19,2,0,0,1,0,0,0,0,0
"POINT (11.053785937000043 49.406761681000035)",Unfall 184012 (2018) Kat:3, Licht: 0,184012,3,2,5,08,12,6,0,0,0,1,0,0,1,0
"POINT (11.072707706000074 49.484614077000060)",Unfall 184014 (2018) Kat:3, Licht: 2,184014,3,6,2,08,20,6,0,2,0,1,0,0,0,0
"POINT (11.106225839000047 49.490721229000030)",Unfall 184015 (2018) Kat:3, Licht: 0,184015,3,3,5,08,14,6,0,0,0,1,0,0,0,0
"POINT (11.063365998000052 49.458951541000033)",Unfall 184017 (2018) Kat:3, Licht: 0,184017,3,2,3,08,11,6,0,0,0,1,0,1,0,0
"POINT (11.087540428000068 49.448245836000069)",Unfall 184018 (2018) Kat:3, Licht: 0,184018,3,1,6,08,17,1,0,0,1,0,1,0,0,0
"POINT (11.121192120000046 49.433535499000072)",Unfall 184020 (2018) Kat:3, Licht: 0,184020,3,2,3,08,10,1,0,0,0,1,0,1,0,0
"POINT (11.055901437000045 49.350408795000078)",Unfall 184022 (2018) Kat:3, Licht: 0,184022,3,1,0,08,14,1,0,0,1,0,0,0,0,0
"POINT (11.059203938000053 49.457292879000079)",Unfall 184117 (2018) Kat:3, Licht: 0,184117,3,2,5,08,20,4,0,0,1,1,0,0,0,0
"POINT (11.062251510000067 49.444205581000062)",Unfall 184119 (2018) Kat:3, Licht: 0,184119,3,6,3,08,19,4,0,0,1,1,0,0,0,0
"POINT (11.067738653000049 49.433814349000045)",Unfall 184122 (2018) Kat:3, Licht: 0,184122,3,2,5,08,13,4,0,0,1,1,0,0,0,0
"POINT (11.060812422000026 49.416396524000049)",Unfall 184129 (2018) Kat:3, Licht: 0,184129,3,5,1,08,14,6,0,0,1,1,0,0,0,0
"POINT (11.014671204000024 49.453762336000068)",Unfall 184132 (2018) Kat:2, Licht: 0,184132,2,2,5,08,14,6,0,0,0,1,0,1,0,0
"POINT (11.068293283000060 49.428200636000042)",Unfall 184134 (2018) Kat:3, Licht: 0,184134,3,7,1,08,16,6,0,0,0,1,0,0,0,0
"POINT (11.084502435000047 49.451217941000039)",Unfall 184222 (2018) Kat:3, Licht: 0,184222,3,7,3,08,13,3,0,0,0,0,0,0,0,1
"POINT (11.095154062000063 49.438492146000044)",Unfall 184224 (2018) Kat:2, Licht: 0,184224,2,2,5,08,18,3,0,0,1,1,0,0,0,0
"POINT (11.072606162000056 49.460863218000043)",Unfall 184227 (2018) Kat:3, Licht: 0,184227,3,6,2,08,08,3,0,0,0,1,0,0,0,0
"POINT (11.060095271000023 49.451723297000058)",Unfall 184229 (2018) Kat:3, Licht: 0,184229,3,2,3,08,09,3,0,0,1,1,0,0,0,0
"POINT (11.103931988000056 49.450640384000053)",Unfall 184232 (2018) Kat:3, Licht: 0,184232,3,6,2,08,15,3,0,0,0,1,0,0,0,0
"POINT (11.070929413000044 49.456848231000038)",Unfall 184234 (2018) Kat:3, Licht: 0,184234,3,6,2,08,17,3,0,0,0,1,0,0,0,0
"POINT (11.036879518000035 49.509714372000076)",Unfall 184236 (2018) Kat:3, Licht: 0,184236,3,6,3,08,07,3,0,0,0,1,0,1,0,0
"POINT (11.080018255000027 49.456709322000052)",Unfall 184237 (2018) Kat:3, Licht: 0,184237,3,3,5,08,10,3,0,0,1,1,0,0,0,0
"POINT (11.098603572000059 49.443859153000062)",Unfall 184239 (2018) Kat:3, Licht: 0,184239,3,2,5,08,17,3,0,0,1,1,0,0,0,0
"POINT (11.124448334000022 49.409929221000027)",Unfall 184267 (2018) Kat:3, Licht: 0,184267,3,6,2,08,09,5,0,0,0,1,0,0,0,0
"POINT (11.083590464000054 49.447479734000069)",Unfall 184268 (2018) Kat:3, Licht: 0,184268,3,3,5,08,06,5,0,0,0,1,0,0,0,0
"POINT (11.065767989000051 49.408494495000070)",Unfall 184331 (2018) Kat:3, Licht: 0,184331,3,3,5,08,06,2,0,0,1,1,0,0,0,0
"POINT (11.083020518000069 49.450660857000059)",Unfall 184332 (2018) Kat:3, Licht: 2,184332,3,1,6,08,22,2,0,2,1,0,1,0,0,0
"POINT (11.015402154000071 49.442107810000039)",Unfall 184333 (2018) Kat:3, Licht: 0,184333,3,5,5,08,17,2,0,0,1,1,0,0,0,0
"POINT (11.083530829000040 49.447306213000047)",Unfall 184334 (2018) Kat:2, Licht: 0,184334,2,4,6,08,12,2,0,0,0,0,1,0,1,0
"POINT (11.093145995000043 49.454106658000057)",Unfall 184335 (2018) Kat:3, Licht: 0,184335,3,4,6,08,09,2,0,0,0,1,1,0,0,0
"POINT (11.100525930000060 49.450548615000059)",Unfall 184355 (2018) Kat:3, Licht: 0,184355,3,6,4,08,18,4,0,0,1,0,0,0,0,0
"POINT (11.101658794000059 49.446205640000073)",Unfall 184357 (2018) Kat:3, Licht: 0,184357,3,2,4,08,19,4,0,0,0,1,0,1,0,0
"POINT (11.078763722000076 49.455786435000050)",Unfall 184359 (2018) Kat:3, Licht: 0,184359,3,1,0,08,11,4,0,0,1,0,0,0,0,0
"POINT (11.088236349000056 49.443128103000049)",Unfall 184415 (2018) Kat:3, Licht: 2,184415,3,2,5,08,22,1,0,2,0,1,0,0,0,0
"POINT (11.096895850000067 49.466037084000050)",Unfall 184416 (2018) Kat:3, Licht: 0,184416,3,6,2,08,18,1,0,0,0,1,0,0,0,0
"POINT (11.131098028000054 49.445687813000063)",Unfall 184418 (2018) Kat:3, Licht: 0,184418,3,6,2,08,17,1,0,0,0,1,0,0,0,0
"POINT (11.086822100000063 49.473499158000038)",Unfall 184478 (2018) Kat:3, Licht: 0,184478,3,3,5,08,14,3,0,0,0,1,0,1,0,0
"POINT (11.088412475000041 49.461289387000079)",Unfall 184480 (2018) Kat:2, Licht: 0,184480,2,2,6,08,15,3,0,0,0,1,1,0,0,0
"POINT (11.101373942000066 49.443171171000074)",Unfall 184482 (2018) Kat:3, Licht: 0,184482,3,3,5,08,17,3,0,0,0,1,0,0,0,0
"POINT (11.088868982000065 49.447733870000036)",Unfall 184483 (2018) Kat:3, Licht: 0,184483,3,1,0,08,10,3,0,0,0,0,0,1,0,0
"POINT (11.090041059000043 49.441405475000067)",Unfall 184485 (2018) Kat:3, Licht: 0,184485,3,1,0,08,17,3,0,0,1,0,0,0,0,0
"POINT (11.108234122000056 49.472934783000028)",Unfall 184488 (2018) Kat:3, Licht: 0,184488,3,3,5,08,05,3,0,0,0,0,0,1,0,1
"POINT (11.029211662000023 49.518864358000030)",Unfall 184490 (2018) Kat:3, Licht: 0,184490,3,1,0,08,16,3,0,0,1,0,0,0,0,0
"POINT (11.039573840000060 49.422306909000042)",Unfall 184536 (2018) Kat:3, Licht: 0,184536,3,6,2,08,10,7,0,0,0,1,0,0,0,0
"POINT (11.055544647000033 49.460666352000032)",Unfall 184538 (2018) Kat:3, Licht: 0,184538,3,1,0,08,14,7,0,0,1,0,0,0,0,0
"POINT (11.075255488000039 49.462166508000053)",Unfall 184601 (2018) Kat:3, Licht: 0,184601,3,1,6,08,11,2,0,0,0,1,1,0,0,0
"POINT (11.089498800000058 49.456693054000027)",Unfall 184603 (2018) Kat:3, Licht: 0,184603,3,3,5,08,06,2,0,0,1,1,0,0,0,0
"POINT (11.049041094000074 49.434845062000079)",Unfall 184604 (2018) Kat:3, Licht: 0,184604,3,2,5,08,17,2,0,0,0,1,0,1,0,0
"POINT (11.017796706000070 49.457100013000058)",Unfall 184653 (2018) Kat:3, Licht: 0,184653,3,3,5,08,08,6,0,0,1,1,0,0,0,0
"POINT (11.077962346000049 49.441903715000080)",Unfall 184712 (2018) Kat:2, Licht: 0,184712,2,4,6,08,19,1,0,0,0,1,1,0,0,0
"POINT (11.104131996000035 49.442954649000058)",Unfall 184714 (2018) Kat:3, Licht: 0,184714,3,2,4,08,13,1,0,0,1,0,0,0,0,0
"POINT (11.253389499000036 49.435895552000034)",Unfall 184717 (2018) Kat:2, Licht: 0,184717,2,1,1,08,11,1,0,0,1,1,0,0,0,0
"POINT (11.132075382000039 49.405321079000032)",Unfall 184749 (2018) Kat:3, Licht: 0,184749,3,2,5,08,13,5,0,0,0,1,0,0,0,1
"POINT (11.027601766000032 49.475438882000049)",Unfall 184751 (2018) Kat:3, Licht: 1,184751,3,3,5,08,05,5,0,1,0,1,0,0,0,1
"POINT (11.086884763000057 49.441156122000052)",Unfall 184754 (2018) Kat:3, Licht: 0,184754,3,3,5,08,09,5,0,0,0,1,0,1,0,0
"POINT (11.081008399000041 49.443121048000080)",Unfall 184806 (2018) Kat:3, Licht: 0,184806,3,6,3,08,13,7,0,0,1,1,0,0,0,0
"POINT (11.010633667000036 49.458880915000066)",Unfall 184808 (2018) Kat:3, Licht: 0,184808,3,3,5,08,17,7,0,0,0,1,0,0,0,0
"POINT (11.008503574000031 49.445901130000038)",Unfall 184810 (2018) Kat:3, Licht: 0,184810,3,2,5,08,18,7,0,0,0,1,0,1,0,0
"POINT (11.083620246000066 49.447317485000042)",Unfall 184850 (2018) Kat:3, Licht: 0,184850,3,7,3,08,06,4,0,0,0,1,0,0,0,1
"POINT (11.073737836000021 49.451081402000057)",Unfall 184852 (2018) Kat:2, Licht: 0,184852,2,1,6,08,16,4,0,0,1,0,1,0,0,0
"POINT (11.067166247000046 49.402799166000079)",Unfall 184854 (2018) Kat:3, Licht: 0,184854,3,3,5,08,14,4,0,0,0,0,0,0,1,1
"POINT (11.127568249000035 49.444796906000079)",Unfall 184855 (2018) Kat:3, Licht: 0,184855,3,3,0,08,12,4,0,0,1,0,0,0,0,0
"POINT (11.079777148000062 49.415598907000060)",Unfall 184978 (2018) Kat:3, Licht: 0,184978,3,6,3,08,18,3,0,0,1,1,0,0,0,0
"POINT (11.051025494000044 49.394950037000058)",Unfall 184980 (2018) Kat:3, Licht: 0,184980,3,3,5,08,07,3,0,0,0,1,0,0,1,0
"POINT (11.044717807000040 49.454682118000051)",Unfall 184981 (2018) Kat:3, Licht: 0,184981,3,3,5,08,12,3,0,0,1,1,0,0,0,0
"POINT (11.063036773000022 49.440711822000026)",Unfall 184983 (2018) Kat:3, Licht: 0,184983,3,6,2,08,15,3,0,0,0,1,0,0,0,0
"POINT (11.070890794000036 49.407707021000078)",Unfall 184985 (2018) Kat:3, Licht: 0,184985,3,6,2,08,10,3,0,0,0,1,0,0,1,0
"POINT (11.118464865000021 49.414402015000064)",Unfall 185001 (2018) Kat:2, Licht: 0,185001,2,2,4,08,18,5,0,0,1,1,0,0,0,0
"POINT (11.092398395000032 49.461286804000054)",Unfall 185196 (2018) Kat:3, Licht: 1,185196,3,6,2,08,05,1,0,1,0,1,0,0,0,0
"POINT (11.072701848000065 49.460864463000064)",Unfall 185197 (2018) Kat:3, Licht: 0,185197,3,1,0,08,09,1,0,0,1,0,0,0,0,0
"POINT (11.056436271000052 49.446034534000034)",Unfall 185208 (2018) Kat:2, Licht: 0,185208,2,2,3,08,19,3,0,0,0,1,0,1,0,0
"POINT (11.031127763000029 49.468901762000030)",Unfall 185209 (2018) Kat:3, Licht: 0,185209,3,7,0,08,16,3,0,0,0,0,0,0,0,1
"POINT (11.081989105000048 49.440450658000032)",Unfall 185256 (2018) Kat:3, Licht: 0,185256,3,2,0,08,11,7,0,0,1,1,0,0,0,0
"POINT (11.077793196000073 49.451993254000058)",Unfall 185257 (2018) Kat:3, Licht: 2,185257,3,3,5,08,00,7,0,2,1,0,0,0,0,0
"POINT (11.066954311000075 49.477235409000059)",Unfall 185311 (2018) Kat:3, Licht: 0,185311,3,7,5,08,11,4,0,0,0,1,0,0,0,0
"POINT (11.087460983000028 49.464877270000045)",Unfall 185325 (2018) Kat:3, Licht: 0,185325,3,3,5,08,17,4,0,0,0,1,0,0,0,0
"POINT (11.050040695000064 49.444214407000061)",Unfall 185363 (2018) Kat:3, Licht: 0,185363,3,3,5,08,17,2,0,0,1,1,0,0,0,0
"POINT (11.018565064000029 49.431058583000038)",Unfall 185365 (2018) Kat:3, Licht: 2,185365,3,2,4,08,22,2,0,2,0,1,0,0,0,0
"POINT (11.124655634000021 49.443224027000042)",Unfall 185378 (2018) Kat:3, Licht: 2,185378,3,1,0,08,22,6,0,2,1,0,0,0,0,0
"POINT (11.012106246000030 49.448817349000080)",Unfall 185379 (2018) Kat:3, Licht: 0,185379,3,3,5,08,12,6,0,0,0,1,0,0,0,0
"POINT (11.067590502000030 49.457457153000064)",Unfall 185410 (2018) Kat:2, Licht: 0,185410,2,3,0,08,13,6,0,0,1,0,0,0,0,0
"POINT (11.138976206000052 49.400638943000047)",Unfall 185411 (2018) Kat:3, Licht: 0,185411,3,2,5,08,13,6,0,0,1,1,0,0,0,0
"POINT (11.055816061000030 49.460619923000081)",Unfall 185414 (2018) Kat:3, Licht: 0,185414,3,7,1,08,18,6,0,0,1,1,0,0,0,0
"POINT (11.074965210000073 49.447356438000043)",Unfall 185415 (2018) Kat:3, Licht: 0,185415,3,3,5,08,12,6,0,0,1,1,0,0,0,0
"POINT (11.056305169000041 49.348412202000077)",Unfall 185469 (2018) Kat:2, Licht: 2,185469,2,1,0,09,23,2,1,2,1,0,0,0,0,0
"POINT (11.074836417000029 49.463257134000060)",Unfall 185471 (2018) Kat:3, Licht: 0,185471,3,3,5,09,14,2,0,0,1,1,0,0,0,0
"POINT (11.094108245000029 49.458364113000073)",Unfall 185474 (2018) Kat:3, Licht: 0,185474,3,2,4,09,19,2,1,0,0,1,0,0,0,0
"POINT (11.087697595000066 49.454257773000052)",Unfall 185506 (2018) Kat:3, Licht: 0,185506,3,3,5,08,14,5,0,0,1,0,0,0,0,0
"POINT (11.101639681000051 49.446254135000061)",Unfall 185508 (2018) Kat:3, Licht: 0,185508,3,2,5,08,16,5,0,0,1,1,0,0,0,0
"POINT (11.127890338000043 49.466429295000069)",Unfall 185510 (2018) Kat:3, Licht: 2,185510,3,1,0,08,01,5,1,2,0,1,0,0,0,0
"POINT (11.071306668000034 49.439044459000058)",Unfall 185559 (2018) Kat:3, Licht: 0,185559,3,6,3,09,18,1,1,0,0,1,0,0,0,0
"POINT (11.062954520000062 49.444266178000078)",Unfall 185562 (2018) Kat:3, Licht: 2,185562,3,6,2,09,23,1,1,2,0,1,0,0,0,0
"POINT (11.129279888000042 49.462113306000049)",Unfall 185564 (2018) Kat:3, Licht: 0,185564,3,3,5,09,16,1,0,0,0,1,0,1,0,0
"POINT (11.063424271000031 49.440609499000061)",Unfall 185566 (2018) Kat:3, Licht: 2,185566,3,1,0,09,20,1,1,2,0,0,0,1,0,0
"POINT (11.070205849000047 49.455153191000079)",Unfall 185632 (2018) Kat:3, Licht: 0,185632,3,6,2,09,11,7,0,0,0,1,0,0,0,0
"POINT (11.068069425000033 49.441818698000077)",Unfall 185643 (2018) Kat:2, Licht: 0,185643,2,2,5,08,15,4,0,0,1,0,0,0,1,0
"POINT (11.086735257000043 49.452925312000048)",Unfall 185646 (2018) Kat:3, Licht: 0,185646,3,6,0,08,18,4,0,0,1,0,0,0,0,0
"POINT (11.083613642000046 49.450678256000060)",Unfall 185648 (2018) Kat:2, Licht: 2,185648,2,2,5,09,05,5,0,2,1,1,0,0,0,0
"POINT (11.018113813000070 49.430847852000056)",Unfall 185649 (2018) Kat:3, Licht: 0,185649,3,7,2,09,08,5,0,0,0,1,0,1,0,0
"POINT (11.115507356000023 49.410569458000055)",Unfall 185650 (2018) Kat:3, Licht: 0,185650,3,7,1,09,07,5,0,0,0,1,0,0,0,0
"POINT (11.028729127000076 49.469423297000048)",Unfall 185651 (2018) Kat:2, Licht: 0,185651,2,3,5,09,17,5,0,0,1,1,0,0,0,0
"POINT (11.070979730000033 49.454984699000079)",Unfall 185653 (2018) Kat:2, Licht: 0,185653,2,1,0,09,14,5,0,0,1,0,0,0,0,0
"POINT (11.040803035000067 49.470304855000052)",Unfall 185671 (2018) Kat:3, Licht: 0,185671,3,3,5,09,08,6,1,0,0,1,0,1,0,0
"POINT (11.040258119000043 49.429750804000037)",Unfall 185733 (2018) Kat:3, Licht: 0,185733,3,7,0,09,10,6,1,0,0,0,0,1,0,1
"POINT (11.047747789000027 49.484979978000069)",Unfall 185769 (2018) Kat:3, Licht: 2,185769,3,1,6,09,21,4,0,2,1,0,1,0,0,0
"POINT (11.064666853000062 49.484473632000061)",Unfall 185772 (2018) Kat:3, Licht: 0,185772,3,3,5,09,15,4,0,0,0,1,0,0,0,0
"POINT (11.121802471000024 49.432398852000063)",Unfall 185773 (2018) Kat:3, Licht: 2,185773,3,6,2,09,22,6,0,2,0,1,0,0,0,0
"POINT (11.105650288000049 49.472561651000035)",Unfall 185774 (2018) Kat:3, Licht: 0,185774,3,7,5,09,17,4,0,0,1,0,0,0,0,1
"POINT (11.091264961000036 49.436701108000079)",Unfall 185775 (2018) Kat:3, Licht: 2,185775,3,4,0,09,20,4,0,2,0,0,1,0,0,1
"POINT (11.065540480000038 49.461302246000059)",Unfall 185823 (2018) Kat:3, Licht: 0,185823,3,7,6,09,14,5,0,0,0,1,1,0,0,0
"POINT (11.016769775000057 49.429979238000044)",Unfall 185827 (2018) Kat:3, Licht: 1,185827,3,7,3,09,06,6,1,1,0,1,0,1,0,0
"POINT (11.081041302000074 49.446812924000028)",Unfall 185831 (2018) Kat:3, Licht: 0,185831,3,6,2,09,19,5,0,0,0,1,0,1,0,0
"POINT (11.036487907000037 49.407831150000050)",Unfall 185875 (2018) Kat:3, Licht: 0,185875,3,6,2,09,18,3,0,0,0,1,0,1,0,0
"POINT (11.078180100000054 49.432965161000027)",Unfall 185877 (2018) Kat:3, Licht: 0,185877,3,3,5,09,16,3,0,0,0,1,0,0,0,1
"POINT (11.097363910000070 49.450203210000041)",Unfall 185878 (2018) Kat:3, Licht: 0,185878,3,3,5,09,19,6,0,0,1,1,0,0,0,0
"POINT (11.076515107000034 49.460820640000065)",Unfall 185879 (2018) Kat:3, Licht: 0,185879,3,6,4,09,07,3,1,0,0,1,0,0,0,0
"POINT (11.103827380000041 49.450098466000043)",Unfall 185889 (2018) Kat:3, Licht: 0,185889,3,1,0,09,11,6,0,0,0,0,0,1,0,0
"POINT (11.059031214000072 49.446771866000063)",Unfall 185951 (2018) Kat:3, Licht: 0,185951,3,6,2,09,16,2,0,0,0,1,0,0,0,0
"POINT (11.089977855000029 49.441480066000054)",Unfall 185953 (2018) Kat:3, Licht: 0,185953,3,2,5,09,16,2,0,0,0,1,0,1,0,0
"POINT (11.086348876000045 49.433294072000081)",Unfall 185954 (2018) Kat:3, Licht: 0,185954,3,3,5,09,18,3,0,0,1,1,0,0,0,0
"POINT (11.017571276000069 49.430491760000052)",Unfall 185955 (2018) Kat:3, Licht: 1,185955,3,7,2,09,06,2,0,1,0,1,0,1,0,0
"POINT (11.081863369000075 49.440490746000080)",Unfall 185956 (2018) Kat:3, Licht: 2,185956,3,3,4,09,20,2,0,2,1,1,0,0,0,0
"POINT (11.067704533000040 49.439448975000062)",Unfall 185958 (2018) Kat:3, Licht: 0,185958,3,6,0,09,18,3,0,0,0,1,0,1,0,0
"POINT (11.067452609000043 49.450227965000067)",Unfall 185963 (2018) Kat:3, Licht: 0,185963,3,6,2,09,15,3,0,0,0,1,0,0,0,0
"POINT (11.068428715000039 49.427886093000041)",Unfall 185965 (2018) Kat:3, Licht: 2,185965,3,3,5,09,00,3,0,2,0,1,0,0,0,0
"POINT (11.047341200000062 49.514577617000043)",Unfall 186022 (2018) Kat:3, Licht: 0,186022,3,1,0,09,17,1,0,0,1,0,0,0,0,0
"POINT (11.070266986000036 49.455041692000066)",Unfall 186024 (2018) Kat:3, Licht: 0,186024,3,6,2,09,15,1,0,0,0,1,0,1,0,0
"POINT (11.084078482000052 49.455192910000051)",Unfall 186025 (2018) Kat:3, Licht: 0,186025,3,6,2,09,15,1,0,0,1,0,0,0,0,0
"POINT (11.085601378000035 49.473611223000034)",Unfall 186027 (2018) Kat:3, Licht: 1,186027,3,1,2,09,19,1,0,1,0,1,0,1,0,0
"POINT (11.129267620000064 49.430484848000049)",Unfall 186125 (2018) Kat:3, Licht: 0,186125,3,2,5,09,12,7,0,0,0,1,0,0,0,0
"POINT (11.066877473000034 49.431263534000038)",Unfall 186127 (2018) Kat:2, Licht: 0,186127,2,7,3,09,11,7,0,0,0,1,0,0,0,1
"POINT (11.050492327000029 49.454051457000048)",Unfall 186128 (2018) Kat:3, Licht: 2,186128,3,1,6,09,21,7,0,2,1,0,1,0,0,0
"POINT (11.046523207000064 49.442333306000080)",Unfall 186130 (2018) Kat:3, Licht: 2,186130,3,1,9,09,01,7,0,2,0,1,0,0,0,0
"POINT (11.082133452000051 49.447843306000038)",Unfall 186178 (2018) Kat:3, Licht: 0,186178,3,6,2,09,13,5,0,0,0,1,0,0,0,0
"POINT (11.058037602000070 49.447867969000072)",Unfall 186180 (2018) Kat:3, Licht: 0,186180,3,4,6,09,12,5,0,0,0,1,1,0,0,0
"POINT (11.146300690000032 49.399675839000054)",Unfall 186182 (2018) Kat:3, Licht: 0,186182,3,3,5,09,17,5,0,0,1,1,0,0,0,0
"POINT (11.018396072000030 49.427999380000074)",Unfall 186184 (2018) Kat:3, Licht: 0,186184,3,2,5,09,14,5,0,0,1,1,0,0,0,0