WKT,Name,OBJECTID,UKATEGORIE,UTYP1,UART,UMONAT,USTUNDE,UWOCHENTAG,STRZUSTAND,ULICHTVERH,ISTRAD,ISTPKW,ISTFUSS,ISTKRAD,ISTGKFZ,ISTSONSTIG
"POINT (11.074340568000025 49.446830053000042)",Unfall 186260 (2018) Kat:3, Licht: 2,186260,3,1,0,09,00,6,0,2,1,0,0,0,0,0
"POINT (11.110647726000025 49.406143196000073)",Unfall 186263 (2018) Kat:3, Licht: 1,186263,3,2,5,09,18,6,0,1,1,1,0,0,0,0
"POINT (11.070451438000077 49.456620634000046)",Unfall 186268 (2018) Kat:2, Licht: 0,186268,2,2,5,09,15,6,0,0,1,0,0,0,0,0
"POINT (11.085529833000066 49.444066367000062)",Unfall 186270 (2018) Kat:3, Licht: 0,186270,3,3,5,09,17,6,0,0,1,1,0,0,0,0
"POINT (11.093475177000073 49.446286474000033)",Unfall 186272 (2018) Kat:3, Licht: 0,186272,3,6,3,09,16,6,0,0,0,1,0,0,0,1
"POINT (11.080181307000032 49.448329158000035)",Unfall 186353 (2018) Kat:3, Licht: 2,186353,3,5,1,09,23,4,0,2,1,1,0,0,0,0
"POINT (11.066112828000030 49.439817893000054)",Unfall 186355 (2018) Kat:3, Licht: 1,186355,3,7,0,09,05,4,0,1,0,1,0,0,0,0
"POINT (11.084369632000062 49.451843930000052)",Unfall 186358 (2018) Kat:3, Licht: 0,186358,3,2,5,09,10,4,0,0,1,0,0,0,0,0
"POINT (11.106226396000068 49.479686452000067)",Unfall 186360 (2018) Kat:3, Licht: 0,186360,3,6,4,09,16,4,0,0,0,1,0,1,0,0
"POINT (11.017539419000059 49.424519925000027)",Unfall 186361 (2018) Kat:3, Licht: 0,186361,3,3,5,09,12,4,0,0,1,1,0,0,0,0
"POINT (11.080215474000056 49.448347830000046)",Unfall 186363 (2018) Kat:3, Licht: 2,186363,3,6,1,09,23,4,0,2,1,1,0,0,0,0
"POINT (11.026275551000026 49.467433206000067)",Unfall 186424 (2018) Kat:3, Licht: 0,186424,3,3,5,09,14,2,0,0,1,1,0,0,0,0
"POINT (11.097743723000065 49.444790692000026)",Unfall 186448 (2018) Kat:3, Licht: 0,186448,3,2,5,09,13,1,0,0,1,0,0,0,0,0
"POINT (11.071077251000077 49.446018134000042)",Unfall 186454 (2018) Kat:3, Licht: 0,186454,3,6,2,09,08,2,0,0,1,1,0,0,0,0
"POINT (11.082592606000048 49.451450676000036)",Unfall 186465 (2018) Kat:3, Licht: 2,186465,3,7,7,09,22,3,0,2,1,0,0,0,0,0
"POINT (11.065390181000055 49.474441944000034)",Unfall 186466 (2018) Kat:2, Licht: 0,186466,2,7,6,09,17,3,0,0,0,1,1,0,0,0
"POINT (11.111485161000076 49.467851463000045)",Unfall 186468 (2018) Kat:2, Licht: 0,186468,2,2,4,09,08,3,0,0,1,1,0,0,0,0
"POINT (11.103170838000040 49.438739929000064)",Unfall 186471 (2018) Kat:3, Licht: 0,186471,3,6,2,09,15,3,0,0,0,1,0,0,0,0
"POINT (11.080302866000068 49.457517204000055)",Unfall 186473 (2018) Kat:3, Licht: 1,186473,3,3,5,09,19,3,0,1,0,1,0,0,0,0
"POINT (11.038022970000043 49.439617598000041)",Unfall 186475 (2018) Kat:3, Licht: 0,186475,3,2,4,09,18,3,0,0,1,1,0,0,0,0
"POINT (11.121605756000065 49.399500708000062)",Unfall 186476 (2018) Kat:3, Licht: 0,186476,3,3,5,09,14,3,0,0,1,0,0,0,0,1
"POINT (11.070627053000067 49.408132475000059)",Unfall 186517 (2018) Kat:3, Licht: 0,186517,3,6,3,09,15,2,0,0,0,1,0,0,1,0
"POINT (11.026998985000034 49.427744323000070)",Unfall 186574 (2018) Kat:3, Licht: 2,186574,3,6,2,09,05,2,0,2,0,1,0,0,0,0
"POINT (11.111026296000034 49.450583331000075)",Unfall 186620 (2018) Kat:3, Licht: 0,186620,3,6,4,09,17,7,0,0,1,0,0,0,0,0
"POINT (11.067846251000049 49.438486118000071)",Unfall 186623 (2018) Kat:3, Licht: 0,186623,3,7,1,09,15,7,0,0,0,1,1,0,0,1
"POINT (11.082829740000022 49.436950817000081)",Unfall 186626 (2018) Kat:3, Licht: 1,186626,3,7,1,09,06,7,0,1,1,0,0,0,1,0
"POINT (11.049457999000026 49.442162512000039)",Unfall 186628 (2018) Kat:3, Licht: 0,186628,3,6,2,09,14,7,0,0,0,1,0,0,0,0
"POINT (11.080413759000066 49.448402579000060)",Unfall 186631 (2018) Kat:3, Licht: 1,186631,3,7,5,09,20,7,0,1,1,0,0,0,0,0
"POINT (11.021945987000038 49.422386685000049)",Unfall 186633 (2018) Kat:3, Licht: 0,186633,3,1,0,09,07,2,0,0,1,0,0,0,0,0
"POINT (11.144220412000038 49.412672995000037)",Unfall 186653 (2018) Kat:3, Licht: 0,186653,3,3,5,09,16,2,0,0,0,1,0,1,0,0
"POINT (11.104174258000057 49.443012497000041)",Unfall 186654 (2018) Kat:3, Licht: 0,186654,3,7,0,09,14,2,0,0,0,0,0,0,0,1
"POINT (11.084023764000051 49.461177867000060)",Unfall 186656 (2018) Kat:3, Licht: 1,186656,3,7,1,09,19,2,0,1,1,1,0,0,0,0
"POINT (11.070598453000059 49.456544775000054)",Unfall 186658 (2018) Kat:3, Licht: 0,186658,3,6,2,09,13,2,0,0,0,1,0,0,0,0
"POINT (11.140830351000034 49.397426846000030)",Unfall 186660 (2018) Kat:3, Licht: 0,186660,3,3,5,09,12,2,0,0,1,0,0,0,0,0
"POINT (11.073095132000049 49.465190860000064)",Unfall 186663 (2018) Kat:3, Licht: 0,186663,3,1,0,09,07,2,0,0,1,1,0,0,0,0
"POINT (11.097671706000028 49.445879193000053)",Unfall 186666 (2018) Kat:3, Licht: 0,186666,3,3,5,09,17,2,0,0,1,1,0,0,0,0
"POINT (11.080923195000025 49.466058684000075)",Unfall 186668 (2018) Kat:3, Licht: 0,186668,3,4,6,09,17,2,0,0,0,1,1,0,0,0
"POINT (11.093060414000036 49.462010210000074)",Unfall 186758 (2018) Kat:3, Licht: 0,186758,3,6,3,09,09,4,0,0,1,1,0,0,0,0
"POINT (11.056022839000036 49.461095339000053)",Unfall 186760 (2018) Kat:3, Licht: 0,186760,3,4,6,09,07,4,0,0,0,1,1,0,0,0
"POINT (11.041541975000030 49.455614673000071)",Unfall 186761 (2018) Kat:3, Licht: 0,186761,3,3,0,09,08,4,0,0,1,1,0,0,0,0
"POINT (11.116027723000059 49.412200073000065)",Unfall 186763 (2018) Kat:3, Licht: 0,186763,3,2,4,09,09,4,0,0,1,1,0,0,0,0
"POINT (11.068865111000036 49.463849153000069)",Unfall 186766 (2018) Kat:3, Licht: 0,186766,3,3,5,09,08,4,0,0,1,1,0,0,0,0
"POINT (11.083255250000036 49.436384043000032)",Unfall 186771 (2018) Kat:3, Licht: 0,186771,3,2,5,09,18,4,0,0,0,1,0,0,0,0
"POINT (11.085944810000058 49.425447851000058)",Unfall 186773 (2018) Kat:3, Licht: 1,186773,3,3,5,09,19,4,0,1,0,1,0,1,0,0
"POINT (11.048572971000056 49.441405217000067)",Unfall 186774 (2018) Kat:3, Licht: 0,186774,3,3,5,09,09,4,0,0,0,1,0,1,0,0
"POINT (11.072136864000072 49.460860047000040)",Unfall 186868 (2018) Kat:3, Licht: 0,186868,3,3,5,09,16,5,0,0,0,1,0,0,0,0
"POINT (11.131115794000038 49.432231420000051)",Unfall 186870 (2018) Kat:3, Licht: 0,186870,3,6,2,09,15,5,0,0,0,1,0,0,0,0
"POINT (11.104565922000063 49.450539424000056)",Unfall 186873 (2018) Kat:3, Licht: 0,186873,3,6,2,09,09,5,0,0,0,1,0,1,0,0
"POINT (11.063656997000066 49.425210487000072)",Unfall 186875 (2018) Kat:3, Licht: 0,186875,3,4,6,09,17,5,0,0,0,1,1,0,0,0
"POINT (11.020813563000047 49.432682891000070)",Unfall 186876 (2018) Kat:3, Licht: 1,186876,3,6,4,09,06,5,0,1,1,0,0,0,0,0
"POINT (11.082474915000034 49.447027414000047)",Unfall 186878 (2018) Kat:3, Licht: 0,186878,3,4,6,09,16,5,0,0,0,1,1,0,0,0
"POINT (11.080727369000044 49.445764891000067)",Unfall 186881 (2018) Kat:3, Licht: 0,186881,3,7,5,09,18,5,0,0,0,1,0,1,0,0
"POINT (11.085616819000052 49.450290836000079)",Unfall 186883 (2018) Kat:3, Licht: 2,186883,3,3,5,09,23,5,0,2,0,1,0,0,0,0
"POINT (11.097736856000040 49.445881124000039)",Unfall 186884 (2018) Kat:3, Licht: 2,186884,3,2,5,09,21,5,0,2,1,1,0,0,0,0
"POINT (11.136851446000037 49.399467015000027)",Unfall 186886 (2018) Kat:3, Licht: 1,186886,3,3,5,09,06,5,0,1,1,1,0,0,0,0
"POINT (11.057108695000068 49.361778411000046)",Unfall 186888 (2018) Kat:3, Licht: 0,186888,3,3,5,09,09,5,0,0,0,1,0,0,0,0
"POINT (11.127543028000048 49.444785621000051)",Unfall 186937 (2018) Kat:3, Licht: 0,186937,3,3,5,09,18,1,1,0,1,0,0,1,0,0
"POINT (11.081138006000060 49.451542427000049)",Unfall 186938 (2018) Kat:3, Licht: 0,186938,3,1,0,09,09,1,1,0,0,0,0,1,0,0
"POINT (11.089141030000064 49.455757336000033)",Unfall 186939 (2018) Kat:3, Licht: 0,186939,3,6,2,09,12,1,1,0,0,1,0,0,0,0
"POINT (11.082430128000055 49.432071618000066)",Unfall 186940 (2018) Kat:2, Licht: 0,186940,2,7,0,09,15,1,0,0,1,0,0,0,0,0
"POINT (11.015920082000036 49.453626053000050)",Unfall 186962 (2018) Kat:3, Licht: 0,186962,3,3,5,09,14,3,0,0,0,1,0,1,0,0
"POINT (11.053822000000025 49.403288039000074)",Unfall 186964 (2018) Kat:3, Licht: 0,186964,3,2,5,09,08,3,0,0,1,1,0,0,0,0
"POINT (11.075027714000043 49.436559574000057)",Unfall 186966 (2018) Kat:3, Licht: 0,186966,3,2,5,09,09,3,0,0,0,1,0,1,0,0
"POINT (11.067286861000071 49.439502382000057)",Unfall 186968 (2018) Kat:3, Licht: 0,186968,3,2,5,09,09,3,0,0,0,1,0,0,0,0
"POINT (11.042399408000051 49.434967569000037)",Unfall 186969 (2018) Kat:3, Licht: 0,186969,3,3,5,09,17,3,0,0,1,1,0,0,0,0
"POINT (11.078526108000062 49.462233551000054)",Unfall 186972 (2018) Kat:3, Licht: 0,186972,3,3,5,09,14,3,0,0,1,1,0,0,0,0
"POINT (11.086455277000027 49.457391885000050)",Unfall 187024 (2018) Kat:3, Licht: 2,187024,3,3,5,09,21,7,0,2,1,1,0,0,0,0
"POINT (11.122054470000023 49.432144218000076)",Unfall 187026 (2018) Kat:3, Licht: 2,187026,3,6,2,09,23,7,1,2,0,1,0,0,0,0
"POINT (11.131297448000055 49.404663342000049)",Unfall 187027 (2018) Kat:3, Licht: 2,187027,3,2,5,09,20,7,0,2,1,1,0,0,0,0
"POINT (11.072294914000054 49.448860771000057)",Unfall 187029 (2018) Kat:3, Licht: 0,187029,3,4,6,09,18,7,0,0,0,1,1,0,0,0
"POINT (11.081552907000059 49.467800167000064)",Unfall 187121 (2018) Kat:3, Licht: 0,187121,3,2,5,09,07,2,0,0,1,1,0,0,0,0
"POINT (11.031717895000043 49.473581431000071)",Unfall 187122 (2018) Kat:3, Licht: 0,187122,3,3,4,09,15,2,0,0,0,1,0,0,0,0
"POINT (11.074839294000071 49.445179651000046)",Unfall 187124 (2018) Kat:3, Licht: 0,187124,3,2,4,09,09,2,0,0,1,1,0,0,0,0
"POINT (11.039885720000029 49.407752902000027)",Unfall 187126 (2018) Kat:3, Licht: 0,187126,3,3,5,09,16,2,0,0,0,1,0,0,0,1
"POINT (11.096692403000077 49.445144165000045)",Unfall 187127 (2018) Kat:3, Licht: 0,187127,3,3,5,09,14,2,0,0,0,1,0,0,0,0
"POINT (11.080415849000076 49.446442845000036)",Unfall 187129 (2018) Kat:3, Licht: 0,187129,3,1,0,09,16,2,0,0,1,0,0,0,0,0
"POINT (11.064130405000071 49.436169812000060)",Unfall 187131 (2018) Kat:3, Licht: 0,187131,3,4,6,09,07,2,0,0,0,0,1,0,0,1
"POINT (11.073167364000028 49.441242248000037)",Unfall 187186 (2018) Kat:3, Licht: 1,187186,3,3,5,09,19,6,1,1,1,1,0,0,0,0
"POINT (11.087211196000055 49.457532972000081)",Unfall 187188 (2018) Kat:3, Licht: 0,187188,3,4,6,09,18,6,1,0,0,1,1,0,0,0
"POINT (11.092895685000030 49.456782085000043)",Unfall 187190 (2018) Kat:3, Licht: 0,187190,3,3,5,09,08,6,0,0,0,1,0,1,0,0
"POINT (11.085059197000021 49.444136295000078)",Unfall 187191 (2018) Kat:3, Licht: 0,187191,3,4,6,09,08,6,0,0,0,1,1,0,0,0
"POINT (11.064129165000054 49.455977532000077)",Unfall 187193 (2018) Kat:3, Licht: 0,187193,3,6,4,09,17,6,1,0,1,0,0,0,0,0
"POINT (11.060499999000058 49.414787591000049)",Unfall 187204 (2018) Kat:3, Licht: 2,187204,3,3,0,09,20,1,1,2,0,1,0,0,0,0
"POINT (11.061892634000060 49.401584835000051)",Unfall 187264 (2018) Kat:3, Licht: 0,187264,3,3,5,09,13,6,0,0,1,1,0,0,0,0
"POINT (11.071591279000074 49.447049946000050)",Unfall 187265 (2018) Kat:3, Licht: 0,187265,3,6,2,09,12,6,0,0,0,1,0,0,0,0
"POINT (11.059282669000027 49.449965198000029)",Unfall 187267 (2018) Kat:3, Licht: 0,187267,3,6,4,09,16,6,0,0,1,0,0,0,0,0
"POINT (11.098903497000038 49.443619239000043)",Unfall 187270 (2018) Kat:3, Licht: 0,187270,3,6,2,09,14,6,0,0,0,1,0,0,1,0
"POINT (11.131294532000027 49.404666963000068)",Unfall 187357 (2018) Kat:2, Licht: 0,187357,2,2,5,09,17,4,0,0,0,1,0,0,0,0
"POINT (11.101391528000022 49.443255704000080)",Unfall 187359 (2018) Kat:3, Licht: 0,187359,3,6,2,09,15,4,0,0,0,1,0,0,0,0
"POINT (11.018304207000028 49.457897814000034)",Unfall 187361 (2018) Kat:3, Licht: 0,187361,3,7,0,09,15,4,0,0,0,1,0,0,0,0
"POINT (11.051857847000065 49.361032715000078)",Unfall 187363 (2018) Kat:2, Licht: 0,187363,2,3,5,09,08,4,0,0,1,1,0,0,0,0
"POINT (11.035993062000045 49.472430560000078)",Unfall 187364 (2018) Kat:3, Licht: 0,187364,3,6,2,09,15,4,0,0,0,1,0,0,0,0
"POINT (11.096440341000061 49.484257263000075)",Unfall 187365 (2018) Kat:3, Licht: 0,187365,3,2,3,09,17,4,0,0,1,1,0,0,0,0
"POINT (11.088404390000051 49.441399544000035)",Unfall 187446 (2018) Kat:3, Licht: 0,187446,3,3,5,09,18,5,0,0,0,1,0,0,0,0
"POINT (11.088892051000073 49.442559254000059)",Unfall 187449 (2018) Kat:3, Licht: 0,187449,3,4,6,09,15,5,0,0,0,0,1,1,0,0
"POINT (11.085702973000025 49.450260635000063)",Unfall 187451 (2018) Kat:3, Licht: 2,187451,3,2,5,09,20,5,0,2,1,1,0,0,0,0
"POINT (11.091243918000032 49.460079212000039)",Unfall 187483 (2018) Kat:3, Licht: 0,187483,3,6,3,10,16,2,0,0,0,1,0,0,0,1
"POINT (11.078426260000072 49.439969037000026)",Unfall 187484 (2018) Kat:3, Licht: 0,187484,3,3,0,10,13,2,0,0,0,0,0,0,0,1
"POINT (11.060651311000072 49.456985072000066)",Unfall 187551 (2018) Kat:3, Licht: 0,187551,3,2,5,10,14,4,0,0,1,0,0,0,0,0
"POINT (11.044639442000062 49.454588721000050)",Unfall 187640 (2018) Kat:3, Licht: 0,187640,3,3,5,10,16,3,0,0,0,1,0,0,0,0
"POINT (11.024970281000037 49.446942795000041)",Unfall 187642 (2018) Kat:3, Licht: 2,187642,3,7,6,10,18,3,0,2,0,1,1,0,0,0
"POINT (11.128822758000069 49.468365614000049)",Unfall 187644 (2018) Kat:3, Licht: 0,187644,3,3,5,10,07,3,0,0,1,1,0,0,0,0
"POINT (11.008313803000021 49.445877238000037)",Unfall 187648 (2018) Kat:3, Licht: 0,187648,3,6,2,10,10,3,0,0,0,1,0,0,0,0
"POINT (11.088924472000031 49.455674565000038)",Unfall 187651 (2018) Kat:3, Licht: 0,187651,3,6,2,10,17,3,0,0,0,1,0,1,0,0
"POINT (11.075097637000056 49.454315715000064)",Unfall 187674 (2018) Kat:3, Licht: 0,187674,3,4,6,09,10,7,0,0,1,0,1,0,0,0
"POINT (11.131354654000063 49.404592993000051)",Unfall 187675 (2018) Kat:3, Licht: 0,187675,3,2,5,09,10,7,0,0,0,1,0,0,0,0
"POINT (11.072626380000031 49.449422249000065)",Unfall 187677 (2018) Kat:3, Licht: 2,187677,3,3,5,09,01,7,0,2,0,1,0,0,0,0
"POINT (11.092410906000055 49.455059536000078)",Unfall 187785 (2018) Kat:3, Licht: 0,187785,3,6,3,10,17,6,0,0,0,1,0,0,0,1
"POINT (11.085432452000077 49.443132534000028)",Unfall 187786 (2018) Kat:3, Licht: 0,187786,3,7,2,10,14,6,0,0,1,1,0,0,0,0
"POINT (11.101604795000071 49.472842257000082)",Unfall 187789 (2018) Kat:3, Licht: 0,187789,3,7,0,10,07,6,0,0,0,1,0,0,0,1
"POINT (11.097392057000036 49.449694311000030)",Unfall 187791 (2018) Kat:3, Licht: 0,187791,3,6,2,10,11,6,0,0,0,1,0,0,0,0
"POINT (11.061267283000063 49.429234883000049)",Unfall 187798 (2018) Kat:2, Licht: 2,187798,2,1,0,10,19,1,0,2,0,1,0,0,1,0
"POINT (11.061297396000043 49.429419192000069)",Unfall 187909 (2018) Kat:3, Licht: 0,187909,3,6,0,10,14,7,0,0,0,1,0,0,0,0
"POINT (11.068302783000036 49.452036927000051)",Unfall 187911 (2018) Kat:3, Licht: 2,187911,3,6,2,10,23,7,0,2,0,1,0,0,0,0
"POINT (11.057824185000072 49.427263806000042)",Unfall 187912 (2018) Kat:3, Licht: 0,187912,3,3,5,10,10,7,0,0,0,1,0,0,0,0
"POINT (11.111754217000055 49.476437638000050)",Unfall 187914 (2018) Kat:2, Licht: 2,187914,2,7,6,10,02,7,0,2,1,0,1,0,0,0
"POINT (11.019329825000057 49.431652910000025)",Unfall 187967 (2018) Kat:3, Licht: 1,187967,3,3,5,10,06,5,0,1,1,1,0,0,0,0
"POINT (11.131447673000025 49.404479283000057)",Unfall 187969 (2018) Kat:3, Licht: 0,187969,3,2,4,10,08,5,0,0,1,1,0,0,0,0
"POINT (11.099662725000030 49.455290245000072)",Unfall 187972 (2018) Kat:3, Licht: 2,187972,3,6,0,10,19,5,0,2,1,0,0,0,0,0
"POINT (11.081564220000075 49.409956726000075)",Unfall 187975 (2018) Kat:3, Licht: 0,187975,3,3,0,10,09,5,0,0,0,1,0,1,0,0
"POINT (11.063342399000021 49.448393714000076)",Unfall 188130 (2018) Kat:3, Licht: 0,188130,3,6,3,10,15,4,0,0,0,1,0,0,0,1
"POINT (11.093511376000038 49.448290563000057)",Unfall 188134 (2018) Kat:2, Licht: 1,188134,2,7,5,10,18,4,0,1,0,1,0,0,0,1
"POINT (11.075372994000077 49.436001272000055)",Unfall 188142 (2018) Kat:3, Licht: 0,188142,3,6,2,10,17,3,0,0,0,1,0,1,0,0
"POINT (11.041174089000037 49.421978559000081)",Unfall 188143 (2018) Kat:3, Licht: 0,188143,3,6,2,10,10,4,0,0,0,0,0,0,1,0
"POINT (11.082496320000075 49.447690293000051)",Unfall 188144 (2018) Kat:3, Licht: 2,188144,3,3,0,10,18,3,0,2,1,0,0,0,0,1
"POINT (11.074321758000053 49.434122775000048)",Unfall 188146 (2018) Kat:3, Licht: 0,188146,3,6,2,10,14,3,0,0,0,1,0,1,0,0
"POINT (11.072066247000066 49.445773367000072)",Unfall 188147 (2018) Kat:3, Licht: 0,188147,3,7,0,10,10,3,0,0,0,1,0,0,0,0
"POINT (11.131056096000066 49.404990257000065)",Unfall 188149 (2018) Kat:3, Licht: 0,188149,3,6,3,10,13,3,0,0,0,1,0,0,0,0
"POINT (11.139256649000060 49.415251152000053)",Unfall 188150 (2018) Kat:3, Licht: 2,188150,3,2,5,10,19,3,0,2,0,1,0,0,0,0
"POINT (11.082886811000037 49.419741511000041)",Unfall 188154 (2018) Kat:3, Licht: 0,188154,3,3,5,10,15,4,0,0,1,1,0,0,0,0
"POINT (11.104568838000034 49.460196891000066)",Unfall 188162 (2018) Kat:3, Licht: 0,188162,3,3,5,10,10,4,0,0,1,0,0,0,0,1
"POINT (11.095368191000034 49.442051381000056)",Unfall 188167 (2018) Kat:3, Licht: 0,188167,3,4,6,10,14,4,0,0,1,0,1,0,0,0
"POINT (11.066143195000052 49.452991593000036)",Unfall 188257 (2018) Kat:3, Licht: 0,188257,3,3,5,10,13,2,0,0,0,1,0,1,0,0
"POINT (11.057602018000068 49.483954792000077)",Unfall 188260 (2018) Kat:3, Licht: 0,188260,3,3,5,10,15,2,0,0,1,1,0,0,0,0
"POINT (11.033986802000072 49.469640913000035)",Unfall 188261 (2018) Kat:2, Licht: 0,188261,2,3,5,10,16,2,0,0,1,0,0,0,0,1
"POINT (11.125581913000076 49.448613335000061)",Unfall 188263 (2018) Kat:2, Licht: 0,188263,2,7,0,10,10,2,0,0,0,0,0,0,0,1
"POINT (11.083033734000026 49.449847716000079)",Unfall 188283 (2018) Kat:3, Licht: 0,188283,3,2,5,10,16,5,0,0,1,1,0,0,0,0
"POINT (11.082378263000066 49.410323900000037)",Unfall 188289 (2018) Kat:3, Licht: 0,188289,3,5,0,10,17,6,0,0,0,1,0,1,0,0
"POINT (11.080387275000021 49.431756259000053)",Unfall 188291 (2018) Kat:3, Licht: 0,188291,3,3,5,10,14,6,0,0,1,1,0,0,0,0
"POINT (11.104937206000045 49.472553077000043)",Unfall 188326 (2018) Kat:3, Licht: 0,188326,3,7,0,10,10,6,0,0,0,0,0,0,0,1
"POINT (11.021079935000046 49.453439930000059)",Unfall 188337 (2018) Kat:3, Licht: 0,188337,3,3,5,10,17,1,0,0,0,1,0,0,0,0
"POINT (11.041409528000031 49.356454741000050)",Unfall 188339 (2018) Kat:2, Licht: 0,188339,2,1,0,10,16,1,0,0,1,0,0,0,0,0
"POINT (11.062438624000038 49.472598241000071)",Unfall 188387 (2018) Kat:2, Licht: 0,188387,2,3,5,10,15,6,0,0,1,1,0,0,0,0
"POINT (11.160345887000062 49.401952980000033)",Unfall 188448 (2018) Kat:3, Licht: 0,188448,3,1,0,10,14,6,0,0,0,0,0,1,0,0
"POINT (11.084291921000045 49.451784953000072)",Unfall 188462 (2018) Kat:3, Licht: 1,188462,3,1,0,10,18,6,0,1,1,0,0,0,0,0
"POINT (11.084653740000022 49.441720067000062)",Unfall 188482 (2018) Kat:3, Licht: 0,188482,3,3,5,10,15,7,0,0,1,1,0,0,0,0
"POINT (11.068890765000049 49.467271464000078)",Unfall 188508 (2018) Kat:3, Licht: 0,188508,3,2,5,10,13,6,0,0,0,1,0,0,0,1
"POINT (11.074846745000059 49.446615596000072)",Unfall 188517 (2018) Kat:3, Licht: 0,188517,3,6,2,10,12,5,0,0,0,1,0,0,0,0
"POINT (11.160168896000073 49.465997417000040)",Unfall 188523 (2018) Kat:3, Licht: 0,188523,3,3,5,10,07,5,0,0,1,1,0,0,0,0
"POINT (11.130691066000054 49.431764915000031)",Unfall 188526 (2018) Kat:3, Licht: 0,188526,3,1,0,10,14,5,0,0,1,0,0,0,0,0
"POINT (11.068574356000056 49.457945968000047)",Unfall 188548 (2018) Kat:2, Licht: 0,188548,2,1,0,10,17,3,0,0,0,0,0,1,0,0
"POINT (11.082006873000068 49.458545680000043)",Unfall 188549 (2018) Kat:3, Licht: 0,188549,3,3,5,10,16,3,0,0,1,1,0,0,0,0
"POINT (11.128514409000047 49.445847751000031)",Unfall 188550 (2018) Kat:3, Licht: 0,188550,3,6,2,10,08,3,0,0,1,1,0,0,0,0
"POINT (11.096700005000059 49.445139538000035)",Unfall 188551 (2018) Kat:3, Licht: 0,188551,3,7,6,10,13,3,0,0,0,1,1,0,0,0
"POINT (11.062986424000030 49.460816136000062)",Unfall 188552 (2018) Kat:3, Licht: 0,188552,3,7,5,10,14,3,0,0,1,1,0,0,0,0
"POINT (11.026412272000073 49.470168116000082)",Unfall 188553 (2018) Kat:3, Licht: 0,188553,3,2,4,10,08,3,0,0,0,1,0,1,0,0
"POINT (11.108938732000070 49.444663846000026)",Unfall 188654 (2018) Kat:3, Licht: 0,188654,3,4,6,10,16,4,0,0,0,1,1,0,0,0
"POINT (11.079007047000061 49.414665742000068)",Unfall 188656 (2018) Kat:3, Licht: 0,188656,3,1,0,10,13,4,0,0,1,0,0,0,0,0
"POINT (11.067184113000053 49.439666311000053)",Unfall 188657 (2018) Kat:2, Licht: 0,188657,2,7,0,10,13,4,0,0,0,1,1,0,0,0
"POINT (11.061326045000044 49.460213594000038)",Unfall 188659 (2018) Kat:3, Licht: 0,188659,3,3,5,10,08,4,0,0,1,1,0,0,0,0
"POINT (11.018743831000052 49.458386125000061)",Unfall 188661 (2018) Kat:3, Licht: 0,188661,3,3,3,10,10,4,0,0,1,1,0,0,0,0
"POINT (11.088277415000050 49.455657562000056)",Unfall 188664 (2018) Kat:3, Licht: 0,188664,3,2,4,10,16,4,0,0,1,1,0,0,0,0
"POINT (11.103045413000075 49.474590601000045)",Unfall 188685 (2018) Kat:3, Licht: 0,188685,3,6,2,10,12,2,0,0,0,1,0,1,0,0
"POINT (11.080899524000074 49.493656919000045)",Unfall 188687 (2018) Kat:3, Licht: 0,188687,3,7,6,10,10,2,0,0,0,1,1,0,0,0
"POINT (11.051827408000065 49.443505921000053)",Unfall 188689 (2018) Kat:3, Licht: 2,188689,3,3,5,10,19,2,0,2,0,1,0,1,0,0
"POINT (11.073085256000070 49.463205565000067)",Unfall 188690 (2018) Kat:3, Licht: 0,188690,3,1,0,10,17,2,0,0,1,0,0,0,0,0
"POINT (11.112061238000024 49.444467736000036)",Unfall 188692 (2018) Kat:3, Licht: 0,188692,3,6,0,10,15,2,0,0,0,1,0,0,0,1
"POINT (11.120113993000075 49.435008759000027)",Unfall 188789 (2018) Kat:3, Licht: 0,188789,3,6,2,10,11,6,0,0,0,1,0,0,0,0
"POINT (11.084056154000052 49.456293145000075)",Unfall 188790 (2018) Kat:3, Licht: 0,188790,3,3,5,10,08,6,0,0,1,0,0,0,0,0
"POINT (11.014971570000057 49.453738675000068)",Unfall 188791 (2018) Kat:3, Licht: 0,188791,3,3,5,10,16,6,0,0,0,1,0,0,0,0
"POINT (11.086206360000062 49.459598338000035)",Unfall 188792 (2018) Kat:3, Licht: 0,188792,3,6,4,10,07,6,0,0,1,0,0,0,0,0
"POINT (11.084071330000029 49.456253176000075)",Unfall 188793 (2018) Kat:3, Licht: 2,188793,3,3,5,10,23,6,0,2,0,1,0,1,0,0
"POINT (11.090673105000064 49.437982376000036)",Unfall 188794 (2018) Kat:3, Licht: 2,188794,3,7,0,10,21,6,0,2,1,0,1,0,0,0
"POINT (11.078930028000059 49.442468415000064)",Unfall 188795 (2018) Kat:3, Licht: 0,188795,3,6,0,10,12,6,0,0,1,0,0,0,0,0
"POINT (11.065169645000026 49.456503674000032)",Unfall 188957 (2018) Kat:2, Licht: 0,188957,2,3,5,10,09,5,0,0,1,0,0,0,0,0
"POINT (11.097228727000072 49.443105960000025)",Unfall 188959 (2018) Kat:3, Licht: 2,188959,3,6,2,10,18,5,0,2,0,1,0,0,0,0