WKT,Name,OBJECTID,UKATEGORIE,UTYP1,UART,UMONAT,USTUNDE,UWOCHENTAG,STRZUSTAND,ULICHTVERH,ISTRAD,ISTPKW,ISTFUSS,ISTKRAD,ISTGKFZ,ISTSONSTIG
"POINT (11.103163044000041 49.458485996000036)",Unfall 188960 (2018) Kat:3, Licht: 0,188960,3,3,5,10,16,5,0,0,1,1,0,0,0,0
"POINT (11.014664083000071 49.453762897000047)",Unfall 188962 (2018) Kat:3, Licht: 0,188962,3,3,5,10,15,5,0,0,0,1,0,0,0,0
"POINT (11.090491495000038 49.459470927000041)",Unfall 189059 (2018) Kat:3, Licht: 1,189059,3,6,2,10,16,4,1,1,0,1,0,0,0,0
"POINT (11.123563421000028 49.468143075000057)",Unfall 189060 (2018) Kat:3, Licht: 1,189060,3,6,2,10,16,4,1,1,0,1,0,0,0,0
"POINT (11.058823750000045 49.459944422000035)",Unfall 189133 (2018) Kat:3, Licht: 0,189133,3,7,3,10,15,3,0,0,1,1,0,0,0,0
"POINT (11.072406199000056 49.457647879000035)",Unfall 189135 (2018) Kat:3, Licht: 0,189135,3,6,1,10,14,3,1,0,0,1,0,0,0,1
"POINT (11.066164378000053 49.448142057000041)",Unfall 189136 (2018) Kat:3, Licht: 0,189136,3,2,0,10,14,3,1,0,1,1,0,0,0,0
"POINT (11.105013709000048 49.484209917000044)",Unfall 189138 (2018) Kat:3, Licht: 0,189138,3,6,2,10,07,3,0,0,0,1,0,0,0,0
"POINT (11.043352103000075 49.465868051000029)",Unfall 189182 (2018) Kat:3, Licht: 0,189182,3,6,2,10,16,5,0,0,0,1,0,0,0,0
"POINT (11.024679542000058 49.519126369000048)",Unfall 189184 (2018) Kat:3, Licht: 0,189184,3,7,1,10,09,5,1,0,0,1,0,0,0,0
"POINT (11.009175086000027 49.446458358000029)",Unfall 189186 (2018) Kat:2, Licht: 0,189186,2,3,5,10,17,5,0,0,0,1,0,0,0,0
"POINT (11.097544302000074 49.484131899000033)",Unfall 189188 (2018) Kat:3, Licht: 0,189188,3,6,2,10,13,5,0,0,0,1,0,0,0,0
"POINT (11.046312053000065 49.465083261000075)",Unfall 189189 (2018) Kat:3, Licht: 2,189189,3,3,5,10,07,5,1,2,0,1,0,0,0,0
"POINT (11.097021915000028 49.485656929000072)",Unfall 189260 (2018) Kat:3, Licht: 0,189260,3,2,5,10,16,2,0,0,1,1,0,0,0,0
"POINT (11.044921531000057 49.469444108000062)",Unfall 189263 (2018) Kat:3, Licht: 2,189263,3,3,5,10,17,2,1,2,0,1,0,1,0,0
"POINT (11.102768283000046 49.438887285000078)",Unfall 189265 (2018) Kat:3, Licht: 2,189265,3,2,5,10,21,2,1,2,1,1,0,0,0,0
"POINT (11.131395186000077 49.405003625000063)",Unfall 189266 (2018) Kat:3, Licht: 2,189266,3,6,2,10,19,2,1,2,0,1,0,0,1,0
"POINT (11.022010306000027 49.471728894000080)",Unfall 189268 (2018) Kat:3, Licht: 0,189268,3,4,6,10,17,2,0,0,0,1,1,0,0,0
"POINT (11.073999504000028 49.439300239000033)",Unfall 189269 (2018) Kat:3, Licht: 2,189269,3,6,0,10,20,2,1,2,0,1,0,0,0,0
"POINT (11.042421560000037 49.440544842000065)",Unfall 189358 (2018) Kat:3, Licht: 0,189358,3,3,5,10,15,4,0,0,0,1,0,0,0,0
"POINT (11.007555755000055 49.434946137000054)",Unfall 189360 (2018) Kat:3, Licht: 2,189360,3,6,3,10,20,4,0,2,0,1,0,0,0,0
"POINT (11.093851010000037 49.406527522000033)",Unfall 189364 (2018) Kat:3, Licht: 2,189364,3,7,5,10,20,1,1,2,0,1,0,0,0,0
"POINT (11.088962849000040 49.436589024000057)",Unfall 189366 (2018) Kat:3, Licht: 0,189366,3,3,5,10,09,1,1,0,0,1,0,0,0,0
"POINT (11.062524925000048 49.447592655000051)",Unfall 189442 (2018) Kat:3, Licht: 2,189442,3,1,1,10,01,7,0,2,0,1,0,0,0,0
"POINT (11.085577918000070 49.425144444000068)",Unfall 189444 (2018) Kat:2, Licht: 0,189444,2,4,6,10,13,7,0,0,0,1,1,0,0,0
"POINT (11.077078117000042 49.446688170000073)",Unfall 189446 (2018) Kat:3, Licht: 0,189446,3,3,5,10,08,7,1,0,0,1,0,0,1,0
"POINT (11.069050464000043 49.452716726000062)",Unfall 189448 (2018) Kat:3, Licht: 0,189448,3,6,2,10,09,7,1,0,0,1,0,0,0,0
"POINT (11.176941637000027 49.402614734000053)",Unfall 189451 (2018) Kat:3, Licht: 0,189451,3,3,5,10,09,7,1,0,0,1,0,0,0,0
"POINT (11.078353566000033 49.455739738000034)",Unfall 189453 (2018) Kat:3, Licht: 2,189453,3,2,5,10,21,7,0,2,1,1,0,0,0,0
"POINT (11.056424526000058 49.460515835000081)",Unfall 189455 (2018) Kat:2, Licht: 0,189455,2,6,4,10,11,7,0,0,0,1,0,0,0,1
"POINT (11.043796887000042 49.465746376000027)",Unfall 189457 (2018) Kat:3, Licht: 2,189457,3,5,1,10,06,7,1,2,1,1,0,0,0,0
"POINT (11.017883099000073 49.470126327000060)",Unfall 189459 (2018) Kat:2, Licht: 1,189459,2,3,5,10,06,3,1,1,0,1,0,1,0,0
"POINT (11.071894234000069 49.461780855000029)",Unfall 189461 (2018) Kat:3, Licht: 0,189461,3,4,0,10,07,3,0,0,0,0,1,1,0,0
"POINT (11.134669053000039 49.401127393000081)",Unfall 189462 (2018) Kat:2, Licht: 0,189462,2,1,0,10,13,3,1,0,0,0,0,1,0,0
"POINT (11.076905782000040 49.412299281000060)",Unfall 189464 (2018) Kat:3, Licht: 1,189464,3,6,2,10,16,3,1,1,0,1,0,0,0,0
"POINT (11.081653564000021 49.418118998000068)",Unfall 189556 (2018) Kat:3, Licht: 0,189556,3,6,1,10,15,6,0,0,0,1,0,0,0,0
"POINT (11.072213622000049 49.448659301000077)",Unfall 189558 (2018) Kat:2, Licht: 2,189558,2,4,6,10,19,6,0,2,0,1,1,0,0,0
"POINT (11.090466524000021 49.438267207000081)",Unfall 189560 (2018) Kat:2, Licht: 0,189560,2,3,5,10,13,6,0,0,1,0,0,0,0,0
"POINT (11.060102369000049 49.459638837000057)",Unfall 189562 (2018) Kat:3, Licht: 2,189562,3,6,2,10,20,6,0,2,0,1,0,0,0,0
"POINT (11.084321112000055 49.461651230000029)",Unfall 189567 (2018) Kat:3, Licht: 0,189567,3,1,4,10,11,2,0,0,1,0,0,0,0,0
"POINT (11.068818363000048 49.445296657000029)",Unfall 189617 (2018) Kat:3, Licht: 2,189617,3,1,4,11,04,1,0,2,0,1,0,0,0,1
"POINT (11.062997852000024 49.449419335000073)",Unfall 189619 (2018) Kat:3, Licht: 2,189619,3,7,0,11,21,1,0,2,1,0,0,0,0,0
"POINT (11.074656521000065 49.446804217000079)",Unfall 189661 (2018) Kat:3, Licht: 2,189661,3,6,2,11,22,7,0,2,0,1,0,0,0,0
"POINT (11.072748047000061 49.409268951000058)",Unfall 189713 (2018) Kat:2, Licht: 0,189713,2,7,9,11,15,3,0,0,1,0,0,0,0,0
"POINT (11.116561245000071 49.450810993000061)",Unfall 189715 (2018) Kat:3, Licht: 0,189715,3,3,5,11,10,3,0,0,1,1,0,0,0,0
"POINT (11.067175418000033 49.439620904000037)",Unfall 189717 (2018) Kat:3, Licht: 2,189717,3,7,0,11,03,3,0,2,1,0,0,0,0,0
"POINT (11.097643249000043 49.445878350000044)",Unfall 189719 (2018) Kat:3, Licht: 0,189719,3,2,4,11,11,3,0,0,0,1,0,0,0,0
"POINT (11.066366817000073 49.451904130000059)",Unfall 189727 (2018) Kat:3, Licht: 0,189727,3,3,5,11,07,6,0,0,0,1,0,0,0,0
"POINT (11.081767880000029 49.447864002000074)",Unfall 189730 (2018) Kat:3, Licht: 0,189730,3,2,5,11,16,6,0,0,1,1,0,0,0,0
"POINT (11.059427789000040 49.458265493000056)",Unfall 189732 (2018) Kat:3, Licht: 0,189732,3,6,2,11,11,6,0,0,0,1,0,0,0,0
"POINT (11.080773274000023 49.440293636000035)",Unfall 189733 (2018) Kat:2, Licht: 0,189733,2,7,0,11,15,6,0,0,0,0,1,0,0,1
"POINT (11.118626226000060 49.422706542000071)",Unfall 189784 (2018) Kat:3, Licht: 0,189784,3,3,5,11,13,5,0,0,0,1,0,0,0,0
"POINT (11.073486691000028 49.451637228000038)",Unfall 189786 (2018) Kat:3, Licht: 2,189786,3,4,6,11,02,5,0,2,0,1,1,0,0,0
"POINT (11.103777807000029 49.459895145000075)",Unfall 189844 (2018) Kat:3, Licht: 2,189844,3,6,2,11,22,2,0,2,0,1,0,1,0,0
"POINT (11.022899283000072 49.439335566000068)",Unfall 189846 (2018) Kat:3, Licht: 0,189846,3,7,0,11,09,2,0,0,1,0,0,0,0,0
"POINT (11.063458108000077 49.448212356000056)",Unfall 189848 (2018) Kat:3, Licht: 2,189848,3,3,5,11,17,2,0,2,1,1,0,0,0,0
"POINT (11.165154216000076 49.395311030000073)",Unfall 189850 (2018) Kat:3, Licht: 1,189850,3,6,2,11,16,2,0,1,0,1,0,0,0,1
"POINT (11.127622131000066 49.431109364000065)",Unfall 189936 (2018) Kat:3, Licht: 0,189936,3,2,5,11,11,1,1,0,0,1,0,0,0,0
"POINT (11.071058809000021 49.408655926000051)",Unfall 189939 (2018) Kat:3, Licht: 2,189939,3,1,9,11,00,1,0,2,0,1,0,0,0,0
"POINT (11.103790009000022 49.450554168000053)",Unfall 189941 (2018) Kat:3, Licht: 2,189941,3,3,5,11,03,1,1,2,0,1,0,0,0,0
"POINT (11.105194170000061 49.483453831000077)",Unfall 189944 (2018) Kat:3, Licht: 2,189944,3,1,0,11,18,1,0,2,1,0,0,0,0,0
"POINT (11.072066848000077 49.447081760000060)",Unfall 189971 (2018) Kat:3, Licht: 0,189971,3,4,6,11,17,5,0,0,1,0,1,0,0,0
"POINT (11.095820045000039 49.467096764000075)",Unfall 189973 (2018) Kat:3, Licht: 2,189973,3,3,5,11,17,5,0,2,1,1,0,0,0,0
"POINT (11.124530889000027 49.422621797000033)",Unfall 190013 (2018) Kat:3, Licht: 2,190013,3,1,0,11,17,7,0,2,0,0,1,0,0,1
"POINT (11.079893022000022 49.440178441000057)",Unfall 190016 (2018) Kat:3, Licht: 2,190016,3,6,1,11,19,7,0,2,0,1,0,0,0,0
"POINT (11.096945240000025 49.437578742000028)",Unfall 190018 (2018) Kat:2, Licht: 2,190018,2,1,0,11,05,7,0,2,1,0,0,0,0,0
"POINT (11.118448869000076 49.414567345000080)",Unfall 190078 (2018) Kat:3, Licht: 2,190078,3,2,5,11,17,4,0,2,0,1,0,0,0,0
"POINT (11.105181995000066 49.484207457000082)",Unfall 190081 (2018) Kat:3, Licht: 0,190081,3,2,3,11,13,4,0,0,1,1,0,0,0,0
"POINT (11.021234578000076 49.423212527000032)",Unfall 190083 (2018) Kat:3, Licht: 0,190083,3,3,5,11,12,4,0,0,0,1,0,0,0,1
"POINT (11.094559377000053 49.433991632000073)",Unfall 190085 (2018) Kat:3, Licht: 0,190085,3,3,5,11,11,4,0,0,1,1,0,0,0,0
"POINT (11.018736257000057 49.453580983000052)",Unfall 190086 (2018) Kat:3, Licht: 0,190086,3,3,5,11,16,4,0,0,0,1,0,0,0,0
"POINT (11.060996797000030 49.435719120000044)",Unfall 190111 (2018) Kat:3, Licht: 0,190111,3,7,5,11,16,6,0,0,0,1,0,1,0,0
"POINT (11.106113698000058 49.465538397000046)",Unfall 190112 (2018) Kat:3, Licht: 0,190112,3,3,0,11,08,6,0,0,1,0,0,0,0,1
"POINT (11.067222692000030 49.431675343000052)",Unfall 190131 (2018) Kat:3, Licht: 0,190131,3,7,0,11,08,4,0,0,0,0,0,0,0,1
"POINT (11.055843549000031 49.449246538000068)",Unfall 190132 (2018) Kat:3, Licht: 0,190132,3,6,0,11,13,4,0,0,0,1,0,1,0,0
"POINT (11.067165625000030 49.439569757000072)",Unfall 190133 (2018) Kat:3, Licht: 2,190133,3,3,5,11,18,4,0,2,0,1,0,0,0,0
"POINT (11.016116500000066 49.429409211000063)",Unfall 190135 (2018) Kat:3, Licht: 0,190135,3,6,3,11,11,4,1,0,0,1,0,0,0,0
"POINT (11.041174089000037 49.421978559000081)",Unfall 190136 (2018) Kat:3, Licht: 2,190136,3,6,2,11,16,4,0,2,0,1,0,0,0,0
"POINT (11.059277494000071 49.449883303000036)",Unfall 190137 (2018) Kat:3, Licht: 0,190137,3,2,5,11,09,4,0,0,0,1,0,0,0,0
"POINT (11.082418024000049 49.446706165000080)",Unfall 190179 (2018) Kat:3, Licht: 2,190179,3,7,6,11,16,6,0,2,0,1,1,0,0,0
"POINT (11.082485197000040 49.438298877000079)",Unfall 190181 (2018) Kat:3, Licht: 2,190181,3,2,1,11,04,6,0,2,1,1,0,0,0,0
"POINT (11.055947709000066 49.445580368000037)",Unfall 190183 (2018) Kat:3, Licht: 2,190183,3,6,0,11,17,6,0,2,0,1,0,1,0,0
"POINT (11.107777823000049 49.470169895000026)",Unfall 190251 (2018) Kat:3, Licht: 0,190251,3,3,5,11,13,3,1,0,0,1,0,0,0,0
"POINT (11.132978328000036 49.459350166000036)",Unfall 190253 (2018) Kat:3, Licht: 0,190253,3,7,1,11,15,3,0,0,0,1,0,0,0,0
"POINT (11.004113669000049 49.438265826000077)",Unfall 190292 (2018) Kat:3, Licht: 2,190292,3,6,2,11,17,5,0,2,0,1,0,0,0,0
"POINT (11.048531232000073 49.441386812000076)",Unfall 190294 (2018) Kat:3, Licht: 2,190294,3,3,5,11,02,5,0,2,0,1,0,0,0,0
"POINT (11.052766533000067 49.359891358000027)",Unfall 190359 (2018) Kat:2, Licht: 0,190359,2,4,6,11,08,2,1,0,0,1,1,0,0,0
"POINT (11.059601635000035 49.458764762000044)",Unfall 190361 (2018) Kat:3, Licht: 0,190361,3,3,3,11,16,2,0,0,1,1,0,0,0,0
"POINT (11.125968052000076 49.444104135000032)",Unfall 190363 (2018) Kat:3, Licht: 2,190363,3,3,0,11,17,2,0,2,0,0,0,0,0,1
"POINT (11.003411522000022 49.438419016000068)",Unfall 190365 (2018) Kat:3, Licht: 0,190365,3,1,9,11,13,2,0,0,0,1,0,0,0,0
"POINT (11.055963224000038 49.445594672000027)",Unfall 190367 (2018) Kat:3, Licht: 1,190367,3,7,0,11,18,2,0,1,1,1,1,0,0,0
"POINT (11.086327000000040 49.448047422000059)",Unfall 190425 (2018) Kat:3, Licht: 2,190425,3,2,6,11,17,5,0,2,0,0,1,0,0,1
"POINT (11.008150360000059 49.524957594000057)",Unfall 190438 (2018) Kat:3, Licht: 0,190438,3,7,0,11,13,3,1,0,0,0,1,0,0,1
"POINT (11.090329999000062 49.459220486000049)",Unfall 190476 (2018) Kat:3, Licht: 0,190476,3,5,3,11,08,5,0,0,1,1,0,0,0,0
"POINT (11.019284717000062 49.431456300000036)",Unfall 190529 (2018) Kat:3, Licht: 0,190529,3,3,5,11,11,5,0,0,1,1,0,0,0,0
"POINT (11.139228779000064 49.415269520000038)",Unfall 190542 (2018) Kat:3, Licht: 2,190542,3,3,5,11,17,5,1,2,0,1,0,0,0,0
"POINT (11.044587686000057 49.452896402000079)",Unfall 190585 (2018) Kat:3, Licht: 0,190585,3,3,5,11,14,1,0,0,0,1,0,1,0,0
"POINT (11.035332528000026 49.438728393000076)",Unfall 190586 (2018) Kat:3, Licht: 2,190586,3,6,1,11,17,5,0,2,0,1,0,0,0,0
"POINT (11.048785928000029 49.442101420000029)",Unfall 190633 (2018) Kat:3, Licht: 2,190633,3,6,2,11,17,7,0,2,0,1,0,0,0,0
"POINT (11.054232891000026 49.451595961000066)",Unfall 190634 (2018) Kat:3, Licht: 2,190634,3,3,5,11,17,5,0,2,1,1,0,0,0,0
"POINT (11.052825850000033 49.361496815000066)",Unfall 190635 (2018) Kat:3, Licht: 0,190635,3,3,5,11,09,7,0,0,0,1,0,0,0,0
"POINT (11.105568994000066 49.480874979000077)",Unfall 190636 (2018) Kat:3, Licht: 2,190636,3,6,3,11,00,7,0,2,1,1,0,0,0,1
"POINT (11.058228418000056 49.460148164000032)",Unfall 190670 (2018) Kat:3, Licht: 2,190670,3,1,1,11,17,2,1,2,1,1,0,0,0,0
"POINT (11.078325109000048 49.413348400000075)",Unfall 190676 (2018) Kat:3, Licht: 2,190676,3,6,2,11,21,7,0,2,0,1,0,0,0,0
"POINT (11.109284838000065 49.444756591000043)",Unfall 190680 (2018) Kat:3, Licht: 0,190680,3,7,2,11,11,7,0,0,0,1,0,0,0,0
"POINT (11.103987929000027 49.442975567000076)",Unfall 190713 (2018) Kat:3, Licht: 0,190713,3,7,2,11,11,2,1,0,0,1,0,0,0,0
"POINT (11.028321472000073 49.487623319000079)",Unfall 190737 (2018) Kat:3, Licht: 2,190737,3,3,5,11,17,4,0,2,1,1,0,0,0,0
"POINT (11.013964561000023 49.432462195000028)",Unfall 190739 (2018) Kat:3, Licht: 0,190739,3,6,3,11,07,4,1,0,0,1,0,0,1,0
"POINT (11.071343586000069 49.456779319000077)",Unfall 190741 (2018) Kat:3, Licht: 0,190741,3,2,4,11,15,4,0,0,1,1,0,0,0,0
"POINT (11.159161375000053 49.463558592000027)",Unfall 190743 (2018) Kat:3, Licht: 0,190743,3,6,2,11,17,4,0,0,0,1,0,0,0,0
"POINT (11.008964439000067 49.434176788000059)",Unfall 190835 (2018) Kat:3, Licht: 2,190835,3,6,2,11,17,2,1,2,0,1,0,0,0,0
"POINT (11.059337077000066 49.449852123000028)",Unfall 190843 (2018) Kat:3, Licht: 0,190843,3,6,0,11,09,6,0,0,1,0,0,0,0,0
"POINT (11.069101436000039 49.452697809000028)",Unfall 190844 (2018) Kat:3, Licht: 2,190844,3,2,4,11,16,3,0,2,0,1,0,0,0,0
"POINT (11.118511014000035 49.422647889000075)",Unfall 190845 (2018) Kat:3, Licht: 0,190845,3,5,5,11,10,3,1,0,0,1,0,0,0,1
"POINT (11.088815793000038 49.455672354000058)",Unfall 190847 (2018) Kat:2, Licht: 0,190847,2,1,0,11,15,3,0,0,1,0,0,0,0,0
"POINT (11.082171268000025 49.463313870000036)",Unfall 190850 (2018) Kat:3, Licht: 2,190850,3,3,0,11,07,3,1,2,0,1,0,1,0,0
"POINT (11.091325899000026 49.460465773000067)",Unfall 190852 (2018) Kat:3, Licht: 2,190852,3,3,5,11,17,3,0,2,1,1,0,0,0,0
"POINT (11.089994059000048 49.441460943000038)",Unfall 190854 (2018) Kat:3, Licht: 2,190854,3,3,0,11,18,3,0,2,0,1,1,0,0,0
"POINT (11.017330237000067 49.451509218000069)",Unfall 190856 (2018) Kat:3, Licht: 1,190856,3,7,6,11,15,3,0,1,0,1,1,0,0,0
"POINT (11.013727144000029 49.426561658000026)",Unfall 190859 (2018) Kat:3, Licht: 0,190859,3,1,1,11,14,3,0,0,0,1,0,0,0,0
"POINT (11.089776529000062 49.441516050000075)",Unfall 190921 (2018) Kat:2, Licht: 2,190921,2,2,3,12,17,1,1,2,1,1,0,0,0,0
"POINT (11.087142069000038 49.461194208000052)",Unfall 190922 (2018) Kat:3, Licht: 0,190922,3,2,3,12,10,1,1,0,0,1,0,0,0,0
"POINT (11.022234922000052 49.460851056000081)",Unfall 190985 (2018) Kat:3, Licht: 2,190985,3,3,5,12,18,3,0,2,0,1,0,0,0,0
"POINT (11.047374415000036 49.429481388000056)",Unfall 190987 (2018) Kat:3, Licht: 0,190987,3,7,6,12,07,3,1,0,0,1,1,0,0,0
"POINT (11.012433111000064 49.449311500000078)",Unfall 190989 (2018) Kat:2, Licht: 2,190989,2,2,6,12,05,3,1,2,0,1,1,0,0,0
"POINT (11.049559199000043 49.435917030000041)",Unfall 190991 (2018) Kat:3, Licht: 2,190991,3,6,3,12,07,3,1,2,0,1,0,0,0,0
"POINT (11.132522594000022 49.405146039000044)",Unfall 190993 (2018) Kat:3, Licht: 0,190993,3,3,5,12,11,3,1,0,0,1,0,0,0,0
"POINT (11.051205852000066 49.433517621000078)",Unfall 190996 (2018) Kat:3, Licht: 1,190996,3,3,5,12,18,3,0,1,0,1,0,1,0,0
"POINT (11.053251728000021 49.458353617000057)",Unfall 190998 (2018) Kat:3, Licht: 0,190998,3,4,6,12,12,3,1,0,0,0,1,1,0,0
"POINT (11.063519640000038 49.448302944000034)",Unfall 191057 (2018) Kat:3, Licht: 0,191057,3,6,2,11,13,6,0,0,0,1,0,0,0,0
"POINT (11.078105451000056 49.436834831000056)",Unfall 191059 (2018) Kat:3, Licht: 2,191059,3,3,5,11,18,6,1,2,0,1,0,1,0,0
"POINT (11.059811804000049 49.435216201000060)",Unfall 191103 (2018) Kat:3, Licht: 1,191103,3,2,4,12,07,2,1,1,1,1,0,0,0,0
"POINT (11.130055731000027 49.397849771000040)",Unfall 191106 (2018) Kat:3, Licht: 0,191106,3,4,6,12,17,2,1,0,0,1,1,0,0,0
"POINT (11.037142486000050 49.381932089000031)",Unfall 191108 (2018) Kat:3, Licht: 2,191108,3,1,6,12,06,2,1,2,0,1,1,0,0,0
"POINT (11.082866712000055 49.447164761000067)",Unfall 191111 (2018) Kat:3, Licht: 0,191111,3,3,5,12,11,2,1,0,0,1,0,0,0,0
"POINT (11.099215604000051 49.445943066000041)",Unfall 191113 (2018) Kat:3, Licht: 2,191113,3,3,4,12,17,2,1,2,0,1,0,0,0,0
"POINT (11.104451511000036 49.446679898000070)",Unfall 191116 (2018) Kat:2, Licht: 2,191116,2,2,5,12,07,2,1,2,1,1,0,0,0,0
"POINT (11.082499636000023 49.461625798000057)",Unfall 191118 (2018) Kat:3, Licht: 0,191118,3,1,1,12,11,2,1,0,0,1,0,1,0,0
"POINT (11.097484180000038 49.459044922000032)",Unfall 191120 (2018) Kat:2, Licht: 2,191120,2,2,6,12,16,2,1,2,0,1,1,0,0,0
"POINT (11.010151725000071 49.425441206000073)",Unfall 191122 (2018) Kat:3, Licht: 1,191122,3,6,2,12,16,2,1,1,0,1,0,0,0,0
"POINT (11.092959046000033 49.436675772000058)",Unfall 191123 (2018) Kat:3, Licht: 0,191123,3,6,2,12,13,2,1,0,0,1,0,0,0,0
"POINT (11.067268158000047 49.444662657000038)",Unfall 191125 (2018) Kat:3, Licht: 1,191125,3,6,2,12,16,2,1,1,0,1,0,0,0,0
"POINT (11.072811395000031 49.446968881000032)",Unfall 191127 (2018) Kat:3, Licht: 2,191127,3,6,1,12,16,2,1,2,0,1,0,0,0,0
"POINT (11.072180350000053 49.340956580000068)",Unfall 191129 (2018) Kat:3, Licht: 1,191129,3,7,8,12,09,2,1,1,0,1,0,0,0,0
"POINT (11.098460540000076 49.454546857000025)",Unfall 191140 (2018) Kat:3, Licht: 0,191140,3,7,0,11,13,5,0,0,0,0,1,0,0,1
"POINT (11.088934570000049 49.442521229000079)",Unfall 191141 (2018) Kat:3, Licht: 2,191141,3,5,0,11,19,5,1,2,1,1,0,0,0,0
"POINT (11.105206391000024 49.416898244000038)",Unfall 191181 (2018) Kat:3, Licht: 2,191181,3,7,4,12,06,6,1,2,1,1,0,0,0,0
"POINT (11.131670192000058 49.404493671000068)",Unfall 191182 (2018) Kat:3, Licht: 0,191182,3,3,5,12,09,6,1,0,1,1,0,0,0,0
"POINT (11.068110867000030 49.441817071000060)",Unfall 191183 (2018) Kat:3, Licht: 2,191183,3,2,6,12,06,6,1,2,0,1,1,0,0,0
"POINT (11.107952689000058 49.472893726000052)",Unfall 191184 (2018) Kat:3, Licht: 2,191184,3,6,3,12,17,6,1,2,1,1,0,0,0,0
"POINT (11.027639663000059 49.436454901000047)",Unfall 191231 (2018) Kat:3, Licht: 2,191231,3,4,6,12,18,2,1,2,0,1,1,0,0,0
"POINT (11.058135125000035 49.416047828000046)",Unfall 191233 (2018) Kat:3, Licht: 0,191233,3,1,3,12,12,2,1,0,0,1,0,0,0,1
"POINT (11.017476272000067 49.456663679000030)",Unfall 191235 (2018) Kat:1, Licht: 0,191235,1,4,6,12,08,2,1,0,0,1,1,0,0,0
"POINT (11.131779990000041 49.404542939000066)",Unfall 191274 (2018) Kat:3, Licht: 0,191274,3,1,6,12,14,5,1,0,0,1,1,0,0,0
"POINT (11.070355437000046 49.439989168000068)",Unfall 191276 (2018) Kat:3, Licht: 0,191276,3,3,5,12,11,5,0,0,0,1,0,0,0,0
"POINT (11.051466399000049 49.438615663000064)",Unfall 191278 (2018) Kat:3, Licht: 2,191278,3,5,1,12,16,5,1,2,1,1,0,0,0,0
"POINT (11.092518611000060 49.435676061000038)",Unfall 191280 (2018) Kat:3, Licht: 0,191280,3,7,5,12,07,5,1,0,0,1,0,0,0,0
"POINT (11.089044233000038 49.444732424000051)",Unfall 191282 (2018) Kat:3, Licht: 2,191282,3,2,5,12,17,5,1,2,1,1,0,0,0,0
"POINT (11.048789740000075 49.442112245000033)",Unfall 191284 (2018) Kat:3, Licht: 2,191284,3,2,6,12,05,5,1,2,0,1,1,0,0,0
"POINT (11.083360829000071 49.436388372000067)",Unfall 191299 (2018) Kat:3, Licht: 0,191299,3,2,4,12,13,1,0,0,0,1,0,0,0,0
"POINT (11.078553280000051 49.462217647000045)",Unfall 191301 (2018) Kat:3, Licht: 2,191301,3,3,5,12,02,1,1,2,0,1,0,0,0,0
"POINT (11.165102038000043 49.395357352000076)",Unfall 191346 (2018) Kat:3, Licht: 0,191346,3,6,2,12,15,7,1,0,0,1,0,0,0,0
"POINT (11.024440422000055 49.432703307000054)",Unfall 191348 (2018) Kat:3, Licht: 2,191348,3,1,0,12,03,7,1,2,1,0,0,0,0,0
"POINT (11.024090877000049 49.470987704000038)",Unfall 191349 (2018) Kat:3, Licht: 0,191349,3,3,5,12,09,7,0,0,1,1,0,0,0,0
"POINT (11.147653045000027 49.462934503000042)",Unfall 191351 (2018) Kat:3, Licht: 2,191351,3,2,4,12,17,7,1,2,0,1,0,0,0,0
"POINT (11.071007209000072 49.451170883000032)",Unfall 191353 (2018) Kat:3, Licht: 0,191353,3,7,0,12,11,7,1,0,0,1,1,0,0,0
"POINT (11.081069861000060 49.443830901000069)",Unfall 191385 (2018) Kat:3, Licht: 2,191385,3,1,5,12,22,4,0,2,0,1,0,0,0,0
"POINT (11.066238594000026 49.461847176000049)",Unfall 191387 (2018) Kat:3, Licht: 2,191387,3,7,3,12,18,4,0,2,1,1,0,0,0,0
"POINT (11.065762733000042 49.403014080000048)",Unfall 191443 (2018) Kat:3, Licht: 0,191443,3,3,5,12,08,5,0,0,0,1,0,0,0,0
"POINT (11.048536878000050 49.387378824000052)",Unfall 191444 (2018) Kat:3, Licht: 0,191444,3,3,0,12,07,5,2,0,0,1,0,0,0,0
"POINT (11.048935041000050 49.408330284000044)",Unfall 191458 (2018) Kat:2, Licht: 0,191458,2,2,5,12,10,2,1,0,0,0,0,1,1,0
"POINT (11.081852620000063 49.466092836000030)",Unfall 191460 (2018) Kat:3, Licht: 0,191460,3,3,5,12,08,2,1,0,0,1,0,0,0,0
"POINT (11.071716894000076 49.439880085000027)",Unfall 191462 (2018) Kat:3, Licht: 2,191462,3,2,6,12,18,2,1,2,0,1,1,0,0,0
"POINT (11.111276154000052 49.452824396000040)",Unfall 191464 (2018) Kat:2, Licht: 2,191464,2,2,6,12,19,2,1,2,0,1,1,0,0,0
"POINT (11.031438321000053 49.468880915000057)",Unfall 191466 (2018) Kat:2, Licht: 2,191466,2,2,0,12,16,2,1,2,0,1,0,1,0,0
"POINT (11.106308538000064 49.445801764000066)",Unfall 191468 (2018) Kat:3, Licht: 2,191468,3,1,0,12,18,2,1,2,1,0,0,0,0,0