WKT,Name,OBJECTID,UKATEGORIE,UTYP1,UART,UMONAT,USTUNDE,UWOCHENTAG,STRZUSTAND,ULICHTVERH,ISTRAD,ISTPKW,ISTFUSS,ISTKRAD,ISTGKFZ,ISTSONSTIG
"POINT (11.079139929000064 49.440082800000027)",Unfall 191470 (2018) Kat:3, Licht: 2,191470,3,1,0,12,19,2,1,2,1,0,0,0,0,0
"POINT (11.074409645000060 49.463250135000067)",Unfall 191506 (2018) Kat:3, Licht: 0,191506,3,1,1,12,14,4,0,0,0,1,0,1,0,0
"POINT (11.071381331000055 49.456884336000030)",Unfall 191508 (2018) Kat:3, Licht: 0,191508,3,7,0,12,13,4,0,0,0,0,0,0,0,1
"POINT (11.071394533000046 49.462546675000056)",Unfall 191510 (2018) Kat:3, Licht: 1,191510,3,6,2,12,15,4,0,1,0,1,0,0,0,0
"POINT (11.083447187000047 49.455932151000070)",Unfall 191533 (2018) Kat:3, Licht: 0,191533,3,3,0,12,15,1,1,0,0,1,0,1,0,0
"POINT (11.081984398000031 49.465645751000068)",Unfall 191604 (2018) Kat:3, Licht: 2,191604,3,4,6,12,07,3,1,2,0,1,1,0,0,0
"POINT (11.071443249000026 49.445908541000051)",Unfall 191606 (2018) Kat:3, Licht: 0,191606,3,6,3,12,15,3,0,0,1,1,0,0,0,0
"POINT (11.125463538000076 49.443214407000028)",Unfall 191608 (2018) Kat:3, Licht: 2,191608,3,1,0,12,03,3,1,2,0,1,0,0,0,0
"POINT (11.097536345000037 49.445784974000048)",Unfall 191610 (2018) Kat:3, Licht: 0,191610,3,2,5,12,12,3,0,0,1,1,0,0,0,0
"POINT (11.078679549000071 49.454490321000037)",Unfall 191628 (2018) Kat:3, Licht: 2,191628,3,4,6,12,17,6,0,2,1,0,1,0,0,0
"POINT (11.091272407000076 49.406049986000028)",Unfall 191630 (2018) Kat:3, Licht: 2,191630,3,1,0,12,16,6,0,2,1,0,0,0,0,0
"POINT (11.091862487000071 49.473877703000028)",Unfall 191632 (2018) Kat:3, Licht: 0,191632,3,7,0,12,13,6,0,0,0,0,1,0,0,1
"POINT (11.059384272000045 49.415443469000081)",Unfall 191634 (2018) Kat:3, Licht: 1,191634,3,6,2,12,16,6,0,1,0,1,0,0,0,0
"POINT (11.045277216000045 49.430581865000079)",Unfall 191734 (2018) Kat:3, Licht: 2,191734,3,6,2,12,17,4,1,2,0,1,0,0,0,0
"POINT (11.082145657000069 49.439010361000044)",Unfall 191736 (2018) Kat:3, Licht: 2,191736,3,2,5,12,17,4,0,2,0,1,1,0,0,0
"POINT (11.083550250000030 49.447308662000069)",Unfall 191738 (2018) Kat:2, Licht: 2,191738,2,4,6,12,06,4,1,2,0,0,1,0,1,0
"POINT (11.071594257000072 49.473695712000051)",Unfall 191740 (2018) Kat:2, Licht: 2,191740,2,2,5,12,19,4,1,2,1,1,0,0,0,0
"POINT (11.087387687000046 49.461225610000042)",Unfall 191742 (2018) Kat:3, Licht: 0,191742,3,4,6,12,13,4,0,0,0,0,1,0,0,1
"POINT (11.097443097000053 49.470856145000027)",Unfall 191743 (2018) Kat:3, Licht: 0,191743,3,3,5,12,13,4,1,0,0,1,0,0,0,0
"POINT (11.097942875000058 49.456440403000045)",Unfall 191751 (2018) Kat:3, Licht: 0,191751,3,7,1,12,15,4,1,0,0,1,0,0,0,0
"POINT (11.037559129000044 49.439285364000057)",Unfall 191786 (2018) Kat:2, Licht: 0,191786,2,4,6,12,12,6,1,0,0,0,1,0,0,1
"POINT (11.076029792000043 49.466259365000042)",Unfall 191788 (2018) Kat:3, Licht: 0,191788,3,1,0,12,14,6,1,0,1,0,0,0,0,0
"POINT (11.101382360000059 49.443211636000058)",Unfall 191791 (2018) Kat:2, Licht: 0,191791,2,3,5,12,09,6,1,0,1,1,0,0,0,0
"POINT (11.133189076000065 49.456713677000039)",Unfall 191793 (2018) Kat:3, Licht: 0,191793,3,6,2,12,13,6,0,0,0,1,0,0,0,0
"POINT (11.074531673000024 49.454261206000069)",Unfall 191794 (2018) Kat:3, Licht: 0,191794,3,2,5,12,12,6,1,0,1,1,0,0,0,0
"POINT (11.069685849000052 49.439219999000045)",Unfall 191797 (2018) Kat:3, Licht: 1,191797,3,6,3,12,16,6,1,1,0,1,0,0,0,1
"POINT (11.170998770000040 49.408187703000067)",Unfall 191881 (2018) Kat:2, Licht: 0,191881,2,3,5,12,09,3,1,0,1,1,0,0,0,0
"POINT (11.107652752000035 49.475251958000058)",Unfall 191883 (2018) Kat:3, Licht: 1,191883,3,6,3,12,16,3,0,1,1,1,0,0,0,0
"POINT (11.124906901000031 49.409845463000067)",Unfall 191884 (2018) Kat:3, Licht: 1,191884,3,3,5,12,07,5,1,1,0,1,0,0,0,0
"POINT (11.114828447000036 49.454356752000081)",Unfall 191885 (2018) Kat:3, Licht: 0,191885,3,3,5,12,07,3,1,0,0,1,0,0,0,0
"POINT (11.082334454000033 49.460848448000036)",Unfall 191886 (2018) Kat:3, Licht: 0,191886,3,2,3,12,12,5,1,0,1,1,0,0,0,0
"POINT (11.081442322000044 49.473950415000047)",Unfall 191887 (2018) Kat:3, Licht: 2,191887,3,3,5,12,17,3,1,2,1,1,0,0,0,0
"POINT (11.114912854000067 49.444024273000082)",Unfall 191888 (2018) Kat:2, Licht: 2,191888,2,4,6,12,17,5,1,2,0,1,1,0,0,0
"POINT (11.126642190000041 49.454262372000073)",Unfall 191889 (2018) Kat:3, Licht: 1,191889,3,7,1,12,16,3,0,1,0,1,0,0,0,0
"POINT (11.021061593000070 49.453322645000071)",Unfall 191890 (2018) Kat:3, Licht: 2,191890,3,3,5,12,06,5,1,2,1,1,0,0,0,0
"POINT (11.093135223000047 49.431530776000045)",Unfall 192002 (2018) Kat:3, Licht: 0,192002,3,3,5,12,14,5,0,0,0,1,0,0,0,0
"POINT (11.124380350000024 49.442955331000064)",Unfall 192003 (2018) Kat:3, Licht: 2,192003,3,4,6,12,17,5,0,2,0,1,1,0,0,0
"POINT (11.076066596000032 49.456178477000037)",Unfall 192015 (2018) Kat:3, Licht: 2,192015,3,4,6,12,19,4,1,2,0,1,1,0,0,0
"POINT (11.083557297000027 49.447486387000026)",Unfall 192029 (2018) Kat:3, Licht: 2,192029,3,2,5,12,19,3,0,2,0,1,0,0,0,0
"POINT (11.124921670000049 49.409894295000072)",Unfall 192044 (2018) Kat:3, Licht: 1,192044,3,2,4,12,17,2,1,1,0,1,0,0,0,0
"POINT (11.062997599000028 49.426287565000052)",Unfall 192045 (2018) Kat:3, Licht: 0,192045,3,3,5,12,12,2,0,0,1,1,0,0,0,0
"POINT (11.070992005000051 49.456856172000073)",Unfall 192046 (2018) Kat:3, Licht: 0,192046,3,6,6,12,11,2,0,0,1,0,1,0,0,0
"POINT (11.085125944000026 49.440885873000070)",Unfall 192069 (2018) Kat:3, Licht: 1,192069,3,2,6,12,16,1,1,1,0,1,1,0,0,0
"POINT (11.099455694000028 49.443183444000056)",Unfall 192071 (2018) Kat:3, Licht: 2,192071,3,2,5,12,01,1,0,2,0,1,0,0,0,0
"POINT (11.069084804000056 49.449392578000072)",Unfall 192072 (2018) Kat:2, Licht: 1,192072,2,1,0,12,16,2,1,1,1,0,0,0,0,0
"POINT (11.099637208000047 49.443066691000070)",Unfall 192073 (2018) Kat:3, Licht: 2,192073,3,3,5,12,20,1,1,2,0,1,0,0,0,0
"POINT (11.075038666000069 49.445050756000057)",Unfall 192074 (2018) Kat:3, Licht: 0,192074,3,2,5,12,11,2,1,0,0,1,0,0,0,0
"POINT (11.079378341000051 49.432300560000044)",Unfall 192076 (2018) Kat:3, Licht: 2,192076,3,1,0,12,18,2,1,2,1,0,0,0,0,0
"POINT (11.062118618000056 49.444192140000041)",Unfall 192132 (2018) Kat:3, Licht: 2,192132,3,1,8,12,18,7,1,2,0,1,0,0,0,0
"POINT (11.066125893000049 49.458197057000064)",Unfall 192134 (2018) Kat:3, Licht: 0,192134,3,3,0,12,11,7,1,0,0,0,0,0,0,1
"POINT (11.081893708000052 49.440405665000071)",Unfall 192136 (2018) Kat:3, Licht: 2,192136,3,3,5,12,03,7,0,2,0,1,0,0,0,0
"POINT (11.050851779000027 49.437397010000041)",Unfall 192137 (2018) Kat:3, Licht: 2,192137,3,3,5,12,00,7,0,2,0,1,0,0,0,0
"POINT (11.056244032000052 49.459503296000037)",Unfall 192139 (2018) Kat:3, Licht: 0,192139,3,3,5,12,14,7,1,0,0,1,0,0,0,0
"POINT (11.133108927000023 49.456592817000057)",Unfall 192170 (2018) Kat:3, Licht: 0,192170,3,1,0,12,11,6,0,0,0,1,0,0,0,0
"POINT (11.028547838000065 49.469467440000074)",Unfall 192172 (2018) Kat:3, Licht: 2,192172,3,2,5,12,21,6,1,2,0,1,0,0,0,0
"POINT (11.107728494000071 49.451448930000026)",Unfall 192173 (2018) Kat:2, Licht: 0,192173,2,3,5,12,11,6,0,0,0,1,0,0,0,0
"POINT (11.069246999000029 49.452682710000033)",Unfall 192175 (2018) Kat:3, Licht: 0,192175,3,2,3,12,11,6,0,0,0,1,0,0,0,1
"POINT (11.108485894000069 49.509027711000044)",Unfall 50544 (2019) Kat:3, Licht: 2,50544,3,1,8,01,03,4,1,2,0,1,0,0,0,0
"POINT (11.186745767000048 49.391383432000055)",Unfall 51322 (2019) Kat:3, Licht: 0,51322,3,6,4,01,14,4,2,0,0,1,0,0,1,0
"POINT (11.104650315000072 49.425064023000061)",Unfall 51515 (2019) Kat:2, Licht: 2,51515,2,6,2,01,03,3,1,2,0,1,0,0,0,0
"POINT (11.055222504000028 49.444981232000032)",Unfall 51954 (2019) Kat:3, Licht: 0,51954,3,6,2,01,15,1,1,0,0,1,0,0,0,0
"POINT (11.101897478000069 49.470930265000050)",Unfall 51955 (2019) Kat:2, Licht: 1,51955,2,7,5,01,16,1,1,1,0,1,0,1,0,0
"POINT (11.058062232000054 49.485236412000063)",Unfall 52003 (2019) Kat:3, Licht: 2,52003,3,6,2,01,18,7,1,2,0,1,0,0,0,0
"POINT (11.105238994000047 49.461281902000053)",Unfall 52080 (2019) Kat:3, Licht: 1,52080,3,6,2,01,19,6,1,1,0,1,0,0,0,0
"POINT (11.103170057000057 49.431375498000079)",Unfall 52081 (2019) Kat:2, Licht: 2,52081,2,2,4,01,21,6,1,2,0,1,0,0,0,0
"POINT (11.100835511000071 49.377509733000068)",Unfall 52082 (2019) Kat:3, Licht: 2,52082,3,6,2,01,16,6,1,2,0,1,0,0,0,0
"POINT (11.113816080000049 49.409074939000050)",Unfall 52140 (2019) Kat:3, Licht: 0,52140,3,6,2,01,13,5,0,0,0,1,0,0,0,0
"POINT (11.125484932000063 49.466870415000074)",Unfall 52262 (2019) Kat:2, Licht: 0,52262,2,2,6,01,11,4,1,0,0,1,1,0,0,0
"POINT (11.007344670000066 49.523217634000048)",Unfall 52263 (2019) Kat:3, Licht: 0,52263,3,2,4,01,14,4,1,0,0,1,0,0,0,0
"POINT (11.140538617000061 49.462736427000038)",Unfall 52264 (2019) Kat:2, Licht: 2,52264,2,4,6,01,18,4,1,2,0,1,1,0,0,0
"POINT (11.127843415000029 49.393631318000075)",Unfall 52265 (2019) Kat:3, Licht: 2,52265,3,2,5,01,06,4,1,2,0,1,0,0,0,0
"POINT (11.032329516000061 49.386977615000035)",Unfall 52266 (2019) Kat:3, Licht: 0,52266,3,7,0,01,12,4,1,0,1,0,0,0,0,0
"POINT (11.086157617000026 49.399317179000036)",Unfall 52267 (2019) Kat:3, Licht: 2,52267,3,2,6,01,19,4,1,2,0,1,1,0,0,0
"POINT (11.116937083000039 49.392846718000044)",Unfall 52374 (2019) Kat:3, Licht: 2,52374,3,3,5,01,19,3,0,2,0,1,0,0,0,0
"POINT (11.157237056000042 49.413551195000082)",Unfall 52375 (2019) Kat:3, Licht: 2,52375,3,3,5,01,17,3,1,2,0,1,0,0,0,0
"POINT (11.058067288000075 49.443637578000050)",Unfall 52376 (2019) Kat:3, Licht: 0,52376,3,6,2,01,15,3,1,0,0,1,0,0,0,0
"POINT (11.064502430000061 49.427993503000039)",Unfall 52443 (2019) Kat:3, Licht: 0,52443,3,6,2,01,12,5,0,0,0,1,0,0,1,0
"POINT (11.002517754000053 49.438465453000049)",Unfall 52445 (2019) Kat:3, Licht: 0,52445,3,6,2,01,15,5,0,0,0,1,0,0,0,1
"POINT (11.079131248000067 49.414664870000081)",Unfall 52446 (2019) Kat:3, Licht: 0,52446,3,4,6,01,07,5,1,0,0,1,1,0,0,0
"POINT (11.035404587000073 49.402741601000059)",Unfall 52512 (2019) Kat:3, Licht: 0,52512,3,7,0,01,14,2,0,0,0,0,0,0,0,1
"POINT (11.080048896000051 49.389843012000028)",Unfall 52544 (2019) Kat:3, Licht: 0,52544,3,6,2,01,15,2,0,0,0,1,0,0,0,0
"POINT (11.073682026000029 49.362275126000043)",Unfall 52622 (2019) Kat:3, Licht: 0,52622,3,1,4,01,14,6,2,0,0,1,0,0,0,0
"POINT (11.157754512000054 49.466940326000042)",Unfall 52623 (2019) Kat:3, Licht: 1,52623,3,1,8,01,16,6,2,1,0,1,0,0,0,0
"POINT (11.035990091000031 49.440954816000044)",Unfall 52739 (2019) Kat:3, Licht: 2,52739,3,3,5,01,06,3,0,2,0,1,0,0,0,0
"POINT (11.137074615000074 49.461839685000029)",Unfall 52783 (2019) Kat:3, Licht: 0,52783,3,3,5,01,10,7,0,0,0,1,0,0,0,0
"POINT (11.088669563000053 49.429395329000045)",Unfall 52858 (2019) Kat:3, Licht: 0,52858,3,5,5,01,16,6,0,0,1,1,0,0,0,0
"POINT (11.132777499000042 49.460730105000039)",Unfall 52860 (2019) Kat:3, Licht: 0,52860,3,6,2,01,15,6,0,0,0,1,0,0,0,0
"POINT (11.051464100000032 49.463303128000064)",Unfall 52861 (2019) Kat:3, Licht: 2,52861,3,2,5,01,05,6,1,2,0,1,0,0,0,0
"POINT (11.049447473000043 49.430112584000028)",Unfall 52862 (2019) Kat:3, Licht: 2,52862,3,7,0,01,18,6,0,2,0,0,0,0,0,1
"POINT (11.051494385000069 49.463325327000064)",Unfall 52899 (2019) Kat:3, Licht: 0,52899,3,2,5,01,15,1,0,0,0,1,0,0,0,0
"POINT (11.103624840000066 49.474350807000064)",Unfall 52956 (2019) Kat:3, Licht: 0,52956,3,6,2,01,10,5,0,0,0,1,0,0,0,0
"POINT (11.125913789000037 49.458019769000032)",Unfall 52957 (2019) Kat:2, Licht: 0,52957,2,2,5,01,07,5,0,0,1,1,0,0,0,0
"POINT (11.029289923000022 49.378957414000070)",Unfall 52958 (2019) Kat:3, Licht: 0,52958,3,5,5,01,12,5,1,0,1,1,0,0,0,0
"POINT (11.131196065000040 49.459798865000039)",Unfall 53030 (2019) Kat:3, Licht: 0,53030,3,2,5,01,14,4,0,0,1,1,0,0,0,0
"POINT (11.027131044000043 49.455944204000048)",Unfall 53032 (2019) Kat:3, Licht: 2,53032,3,6,2,01,18,4,0,2,0,1,0,0,0,0
"POINT (11.036043234000033 49.446479031000081)",Unfall 53272 (2019) Kat:3, Licht: 2,53272,3,6,2,01,18,4,2,2,0,1,0,0,0,1
"POINT (11.114746013000058 49.403976690000036)",Unfall 53375 (2019) Kat:2, Licht: 0,53375,2,2,5,01,11,3,0,0,1,0,0,0,1,0
"POINT (11.035962845000029 49.457292946000052)",Unfall 53478 (2019) Kat:3, Licht: 2,53478,3,6,2,01,22,2,0,2,0,1,0,0,0,0
"POINT (11.017050392000044 49.463784697000051)",Unfall 53534 (2019) Kat:3, Licht: 0,53534,3,3,5,02,09,7,0,0,0,1,0,0,0,1
"POINT (11.066199840000024 49.355493015000036)",Unfall 53576 (2019) Kat:3, Licht: 0,53576,3,6,2,01,13,5,0,0,0,1,0,0,0,0
"POINT (11.065216291000070 49.428034998000044)",Unfall 53615 (2019) Kat:3, Licht: 1,53615,3,6,3,02,19,7,1,1,0,1,0,0,0,1
"POINT (11.027177620000032 49.460150965000025)",Unfall 53664 (2019) Kat:3, Licht: 0,53664,3,5,3,01,07,3,0,0,0,1,0,0,0,1
"POINT (11.037993136000068 49.434276716000056)",Unfall 53697 (2019) Kat:3, Licht: 2,53697,3,2,5,02,19,6,0,2,0,1,0,0,0,0
"POINT (11.064023709000026 49.425630606000027)",Unfall 53785 (2019) Kat:3, Licht: 2,53785,3,6,2,02,18,7,0,2,0,1,0,0,0,0
"POINT (11.127568833000055 49.458505317000061)",Unfall 53789 (2019) Kat:3, Licht: 0,53789,3,6,2,01,14,2,0,0,0,1,0,0,0,0
"POINT (11.025673338000047 49.375598178000075)",Unfall 53791 (2019) Kat:3, Licht: 2,53791,3,2,6,01,07,2,1,2,0,1,1,0,0,0
"POINT (11.027044245000070 49.441543191000051)",Unfall 53793 (2019) Kat:3, Licht: 2,53793,3,4,6,01,18,2,0,2,0,1,1,0,0,0
"POINT (11.185462070000028 49.392914522000069)",Unfall 53894 (2019) Kat:2, Licht: 2,53894,2,7,9,01,22,1,1,2,0,1,0,0,0,0
"POINT (11.059761238000021 49.442726667000045)",Unfall 53904 (2019) Kat:3, Licht: 0,53904,3,6,3,02,16,7,0,0,0,1,0,0,0,0
"POINT (11.037220411000021 49.399261540000055)",Unfall 54014 (2019) Kat:3, Licht: 0,54014,3,6,0,02,13,2,0,0,0,1,0,0,0,1
"POINT (11.141845654000065 49.472284027000057)",Unfall 54016 (2019) Kat:3, Licht: 0,54016,3,6,2,02,17,2,0,0,0,1,0,0,0,0
"POINT (11.041046832000063 49.374611673000061)",Unfall 54027 (2019) Kat:3, Licht: 2,54027,3,3,5,02,16,5,1,2,0,1,0,0,0,1
"POINT (11.041222813000047 49.455573708000031)",Unfall 54092 (2019) Kat:3, Licht: 0,54092,3,2,5,02,10,5,0,0,0,1,0,0,0,0
"POINT (11.074341688000061 49.400507526000069)",Unfall 54199 (2019) Kat:3, Licht: 0,54199,3,6,2,02,13,6,0,0,0,1,0,0,0,0
"POINT (11.050565731000063 49.361236808000058)",Unfall 54222 (2019) Kat:3, Licht: 0,54222,3,1,8,02,17,1,2,0,0,1,0,0,0,0
"POINT (11.081130602000030 49.430275024000082)",Unfall 54325 (2019) Kat:3, Licht: 0,54325,3,6,3,02,14,5,1,0,0,1,0,0,0,0
"POINT (11.064387361000058 49.473608416000047)",Unfall 54334 (2019) Kat:3, Licht: 2,54334,3,4,6,02,18,4,0,2,0,1,1,0,0,0
"POINT (11.115061786000069 49.403406170000039)",Unfall 54529 (2019) Kat:3, Licht: 0,54529,3,6,2,02,11,7,0,0,0,1,0,0,0,0
"POINT (11.058109413000068 49.442895957000076)",Unfall 54530 (2019) Kat:3, Licht: 1,54530,3,2,5,02,17,7,0,1,1,0,0,0,0,0
"POINT (11.081231438000032 49.469560641000044)",Unfall 54676 (2019) Kat:2, Licht: 2,54676,2,2,6,02,06,2,1,2,0,1,1,0,0,0
"POINT (11.036931616000061 49.422287891000053)",Unfall 54678 (2019) Kat:3, Licht: 0,54678,3,6,2,02,08,2,1,0,0,1,0,0,0,0
"POINT (11.157407974000023 49.466631174000042)",Unfall 54685 (2019) Kat:3, Licht: 0,54685,3,6,4,02,12,6,0,0,0,1,0,0,0,0
"POINT (11.077281964000065 49.469593739000061)",Unfall 54686 (2019) Kat:3, Licht: 0,54686,3,1,9,02,13,6,0,0,0,1,0,0,0,0
"POINT (11.023665708000067 49.461319015000072)",Unfall 54829 (2019) Kat:3, Licht: 2,54829,3,3,5,02,20,1,1,2,0,1,0,0,0,0
"POINT (11.068042343000059 49.337916369000027)",Unfall 54832 (2019) Kat:3, Licht: 2,54832,3,6,2,02,18,5,0,2,0,1,0,0,0,0
"POINT (11.133944874000065 49.461348687000054)",Unfall 54853 (2019) Kat:3, Licht: 0,54853,3,2,4,02,11,5,0,0,0,1,0,0,0,0
"POINT (11.062982354000042 49.434917620000078)",Unfall 54855 (2019) Kat:2, Licht: 2,54855,2,7,1,02,18,5,0,2,0,1,0,0,0,0
"POINT (11.088561005000031 49.470201337000049)",Unfall 54955 (2019) Kat:3, Licht: 0,54955,3,2,5,02,12,5,0,0,0,1,0,0,0,0
"POINT (11.123415429000033 49.487298911000039)",Unfall 54957 (2019) Kat:3, Licht: 0,54957,3,2,5,02,08,5,0,0,0,1,0,0,0,0
"POINT (11.071092027000077 49.469612129000041)",Unfall 54960 (2019) Kat:3, Licht: 1,54960,3,6,2,02,06,5,0,1,0,1,0,0,1,0
"POINT (11.103218945000037 49.472844923000082)",Unfall 54992 (2019) Kat:3, Licht: 2,54992,3,2,6,02,21,3,0,2,0,1,1,0,0,0
"POINT (11.062751080000055 49.440644298000052)",Unfall 55119 (2019) Kat:3, Licht: 0,55119,3,6,2,02,09,4,0,0,0,1,0,0,0,0
"POINT (11.131870801000048 49.470284086000049)",Unfall 55204 (2019) Kat:3, Licht: 0,55204,3,6,3,02,13,1,0,0,0,1,0,0,0,0
"POINT (11.055172407000043 49.445001562000073)",Unfall 55205 (2019) Kat:3, Licht: 0,55205,3,6,2,02,13,1,0,0,0,1,0,0,0,0
"POINT (11.033861564000063 49.513845022000055)",Unfall 55235 (2019) Kat:3, Licht: 0,55235,3,3,5,02,15,3,0,0,0,1,0,0,0,0
"POINT (11.121365576000073 49.452709962000029)",Unfall 55237 (2019) Kat:3, Licht: 0,55237,3,2,5,02,07,3,0,0,1,1,0,0,0,0
"POINT (11.040330411000070 49.456006352000031)",Unfall 55377 (2019) Kat:3, Licht: 0,55377,3,3,5,02,11,6,0,0,0,0,0,1,0,0
"POINT (11.037331871000049 49.456848283000056)",Unfall 55378 (2019) Kat:3, Licht: 0,55378,3,6,2,02,10,6,0,0,0,1,0,0,0,0
"POINT (11.118404104000035 49.464377115000048)",Unfall 55397 (2019) Kat:3, Licht: 2,55397,3,4,6,02,18,2,0,2,0,1,1,0,0,0
"POINT (11.127830721000066 49.393637860000069)",Unfall 55524 (2019) Kat:2, Licht: 2,55524,2,2,4,03,19,7,1,2,0,1,0,0,0,0
"POINT (11.113079111000047 49.434597028000042)",Unfall 55566 (2019) Kat:2, Licht: 2,55566,2,3,5,03,18,7,0,2,1,0,0,0,0,1
"POINT (11.066447288000063 49.355679936000058)",Unfall 55617 (2019) Kat:3, Licht: 0,55617,3,2,5,03,16,6,1,0,0,1,0,0,0,0
"POINT (11.038181519000034 49.434228338000025)",Unfall 55619 (2019) Kat:3, Licht: 1,55619,3,2,5,03,17,6,1,1,1,1,0,0,0,0
"POINT (11.129969437000057 49.459191224000051)",Unfall 55621 (2019) Kat:3, Licht: 2,55621,3,2,3,03,18,6,1,2,1,0,0,0,0,1
"POINT (11.116457776000061 49.391976730000067)",Unfall 55701 (2019) Kat:3, Licht: 0,55701,3,6,2,03,09,6,1,0,0,1,0,0,1,0
"POINT (11.122178243000064 49.446765940000034)",Unfall 55714 (2019) Kat:3, Licht: 2,55714,3,6,3,03,06,5,0,2,0,1,0,0,0,0
"POINT (11.062893163000069 49.439368695000041)",Unfall 55840 (2019) Kat:3, Licht: 2,55840,3,6,2,03,20,4,0,2,0,1,0,0,0,0
"POINT (11.041152305000026 49.455737288000080)",Unfall 55841 (2019) Kat:3, Licht: 1,55841,3,2,4,03,18,4,0,1,0,1,0,0,0,0
"POINT (11.104373122000027 49.475969660000032)",Unfall 55843 (2019) Kat:3, Licht: 0,55843,3,6,2,03,17,4,0,0,0,1,0,0,0,0
"POINT (11.085578480000038 49.469461575000025)",Unfall 55845 (2019) Kat:3, Licht: 0,55845,3,6,2,03,14,4,0,0,0,1,0,0,0,0
"POINT (11.035794996000050 49.440988553000068)",Unfall 55885 (2019) Kat:3, Licht: 0,55885,3,6,2,02,17,5,0,0,0,1,0,0,0,0
"POINT (11.035905008000043 49.452138425000044)",Unfall 55887 (2019) Kat:3, Licht: 0,55887,3,6,2,02,15,5,0,0,0,1,0,0,0,0
"POINT (11.079321249000031 49.414445377000050)",Unfall 55892 (2019) Kat:3, Licht: 0,55892,3,3,5,02,17,5,0,0,1,1,0,0,0,0
"POINT (11.056301576000067 49.351541669000028)",Unfall 55895 (2019) Kat:3, Licht: 0,55895,3,3,5,02,14,5,0,0,0,1,0,0,0,1
"POINT (11.184236324000040 49.409290566000038)",Unfall 56033 (2019) Kat:3, Licht: 2,56033,3,7,7,03,18,2,1,2,0,1,0,0,0,0
"POINT (11.104365918000042 49.462330701000042)",Unfall 56036 (2019) Kat:3, Licht: 0,56036,3,6,2,03,11,2,0,0,0,1,0,0,0,0
"POINT (11.111483299000042 49.394035340000073)",Unfall 56054 (2019) Kat:3, Licht: 0,56054,3,6,2,02,07,4,0,0,0,1,0,0,0,0
"POINT (11.037754492000033 49.423034357000063)",Unfall 56064 (2019) Kat:2, Licht: 2,56064,2,3,5,02,18,4,0,2,0,1,0,0,0,0
"POINT (11.122478011000055 49.435886647000075)",Unfall 56090 (2019) Kat:3, Licht: 2,56090,3,6,2,03,19,5,1,2,0,1,0,0,0,1
"POINT (11.105206477000024 49.422487935000049)",Unfall 56091 (2019) Kat:3, Licht: 1,56091,3,6,2,03,16,5,1,1,0,1,0,0,0,0
"POINT (11.099201568000069 49.468214059000047)",Unfall 56092 (2019) Kat:3, Licht: 0,56092,3,4,6,03,10,5,1,0,1,0,1,0,0,0
"POINT (11.040241898000033 49.454306947000077)",Unfall 56093 (2019) Kat:3, Licht: 0,56093,3,2,5,03,13,5,1,0,1,1,0,0,0,0
"POINT (11.124134641000069 49.435158157000046)",Unfall 56150 (2019) Kat:3, Licht: 0,56150,3,6,2,03,13,4,0,0,0,1,0,0,0,0
"POINT (11.038182711000047 49.395372220000070)",Unfall 56151 (2019) Kat:3, Licht: 0,56151,3,3,5,03,15,4,0,0,0,1,0,0,0,0
"POINT (11.091076965000070 49.429892269000050)",Unfall 56152 (2019) Kat:3, Licht: 0,56152,3,4,3,03,14,4,0,0,1,0,1,0,0,0
"POINT (11.072204403000057 49.343355813000073)",Unfall 56225 (2019) Kat:3, Licht: 1,56225,3,3,5,03,17,3,0,1,0,1,0,0,0,0
"POINT (11.080542272000059 49.395898601000056)",Unfall 56302 (2019) Kat:3, Licht: 0,56302,3,6,3,03,11,2,1,0,0,1,0,0,1,0
"POINT (11.122175430000027 49.446236120000037)",Unfall 56311 (2019) Kat:3, Licht: 0,56311,3,6,3,03,13,2,1,0,0,1,0,0,1,0
"POINT (11.084963690000052 49.395454846000064)",Unfall 56373 (2019) Kat:3, Licht: 0,56373,3,3,5,03,16,3,0,0,0,1,0,0,0,1
"POINT (11.167757008000024 49.403841103000047)",Unfall 56413 (2019) Kat:3, Licht: 0,56413,3,3,5,03,16,2,0,0,0,1,0,0,0,0
"POINT (11.159928479000030 49.420861825000031)",Unfall 56415 (2019) Kat:3, Licht: 0,56415,3,6,2,03,18,2,0,0,0,1,0,0,0,0
"POINT (11.131947673000070 49.460235427000043)",Unfall 56416 (2019) Kat:3, Licht: 0,56416,3,5,1,03,09,2,0,0,0,1,0,0,0,1
"POINT (11.036748203000059 49.438614381000036)",Unfall 56488 (2019) Kat:3, Licht: 0,56488,3,6,2,03,08,3,0,0,0,1,0,0,0,0
"POINT (11.105970036000031 49.460654544000079)",Unfall 56544 (2019) Kat:3, Licht: 0,56544,3,7,3,03,11,3,0,0,1,0,0,0,1,0
"POINT (10.993270025000072 49.436938197000075)",Unfall 56568 (2019) Kat:3, Licht: 0,56568,3,6,1,03,10,7,1,0,0,1,0,0,0,0
"POINT (11.054811533000077 49.444559743000070)",Unfall 56608 (2019) Kat:3, Licht: 0,56608,3,2,6,03,17,3,0,0,0,1,1,0,0,0
"POINT (11.012559329000055 49.465429862000065)",Unfall 56678 (2019) Kat:2, Licht: 0,56678,2,3,4,03,14,7,0,0,0,0,0,1,0,1
"POINT (11.091199528000061 49.394442000000026)",Unfall 56700 (2019) Kat:3, Licht: 0,56700,3,6,2,03,12,6,0,0,0,1,0,0,1,0