WKT,Name,OBJECTID,UKATEGORIE,UTYP1,UART,UMONAT,USTUNDE,UWOCHENTAG,STRZUSTAND,ULICHTVERH,ISTRAD,ISTPKW,ISTFUSS,ISTKRAD,ISTGKFZ,ISTSONSTIG
"POINT (11.035253037000075 49.407024913000043)",Unfall 63896 (2019) Kat:2, Licht: 0,63896,2,5,1,06,09,3,0,0,0,1,0,1,0,0
"POINT (11.104886625000063 49.424218764000045)",Unfall 63897 (2019) Kat:3, Licht: 0,63897,3,7,0,06,09,3,0,0,0,0,0,1,0,0
"POINT (11.118388265000021 49.390395389000048)",Unfall 64024 (2019) Kat:3, Licht: 0,64024,3,6,3,06,17,2,0,0,0,1,0,0,1,0
"POINT (11.122478670000021 49.447973953000030)",Unfall 64031 (2019) Kat:3, Licht: 0,64031,3,6,2,06,18,2,0,0,0,1,0,0,0,0
"POINT (11.036339475000034 49.439180035000049)",Unfall 64032 (2019) Kat:3, Licht: 0,64032,3,2,5,06,16,2,0,0,1,1,0,0,0,0
"POINT (11.057972361000054 49.429041377000033)",Unfall 64033 (2019) Kat:3, Licht: 0,64033,3,6,0,06,16,2,0,0,0,0,0,1,0,0
"POINT (11.035767557000042 49.452192832000037)",Unfall 64142 (2019) Kat:3, Licht: 0,64142,3,6,2,06,18,1,0,0,0,1,0,0,0,0
"POINT (11.083010650000062 49.410636668000052)",Unfall 64143 (2019) Kat:3, Licht: 0,64143,3,5,3,06,10,1,0,0,1,1,0,0,0,0
"POINT (11.113656594000076 49.459579804000043)",Unfall 64193 (2019) Kat:3, Licht: 0,64193,3,6,2,06,07,6,0,0,0,1,0,0,0,0
"POINT (11.073303266000039 49.402614001000074)",Unfall 64277 (2019) Kat:3, Licht: 0,64277,3,1,0,06,14,5,0,0,0,0,0,1,0,0
"POINT (11.035071566000056 49.409157010000058)",Unfall 64286 (2019) Kat:3, Licht: 0,64286,3,3,6,06,15,5,0,0,0,1,1,0,0,0
"POINT (11.158482029000027 49.419131654000068)",Unfall 64288 (2019) Kat:2, Licht: 0,64288,2,7,8,06,15,5,0,0,0,0,0,0,0,1
"POINT (11.041004202000067 49.430132851000053)",Unfall 64289 (2019) Kat:3, Licht: 0,64289,3,6,3,06,10,5,0,0,0,1,0,0,0,0
"POINT (11.130214536000040 49.432905975000040)",Unfall 64290 (2019) Kat:2, Licht: 0,64290,2,3,5,06,10,5,0,0,1,1,0,0,0,0
"POINT (11.074473786000055 49.430151914000078)",Unfall 64292 (2019) Kat:3, Licht: 2,64292,3,1,9,06,21,5,0,2,0,0,0,1,0,0
"POINT (11.035783284000047 49.441159692000042)",Unfall 64305 (2019) Kat:3, Licht: 0,64305,3,6,2,06,15,6,0,0,0,1,0,0,0,0
"POINT (11.035771055000055 49.441338381000037)",Unfall 64438 (2019) Kat:3, Licht: 0,64438,3,7,0,06,11,6,0,0,0,1,0,0,1,0
"POINT (11.144500001000040 49.463525762000074)",Unfall 64440 (2019) Kat:3, Licht: 0,64440,3,2,5,06,08,4,0,0,0,1,0,1,0,0
"POINT (11.035046474000069 49.404880832000060)",Unfall 64442 (2019) Kat:3, Licht: 0,64442,3,3,5,06,14,4,0,0,1,1,0,0,0,0
"POINT (11.041119175000063 49.455724246000045)",Unfall 64535 (2019) Kat:3, Licht: 2,64535,3,2,5,06,04,7,0,2,0,1,0,0,0,0
"POINT (11.066610725000032 49.355808537000030)",Unfall 64542 (2019) Kat:3, Licht: 0,64542,3,6,2,07,10,2,0,0,0,1,0,0,0,0
"POINT (11.165195848000053 49.469003750000070)",Unfall 64655 (2019) Kat:3, Licht: 0,64655,3,6,2,06,11,7,0,0,0,1,0,0,0,1
"POINT (11.088859987000035 49.394427915000051)",Unfall 64719 (2019) Kat:3, Licht: 0,64719,3,6,2,06,20,1,0,0,0,1,0,0,0,0
"POINT (11.176068466000061 49.399277022000035)",Unfall 64721 (2019) Kat:3, Licht: 0,64721,3,3,5,07,12,2,0,0,0,1,0,0,1,0
"POINT (11.016913712000076 49.464381328000059)",Unfall 64737 (2019) Kat:3, Licht: 0,64737,3,6,3,06,09,7,0,0,0,1,0,1,0,0
"POINT (11.086324893000040 49.429301047000081)",Unfall 64847 (2019) Kat:3, Licht: 0,64847,3,6,2,06,19,1,0,0,1,1,0,0,0,0
"POINT (11.037939137000023 49.423270916000035)",Unfall 64972 (2019) Kat:3, Licht: 0,64972,3,3,5,07,11,5,0,0,1,1,0,0,0,0
"POINT (11.043763969000054 49.387145687000043)",Unfall 64973 (2019) Kat:3, Licht: 0,64973,3,1,8,07,15,5,0,0,0,0,0,1,0,0
"POINT (11.040046589000042 49.454335287000049)",Unfall 64974 (2019) Kat:3, Licht: 0,64974,3,1,0,07,13,5,0,0,0,0,0,1,0,0
"POINT (11.071090931000072 49.469612148000067)",Unfall 65096 (2019) Kat:3, Licht: 0,65096,3,1,0,07,09,4,0,0,0,1,0,1,0,0
"POINT (11.117814635000059 49.402209676000041)",Unfall 65098 (2019) Kat:3, Licht: 0,65098,3,3,5,07,14,4,0,0,1,1,0,0,0,0
"POINT (11.163563985000053 49.406926325000029)",Unfall 65100 (2019) Kat:3, Licht: 0,65100,3,3,5,07,13,4,0,0,1,1,0,0,0,0
"POINT (11.108835787000032 49.433222064000063)",Unfall 65102 (2019) Kat:3, Licht: 0,65102,3,6,3,07,17,4,0,0,1,0,0,0,0,0
"POINT (11.060276850000037 49.410395998000070)",Unfall 65250 (2019) Kat:3, Licht: 0,65250,3,7,8,07,12,6,0,0,0,0,0,0,1,0
"POINT (11.071576947000040 49.407164291000072)",Unfall 65284 (2019) Kat:3, Licht: 0,65284,3,6,9,07,17,3,0,0,0,1,0,0,1,0
"POINT (11.159345249000069 49.421065268000063)",Unfall 65342 (2019) Kat:3, Licht: 0,65342,3,1,0,07,06,3,0,0,0,0,0,1,0,0
"POINT (11.036331189000066 49.439191391000065)",Unfall 65343 (2019) Kat:3, Licht: 0,65343,3,3,5,07,08,3,0,0,1,1,0,0,0,0
"POINT (11.047316477000038 49.404489731000069)",Unfall 65542 (2019) Kat:2, Licht: 0,65542,2,7,0,07,14,1,0,0,0,0,0,1,0,0
"POINT (11.175277073000075 49.413663912000061)",Unfall 65582 (2019) Kat:3, Licht: 0,65582,3,2,5,07,08,4,0,0,1,1,0,0,0,0
"POINT (11.103357148000043 49.473387385000080)",Unfall 65584 (2019) Kat:3, Licht: 0,65584,3,7,3,07,14,4,0,0,0,1,0,1,0,0
"POINT (11.041222813000047 49.455573708000031)",Unfall 65756 (2019) Kat:3, Licht: 2,65756,3,2,5,07,00,7,1,2,0,1,0,0,0,0
"POINT (11.065394140000024 49.426769504000049)",Unfall 65934 (2019) Kat:2, Licht: 0,65934,2,3,5,07,14,2,0,0,1,0,0,0,0,1
"POINT (11.049234702000035 49.364210784000079)",Unfall 65937 (2019) Kat:3, Licht: 0,65937,3,6,2,07,15,6,0,0,0,1,0,0,0,0
"POINT (11.033021996000059 49.420611681000025)",Unfall 65938 (2019) Kat:3, Licht: 0,65938,3,6,2,07,07,6,0,0,0,1,0,0,0,0
"POINT (11.053813967000053 49.429757022000047)",Unfall 65939 (2019) Kat:3, Licht: 0,65939,3,6,0,07,14,6,0,0,0,1,0,0,0,1
"POINT (11.035043955000049 49.404719465000028)",Unfall 65940 (2019) Kat:3, Licht: 0,65940,3,6,2,07,13,6,0,0,0,1,0,0,0,0
"POINT (11.052987023000071 49.429883168000060)",Unfall 65941 (2019) Kat:3, Licht: 0,65941,3,6,2,07,15,6,0,0,0,1,0,0,1,0
"POINT (11.083839671000021 49.394461755000066)",Unfall 65949 (2019) Kat:3, Licht: 0,65949,3,3,5,07,12,2,0,0,0,1,0,0,0,0
"POINT (11.082690422000042 49.392511122000030)",Unfall 66131 (2019) Kat:3, Licht: 0,66131,3,6,2,07,15,5,1,0,0,1,0,0,0,0
"POINT (11.062989526000024 49.440724299000067)",Unfall 66153 (2019) Kat:3, Licht: 0,66153,3,3,5,07,14,1,0,0,0,1,0,0,0,0
"POINT (11.032788730000050 49.522968576000039)",Unfall 66156 (2019) Kat:3, Licht: 0,66156,3,6,2,07,16,1,0,0,0,1,0,0,0,0
"POINT (11.068024683000033 49.469316088000028)",Unfall 66218 (2019) Kat:2, Licht: 0,66218,2,3,6,07,16,1,0,0,0,0,1,0,0,1
"POINT (11.114775944000030 49.403835322000077)",Unfall 66344 (2019) Kat:3, Licht: 2,66344,3,2,4,07,23,7,0,2,0,1,0,0,0,0
"POINT (11.079120051000075 49.414825736000068)",Unfall 66346 (2019) Kat:3, Licht: 0,66346,3,2,5,07,10,7,0,0,0,1,0,0,0,1
"POINT (11.060316131000036 49.442439196000066)",Unfall 66348 (2019) Kat:3, Licht: 0,66348,3,6,2,07,17,7,0,0,0,1,0,0,0,0
"POINT (11.056289443000026 49.351555160000032)",Unfall 66548 (2019) Kat:3, Licht: 2,66548,3,3,0,07,04,6,0,2,0,1,0,0,0,1
"POINT (11.035045210000021 49.404811106000068)",Unfall 66550 (2019) Kat:3, Licht: 0,66550,3,6,2,07,14,6,0,0,0,1,0,0,0,0
"POINT (11.086796457000048 49.403111347000049)",Unfall 66552 (2019) Kat:3, Licht: 0,66552,3,3,6,07,07,6,0,0,1,0,1,0,0,0
"POINT (11.036189937000074 49.457360387000051)",Unfall 66705 (2019) Kat:2, Licht: 0,66705,2,7,0,07,09,3,0,0,0,0,1,0,0,1
"POINT (11.094501903000037 49.470234505000064)",Unfall 66707 (2019) Kat:3, Licht: 0,66707,3,6,0,07,15,3,0,0,0,1,0,1,0,0
"POINT (11.027800949000039 49.459948131000033)",Unfall 66709 (2019) Kat:2, Licht: 0,66709,2,3,5,07,07,3,0,0,1,1,0,0,0,0
"POINT (11.038133792000053 49.451899642000058)",Unfall 66742 (2019) Kat:3, Licht: 0,66742,3,6,2,07,16,5,0,0,0,1,0,0,1,0
"POINT (11.035260067000024 49.403178177000029)",Unfall 66754 (2019) Kat:3, Licht: 0,66754,3,3,5,07,12,5,0,0,0,1,0,0,0,0
"POINT (11.080975519000049 49.395575816000076)",Unfall 66768 (2019) Kat:3, Licht: 0,66768,3,6,2,07,18,4,0,0,0,1,0,1,0,0
"POINT (11.118496844000049 49.455779617000076)",Unfall 66780 (2019) Kat:2, Licht: 0,66780,2,3,5,07,07,4,0,0,0,0,0,0,0,1
"POINT (11.049837664000052 49.430107465000049)",Unfall 66781 (2019) Kat:3, Licht: 0,66781,3,7,8,07,10,4,0,0,0,1,0,0,0,0
"POINT (11.113944095000022 49.459488472000032)",Unfall 66783 (2019) Kat:3, Licht: 0,66783,3,6,2,07,12,4,0,0,0,1,0,1,0,0
"POINT (11.107877503000054 49.417949957000076)",Unfall 66839 (2019) Kat:3, Licht: 0,66839,3,6,2,07,10,5,0,0,0,1,0,0,0,0
"POINT (11.118017368000039 49.437895275000074)",Unfall 66988 (2019) Kat:3, Licht: 0,66988,3,6,2,07,10,3,0,0,0,1,0,0,0,0
"POINT (11.015328183000065 49.421957344000077)",Unfall 66990 (2019) Kat:3, Licht: 0,66990,3,6,2,07,14,3,0,0,0,1,0,0,0,0
"POINT (11.051707824000061 49.358691456000031)",Unfall 66992 (2019) Kat:2, Licht: 0,66992,2,3,5,07,17,3,0,0,0,1,0,0,0,0
"POINT (11.103593477000061 49.463335126000061)",Unfall 66994 (2019) Kat:3, Licht: 0,66994,3,2,3,07,16,3,0,0,1,1,0,0,0,0
"POINT (11.040343707000034 49.375820574000045)",Unfall 66995 (2019) Kat:3, Licht: 0,66995,3,2,4,07,10,3,0,0,0,1,0,0,0,0
"POINT (11.112909151000053 49.434687535000080)",Unfall 67094 (2019) Kat:3, Licht: 0,67094,3,1,0,07,16,6,0,0,1,0,0,0,0,0
"POINT (11.035160401000041 49.406666122000047)",Unfall 67097 (2019) Kat:3, Licht: 0,67097,3,3,5,07,13,5,0,0,1,1,0,0,0,0
"POINT (11.043865930000038 49.428899150000063)",Unfall 67098 (2019) Kat:3, Licht: 0,67098,3,7,4,07,14,6,0,0,0,1,0,0,0,0
"POINT (11.026134269000067 49.373936915000058)",Unfall 67100 (2019) Kat:3, Licht: 0,67100,3,1,2,07,07,6,0,0,0,1,0,0,0,1
"POINT (11.105214176000061 49.423266918000081)",Unfall 67191 (2019) Kat:3, Licht: 0,67191,3,2,5,07,16,2,0,0,1,1,0,0,0,0
"POINT (11.122492739000052 49.448103333000063)",Unfall 67192 (2019) Kat:3, Licht: 0,67192,3,3,5,07,06,2,0,0,1,1,0,0,0,0
"POINT (11.111544403000039 49.434130139000047)",Unfall 67195 (2019) Kat:3, Licht: 0,67195,3,6,2,07,15,2,0,0,0,1,0,0,0,0
"POINT (11.071109716000024 49.469488533000060)",Unfall 67198 (2019) Kat:3, Licht: 0,67198,3,2,5,07,18,2,0,0,1,1,0,0,0,0
"POINT (11.033524267000075 49.514525304000074)",Unfall 67201 (2019) Kat:3, Licht: 0,67201,3,7,0,07,16,2,0,0,1,0,1,0,0,0
"POINT (11.073514169000077 49.385379317000059)",Unfall 67204 (2019) Kat:3, Licht: 2,67204,3,6,3,07,23,2,0,2,0,1,0,0,1,0
"POINT (11.056018263000055 49.466075448000026)",Unfall 67376 (2019) Kat:3, Licht: 0,67376,3,3,5,07,11,7,0,0,0,1,0,1,0,0
"POINT (11.164680890000056 49.390738209000062)",Unfall 67438 (2019) Kat:1, Licht: 2,67438,1,6,2,07,04,2,0,2,0,1,0,0,1,0
"POINT (11.012446291000060 49.465326812000058)",Unfall 67441 (2019) Kat:3, Licht: 0,67441,3,6,2,07,19,2,0,0,0,1,0,0,0,0
"POINT (11.193038085000069 49.420322938000027)",Unfall 67442 (2019) Kat:3, Licht: 0,67442,3,1,0,07,16,2,0,0,1,0,0,0,0,0
"POINT (11.094394747000024 49.370101369000054)",Unfall 67605 (2019) Kat:3, Licht: 0,67605,3,4,6,07,06,3,0,0,0,1,1,0,0,0
"POINT (11.054623955000068 49.465761939000060)",Unfall 67615 (2019) Kat:3, Licht: 0,67615,3,2,3,07,12,7,0,0,1,1,0,0,0,0
"POINT (11.040694163000069 49.454891015000044)",Unfall 67685 (2019) Kat:3, Licht: 0,67685,3,6,0,08,09,5,0,0,1,1,0,0,0,0
"POINT (11.106228950000059 49.477551598000048)",Unfall 67789 (2019) Kat:3, Licht: 0,67789,3,6,2,07,13,4,1,0,0,1,0,0,0,1
"POINT (11.039662114000066 49.425383382000064)",Unfall 67791 (2019) Kat:3, Licht: 0,67791,3,1,0,07,18,4,0,0,1,0,0,0,0,0
"POINT (11.085782999000060 49.397335955000074)",Unfall 67864 (2019) Kat:3, Licht: 2,67864,3,1,0,08,21,6,0,2,1,0,0,0,0,0
"POINT (11.058967905000031 49.443135682000047)",Unfall 67866 (2019) Kat:2, Licht: 2,67866,2,1,0,08,01,6,0,2,1,0,0,0,0,0
"POINT (11.104262556000037 49.462458283000046)",Unfall 67918 (2019) Kat:3, Licht: 0,67918,3,6,2,08,12,1,0,0,0,1,0,0,0,0
"POINT (11.017050392000044 49.463784697000051)",Unfall 67919 (2019) Kat:3, Licht: 0,67919,3,3,5,08,18,1,0,0,0,1,0,0,0,0
"POINT (11.039982443000042 49.376580775000036)",Unfall 67972 (2019) Kat:3, Licht: 0,67972,3,3,5,08,07,7,0,0,0,1,0,0,0,0
"POINT (11.185463711000068 49.392910816000040)",Unfall 67985 (2019) Kat:2, Licht: 0,67985,2,6,5,08,07,3,0,0,1,0,0,0,0,0
"POINT (11.105874504000042 49.477411085000028)",Unfall 67987 (2019) Kat:3, Licht: 0,67987,3,3,5,08,18,3,0,0,1,1,0,0,0,0
"POINT (11.099783548000062 49.468828250000058)",Unfall 68071 (2019) Kat:3, Licht: 1,68071,3,6,2,08,20,7,0,1,0,1,0,0,0,0
"POINT (11.104228558000045 49.352465129000052)",Unfall 68095 (2019) Kat:3, Licht: 1,68095,3,7,9,08,05,2,0,1,0,1,0,0,0,0
"POINT (11.051520823000033 49.407165023000061)",Unfall 68099 (2019) Kat:3, Licht: 0,68099,3,3,5,08,14,2,0,0,1,1,0,0,0,0
"POINT (11.102428661000033 49.431310038000049)",Unfall 68100 (2019) Kat:3, Licht: 0,68100,3,6,2,08,11,7,1,0,0,1,0,0,0,0
"POINT (11.121416609000050 49.485229447000052)",Unfall 68334 (2019) Kat:3, Licht: 0,68334,3,6,2,08,16,5,0,0,0,1,0,0,0,0
"POINT (11.137313444000029 49.461888292000026)",Unfall 68335 (2019) Kat:3, Licht: 1,68335,3,7,0,08,04,5,0,1,1,0,0,0,0,0
"POINT (11.083245078000061 49.429924982000045)",Unfall 68474 (2019) Kat:3, Licht: 0,68474,3,1,0,08,14,4,1,0,0,0,0,1,0,0
"POINT (11.031320689000040 49.441425568000057)",Unfall 68476 (2019) Kat:3, Licht: 0,68476,3,3,5,08,12,4,1,0,0,1,0,0,0,0
"POINT (10.994065201000069 49.437420108000026)",Unfall 68477 (2019) Kat:3, Licht: 0,68477,3,7,4,08,15,4,1,0,0,1,0,0,0,0
"POINT (11.041290026000070 49.455809768000051)",Unfall 68479 (2019) Kat:2, Licht: 2,68479,2,3,5,08,05,4,1,2,1,1,0,0,0,0
"POINT (11.102556289000063 49.471837315000073)",Unfall 68651 (2019) Kat:2, Licht: 0,68651,2,3,5,08,14,1,0,0,1,1,0,0,0,0
"POINT (11.054491840000026 49.354233259000068)",Unfall 68653 (2019) Kat:3, Licht: 0,68653,3,1,0,08,19,1,1,0,1,0,0,0,0,0
"POINT (11.035991406000051 49.440935981000052)",Unfall 68896 (2019) Kat:3, Licht: 0,68896,3,7,6,08,18,2,0,0,0,1,1,0,0,0
"POINT (11.064646508000067 49.473458989000051)",Unfall 68929 (2019) Kat:3, Licht: 0,68929,3,6,2,08,11,5,1,0,0,1,0,0,0,0
"POINT (11.040802675000066 49.455310445000066)",Unfall 68940 (2019) Kat:3, Licht: 0,68940,3,6,2,08,12,5,1,0,0,1,0,0,1,0
"POINT (11.034028244000069 49.453225771000064)",Unfall 68952 (2019) Kat:3, Licht: 0,68952,3,6,2,08,16,5,0,0,0,1,0,0,0,0
"POINT (11.143000915000073 49.463242425000033)",Unfall 68970 (2019) Kat:2, Licht: 0,68970,2,7,0,08,12,7,1,0,0,1,0,1,0,0
"POINT (11.114053041000034 49.459596213000054)",Unfall 69050 (2019) Kat:3, Licht: 0,69050,3,2,5,08,06,2,0,0,1,1,0,0,0,0
"POINT (11.125242647000050 49.434696233000068)",Unfall 69095 (2019) Kat:3, Licht: 2,69095,3,6,2,08,21,1,1,2,0,1,0,0,0,0
"POINT (11.034353224000029 49.410581294000053)",Unfall 69153 (2019) Kat:3, Licht: 0,69153,3,7,9,08,16,1,0,0,0,1,0,0,0,0
"POINT (11.103487710000024 49.429174667000041)",Unfall 69171 (2019) Kat:3, Licht: 0,69171,3,2,5,08,12,2,0,0,1,1,0,0,0,0
"POINT (11.121968168000024 49.456899207000049)",Unfall 69312 (2019) Kat:3, Licht: 0,69312,3,6,2,08,16,3,1,0,0,1,0,0,0,0
"POINT (11.152888913000027 49.416194689000065)",Unfall 69360 (2019) Kat:3, Licht: 0,69360,3,2,2,08,19,7,1,0,0,1,0,0,0,0
"POINT (11.102185552000037 49.471209705000035)",Unfall 69363 (2019) Kat:3, Licht: 0,69363,3,6,2,08,17,1,0,0,0,1,0,0,0,0
"POINT (11.043128451000030 49.370982479000077)",Unfall 69552 (2019) Kat:3, Licht: 0,69552,3,7,6,08,16,3,0,0,0,1,1,0,0,0
"POINT (11.044656427000064 49.429863269000066)",Unfall 69553 (2019) Kat:3, Licht: 1,69553,3,3,5,08,20,3,0,1,1,1,0,0,0,0
"POINT (11.099688406000041 49.431219717000033)",Unfall 69682 (2019) Kat:3, Licht: 0,69682,3,6,2,08,13,6,0,0,0,1,0,0,0,0
"POINT (11.031597639000040 49.526294509000081)",Unfall 69838 (2019) Kat:2, Licht: 0,69838,2,7,0,08,17,5,0,0,1,0,0,0,0,1
"POINT (11.163582379000047 49.406897436000065)",Unfall 69840 (2019) Kat:3, Licht: 0,69840,3,3,5,08,09,5,0,0,0,1,0,0,0,0
"POINT (11.166915862000053 49.469012609000060)",Unfall 69897 (2019) Kat:3, Licht: 0,69897,3,6,2,08,18,1,0,0,0,1,0,0,0,0
"POINT (10.996730892000073 49.435431831000074)",Unfall 70012 (2019) Kat:2, Licht: 0,70012,2,7,1,09,10,2,0,0,0,1,0,0,0,0
"POINT (11.061652065000033 49.478493896000032)",Unfall 70013 (2019) Kat:3, Licht: 0,70013,3,6,3,09,12,2,0,0,1,1,0,0,0,0
"POINT (11.185463711000068 49.392910816000040)",Unfall 70016 (2019) Kat:2, Licht: 0,70016,2,1,8,09,18,2,0,0,0,0,0,1,0,0
"POINT (11.065438905000065 49.427896180000062)",Unfall 70018 (2019) Kat:3, Licht: 2,70018,3,2,5,09,05,2,0,2,1,1,0,0,0,0
"POINT (11.038470007000058 49.435858509000070)",Unfall 70038 (2019) Kat:3, Licht: 0,70038,3,3,5,08,14,6,0,0,0,1,0,1,0,0
"POINT (11.005831919000059 49.428545913000050)",Unfall 70321 (2019) Kat:2, Licht: 0,70321,2,1,0,08,18,4,0,0,1,0,0,0,0,0
"POINT (11.108175044000063 49.432993326000030)",Unfall 70322 (2019) Kat:2, Licht: 0,70322,2,6,2,08,12,4,0,0,0,1,0,0,0,0
"POINT (11.035304089000022 49.407222369000067)",Unfall 70325 (2019) Kat:3, Licht: 0,70325,3,3,5,08,09,4,0,0,1,1,0,0,0,0
"POINT (11.033567415000050 49.517011721000074)",Unfall 70392 (2019) Kat:3, Licht: 0,70392,3,3,5,08,19,7,0,0,1,1,0,0,0,0
"POINT (11.040689044000032 49.455888937000054)",Unfall 70395 (2019) Kat:3, Licht: 0,70395,3,6,2,08,13,7,0,0,0,1,0,1,0,0
"POINT (11.027519180000070 49.420575566000082)",Unfall 70620 (2019) Kat:3, Licht: 0,70620,3,6,2,09,08,4,0,0,0,1,0,0,0,0
"POINT (11.059082526000054 49.442432016000055)",Unfall 70624 (2019) Kat:3, Licht: 0,70624,3,3,5,09,11,4,0,0,0,1,0,0,0,0
"POINT (11.105902418000028 49.460628964000080)",Unfall 70634 (2019) Kat:3, Licht: 0,70634,3,7,2,09,07,5,0,0,0,1,0,0,0,0
"POINT (11.040069341000049 49.454363508000029)",Unfall 70848 (2019) Kat:3, Licht: 0,70848,3,6,3,09,14,4,0,0,0,1,0,1,0,0
"POINT (11.045053570000050 49.369111758000031)",Unfall 70849 (2019) Kat:3, Licht: 0,70849,3,3,5,09,09,4,0,0,1,1,0,0,0,0
"POINT (11.068292591000045 49.469480906000058)",Unfall 70850 (2019) Kat:3, Licht: 2,70850,3,6,2,09,20,3,0,2,0,1,0,1,0,0
"POINT (11.041035382000075 49.430125733000068)",Unfall 70852 (2019) Kat:3, Licht: 0,70852,3,6,6,09,05,4,0,0,1,0,1,0,0,0
"POINT (11.040069341000049 49.454363508000029)",Unfall 70853 (2019) Kat:3, Licht: 2,70853,3,3,5,09,20,3,0,2,0,1,0,0,0,0
"POINT (11.082982986000047 49.410540691000051)",Unfall 70989 (2019) Kat:3, Licht: 0,70989,3,2,5,09,12,7,0,0,0,1,0,0,0,0
"POINT (11.062876767000034 49.437164225000060)",Unfall 71073 (2019) Kat:3, Licht: 0,71073,3,6,2,09,10,3,0,0,0,1,0,0,1,0
"POINT (11.110520684000051 49.433941357000037)",Unfall 71076 (2019) Kat:3, Licht: 0,71076,3,6,2,09,15,3,0,0,0,1,0,0,0,0
"POINT (11.071571437000046 49.429752422000035)",Unfall 71078 (2019) Kat:3, Licht: 0,71078,3,6,2,09,05,3,0,0,1,1,0,0,0,0
"POINT (11.064601191000065 49.473570740000071)",Unfall 71138 (2019) Kat:3, Licht: 0,71138,3,7,0,09,16,4,1,0,0,0,0,1,0,0
"POINT (11.064359717000059 49.473681482000075)",Unfall 71180 (2019) Kat:3, Licht: 0,71180,3,6,2,09,13,6,0,0,0,1,0,0,1,0
"POINT (11.098678207000034 49.431322809000051)",Unfall 71181 (2019) Kat:2, Licht: 2,71181,2,2,6,09,21,6,0,2,0,1,1,0,0,0
"POINT (10.994144430000063 49.437356148000049)",Unfall 71182 (2019) Kat:3, Licht: 0,71182,3,2,5,09,16,6,0,0,0,1,0,0,0,0
"POINT (11.034695714000065 49.409891044000062)",Unfall 71201 (2019) Kat:3, Licht: 0,71201,3,6,2,09,07,4,0,0,0,1,0,0,0,0
"POINT (11.087319270000023 49.405840737000062)",Unfall 71280 (2019) Kat:3, Licht: 0,71280,3,4,0,09,11,5,0,0,0,0,1,0,0,1
"POINT (11.133063552000067 49.460921242000040)",Unfall 71281 (2019) Kat:3, Licht: 0,71281,3,2,5,09,14,5,0,0,1,1,0,0,0,0
"POINT (11.116628276000029 49.436005643000044)",Unfall 71282 (2019) Kat:2, Licht: 0,71282,2,1,0,09,17,5,0,0,1,0,0,0,0,0
"POINT (11.116934397000023 49.392838105000067)",Unfall 71350 (2019) Kat:3, Licht: 0,71350,3,3,5,09,17,7,0,0,0,1,0,0,0,0
"POINT (11.015532538000059 49.440681879000067)",Unfall 71352 (2019) Kat:3, Licht: 0,71352,3,6,2,09,11,7,0,0,0,1,0,0,0,0
"POINT (11.064661041000022 49.473423149000041)",Unfall 71356 (2019) Kat:3, Licht: 0,71356,3,6,2,09,11,7,0,0,0,1,0,0,0,0
"POINT (11.121115045000067 49.442419396000048)",Unfall 71507 (2019) Kat:3, Licht: 2,71507,3,6,3,09,21,1,0,2,1,0,0,0,0,0
"POINT (11.082947580000052 49.410703632000036)",Unfall 71508 (2019) Kat:3, Licht: 0,71508,3,3,5,09,16,1,0,0,1,1,0,0,0,0
"POINT (11.104292948000023 49.475816227000053)",Unfall 71604 (2019) Kat:3, Licht: 0,71604,3,6,2,09,15,3,0,0,0,1,0,0,0,1
"POINT (11.059319600000038 49.442954647000079)",Unfall 71605 (2019) Kat:3, Licht: 0,71605,3,3,5,09,14,3,0,0,1,0,0,0,1,0
"POINT (11.037544618000027 49.451051043000064)",Unfall 71607 (2019) Kat:3, Licht: 2,71607,3,1,0,09,03,3,0,2,1,0,0,0,0,0
"POINT (11.086405171000024 49.469674436000048)",Unfall 71609 (2019) Kat:3, Licht: 0,71609,3,2,3,09,10,3,0,0,1,1,0,0,0,0
"POINT (11.031951666000055 49.458735202000071)",Unfall 71611 (2019) Kat:3, Licht: 0,71611,3,3,5,09,08,3,0,0,1,1,0,0,0,0
"POINT (11.116576739000038 49.391855082000063)",Unfall 71688 (2019) Kat:3, Licht: 0,71688,3,6,2,09,11,6,0,0,0,1,0,0,1,0
"POINT (11.134824630000026 49.471794402000057)",Unfall 71692 (2019) Kat:3, Licht: 0,71692,3,6,2,09,09,6,0,0,0,1,0,0,0,0
"POINT (11.037908304000041 49.423384410000040)",Unfall 71693 (2019) Kat:3, Licht: 0,71693,3,6,2,09,11,6,0,0,0,1,0,0,0,0
"POINT (11.051491325000029 49.495862034000027)",Unfall 71694 (2019) Kat:3, Licht: 0,71694,3,6,2,09,16,6,0,0,0,1,0,0,0,0
"POINT (11.061311437000029 49.428625462000070)",Unfall 71791 (2019) Kat:3, Licht: 0,71791,3,3,3,09,08,5,0,0,1,1,0,0,0,0
"POINT (11.035209162000058 49.403333290000035)",Unfall 71883 (2019) Kat:3, Licht: 2,71883,3,2,5,09,18,4,0,2,0,1,0,1,0,0
"POINT (11.121344148000048 49.485153084000046)",Unfall 71884 (2019) Kat:3, Licht: 0,71884,3,6,2,09,15,4,0,0,0,1,0,0,0,0
"POINT (11.121168141000055 49.442530204000036)",Unfall 71885 (2019) Kat:3, Licht: 0,71885,3,6,2,09,07,4,0,0,0,1,0,0,0,0
"POINT (11.041218936000064 49.455715559000055)",Unfall 72071 (2019) Kat:3, Licht: 0,72071,3,6,2,09,08,2,1,0,0,1,0,0,0,0
"POINT (11.103219687000035 49.431382992000067)",Unfall 72072 (2019) Kat:3, Licht: 0,72072,3,6,2,09,14,2,1,0,0,1,0,0,0,0