WKT,Name,OBJECTID,UKATEGORIE,UTYP1,UART,UMONAT,USTUNDE,UWOCHENTAG,STRZUSTAND,ULICHTVERH,ISTRAD,ISTPKW,ISTFUSS,ISTKRAD,ISTGKFZ,ISTSONSTIG
"POINT (11.105886594000026 49.460622977000071)",Unfall 72073 (2019) Kat:3, Licht: 0,72073,3,2,5,09,17,2,0,0,1,1,0,0,0,0
"POINT (11.159755372000063 49.420922274000077)",Unfall 72170 (2019) Kat:3, Licht: 2,72170,3,3,5,09,20,1,0,2,0,1,0,0,0,0
"POINT (11.044972146000077 49.458708607000062)",Unfall 72214 (2019) Kat:3, Licht: 0,72214,3,3,5,09,16,4,0,0,1,1,0,0,0,0
"POINT (11.097994937000067 49.467218590000073)",Unfall 72215 (2019) Kat:3, Licht: 0,72215,3,6,2,09,15,4,1,0,0,1,0,0,0,1
"POINT (11.160289369000054 49.420735742000033)",Unfall 72217 (2019) Kat:3, Licht: 0,72217,3,3,5,09,12,4,0,0,0,1,0,0,1,0
"POINT (11.036346993000052 49.448770691000050)",Unfall 72219 (2019) Kat:3, Licht: 2,72219,3,6,2,09,22,4,0,2,0,1,0,0,0,0
"POINT (11.122373678000031 49.447002376000057)",Unfall 72221 (2019) Kat:3, Licht: 0,72221,3,6,2,09,08,4,0,0,0,1,0,0,0,0
"POINT (11.036286942000061 49.448568341000055)",Unfall 72332 (2019) Kat:3, Licht: 0,72332,3,6,2,09,11,7,0,0,0,1,0,0,0,0
"POINT (11.134589498000025 49.431348638000031)",Unfall 72333 (2019) Kat:3, Licht: 0,72333,3,6,2,09,10,7,0,0,0,1,0,0,0,0
"POINT (11.035662184000046 49.443119277000051)",Unfall 72356 (2019) Kat:3, Licht: 0,72356,3,6,3,09,08,3,0,0,1,0,0,0,0,0
"POINT (11.117569935000063 49.392664383000067)",Unfall 72410 (2019) Kat:3, Licht: 0,72410,3,6,0,09,14,7,0,0,0,1,0,1,0,0
"POINT (11.004890006000039 49.439963126000066)",Unfall 72495 (2019) Kat:3, Licht: 2,72495,3,6,2,09,18,6,1,2,0,1,0,0,1,0
"POINT (11.043054407000056 49.429998697000030)",Unfall 72496 (2019) Kat:3, Licht: 0,72496,3,3,5,09,07,6,0,0,1,1,0,0,0,0
"POINT (11.015764275000038 49.439964150000037)",Unfall 72497 (2019) Kat:3, Licht: 2,72497,3,1,9,09,23,6,1,2,0,1,0,0,0,0
"POINT (11.051212316000033 49.463299677000066)",Unfall 72574 (2019) Kat:3, Licht: 0,72574,3,2,4,09,13,2,0,0,0,1,0,0,0,0
"POINT (11.038638538000043 49.456561018000059)",Unfall 72666 (2019) Kat:2, Licht: 0,72666,2,4,6,09,08,5,0,0,0,1,1,0,0,0
"POINT (11.103436110000075 49.472929832000034)",Unfall 72668 (2019) Kat:3, Licht: 2,72668,3,2,5,09,21,5,1,2,1,1,0,0,0,0
"POINT (11.058671886000070 49.443293408000045)",Unfall 72670 (2019) Kat:3, Licht: 0,72670,3,3,5,09,14,5,0,0,1,1,0,0,0,0
"POINT (11.055140066000035 49.445014686000036)",Unfall 72707 (2019) Kat:3, Licht: 0,72707,3,2,5,09,18,1,0,0,1,1,0,0,0,0
"POINT (11.119809390000057 49.437074942000038)",Unfall 72834 (2019) Kat:3, Licht: 0,72834,3,6,3,10,11,2,0,0,0,1,0,0,1,0
"POINT (11.176871232000053 49.391695759000072)",Unfall 72888 (2019) Kat:3, Licht: 0,72888,3,6,2,10,16,4,1,0,0,1,0,0,0,0
"POINT (11.043483040000069 49.457659343000046)",Unfall 72897 (2019) Kat:3, Licht: 0,72897,3,3,0,10,16,4,1,0,0,1,0,1,0,0
"POINT (11.033738512000070 49.519296128000065)",Unfall 72900 (2019) Kat:3, Licht: 0,72900,3,6,2,10,12,4,1,0,0,1,0,0,0,0
"POINT (11.161502928000061 49.420314043000076)",Unfall 72902 (2019) Kat:3, Licht: 0,72902,3,6,3,10,06,4,1,0,0,1,0,0,0,0
"POINT (11.154123698000035 49.465595370000074)",Unfall 72904 (2019) Kat:3, Licht: 0,72904,3,3,5,10,11,4,1,0,1,1,0,0,0,0
"POINT (11.079258000000038 49.414518444000066)",Unfall 72971 (2019) Kat:3, Licht: 2,72971,3,3,5,10,21,1,1,2,1,1,0,0,0,0
"POINT (11.012473214000067 49.465317086000027)",Unfall 72973 (2019) Kat:3, Licht: 2,72973,3,2,5,10,22,1,1,2,0,1,0,0,0,0
"POINT (11.096434701000021 49.431245829000034)",Unfall 73124 (2019) Kat:2, Licht: 0,73124,2,2,5,10,10,3,0,0,0,1,0,0,1,0
"POINT (11.114297977000035 49.406046090000075)",Unfall 73152 (2019) Kat:3, Licht: 0,73152,3,6,2,10,16,6,1,0,0,1,0,0,0,0
"POINT (11.107003777000045 49.432589154000027)",Unfall 73299 (2019) Kat:3, Licht: 0,73299,3,6,2,10,11,5,0,0,0,1,0,0,0,1
"POINT (11.114078512000049 49.459435812000038)",Unfall 73301 (2019) Kat:3, Licht: 1,73301,3,2,5,10,07,5,1,1,1,1,0,0,0,0
"POINT (11.035646883000027 49.444275847000029)",Unfall 73387 (2019) Kat:3, Licht: 0,73387,3,3,5,10,15,7,0,0,1,1,0,0,0,0
"POINT (11.024938647000056 49.419578678000050)",Unfall 73435 (2019) Kat:2, Licht: 0,73435,2,7,8,10,08,4,0,0,0,1,0,0,0,0
"POINT (11.015653785000040 49.465832301000034)",Unfall 73603 (2019) Kat:3, Licht: 0,73603,3,6,3,10,14,6,0,0,0,1,0,0,1,0
"POINT (11.030090494000035 49.380553842000040)",Unfall 73604 (2019) Kat:2, Licht: 0,73604,2,1,0,10,10,3,1,0,1,0,0,0,0,0
"POINT (10.998737698000070 49.438057290000074)",Unfall 73605 (2019) Kat:3, Licht: 0,73605,3,2,0,10,07,6,0,0,1,1,0,0,0,0
"POINT (11.103884866000044 49.431506509000030)",Unfall 73606 (2019) Kat:3, Licht: 2,73606,3,2,4,10,20,3,1,2,1,1,0,0,0,0
"POINT (11.106403970000031 49.460060524000028)",Unfall 73607 (2019) Kat:3, Licht: 2,73607,3,6,3,10,05,6,0,2,0,1,0,0,1,0
"POINT (11.152856071000031 49.416224705000047)",Unfall 73610 (2019) Kat:3, Licht: 2,73610,3,2,5,10,20,6,0,2,0,1,0,0,0,0
"POINT (11.025750332000030 49.374794200000053)",Unfall 73616 (2019) Kat:3, Licht: 0,73616,3,7,1,10,13,6,0,0,0,1,0,0,0,0
"POINT (11.100615870000070 49.465448900000069)",Unfall 73618 (2019) Kat:3, Licht: 2,73618,3,2,6,10,05,6,0,2,0,0,1,0,0,1
"POINT (11.105713395000066 49.460968892000039)",Unfall 73738 (2019) Kat:2, Licht: 2,73738,2,4,6,10,05,5,0,2,0,1,1,0,0,0
"POINT (11.097957894000047 49.467180776000077)",Unfall 73740 (2019) Kat:3, Licht: 0,73740,3,6,2,10,14,5,0,0,0,1,0,0,0,0
"POINT (11.101477840000030 49.431263644000069)",Unfall 73841 (2019) Kat:3, Licht: 0,73841,3,6,3,10,16,2,0,0,0,1,0,1,0,0
"POINT (11.131532690000029 49.432445043000030)",Unfall 73844 (2019) Kat:3, Licht: 0,73844,3,6,2,10,13,2,0,0,0,1,0,0,0,0
"POINT (11.084415850000028 49.394965792000050)",Unfall 73846 (2019) Kat:3, Licht: 0,73846,3,6,2,10,13,2,0,0,0,1,0,0,1,0
"POINT (11.091095475000031 49.429895960000067)",Unfall 73849 (2019) Kat:2, Licht: 0,73849,2,6,3,10,07,2,0,0,0,1,0,0,0,0
"POINT (11.075017806000062 49.469555359000026)",Unfall 73851 (2019) Kat:3, Licht: 0,73851,3,6,2,10,18,2,0,0,0,1,0,1,0,0
"POINT (11.068674209000051 49.429127216000040)",Unfall 73913 (2019) Kat:3, Licht: 1,73913,3,5,3,10,17,4,0,1,0,1,0,0,1,0
"POINT (11.037836554000023 49.423138071000039)",Unfall 73916 (2019) Kat:3, Licht: 0,73916,3,6,3,10,14,4,0,0,0,1,0,0,1,0
"POINT (11.068232056000056 49.429003822000027)",Unfall 73918 (2019) Kat:3, Licht: 2,73918,3,6,2,10,19,4,0,2,0,1,0,0,0,0
"POINT (11.096359326000027 49.431243114000040)",Unfall 73920 (2019) Kat:3, Licht: 0,73920,3,2,5,10,08,4,0,0,1,1,0,0,0,0
"POINT (11.075683528000070 49.398980290000054)",Unfall 74073 (2019) Kat:3, Licht: 1,74073,3,6,2,10,06,3,0,1,0,1,0,0,0,0
"POINT (11.101760222000053 49.431274232000078)",Unfall 74074 (2019) Kat:3, Licht: 0,74074,3,3,5,10,15,1,0,0,1,1,0,0,0,0
"POINT (11.056905518000065 49.350921253000081)",Unfall 74076 (2019) Kat:3, Licht: 0,74076,3,6,2,10,13,1,0,0,1,1,0,0,0,0
"POINT (11.114112822000038 49.459571422000067)",Unfall 74081 (2019) Kat:3, Licht: 0,74081,3,3,0,10,12,3,0,0,1,0,0,0,0,0
"POINT (11.036442433000047 49.448396123000066)",Unfall 74083 (2019) Kat:3, Licht: 1,74083,3,2,5,10,18,3,0,1,1,1,0,0,0,0
"POINT (11.066663749000043 49.423410904000036)",Unfall 74085 (2019) Kat:3, Licht: 0,74085,3,3,5,10,09,3,0,0,0,1,0,0,0,0
"POINT (11.035898631000066 49.442264233000060)",Unfall 74086 (2019) Kat:3, Licht: 0,74086,3,1,0,10,08,3,0,0,1,0,0,0,0,0
"POINT (11.023981643000070 49.461214118000044)",Unfall 74088 (2019) Kat:3, Licht: 0,74088,3,3,5,10,10,3,0,0,1,1,0,0,0,0
"POINT (11.020892659000026 49.418006317000049)",Unfall 74090 (2019) Kat:3, Licht: 0,74090,3,6,2,10,10,3,0,0,0,1,0,0,0,0
"POINT (11.136868858000071 49.472440988000074)",Unfall 74092 (2019) Kat:3, Licht: 1,74092,3,3,5,10,06,3,0,1,0,1,0,0,0,0
"POINT (11.118196934000025 49.455887468000071)",Unfall 74228 (2019) Kat:3, Licht: 0,74228,3,6,2,10,09,2,0,0,0,1,0,1,0,0
"POINT (11.035433501000057 49.407745240000054)",Unfall 74231 (2019) Kat:3, Licht: 0,74231,3,6,2,10,12,2,0,0,0,1,0,0,1,0
"POINT (11.059000556000058 49.484084715000051)",Unfall 74321 (2019) Kat:3, Licht: 2,74321,3,2,5,10,06,5,0,2,1,1,0,0,0,0
"POINT (11.085005685000056 49.395498606000046)",Unfall 74322 (2019) Kat:3, Licht: 2,74322,3,6,3,10,05,5,0,2,0,1,0,1,0,0
"POINT (11.036245176000023 49.439309267000056)",Unfall 74324 (2019) Kat:3, Licht: 0,74324,3,7,1,10,16,5,0,0,0,1,0,0,1,0
"POINT (11.056278643000041 49.466549485000030)",Unfall 74340 (2019) Kat:3, Licht: 0,74340,3,6,2,10,15,6,0,0,0,1,0,0,0,0
"POINT (11.035047041000041 49.404894472000080)",Unfall 74459 (2019) Kat:3, Licht: 0,74459,3,3,5,10,13,6,0,0,1,1,0,0,0,0
"POINT (11.085942202000069 49.429190216000052)",Unfall 74478 (2019) Kat:3, Licht: 0,74478,3,6,2,10,14,4,0,0,0,1,0,0,0,0
"POINT (11.023434131000045 49.441303868000034)",Unfall 74479 (2019) Kat:3, Licht: 0,74479,3,6,2,10,11,4,0,0,0,1,0,0,0,0
"POINT (11.040293385000041 49.454373439000051)",Unfall 74517 (2019) Kat:3, Licht: 2,74517,3,1,9,10,04,7,1,2,0,1,0,0,0,0
"POINT (11.058068643000070 49.466776641000081)",Unfall 74579 (2019) Kat:2, Licht: 2,74579,2,7,0,10,20,6,0,2,1,0,0,0,0,0
"POINT (11.040490408000039 49.454907851000030)",Unfall 74684 (2019) Kat:3, Licht: 0,74684,3,6,2,10,13,3,0,0,0,1,0,1,0,0
"POINT (11.036328285000025 49.439195371000039)",Unfall 74699 (2019) Kat:3, Licht: 0,74699,3,4,6,10,09,6,1,0,1,0,1,0,0,0
"POINT (11.034742368000025 49.420878322000078)",Unfall 74706 (2019) Kat:3, Licht: 0,74706,3,7,6,10,13,6,0,0,0,0,1,1,0,0
"POINT (11.137976021000043 49.462044366000043)",Unfall 74795 (2019) Kat:3, Licht: 0,74795,3,6,2,10,09,2,0,0,0,1,0,0,0,0
"POINT (11.111481925000021 49.434110665000048)",Unfall 74819 (2019) Kat:3, Licht: 2,74819,3,6,2,10,18,6,0,2,0,1,0,0,0,0
"POINT (11.118485563000036 49.455793878000065)",Unfall 74898 (2019) Kat:3, Licht: 0,74898,3,7,2,10,13,2,0,0,0,1,0,0,0,1
"POINT (11.037130619000038 49.399484493000045)",Unfall 74899 (2019) Kat:3, Licht: 2,74899,3,6,5,10,17,2,1,2,0,1,0,1,0,0
"POINT (11.041899637000029 49.373099695000064)",Unfall 74900 (2019) Kat:3, Licht: 0,74900,3,7,1,10,10,2,0,0,0,1,0,0,0,0
"POINT (11.104289018000031 49.462699431000033)",Unfall 74901 (2019) Kat:3, Licht: 0,74901,3,2,5,10,12,2,0,0,1,1,0,0,0,0
"POINT (11.134955463000040 49.431217626000034)",Unfall 74963 (2019) Kat:3, Licht: 0,74963,3,6,2,10,11,1,0,0,0,1,0,0,0,0
"POINT (11.164639055000066 49.405680463000067)",Unfall 74964 (2019) Kat:3, Licht: 0,74964,3,1,9,10,15,1,0,0,0,1,0,0,0,0
"POINT (11.126332151000042 49.434268368000062)",Unfall 74965 (2019) Kat:3, Licht: 0,74965,3,2,5,10,12,1,0,0,0,1,0,1,0,0
"POINT (11.016132858000049 49.464118140000039)",Unfall 74966 (2019) Kat:3, Licht: 2,74966,3,3,5,10,22,1,1,2,0,1,0,0,0,0
"POINT (11.062879754000051 49.440691193000077)",Unfall 74967 (2019) Kat:3, Licht: 2,74967,3,3,5,10,19,1,1,2,0,1,0,0,0,0
"POINT (11.121509704000061 49.452795654000056)",Unfall 74968 (2019) Kat:3, Licht: 0,74968,3,2,4,10,12,1,0,0,0,1,0,0,0,0
"POINT (11.058882971000060 49.443179402000055)",Unfall 75043 (2019) Kat:3, Licht: 0,75043,3,2,6,10,11,7,0,0,0,1,1,0,0,0
"POINT (11.057921960000044 49.443023949000064)",Unfall 75152 (2019) Kat:3, Licht: 0,75152,3,6,2,11,15,7,0,0,0,1,0,0,0,1
"POINT (11.122487398000032 49.448069510000039)",Unfall 75158 (2019) Kat:3, Licht: 2,75158,3,2,5,11,22,1,1,2,0,1,0,1,0,0
"POINT (11.033889863000070 49.518976093000049)",Unfall 75271 (2019) Kat:3, Licht: 0,75271,3,3,5,10,13,5,0,0,0,1,0,0,0,0
"POINT (11.058836586000041 49.484015252000063)",Unfall 75272 (2019) Kat:3, Licht: 2,75272,3,2,4,10,18,5,0,2,1,1,0,0,0,0
"POINT (11.107496908000030 49.418192752000039)",Unfall 75273 (2019) Kat:3, Licht: 0,75273,3,2,5,10,16,5,0,0,1,1,0,0,0,0
"POINT (11.037930627000037 49.396451547000026)",Unfall 75274 (2019) Kat:3, Licht: 0,75274,3,6,2,10,11,5,0,0,0,1,0,1,0,0
"POINT (11.064363860000071 49.473670234000053)",Unfall 75276 (2019) Kat:3, Licht: 0,75276,3,6,1,10,09,5,0,0,0,1,0,0,0,0
"POINT (11.065510055000061 49.426766894000082)",Unfall 75277 (2019) Kat:3, Licht: 0,75277,3,2,2,10,12,5,0,0,0,1,0,1,0,0
"POINT (11.036737191000043 49.438628638000068)",Unfall 75355 (2019) Kat:3, Licht: 0,75355,3,6,2,11,11,1,0,0,0,1,0,0,0,0
"POINT (11.114977593000049 49.403801613000041)",Unfall 75367 (2019) Kat:3, Licht: 2,75367,3,3,5,10,18,4,0,2,0,1,0,0,0,0
"POINT (11.065469492000034 49.427892931000031)",Unfall 75368 (2019) Kat:3, Licht: 0,75368,3,3,5,10,11,4,0,0,1,1,0,0,0,0
"POINT (11.103110300000026 49.464131066000050)",Unfall 75369 (2019) Kat:3, Licht: 0,75369,3,2,3,10,15,4,0,0,1,1,0,0,0,0
"POINT (11.159636078000062 49.420963868000058)",Unfall 75370 (2019) Kat:2, Licht: 0,75370,2,1,9,10,13,4,0,0,0,1,0,0,0,0
"POINT (11.071845219000068 49.343297336000035)",Unfall 75453 (2019) Kat:3, Licht: 0,75453,3,1,8,11,14,4,0,0,0,1,0,0,0,0
"POINT (11.035492901000055 49.407885878000059)",Unfall 75454 (2019) Kat:3, Licht: 2,75454,3,6,2,11,17,4,1,2,0,1,0,0,0,0
"POINT (11.140947097000037 49.462844170000039)",Unfall 75554 (2019) Kat:3, Licht: 0,75554,3,2,6,11,13,3,0,0,0,1,1,0,0,0
"POINT (11.048411918000056 49.430098551000071)",Unfall 75555 (2019) Kat:3, Licht: 0,75555,3,6,3,11,10,3,0,0,0,1,0,0,0,0
"POINT (11.017050392000044 49.463784697000051)",Unfall 75651 (2019) Kat:3, Licht: 0,75651,3,3,5,11,15,2,1,0,0,1,0,0,0,0
"POINT (11.109352914000056 49.461454176000075)",Unfall 75652 (2019) Kat:3, Licht: 0,75652,3,2,4,11,09,2,1,0,0,0,0,1,0,1
"POINT (11.012464614000066 49.465465165000069)",Unfall 75674 (2019) Kat:3, Licht: 0,75674,3,7,5,11,16,5,0,0,1,1,0,0,0,0
"POINT (11.032466231000058 49.523425839000026)",Unfall 75748 (2019) Kat:3, Licht: 0,75748,3,6,1,11,09,2,0,0,0,1,0,0,0,0
"POINT (11.185309166000025 49.393260901000076)",Unfall 75750 (2019) Kat:2, Licht: 2,75750,2,1,8,11,06,2,0,2,0,1,0,0,0,0
"POINT (11.132136265000042 49.432225913000082)",Unfall 75832 (2019) Kat:3, Licht: 0,75832,3,6,2,11,12,1,0,0,0,1,0,0,0,0
"POINT (11.042330623000055 49.384386180000035)",Unfall 75858 (2019) Kat:3, Licht: 1,75858,3,1,0,11,06,3,1,1,0,0,0,1,0,0
"POINT (11.071087098000021 49.469612217000076)",Unfall 75861 (2019) Kat:3, Licht: 0,75861,3,2,5,11,08,3,0,0,1,1,0,0,0,0
"POINT (11.068140835000065 49.469331824000051)",Unfall 75866 (2019) Kat:3, Licht: 0,75866,3,6,2,11,15,3,0,0,0,1,0,0,0,0
"POINT (11.103170057000057 49.431375498000079)",Unfall 75871 (2019) Kat:3, Licht: 0,75871,3,6,2,11,06,3,1,0,0,1,0,0,0,0
"POINT (11.036349758000028 49.448779279000064)",Unfall 75899 (2019) Kat:3, Licht: 2,75899,3,6,2,11,04,7,0,2,0,1,0,0,0,0
"POINT (11.048979295000038 49.364783539000030)",Unfall 75900 (2019) Kat:3, Licht: 0,75900,3,3,5,11,11,7,0,0,1,1,0,0,0,0
"POINT (10.998526755000057 49.438114021000047)",Unfall 75969 (2019) Kat:3, Licht: 2,75969,3,3,5,11,20,4,0,2,0,1,0,0,0,0
"POINT (11.106153362000043 49.460464451000064)",Unfall 76022 (2019) Kat:3, Licht: 2,76022,3,6,2,11,17,6,1,2,0,1,0,0,0,0
"POINT (11.119970362000061 49.436999456000080)",Unfall 76023 (2019) Kat:3, Licht: 0,76023,3,3,5,11,13,6,1,0,1,1,0,0,0,0
"POINT (11.035045592000074 49.404839047000053)",Unfall 76093 (2019) Kat:3, Licht: 2,76093,3,1,1,11,04,7,1,2,0,1,0,0,0,0
"POINT (11.062691105000056 49.476944687000071)",Unfall 76210 (2019) Kat:3, Licht: 0,76210,3,6,3,11,15,6,0,0,0,1,0,0,0,0
"POINT (11.037130619000038 49.399484493000045)",Unfall 76211 (2019) Kat:2, Licht: 0,76211,2,7,0,11,09,6,0,0,0,0,0,0,0,1
"POINT (11.035994423000034 49.440822367000067)",Unfall 76213 (2019) Kat:2, Licht: 0,76213,2,3,5,11,08,6,0,0,1,1,0,0,0,0
"POINT (11.062011960000063 49.467250711000077)",Unfall 76269 (2019) Kat:3, Licht: 0,76269,3,6,2,11,13,2,0,0,0,1,0,0,0,0
"POINT (11.160329826000066 49.420721608000065)",Unfall 76356 (2019) Kat:3, Licht: 2,76356,3,6,2,11,17,5,0,2,0,1,0,0,0,0
"POINT (11.035402198000043 49.407897575000050)",Unfall 76358 (2019) Kat:2, Licht: 1,76358,2,3,5,11,16,5,0,1,1,1,0,0,0,0
"POINT (11.104594940000027 49.476534257000026)",Unfall 76359 (2019) Kat:3, Licht: 2,76359,3,1,0,11,21,5,0,2,1,0,0,0,0,0
"POINT (11.030408593000061 49.459104332000038)",Unfall 76580 (2019) Kat:3, Licht: 0,76580,3,3,5,11,14,6,0,0,0,0,0,0,0,1
"POINT (11.099559710000051 49.372610178000059)",Unfall 76582 (2019) Kat:3, Licht: 0,76582,3,7,5,11,10,6,0,0,1,1,0,0,0,0
"POINT (11.105041515000039 49.461766817000068)",Unfall 76583 (2019) Kat:3, Licht: 1,76583,3,5,1,11,16,6,0,1,1,1,0,0,0,0
"POINT (11.023532471000067 49.461504410000032)",Unfall 76728 (2019) Kat:3, Licht: 0,76728,3,6,2,11,15,3,0,0,0,1,0,0,0,0
"POINT (11.057613796000055 49.443198630000040)",Unfall 76731 (2019) Kat:3, Licht: 2,76731,3,6,2,11,21,3,0,2,0,1,0,0,0,0
"POINT (11.160012046000077 49.420832629000074)",Unfall 76732 (2019) Kat:3, Licht: 2,76732,3,6,2,11,06,3,1,2,0,1,0,0,0,1
"POINT (11.052734799000064 49.492839422000031)",Unfall 76734 (2019) Kat:3, Licht: 0,76734,3,6,2,11,07,3,0,0,0,1,0,0,0,1
"POINT (11.055409599000029 49.444898787000056)",Unfall 76749 (2019) Kat:3, Licht: 1,76749,3,6,2,11,07,5,1,1,0,1,0,1,0,0
"POINT (11.116711397000074 49.435858209000060)",Unfall 76752 (2019) Kat:3, Licht: 0,76752,3,6,2,11,08,5,1,0,0,1,0,0,0,0
"POINT (11.121836878000067 49.465702123000028)",Unfall 76757 (2019) Kat:2, Licht: 0,76757,2,1,0,11,08,5,1,0,0,0,0,1,0,0
"POINT (11.036515967000071 49.457255249000070)",Unfall 76870 (2019) Kat:3, Licht: 0,76870,3,3,5,11,13,1,0,0,0,1,0,0,0,0
"POINT (11.123473394000030 49.397883094000065)",Unfall 76919 (2019) Kat:3, Licht: 2,76919,3,3,5,11,05,2,0,2,0,1,0,0,0,1
"POINT (11.096373672000027 49.431243630000040)",Unfall 76920 (2019) Kat:3, Licht: 2,76920,3,2,6,11,17,2,1,2,0,1,1,0,0,0
"POINT (10.994221849000041 49.437352440000041)",Unfall 76932 (2019) Kat:3, Licht: 0,76932,3,2,4,11,14,4,0,0,0,1,0,0,0,0
"POINT (11.055454176000069 49.444237075000046)",Unfall 76983 (2019) Kat:2, Licht: 2,76983,2,7,6,11,06,7,0,2,0,0,1,0,0,1
"POINT (11.042434745000037 49.456935982000061)",Unfall 76984 (2019) Kat:3, Licht: 0,76984,3,7,5,11,15,7,0,0,0,1,0,0,0,1
"POINT (11.035161557000038 49.406670746000032)",Unfall 76985 (2019) Kat:3, Licht: 0,76985,3,3,0,11,14,7,0,0,1,1,0,0,0,0
"POINT (11.067599625000071 49.469247998000071)",Unfall 77089 (2019) Kat:3, Licht: 0,77089,3,6,2,11,12,6,1,0,0,1,0,0,0,0
"POINT (11.121350723000035 49.452724261000071)",Unfall 77090 (2019) Kat:3, Licht: 0,77090,3,6,2,11,11,6,1,0,0,1,0,0,0,0
"POINT (11.034998663000067 49.440906715000040)",Unfall 77092 (2019) Kat:3, Licht: 0,77092,3,3,5,11,12,6,1,0,1,1,0,0,0,0
"POINT (11.014323960000070 49.441075866000062)",Unfall 77093 (2019) Kat:3, Licht: 0,77093,3,6,2,11,13,6,1,0,0,1,0,0,0,0
"POINT (11.122034052000060 49.456918761000054)",Unfall 77116 (2019) Kat:3, Licht: 0,77116,3,2,6,12,16,3,0,0,0,1,1,0,0,0
"POINT (11.036301157000025 49.448623385000076)",Unfall 77272 (2019) Kat:3, Licht: 2,77272,3,2,5,11,17,5,1,2,0,1,0,0,0,0
"POINT (11.113441790000024 49.459642255000063)",Unfall 77274 (2019) Kat:2, Licht: 2,77274,2,1,0,11,17,5,1,2,1,0,0,0,0,0
"POINT (11.084329277000052 49.394890730000043)",Unfall 77277 (2019) Kat:3, Licht: 0,77277,3,7,0,11,15,5,1,0,0,0,0,0,0,1
"POINT (11.103496922000033 49.429129165000063)",Unfall 77278 (2019) Kat:3, Licht: 2,77278,3,6,3,11,22,5,1,2,0,1,0,0,0,0
"POINT (11.121365209000032 49.452710316000037)",Unfall 77281 (2019) Kat:3, Licht: 0,77281,3,1,9,12,16,2,0,0,0,1,0,0,0,0
"POINT (11.012447722000047 49.465471695000076)",Unfall 77283 (2019) Kat:3, Licht: 2,77283,3,6,2,12,17,2,0,2,0,1,0,0,0,0
"POINT (11.056685194000067 49.443669310000075)",Unfall 77284 (2019) Kat:3, Licht: 0,77284,3,6,2,12,16,2,0,0,0,1,0,0,0,0
"POINT (11.108733833000031 49.478244403000076)",Unfall 77410 (2019) Kat:3, Licht: 2,77410,3,6,2,12,17,1,0,2,0,1,0,0,0,0
"POINT (11.174074531000031 49.415108834000080)",Unfall 77414 (2019) Kat:3, Licht: 0,77414,3,6,2,11,15,4,1,0,0,1,0,0,0,0
"POINT (11.118042463000052 49.437883998000075)",Unfall 77415 (2019) Kat:3, Licht: 1,77415,3,6,2,11,06,4,0,1,1,1,0,0,0,0
"POINT (11.035046012000066 49.404869700000063)",Unfall 77416 (2019) Kat:3, Licht: 1,77416,3,3,5,11,16,4,0,1,1,1,0,0,0,0
"POINT (11.051724133000050 49.358656091000057)",Unfall 77418 (2019) Kat:3, Licht: 2,77418,3,2,4,11,17,4,1,2,0,1,0,0,0,0
"POINT (11.118404202000022 49.438831518000029)",Unfall 77516 (2019) Kat:3, Licht: 2,77516,3,6,2,12,17,7,1,2,0,1,0,0,0,0
"POINT (11.035322947000054 49.407295308000073)",Unfall 77560 (2019) Kat:3, Licht: 2,77560,3,3,5,12,21,4,1,2,0,1,0,0,0,0
"POINT (11.069109307000076 49.338341058000026)",Unfall 77613 (2019) Kat:3, Licht: 2,77613,3,6,3,12,06,3,1,2,0,1,0,0,0,0
"POINT (11.163575263000041 49.406909025000061)",Unfall 77630 (2019) Kat:2, Licht: 2,77630,2,2,6,12,22,3,1,2,0,1,1,0,0,0
"POINT (11.106819670000050 49.460955673000058)",Unfall 77631 (2019) Kat:3, Licht: 2,77631,3,3,5,12,18,3,0,2,0,1,0,0,0,1
"POINT (11.115445349000026 49.401653671000076)",Unfall 77660 (2019) Kat:3, Licht: 2,77660,3,6,2,12,18,6,0,2,0,1,0,0,0,0
"POINT (11.114107674000024 49.459573557000056)",Unfall 77661 (2019) Kat:3, Licht: 2,77661,3,6,2,12,19,6,0,2,1,1,0,0,0,0
"POINT (11.052631519000045 49.464300552000054)",Unfall 77819 (2019) Kat:3, Licht: 1,77819,3,6,2,12,16,2,1,1,0,1,0,0,0,0
"POINT (11.020525812000074 49.441073462000077)",Unfall 77820 (2019) Kat:3, Licht: 0,77820,3,6,2,12,14,5,0,0,0,1,0,0,0,0
"POINT (11.062347833000047 49.477095920000068)",Unfall 77821 (2019) Kat:3, Licht: 0,77821,3,6,2,12,16,5,0,0,0,1,0,0,0,0
"POINT (11.057290356000067 49.466697662000058)",Unfall 77823 (2019) Kat:3, Licht: 2,77823,3,6,3,12,06,2,1,2,0,1,0,0,1,0
"POINT (11.102923152000074 49.431472046000067)",Unfall 77825 (2019) Kat:3, Licht: 0,77825,3,6,2,12,08,2,0,0,0,1,0,0,0,0
"POINT (10.992796073000022 49.536424687000078)",Unfall 77969 (2019) Kat:3, Licht: 0,77969,3,6,3,12,15,1,0,0,0,1,0,0,0,0
"POINT (11.091901377000056 49.394588968000050)",Unfall 77970 (2019) Kat:3, Licht: 0,77970,3,6,2,12,07,4,1,0,0,1,0,0,0,0
"POINT (11.121331486000031 49.442882856000040)",Unfall 77981 (2019) Kat:2, Licht: 0,77981,2,2,4,12,14,4,0,0,1,1,0,0,0,0
"POINT (11.097029627000040 49.431139971000050)",Unfall 78062 (2019) Kat:3, Licht: 2,78062,3,6,1,12,16,7,0,2,0,1,0,0,0,0