WKT,Name,OBJECTID,UKATEGORIE,UTYP1,UART,UMONAT,USTUNDE,UWOCHENTAG,STRZUSTAND,ULICHTVERH,ISTRAD,ISTPKW,ISTFUSS,ISTKRAD,ISTGKFZ,ISTSONSTIG
"POINT (11.086387642000034 49.429174134000050)",Unfall 78063 (2019) Kat:2, Licht: 1,78063,2,3,3,12,07,2,1,1,0,1,0,0,1,1
"POINT (11.121507725000072 49.442832744000043)",Unfall 78070 (2019) Kat:3, Licht: 2,78070,3,1,0,12,06,3,0,2,1,0,0,0,0,0
"POINT (11.059025166000026 49.484043829000029)",Unfall 78102 (2019) Kat:3, Licht: 0,78102,3,6,2,12,15,6,1,0,0,1,0,0,0,0
"POINT (11.052637534000041 49.493068150000056)",Unfall 78105 (2019) Kat:3, Licht: 2,78105,3,4,6,12,17,6,1,2,0,1,1,0,0,0
"POINT (11.058626456000070 49.484360981000066)",Unfall 78106 (2019) Kat:1, Licht: 0,78106,1,4,6,12,13,6,1,0,0,0,1,0,0,1
"POINT (11.063157675000070 49.428220624000062)",Unfall 78256 (2019) Kat:3, Licht: 2,78256,3,3,4,12,20,3,0,2,0,1,0,0,0,0
"POINT (10.993883988000050 49.437340642000038)",Unfall 78279 (2019) Kat:3, Licht: 2,78279,3,4,6,12,20,7,0,2,0,1,1,0,0,0
"POINT (11.107487857000024 49.418085882000071)",Unfall 78280 (2019) Kat:3, Licht: 2,78280,3,2,4,12,17,2,0,2,1,1,0,0,0,0
"POINT (11.147874659000024 49.473103253000033)",Unfall 78346 (2019) Kat:3, Licht: 0,78346,3,1,0,12,08,5,2,0,1,0,0,0,0,0
"POINT (11.201591331000031 49.417644474000042)",Unfall 78350 (2019) Kat:3, Licht: 2,78350,3,6,2,12,17,5,0,2,0,1,0,0,0,0
"POINT (11.040291671000034 49.381417266000028)",Unfall 78369 (2019) Kat:3, Licht: 1,78369,3,6,1,12,07,5,1,1,0,1,0,0,0,0
"POINT (11.159815100000060 49.420901435000076)",Unfall 78374 (2019) Kat:3, Licht: 2,78374,3,3,5,12,18,5,1,2,0,1,0,0,0,0
"POINT (11.049432922000051 49.461763121000047)",Unfall 78378 (2019) Kat:3, Licht: 1,78378,3,1,0,12,07,5,1,1,1,0,0,0,0,0
"POINT (11.064339742000072 49.473735719000047)",Unfall 78410 (2019) Kat:3, Licht: 0,78410,3,6,2,12,15,7,1,0,0,1,0,0,0,0
"POINT (11.033907386000067 49.391661716000044)",Unfall 78412 (2019) Kat:3, Licht: 2,78412,3,3,5,12,16,2,0,2,1,1,0,0,0,0
"POINT (11.055276056000025 49.444959501000028)",Unfall 78496 (2019) Kat:3, Licht: 0,78496,3,6,2,12,11,1,0,0,0,1,0,0,0,0
"POINT (11.201383102000023 49.417729936000057)",Unfall 78567 (2019) Kat:3, Licht: 2,78567,3,6,2,12,17,4,0,2,0,1,0,0,0,0
"POINT (11.062585841000043 49.440531069000031)",Unfall 78584 (2019) Kat:3, Licht: 0,78584,3,6,2,12,14,7,1,0,0,1,0,0,0,0
"POINT (11.058998133000046 49.428886436000028)",Unfall 78593 (2019) Kat:3, Licht: 2,78593,3,3,5,12,17,4,0,2,1,1,0,0,0,0
"POINT (11.118561068000076 49.455709859000081)",Unfall 78594 (2019) Kat:3, Licht: 0,78594,3,2,5,12,15,4,0,0,1,1,0,0,0,0
"POINT (11.100796934000073 49.465200986000070)",Unfall 78655 (2019) Kat:3, Licht: 2,78655,3,2,6,12,20,2,1,2,0,1,1,0,0,0
"POINT (11.103442991000065 49.472959104000040)",Unfall 78656 (2019) Kat:3, Licht: 0,78656,3,2,1,12,12,2,0,0,1,1,0,0,0,0
"POINT (11.044124308000050 49.395799187000080)",Unfall 78657 (2019) Kat:1, Licht: 0,78657,1,6,4,12,09,2,1,0,0,1,0,0,1,0
"POINT (11.035276613000065 49.407116100000053)",Unfall 78658 (2019) Kat:3, Licht: 0,78658,3,7,1,12,13,2,0,0,0,1,0,0,0,0
"POINT (11.036450806000062 49.417518564000034)",Unfall 78717 (2019) Kat:3, Licht: 2,78717,3,1,9,12,17,1,1,2,0,1,0,0,0,0
"POINT (11.121564388000024 49.443544688000031)",Unfall 78832 (2019) Kat:3, Licht: 0,78832,3,6,2,12,12,6,0,0,0,1,0,0,0,0
"POINT (11.044818432000056 49.429831039000078)",Unfall 78833 (2019) Kat:2, Licht: 2,78833,2,2,3,12,22,6,1,2,1,1,0,0,0,0
"POINT (10.998723240000061 49.438055675000044)",Unfall 78834 (2019) Kat:3, Licht: 2,78834,3,2,4,12,17,6,1,2,0,1,0,1,0,0
"POINT (11.041056976000050 49.455637801000080)",Unfall 78835 (2019) Kat:3, Licht: 2,78835,3,6,2,12,05,6,0,2,0,1,0,0,1,0
"POINT (11.012434303000077 49.465331143000071)",Unfall 78935 (2019) Kat:3, Licht: 2,78935,3,2,5,12,23,3,0,2,0,1,0,0,0,0
"POINT (11.132820745000060 49.470899838000037)",Unfall 79004 (2019) Kat:3, Licht: 2,79004,3,7,8,12,04,1,0,2,0,1,0,0,0,0
"POINT (11.036989348000077 49.450200083000027)",Unfall 79037 (2019) Kat:3, Licht: 0,79037,3,6,3,12,15,7,0,0,0,1,0,0,0,1
"POINT (11.060849572000052 49.442171669000061)",Unfall 79038 (2019) Kat:3, Licht: 0,79038,3,6,2,12,09,7,0,0,0,1,0,0,0,0
"POINT (11.111292849000051 49.479278230000034)",Unfall 79078 (2019) Kat:3, Licht: 1,79078,3,2,5,12,16,6,0,1,1,1,0,0,0,0
"POINT (11.115309513000057 49.402241836000030)",Unfall 79079 (2019) Kat:3, Licht: 2,79079,3,3,5,12,17,6,1,2,0,1,0,0,0,0
"POINT (11.036729352000066 49.449283559000037)",Unfall 79080 (2019) Kat:3, Licht: 0,79080,3,6,2,12,11,6,1,0,0,1,0,0,0,0
"POINT (11.070778004000033 49.456845398000041)",Unfall 202654 (2019) Kat:3, Licht: 2,202654,3,6,2,01,18,4,1,2,0,1,0,0,0,0
"POINT (11.066289732000030 49.441572447000055)",Unfall 202656 (2019) Kat:3, Licht: 2,202656,3,2,3,01,16,4,0,2,0,1,0,0,0,0
"POINT (11.083190955000077 49.436320220000027)",Unfall 202657 (2019) Kat:3, Licht: 0,202657,3,2,0,01,16,4,2,0,0,1,0,1,0,0
"POINT (11.082350230000031 49.461016042000040)",Unfall 202660 (2019) Kat:3, Licht: 0,202660,3,7,6,01,18,4,0,0,0,0,1,0,0,1
"POINT (11.106074487000058 49.479427211000029)",Unfall 202733 (2019) Kat:3, Licht: 2,202733,3,6,2,01,03,3,1,2,0,1,0,0,0,0
"POINT (11.078873359000056 49.438623496000048)",Unfall 202734 (2019) Kat:3, Licht: 2,202734,3,3,5,01,17,3,1,2,0,1,0,0,0,0
"POINT (11.048939702000041 49.408360941000069)",Unfall 202735 (2019) Kat:3, Licht: 2,202735,3,2,5,01,16,3,1,2,0,1,0,0,0,0
"POINT (11.059029678000059 49.449657628000068)",Unfall 202824 (2019) Kat:3, Licht: 1,202824,3,6,2,01,07,5,1,1,0,1,0,0,0,0
"POINT (11.037316957000030 49.458527560000050)",Unfall 202825 (2019) Kat:3, Licht: 1,202825,3,7,2,01,06,5,1,1,0,1,0,1,0,0
"POINT (11.039160009000057 49.429972144000033)",Unfall 202826 (2019) Kat:3, Licht: 1,202826,3,6,0,01,06,5,1,1,0,1,0,1,0,0
"POINT (11.090118639000025 49.448017985000035)",Unfall 202857 (2019) Kat:3, Licht: 0,202857,3,4,6,01,15,4,0,0,0,1,1,0,0,0
"POINT (11.121461171000021 49.474758168000051)",Unfall 202858 (2019) Kat:3, Licht: 2,202858,3,6,2,01,06,4,1,2,0,1,0,0,0,0
"POINT (11.104074863000051 49.487382402000037)",Unfall 202859 (2019) Kat:2, Licht: 0,202859,2,1,2,01,09,4,2,0,0,1,0,0,0,0
"POINT (11.116106216000048 49.412215507000042)",Unfall 202860 (2019) Kat:3, Licht: 2,202860,3,3,5,01,17,4,1,2,0,1,0,0,0,0
"POINT (11.053867534000062 49.406689556000060)",Unfall 202898 (2019) Kat:3, Licht: 0,202898,3,2,4,01,10,3,1,0,0,0,0,0,1,1
"POINT (11.093211418000067 49.442687929000044)",Unfall 202899 (2019) Kat:3, Licht: 1,202899,3,3,6,01,16,3,1,1,1,0,1,0,0,0
"POINT (11.051636665000046 49.439045322000027)",Unfall 202931 (2019) Kat:2, Licht: 0,202931,2,4,6,01,15,2,0,0,0,1,1,0,0,0
"POINT (11.132714159000045 49.403733945000056)",Unfall 202932 (2019) Kat:3, Licht: 0,202932,3,7,0,01,11,2,0,0,0,1,0,0,0,0
"POINT (11.129809125000065 49.438524521000033)",Unfall 202986 (2019) Kat:3, Licht: 2,202986,3,3,5,01,16,6,0,2,0,1,0,0,0,0
"POINT (11.044043178000038 49.373120451000034)",Unfall 203020 (2019) Kat:3, Licht: 0,203020,3,7,1,01,09,5,1,0,0,1,0,0,0,0
"POINT (11.056152021000059 49.453597867000042)",Unfall 203023 (2019) Kat:2, Licht: 0,203023,2,1,0,01,15,6,2,0,0,0,0,1,0,0
"POINT (11.129891339000039 49.420220338000036)",Unfall 203024 (2019) Kat:3, Licht: 0,203024,3,2,4,01,13,5,1,0,1,1,0,0,0,0
"POINT (11.133839280000075 49.412071036000043)",Unfall 203025 (2019) Kat:3, Licht: 0,203025,3,7,6,01,12,6,1,0,0,0,1,0,0,1
"POINT (11.080644866000057 49.445937969000056)",Unfall 203026 (2019) Kat:3, Licht: 2,203026,3,6,2,01,16,5,0,2,0,1,0,0,0,0
"POINT (11.091056667000032 49.467894619000049)",Unfall 203027 (2019) Kat:3, Licht: 0,203027,3,6,2,01,14,6,1,0,1,1,0,0,0,0
"POINT (11.062087640000072 49.402224208000064)",Unfall 203028 (2019) Kat:3, Licht: 0,203028,3,3,5,01,15,6,2,0,0,1,0,0,0,0
"POINT (11.148346884000034 49.409484576000068)",Unfall 203030 (2019) Kat:3, Licht: 2,203030,3,1,4,01,15,6,2,2,0,1,0,0,0,1
"POINT (11.082599946000073 49.435596827000040)",Unfall 203031 (2019) Kat:3, Licht: 0,203031,3,6,2,01,11,6,2,0,0,1,0,0,0,0
"POINT (11.130985346000045 49.404819997000061)",Unfall 203055 (2019) Kat:3, Licht: 2,203055,3,2,5,01,20,6,1,2,0,1,0,0,0,1
"POINT (11.011374084000067 49.447967227000049)",Unfall 203056 (2019) Kat:3, Licht: 2,203056,3,3,5,01,19,6,0,2,0,1,0,0,0,1
"POINT (11.075857217000021 49.443758427000034)",Unfall 203057 (2019) Kat:3, Licht: 2,203057,3,6,2,01,22,6,0,2,0,1,0,0,0,0
"POINT (11.074366017000045 49.439408128000082)",Unfall 203058 (2019) Kat:2, Licht: 0,203058,2,3,5,01,13,6,0,0,1,1,0,0,0,0
"POINT (11.063305150000076 49.458927799000037)",Unfall 203106 (2019) Kat:3, Licht: 2,203106,3,7,5,01,23,5,0,2,0,1,0,1,0,0
"POINT (11.101279505000036 49.438603441000055)",Unfall 203107 (2019) Kat:3, Licht: 0,203107,3,3,5,01,13,5,0,0,0,1,0,0,0,0
"POINT (11.066987391000055 49.439563070000077)",Unfall 203108 (2019) Kat:3, Licht: 2,203108,3,4,6,01,07,5,0,2,0,1,1,0,0,0
"POINT (11.018168122000077 49.453026695000062)",Unfall 203136 (2019) Kat:3, Licht: 0,203136,3,4,6,01,14,4,0,0,0,1,1,0,0,0
"POINT (11.086765280000066 49.457222259000048)",Unfall 203137 (2019) Kat:3, Licht: 0,203137,3,7,5,01,15,4,0,0,1,1,0,0,0,0
"POINT (11.061547205000068 49.460519514000055)",Unfall 203138 (2019) Kat:3, Licht: 0,203138,3,2,0,01,17,4,0,0,0,1,0,0,0,1
"POINT (11.038527856000030 49.372831263000080)",Unfall 203139 (2019) Kat:3, Licht: 2,203139,3,2,6,01,17,4,0,2,0,1,1,0,0,0
"POINT (11.097359265000023 49.451840855000057)",Unfall 203140 (2019) Kat:3, Licht: 0,203140,3,2,5,01,13,4,1,0,1,1,0,0,0,0
"POINT (11.083486452000045 49.447420535000049)",Unfall 203141 (2019) Kat:3, Licht: 0,203141,3,6,3,01,15,4,0,0,0,1,0,0,0,0
"POINT (11.070490644000074 49.455083515000069)",Unfall 203173 (2019) Kat:3, Licht: 2,203173,3,7,6,01,06,3,0,2,0,1,1,0,0,0
"POINT (11.108104050000065 49.485065263000081)",Unfall 203174 (2019) Kat:3, Licht: 2,203174,3,3,5,01,21,3,0,2,1,1,0,0,0,0
"POINT (11.091718661000073 49.404692696000041)",Unfall 203175 (2019) Kat:3, Licht: 2,203175,3,7,5,01,07,3,0,2,1,1,0,0,0,0
"POINT (11.080691708000074 49.435879899000042)",Unfall 203176 (2019) Kat:3, Licht: 0,203176,3,3,5,01,14,3,0,0,1,1,0,0,0,0
"POINT (11.089810333000059 49.446046372000069)",Unfall 203177 (2019) Kat:3, Licht: 2,203177,3,7,0,01,19,3,0,2,1,0,0,0,0,0
"POINT (11.078684233000047 49.454469184000061)",Unfall 203178 (2019) Kat:3, Licht: 2,203178,3,7,1,01,05,3,1,2,1,1,0,0,0,0
"POINT (11.089275159000067 49.457734976000040)",Unfall 203217 (2019) Kat:2, Licht: 0,203217,2,7,0,01,10,2,1,0,0,0,0,0,0,1
"POINT (11.073204482000051 49.441172329000040)",Unfall 203218 (2019) Kat:3, Licht: 2,203218,3,3,5,01,16,2,0,2,0,1,0,0,0,0
"POINT (11.075862841000060 49.441600603000040)",Unfall 203219 (2019) Kat:3, Licht: 0,203219,3,2,5,01,13,2,0,0,1,1,0,0,0,0
"POINT (11.078430130000072 49.439957003000075)",Unfall 203245 (2019) Kat:3, Licht: 0,203245,3,6,2,01,15,1,1,0,0,1,0,0,0,0
"POINT (11.114845688000059 49.413133592000065)",Unfall 203246 (2019) Kat:3, Licht: 2,203246,3,2,6,01,19,1,1,2,0,1,1,0,0,0
"POINT (11.021433600000023 49.453362817000027)",Unfall 203270 (2019) Kat:3, Licht: 2,203270,3,1,8,01,00,7,1,2,0,1,0,0,0,0
"POINT (11.068391990000066 49.441776855000057)",Unfall 203271 (2019) Kat:3, Licht: 2,203271,3,2,3,01,19,7,1,2,1,1,0,0,0,0
"POINT (11.173388949000071 49.412511826000070)",Unfall 203272 (2019) Kat:3, Licht: 2,203272,3,5,5,01,17,7,1,2,0,1,0,0,0,0
"POINT (11.070182187000057 49.456878574000029)",Unfall 203306 (2019) Kat:3, Licht: 0,203306,3,1,0,01,14,7,1,0,0,0,0,1,0,0
"POINT (11.130189297000072 49.448992108000027)",Unfall 203308 (2019) Kat:3, Licht: 2,203308,3,1,6,01,17,7,1,2,0,1,1,0,0,0
"POINT (11.096395863000055 49.484262290000061)",Unfall 203339 (2019) Kat:3, Licht: 2,203339,3,2,6,01,17,6,1,2,0,1,1,0,0,0
"POINT (11.029657498000063 49.468327704000046)",Unfall 203340 (2019) Kat:3, Licht: 0,203340,3,7,6,01,12,6,0,0,0,1,1,0,0,0
"POINT (11.068309197000076 49.475132546000054)",Unfall 203341 (2019) Kat:3, Licht: 0,203341,3,7,0,01,11,6,2,0,1,0,0,0,0,0
"POINT (11.067444669000054 49.437515574000031)",Unfall 203342 (2019) Kat:3, Licht: 0,203342,3,6,2,01,13,6,2,0,0,1,0,0,0,0
"POINT (11.096766262000074 49.465952449000042)",Unfall 203380 (2019) Kat:3, Licht: 0,203380,3,6,2,01,13,5,1,0,0,1,0,0,0,0
"POINT (11.082087044000048 49.440463805000036)",Unfall 203381 (2019) Kat:3, Licht: 2,203381,3,2,6,01,21,5,1,2,0,1,1,0,0,0
"POINT (11.101807445000077 49.446188503000030)",Unfall 203415 (2019) Kat:3, Licht: 1,203415,3,6,4,01,17,4,2,1,0,1,0,0,0,0
"POINT (11.106218941000066 49.442015836000053)",Unfall 203416 (2019) Kat:3, Licht: 0,203416,3,3,5,01,07,4,0,0,0,1,0,0,0,0
"POINT (11.080451557000060 49.456913534000080)",Unfall 203453 (2019) Kat:3, Licht: 0,203453,3,4,6,01,07,3,0,0,0,1,1,0,0,0
"POINT (11.108966838000072 49.485462996000081)",Unfall 203489 (2019) Kat:3, Licht: 0,203489,3,6,2,01,11,2,0,0,0,1,0,0,1,0
"POINT (11.139631283000028 49.397263155000076)",Unfall 203490 (2019) Kat:2, Licht: 2,203490,2,4,6,01,20,2,0,2,0,0,1,0,0,1
"POINT (11.003760184000043 49.450846169000044)",Unfall 203491 (2019) Kat:3, Licht: 0,203491,3,7,5,01,15,2,0,0,0,1,0,0,0,0
"POINT (11.092042844000048 49.436482329000057)",Unfall 203498 (2019) Kat:3, Licht: 2,203498,3,6,2,01,18,7,0,2,0,1,0,0,0,0
"POINT (11.131265737000035 49.404943147000040)",Unfall 203502 (2019) Kat:3, Licht: 0,203502,3,4,6,01,13,7,0,0,0,1,1,0,0,0
"POINT (11.106924532000050 49.354447857000082)",Unfall 203505 (2019) Kat:3, Licht: 0,203505,3,1,7,01,12,7,0,0,1,0,0,0,0,0
"POINT (11.081383817000074 49.468004485000051)",Unfall 203507 (2019) Kat:3, Licht: 0,203507,3,2,5,01,16,7,0,0,1,1,0,0,0,0
"POINT (11.097363761000054 49.444735472000048)",Unfall 203508 (2019) Kat:3, Licht: 2,203508,3,7,0,01,03,7,0,2,0,1,1,0,0,0
"POINT (11.117860409000059 49.424028800000031)",Unfall 203523 (2019) Kat:3, Licht: 0,203523,3,2,6,01,15,1,0,0,0,1,1,0,0,0
"POINT (11.083636231000071 49.447470219000081)",Unfall 203524 (2019) Kat:3, Licht: 0,203524,3,3,5,01,14,1,0,0,0,1,0,0,0,0
"POINT (11.021058846000074 49.373603340000045)",Unfall 203556 (2019) Kat:3, Licht: 2,203556,3,3,5,02,20,1,2,2,0,1,0,0,0,0
"POINT (11.081089997000049 49.445029881000039)",Unfall 203595 (2019) Kat:3, Licht: 2,203595,3,1,6,02,14,7,1,2,1,0,1,0,0,0
"POINT (11.064213887000051 49.446723675000044)",Unfall 203623 (2019) Kat:3, Licht: 2,203623,3,2,6,02,20,6,1,2,0,1,1,0,0,0
"POINT (11.122278284000060 49.453204080000035)",Unfall 203624 (2019) Kat:3, Licht: 1,203624,3,6,2,02,07,6,2,1,0,1,0,0,0,0
"POINT (11.113905791000036 49.477170743000045)",Unfall 203625 (2019) Kat:3, Licht: 0,203625,3,2,4,02,13,6,0,0,0,1,0,0,0,0
"POINT (11.006725814000049 49.447281732000079)",Unfall 203626 (2019) Kat:3, Licht: 0,203626,3,6,2,02,16,6,0,0,0,1,0,0,0,0
"POINT (11.103751638000062 49.490335056000049)",Unfall 203627 (2019) Kat:3, Licht: 2,203627,3,2,5,02,17,6,1,2,0,1,0,0,0,0
"POINT (11.038026654000021 49.454987666000079)",Unfall 203661 (2019) Kat:2, Licht: 0,203661,2,4,6,01,15,5,0,0,0,1,1,0,0,0
"POINT (11.076868757000057 49.446641794000072)",Unfall 203662 (2019) Kat:3, Licht: 0,203662,3,1,0,01,08,5,2,0,0,0,0,1,0,0
"POINT (11.090359136000075 49.461538873000052)",Unfall 203664 (2019) Kat:3, Licht: 0,203664,3,1,2,01,11,5,0,0,0,1,0,0,0,0
"POINT (11.056959616000029 49.446488717000079)",Unfall 203706 (2019) Kat:3, Licht: 2,203706,3,6,2,01,00,4,0,2,0,1,0,0,0,0
"POINT (11.059200457000031 49.457293259000039)",Unfall 203707 (2019) Kat:3, Licht: 2,203707,3,7,6,01,19,4,0,2,1,0,1,0,0,0
"POINT (11.081469336000055 49.469687619000069)",Unfall 203708 (2019) Kat:3, Licht: 2,203708,3,6,2,01,17,4,0,2,0,1,0,0,0,0
"POINT (11.051665022000066 49.397038218000034)",Unfall 203763 (2019) Kat:3, Licht: 0,203763,3,7,3,02,10,2,0,0,0,1,0,0,1,0
"POINT (11.069196147000071 49.452764999000067)",Unfall 203765 (2019) Kat:3, Licht: 0,203765,3,6,2,02,12,2,0,0,0,1,0,0,0,0
"POINT (11.024546036000061 49.425082871000029)",Unfall 203766 (2019) Kat:3, Licht: 0,203766,3,7,0,02,11,2,0,0,0,0,0,0,0,1
"POINT (11.073165275000065 49.458385265000061)",Unfall 203777 (2019) Kat:2, Licht: 2,203777,2,4,6,01,17,2,1,2,0,1,1,0,0,0
"POINT (11.061267680000071 49.460280614000055)",Unfall 203855 (2019) Kat:3, Licht: 0,203855,3,6,3,02,14,7,0,0,1,0,0,0,0,1
"POINT (11.118506065000076 49.443409084000052)",Unfall 203856 (2019) Kat:2, Licht: 0,203856,2,3,5,02,13,7,0,0,0,1,0,0,0,0
"POINT (11.016057191000073 49.429526411000040)",Unfall 203857 (2019) Kat:3, Licht: 0,203857,3,6,2,02,13,7,0,0,0,1,0,0,0,0
"POINT (11.040966328000025 49.455242490000046)",Unfall 203896 (2019) Kat:3, Licht: 0,203896,3,7,0,02,14,6,0,0,0,1,0,1,0,0
"POINT (11.106160834000036 49.465576329000044)",Unfall 203897 (2019) Kat:3, Licht: 0,203897,3,3,0,02,12,6,0,0,0,0,0,1,0,1
"POINT (11.083735972000056 49.447449484000060)",Unfall 203898 (2019) Kat:3, Licht: 0,203898,3,7,8,02,12,6,1,0,0,1,0,0,1,0
"POINT (11.113481604000071 49.453721274000031)",Unfall 203899 (2019) Kat:3, Licht: 2,203899,3,7,3,02,18,6,1,2,0,1,0,0,0,0
"POINT (11.083798726000055 49.447996909000040)",Unfall 203900 (2019) Kat:3, Licht: 2,203900,3,6,3,02,20,6,0,2,0,1,0,1,0,0
"POINT (11.073230097000021 49.446928460000038)",Unfall 203901 (2019) Kat:3, Licht: 2,203901,3,6,2,02,19,6,0,2,0,1,0,0,0,0
"POINT (11.088749355000061 49.459737205000067)",Unfall 203902 (2019) Kat:3, Licht: 0,203902,3,2,6,02,12,6,0,0,0,1,1,0,0,0
"POINT (11.048955787000068 49.408297247000064)",Unfall 203903 (2019) Kat:3, Licht: 2,203903,3,2,5,02,21,6,0,2,0,1,0,0,0,0
"POINT (11.009640485000034 49.446768751000036)",Unfall 203944 (2019) Kat:3, Licht: 1,203944,3,6,3,02,07,5,0,1,0,1,0,0,1,0
"POINT (11.105720084000041 49.480519005000076)",Unfall 203978 (2019) Kat:3, Licht: 0,203978,3,6,2,02,13,4,0,0,0,1,0,0,1,0
"POINT (11.089011814000060 49.457656648000068)",Unfall 203979 (2019) Kat:3, Licht: 0,203979,3,2,5,02,15,4,0,0,1,1,0,0,0,0
"POINT (11.073094763000029 49.448268098000028)",Unfall 203980 (2019) Kat:3, Licht: 0,203980,3,7,0,02,10,4,0,0,0,1,1,0,1,0
"POINT (11.049572901000033 49.452871703000028)",Unfall 204011 (2019) Kat:2, Licht: 1,204011,2,4,6,02,07,3,1,1,0,1,1,0,0,0
"POINT (11.057590709000067 49.459175084000037)",Unfall 204012 (2019) Kat:3, Licht: 2,204012,3,3,5,02,19,3,0,2,1,1,0,0,0,0
"POINT (11.085300444000040 49.435913656000025)",Unfall 204031 (2019) Kat:3, Licht: 0,204031,3,7,6,02,14,2,1,0,0,1,1,0,0,0
"POINT (11.097259983000072 49.448788969000077)",Unfall 204032 (2019) Kat:3, Licht: 2,204032,3,3,5,02,21,2,0,2,0,1,0,0,0,0
"POINT (11.104591199000026 49.446777457000053)",Unfall 204036 (2019) Kat:3, Licht: 0,204036,3,2,6,02,07,2,0,0,0,1,1,0,0,0
"POINT (11.078494724000052 49.449109870000029)",Unfall 204038 (2019) Kat:3, Licht: 2,204038,3,7,4,02,19,2,0,2,0,1,0,1,0,0
"POINT (11.036082001000068 49.449153913000032)",Unfall 204064 (2019) Kat:3, Licht: 0,204064,3,4,6,02,16,2,0,0,0,1,1,0,0,0
"POINT (11.058127310000032 49.457486756000037)",Unfall 204065 (2019) Kat:3, Licht: 2,204065,3,4,6,02,06,2,1,2,0,1,1,0,0,0
"POINT (11.114584733000072 49.470382839000081)",Unfall 204111 (2019) Kat:3, Licht: 0,204111,3,2,6,02,10,7,0,0,0,1,1,0,0,0
"POINT (11.068680868000058 49.444466708000050)",Unfall 204112 (2019) Kat:3, Licht: 1,204112,3,3,5,02,06,7,0,1,1,1,0,0,0,0
"POINT (11.083545806000075 49.450698659000068)",Unfall 204113 (2019) Kat:3, Licht: 0,204113,3,2,4,02,16,7,0,0,1,1,0,0,0,0
"POINT (11.074980972000048 49.467226752000045)",Unfall 204186 (2019) Kat:3, Licht: 2,204186,3,7,8,02,21,6,0,2,0,0,0,1,0,0
"POINT (11.067636582000034 49.465410931000065)",Unfall 204188 (2019) Kat:3, Licht: 0,204188,3,5,5,02,14,6,0,0,0,1,0,1,0,0
"POINT (11.058323096000038 49.454958956000041)",Unfall 204189 (2019) Kat:3, Licht: 2,204189,3,1,0,02,23,6,0,2,1,0,0,0,0,0
"POINT (11.089994929000056 49.484735637000028)",Unfall 204190 (2019) Kat:3, Licht: 0,204190,3,1,1,02,13,6,0,0,0,1,0,0,0,0
"POINT (11.032726382000021 49.421358539000039)",Unfall 204191 (2019) Kat:3, Licht: 0,204191,3,5,5,02,14,6,0,0,0,1,0,0,0,1
"POINT (11.082087112000067 49.458578142000079)",Unfall 204192 (2019) Kat:2, Licht: 0,204192,2,7,0,02,15,6,0,0,0,0,0,0,0,1
"POINT (11.131194102000052 49.404811914000049)",Unfall 204193 (2019) Kat:3, Licht: 0,204193,3,6,0,02,11,6,0,0,0,1,0,0,0,1
"POINT (11.089477572000021 49.457670198000073)",Unfall 204246 (2019) Kat:3, Licht: 2,204246,3,3,5,02,18,5,0,2,0,1,0,0,0,1
"POINT (11.018349749000038 49.453547793000041)",Unfall 204247 (2019) Kat:3, Licht: 0,204247,3,3,5,02,16,5,0,0,0,1,0,0,0,0
"POINT (11.128249909000033 49.445363221000036)",Unfall 204248 (2019) Kat:3, Licht: 0,204248,3,3,5,02,16,5,0,0,1,1,0,0,0,0
"POINT (11.066759518000026 49.431298815000048)",Unfall 204249 (2019) Kat:3, Licht: 0,204249,3,3,5,02,09,5,0,0,1,1,0,0,0,0
"POINT (11.123418402000027 49.417138334000072)",Unfall 204250 (2019) Kat:3, Licht: 0,204250,3,6,2,02,10,5,0,0,0,1,0,0,0,1
"POINT (11.064673115000062 49.410306777000073)",Unfall 204292 (2019) Kat:3, Licht: 0,204292,3,3,5,02,07,4,0,0,1,1,0,0,0,0
"POINT (11.141753875000063 49.396140618000061)",Unfall 204293 (2019) Kat:3, Licht: 0,204293,3,6,2,02,12,4,0,0,0,1,0,0,0,0
"POINT (11.124961150000047 49.409805146000053)",Unfall 204294 (2019) Kat:3, Licht: 0,204294,3,3,5,02,11,4,0,0,0,1,0,0,0,0
"POINT (11.041365529000075 49.406092934000071)",Unfall 204295 (2019) Kat:3, Licht: 0,204295,3,4,6,02,13,4,0,0,0,1,1,0,0,0
"POINT (11.014109343000030 49.426293698000052)",Unfall 204320 (2019) Kat:2, Licht: 0,204320,2,7,0,02,17,3,0,0,0,0,0,1,0,0
"POINT (11.076107494000041 49.460832402000051)",Unfall 204322 (2019) Kat:3, Licht: 2,204322,3,2,5,02,18,3,0,2,1,1,0,0,0,0
"POINT (11.065163638000058 49.429300296000065)",Unfall 204345 (2019) Kat:3, Licht: 2,204345,3,3,5,02,20,1,0,2,1,1,0,0,0,0
"POINT (11.081540510000025 49.468453764000060)",Unfall 204364 (2019) Kat:3, Licht: 0,204364,3,3,5,02,15,7,0,0,0,1,0,0,0,0
"POINT (11.048224630000050 49.436587254000074)",Unfall 204390 (2019) Kat:3, Licht: 0,204390,3,6,4,02,12,6,0,0,0,1,0,0,0,0