WKT,Name,OBJECTID,UKATEGORIE,UTYP1,UART,UMONAT,USTUNDE,UWOCHENTAG,STRZUSTAND,ULICHTVERH,ISTRAD,ISTPKW,ISTFUSS,ISTKRAD,ISTGKFZ,ISTSONSTIG
"POINT (11.087688085000025 49.454260150000039)",Unfall 204391 (2019) Kat:2, Licht: 0,204391,2,3,5,02,15,6,0,0,1,1,0,0,0,0
"POINT (11.058656000000042 49.459990230000074)",Unfall 204392 (2019) Kat:3, Licht: 2,204392,3,4,6,02,18,6,1,2,0,1,1,0,0,0
"POINT (11.083613643000035 49.450678257000050)",Unfall 204421 (2019) Kat:3, Licht: 0,204421,3,2,0,02,10,2,0,0,1,1,0,0,0,0
"POINT (11.134312471000044 49.472055461000082)",Unfall 204430 (2019) Kat:3, Licht: 0,204430,3,2,5,02,13,2,0,0,1,1,0,0,0,0
"POINT (11.069937739000068 49.451683018000040)",Unfall 204435 (2019) Kat:3, Licht: 0,204435,3,6,4,02,10,2,0,0,1,1,0,0,0,0
"POINT (11.044818730000031 49.465456938000045)",Unfall 204440 (2019) Kat:2, Licht: 0,204440,2,1,0,02,13,5,0,0,0,0,0,1,0,0
"POINT (11.098570931000040 49.454779596000037)",Unfall 204445 (2019) Kat:3, Licht: 1,204445,3,6,4,02,18,2,0,1,1,1,0,0,0,0
"POINT (11.056431290000035 49.446120942000050)",Unfall 204458 (2019) Kat:3, Licht: 0,204458,3,6,2,02,13,2,0,0,0,1,0,0,0,0
"POINT (11.139270133000025 49.415242266000064)",Unfall 204483 (2019) Kat:3, Licht: 0,204483,3,2,4,02,08,4,0,0,0,1,0,0,0,0
"POINT (11.057079181000063 49.450590508000062)",Unfall 204575 (2019) Kat:2, Licht: 0,204575,2,3,6,02,08,2,0,0,0,1,1,0,0,0
"POINT (11.040839330000040 49.408891708000056)",Unfall 204576 (2019) Kat:3, Licht: 0,204576,3,4,6,02,07,2,0,0,0,1,1,0,0,0
"POINT (11.071606525000050 49.447048879000079)",Unfall 204577 (2019) Kat:3, Licht: 0,204577,3,6,2,02,12,2,0,0,0,1,0,0,0,0
"POINT (11.123799010000027 49.434939457000041)",Unfall 204578 (2019) Kat:3, Licht: 0,204578,3,4,6,02,15,2,0,0,0,1,1,0,0,0
"POINT (11.060182199000053 49.446897554000032)",Unfall 204580 (2019) Kat:3, Licht: 0,204580,3,6,2,02,13,2,0,0,0,1,0,0,0,0
"POINT (11.122166360000051 49.442479207000076)",Unfall 204636 (2019) Kat:3, Licht: 0,204636,3,6,0,03,08,6,1,0,0,1,0,1,0,0
"POINT (11.080353568000021 49.442250824000041)",Unfall 204637 (2019) Kat:3, Licht: 2,204637,3,4,6,03,19,6,1,2,1,0,1,0,0,0
"POINT (11.064306341000076 49.446482731000060)",Unfall 204655 (2019) Kat:3, Licht: 0,204655,3,3,5,03,15,2,0,0,1,1,0,0,0,0
"POINT (11.079420454000058 49.449367472000063)",Unfall 204691 (2019) Kat:3, Licht: 0,204691,3,4,6,02,08,5,0,0,1,0,1,0,0,0
"POINT (11.155388669000047 49.462432786000079)",Unfall 204692 (2019) Kat:3, Licht: 0,204692,3,5,1,02,17,5,0,0,1,1,0,0,0,0
"POINT (11.071355599000071 49.471382053000070)",Unfall 204693 (2019) Kat:3, Licht: 0,204693,3,3,5,02,17,5,0,0,0,1,0,0,0,0
"POINT (11.139276875000064 49.415237823000041)",Unfall 204756 (2019) Kat:3, Licht: 0,204756,3,2,5,02,16,4,0,0,0,1,0,0,0,0
"POINT (11.009844312000041 49.456891352000071)",Unfall 204757 (2019) Kat:3, Licht: 0,204757,3,6,2,02,10,4,0,0,1,1,0,0,0,0
"POINT (11.085861464000061 49.445384530000069)",Unfall 204758 (2019) Kat:3, Licht: 0,204758,3,2,5,02,15,4,0,0,1,0,0,0,0,0
"POINT (11.040805242000033 49.448837325000056)",Unfall 204759 (2019) Kat:3, Licht: 0,204759,3,3,0,02,07,4,0,0,0,1,0,1,0,0
"POINT (11.011277450000023 49.463883376000069)",Unfall 204761 (2019) Kat:3, Licht: 2,204761,3,6,2,02,18,4,0,2,0,1,0,0,0,0
"POINT (11.010872443000039 49.460839447000069)",Unfall 204773 (2019) Kat:3, Licht: 2,204773,3,3,5,03,18,2,1,2,0,1,0,0,0,0
"POINT (11.032863143000043 49.490458349000050)",Unfall 204776 (2019) Kat:3, Licht: 0,204776,3,3,5,03,13,1,0,0,0,1,0,0,0,1
"POINT (11.080753989000073 49.452255578000063)",Unfall 204814 (2019) Kat:3, Licht: 0,204814,3,2,6,02,09,3,0,0,0,1,1,0,0,0
"POINT (11.129954438000027 49.406397430000027)",Unfall 204815 (2019) Kat:3, Licht: 0,204815,3,1,0,02,07,3,0,0,1,0,0,0,0,0
"POINT (11.002518770000052 49.517769110000074)",Unfall 204816 (2019) Kat:3, Licht: 0,204816,3,5,1,02,14,3,0,0,1,1,0,0,0,0
"POINT (11.073202923000053 49.473816905000035)",Unfall 204818 (2019) Kat:3, Licht: 1,204818,3,3,5,02,06,3,0,1,0,1,0,0,0,0
"POINT (11.044977102000075 49.458676677000028)",Unfall 204894 (2019) Kat:3, Licht: 0,204894,3,2,5,03,16,2,1,0,0,1,0,0,0,0
"POINT (11.069798220000052 49.465270268000040)",Unfall 204895 (2019) Kat:3, Licht: 0,204895,3,3,5,03,12,2,1,0,1,1,0,0,0,0
"POINT (11.085623661000056 49.461809490000064)",Unfall 204896 (2019) Kat:3, Licht: 0,204896,3,7,6,03,09,2,1,0,0,1,1,0,0,0
"POINT (11.092911318000063 49.484607314000073)",Unfall 204944 (2019) Kat:3, Licht: 0,204944,3,2,5,03,16,7,1,0,0,1,0,1,0,0
"POINT (11.084605215000067 49.421228031000055)",Unfall 204945 (2019) Kat:2, Licht: 0,204945,2,1,9,03,11,7,1,0,0,0,0,1,0,0
"POINT (11.073584869000058 49.439289615000064)",Unfall 204946 (2019) Kat:3, Licht: 0,204946,3,6,2,03,09,7,1,0,0,0,0,0,0,1
"POINT (11.091270747000067 49.460106505000056)",Unfall 204988 (2019) Kat:3, Licht: 0,204988,3,6,2,03,08,6,0,0,0,1,0,0,0,0
"POINT (11.081620830000077 49.441227046000051)",Unfall 204989 (2019) Kat:3, Licht: 1,204989,3,2,6,03,17,6,1,1,0,1,1,0,0,0
"POINT (11.081776471000069 49.440754544000072)",Unfall 204990 (2019) Kat:3, Licht: 0,204990,3,1,0,03,16,6,1,0,0,0,0,1,0,0
"POINT (11.051637174000064 49.442756957000029)",Unfall 205009 (2019) Kat:3, Licht: 0,205009,3,6,2,03,07,3,0,0,0,1,0,0,0,1
"POINT (10.999029856000050 49.448105473000055)",Unfall 205012 (2019) Kat:3, Licht: 2,205012,3,7,5,03,18,3,0,2,0,1,0,0,0,0
"POINT (11.085645813000042 49.447352289000037)",Unfall 205018 (2019) Kat:3, Licht: 0,205018,3,6,3,03,14,3,0,0,0,0,0,0,0,1
"POINT (11.055626682000025 49.446977569000069)",Unfall 205031 (2019) Kat:3, Licht: 0,205031,3,1,0,03,15,3,0,0,0,0,0,1,0,0
"POINT (11.011690838000050 49.433071282000071)",Unfall 205032 (2019) Kat:3, Licht: 0,205032,3,6,3,03,17,5,1,0,0,1,0,0,0,0
"POINT (11.081955565000044 49.447814092000044)",Unfall 205033 (2019) Kat:3, Licht: 2,205033,3,2,5,03,19,5,0,2,1,1,0,0,0,0
"POINT (11.084024033000048 49.440728029000070)",Unfall 205034 (2019) Kat:3, Licht: 0,205034,3,6,0,03,14,5,0,0,0,0,0,0,0,1
"POINT (11.045227146000059 49.442359035000038)",Unfall 205035 (2019) Kat:3, Licht: 2,205035,3,2,4,03,05,5,0,2,0,1,0,0,0,0
"POINT (11.068194227000049 49.441813800000034)",Unfall 205075 (2019) Kat:3, Licht: 2,205075,3,2,5,03,19,4,0,2,1,1,0,0,0,0
"POINT (11.011472945000037 49.464406868000026)",Unfall 205116 (2019) Kat:3, Licht: 1,205116,3,3,5,03,19,3,0,1,0,1,0,0,0,0
"POINT (11.035085195000022 49.438649279000060)",Unfall 205117 (2019) Kat:3, Licht: 0,205117,3,7,4,03,13,3,0,0,0,1,0,0,0,0
"POINT (11.083190880000075 49.449770569000066)",Unfall 205179 (2019) Kat:3, Licht: 2,205179,3,3,5,03,02,1,0,2,0,1,0,0,0,0
"POINT (11.109218054000053 49.451993347000041)",Unfall 205215 (2019) Kat:3, Licht: 0,205215,3,6,2,03,14,7,0,0,0,1,0,0,0,0
"POINT (11.103136387000063 49.457507234000047)",Unfall 205216 (2019) Kat:3, Licht: 2,205216,3,7,0,03,23,7,0,2,0,1,1,0,0,0
"POINT (11.067312532000074 49.448648590000062)",Unfall 205218 (2019) Kat:3, Licht: 2,205218,3,4,6,03,01,7,0,2,0,1,1,0,0,0
"POINT (11.172308585000053 49.389507696000067)",Unfall 205263 (2019) Kat:3, Licht: 2,205263,3,6,2,03,19,6,0,2,0,1,0,0,0,0
"POINT (11.098973761000025 49.463082386000053)",Unfall 205264 (2019) Kat:3, Licht: 0,205264,3,3,5,03,13,6,0,0,1,1,0,0,0,0
"POINT (11.101946660000067 49.475363375000029)",Unfall 205266 (2019) Kat:3, Licht: 0,205266,3,1,0,03,08,6,0,0,1,0,0,0,0,0
"POINT (11.074846344000036 49.459114906000082)",Unfall 205267 (2019) Kat:3, Licht: 2,205267,3,7,6,03,20,6,1,2,0,1,1,0,0,0
"POINT (11.044241862000035 49.426971034000076)",Unfall 205268 (2019) Kat:2, Licht: 2,205268,2,4,6,03,21,6,1,2,0,1,1,0,0,0
"POINT (11.081445197000050 49.468875123000032)",Unfall 205269 (2019) Kat:2, Licht: 0,205269,2,6,3,03,07,6,1,0,0,1,0,0,0,0
"POINT (11.053914333000023 49.459792340000035)",Unfall 205270 (2019) Kat:3, Licht: 0,205270,3,7,1,03,17,6,1,0,0,1,0,0,0,0
"POINT (11.052112875000034 49.451986873000067)",Unfall 205333 (2019) Kat:2, Licht: 0,205333,2,4,6,03,16,5,1,0,0,1,1,0,0,0
"POINT (11.109014519000027 49.444847036000056)",Unfall 205335 (2019) Kat:2, Licht: 0,205335,2,3,6,03,11,5,1,0,0,1,1,0,0,0
"POINT (11.003210118000027 49.441152699000043)",Unfall 205336 (2019) Kat:3, Licht: 0,205336,3,6,2,03,14,5,1,0,0,1,0,0,0,0
"POINT (11.094824868000046 49.458451451000030)",Unfall 205338 (2019) Kat:3, Licht: 0,205338,3,3,5,03,13,5,0,0,1,1,0,0,0,0
"POINT (11.091277918000060 49.436490010000057)",Unfall 205353 (2019) Kat:3, Licht: 0,205353,3,4,6,03,16,3,0,0,0,1,1,0,0,0
"POINT (11.071069741000031 49.371655843000042)",Unfall 205384 (2019) Kat:3, Licht: 0,205384,3,3,5,03,16,2,0,0,1,1,0,0,0,0
"POINT (11.015875564000055 49.453570442000057)",Unfall 205387 (2019) Kat:2, Licht: 0,205387,2,3,5,03,09,4,0,0,0,1,0,0,0,0
"POINT (11.088687446000051 49.447829046000038)",Unfall 205388 (2019) Kat:3, Licht: 0,205388,3,2,3,03,18,4,0,0,1,1,0,0,0,0
"POINT (11.010872799000026 49.460829693000051)",Unfall 205391 (2019) Kat:3, Licht: 2,205391,3,7,3,03,18,2,1,2,0,1,0,0,0,0
"POINT (11.061895264000043 49.401593461000061)",Unfall 205396 (2019) Kat:3, Licht: 2,205396,3,3,5,03,19,2,1,2,1,1,0,0,0,0
"POINT (11.078188572000045 49.441960659000074)",Unfall 205424 (2019) Kat:3, Licht: 2,205424,3,3,5,03,23,7,0,2,0,1,0,0,0,0
"POINT (11.119436248000056 49.442454554000051)",Unfall 205425 (2019) Kat:3, Licht: 0,205425,3,1,0,03,16,7,0,0,1,0,0,0,0,0
"POINT (11.071157775000074 49.445354207000037)",Unfall 205426 (2019) Kat:3, Licht: 0,205426,3,6,2,03,16,7,0,0,0,1,0,0,0,0
"POINT (11.049593069000025 49.442156068000031)",Unfall 205489 (2019) Kat:3, Licht: 0,205489,3,5,0,03,16,6,0,0,1,1,0,0,0,0
"POINT (11.086513222000065 49.428884004000054)",Unfall 205490 (2019) Kat:3, Licht: 0,205490,3,3,5,03,14,6,0,0,0,1,0,0,0,0
"POINT (11.087140501000022 49.427003538000065)",Unfall 205491 (2019) Kat:2, Licht: 0,205491,2,7,0,03,16,6,0,0,0,1,0,1,0,0
"POINT (11.087164199000028 49.449060611000050)",Unfall 205492 (2019) Kat:3, Licht: 2,205492,3,1,0,03,19,6,0,2,1,0,0,0,0,0
"POINT (11.016310204000035 49.429291953000074)",Unfall 205493 (2019) Kat:3, Licht: 0,205493,3,6,3,03,15,6,0,0,0,1,0,0,0,0
"POINT (11.069107952000024 49.452652953000040)",Unfall 205494 (2019) Kat:3, Licht: 0,205494,3,2,5,03,15,6,0,0,0,1,0,0,0,0
"POINT (11.090418574000068 49.441632703000039)",Unfall 205561 (2019) Kat:3, Licht: 0,205561,3,7,0,03,22,5,0,0,1,0,0,0,0,0
"POINT (11.113042826000026 49.487618814000029)",Unfall 205562 (2019) Kat:3, Licht: 0,205562,3,3,5,03,08,5,0,0,1,1,0,0,0,0
"POINT (11.059173158000021 49.434896797000079)",Unfall 205613 (2019) Kat:3, Licht: 0,205613,3,1,0,03,15,4,0,0,1,0,0,0,0,0
"POINT (11.097425478000048 49.448539396000058)",Unfall 205614 (2019) Kat:3, Licht: 0,205614,3,2,6,03,09,4,0,0,0,1,1,0,0,0
"POINT (11.034258592000072 49.408581029000061)",Unfall 205615 (2019) Kat:3, Licht: 0,205615,3,7,1,03,11,4,0,0,0,1,0,0,0,0
"POINT (11.064455556000041 49.413842337000062)",Unfall 205616 (2019) Kat:3, Licht: 0,205616,3,6,2,03,07,4,0,0,0,1,0,0,0,0
"POINT (11.101233069000045 49.465980655000067)",Unfall 205617 (2019) Kat:2, Licht: 0,205617,2,6,3,03,14,4,0,0,1,0,0,0,0,0
"POINT (11.068346433000045 49.406369900000072)",Unfall 205668 (2019) Kat:2, Licht: 0,205668,2,6,1,03,16,3,0,0,0,1,0,0,1,0
"POINT (11.125177505000067 49.418169318000025)",Unfall 205669 (2019) Kat:3, Licht: 0,205669,3,3,5,03,09,3,0,0,1,1,0,0,0,0
"POINT (11.043348610000066 49.442970940000066)",Unfall 205672 (2019) Kat:3, Licht: 0,205672,3,3,5,03,12,3,0,0,0,1,0,0,0,0
"POINT (11.067540373000043 49.432702498000026)",Unfall 205728 (2019) Kat:3, Licht: 0,205728,3,3,0,03,09,5,0,0,1,1,0,0,0,0
"POINT (11.083032569000068 49.449847995000027)",Unfall 205729 (2019) Kat:3, Licht: 2,205729,3,6,2,03,21,5,0,2,0,1,0,0,1,0
"POINT (11.064787224000042 49.484336333000044)",Unfall 205771 (2019) Kat:3, Licht: 0,205771,3,3,5,03,07,4,0,0,1,1,0,0,0,0
"POINT (11.104224264000038 49.443004179000070)",Unfall 205819 (2019) Kat:2, Licht: 0,205819,2,4,6,03,09,3,0,0,0,0,1,0,0,1
"POINT (11.097380158000021 49.445874419000063)",Unfall 205820 (2019) Kat:2, Licht: 0,205820,2,4,6,03,07,3,0,0,0,0,1,1,0,0
"POINT (11.090860188000022 49.446321867000051)",Unfall 205821 (2019) Kat:3, Licht: 0,205821,3,6,0,03,08,3,0,0,0,1,0,0,0,1
"POINT (11.104208813000071 49.484135471000059)",Unfall 205858 (2019) Kat:3, Licht: 0,205858,3,3,5,03,15,2,1,0,0,1,0,0,0,0
"POINT (11.080876576000037 49.450888345000067)",Unfall 205985 (2019) Kat:3, Licht: 0,205985,3,7,0,04,14,2,0,0,1,1,0,0,0,0
"POINT (11.090472629000033 49.438501153000061)",Unfall 205986 (2019) Kat:2, Licht: 0,205986,2,7,5,04,07,2,0,0,0,1,0,0,0,0
"POINT (11.093241273000046 49.405230436000068)",Unfall 205987 (2019) Kat:3, Licht: 0,205987,3,6,2,04,17,2,0,0,0,1,0,0,0,0
"POINT (11.070359195000037 49.455722579000053)",Unfall 206043 (2019) Kat:2, Licht: 2,206043,2,1,0,03,00,1,0,2,1,0,0,0,0,0
"POINT (11.070010295000031 49.459631042000069)",Unfall 206044 (2019) Kat:3, Licht: 0,206044,3,3,5,03,18,1,0,0,1,1,0,0,0,0
"POINT (11.048929772000065 49.439450934000035)",Unfall 206093 (2019) Kat:3, Licht: 0,206093,3,7,0,03,16,7,0,0,0,1,1,0,0,0
"POINT (11.081463629000041 49.473827698000036)",Unfall 206094 (2019) Kat:3, Licht: 2,206094,3,3,5,03,23,7,0,2,0,1,0,0,0,0
"POINT (11.088841918000071 49.442268222000052)",Unfall 206156 (2019) Kat:3, Licht: 0,206156,3,5,1,03,08,6,0,0,1,1,0,0,0,0
"POINT (11.057646276000071 49.460285032000058)",Unfall 206157 (2019) Kat:3, Licht: 0,206157,3,1,0,03,15,6,0,0,1,0,0,0,0,0
"POINT (11.080710574000022 49.445798656000079)",Unfall 206158 (2019) Kat:3, Licht: 2,206158,3,6,2,03,18,6,0,2,0,1,0,1,0,0
"POINT (11.066346076000059 49.407560795000052)",Unfall 206159 (2019) Kat:3, Licht: 0,206159,3,2,3,03,14,6,0,0,1,1,0,0,0,0
"POINT (11.091125798000064 49.456713134000040)",Unfall 206160 (2019) Kat:3, Licht: 2,206160,3,3,5,03,21,6,0,2,0,1,0,0,0,1
"POINT (11.116988196000023 49.467102857000043)",Unfall 206161 (2019) Kat:2, Licht: 0,206161,2,4,6,03,07,6,0,0,1,0,1,0,0,0
"POINT (11.075938042000075 49.441524044000062)",Unfall 206186 (2019) Kat:3, Licht: 0,206186,3,1,3,04,14,7,0,0,1,1,0,0,0,0
"POINT (11.075023841000075 49.449112789000026)",Unfall 206246 (2019) Kat:3, Licht: 2,206246,3,3,5,04,21,6,0,2,1,1,0,0,0,0
"POINT (11.067855223000038 49.433878778000064)",Unfall 206247 (2019) Kat:3, Licht: 0,206247,3,1,0,04,17,6,0,0,1,0,0,0,0,0
"POINT (11.010862434000046 49.461523153000030)",Unfall 206294 (2019) Kat:2, Licht: 0,206294,2,3,5,04,15,5,0,0,0,1,0,1,0,0
"POINT (11.056733031000022 49.446296065000070)",Unfall 206295 (2019) Kat:3, Licht: 0,206295,3,6,2,04,16,5,0,0,0,1,0,0,0,0
"POINT (11.053958417000047 49.403270247000080)",Unfall 206364 (2019) Kat:2, Licht: 0,206364,2,2,5,04,06,4,0,0,1,1,0,0,0,0
"POINT (11.093186105000029 49.435138356000039)",Unfall 206365 (2019) Kat:3, Licht: 0,206365,3,6,3,04,07,4,0,0,0,1,0,0,0,0
"POINT (11.109507870000073 49.492848845000026)",Unfall 206366 (2019) Kat:2, Licht: 0,206366,2,7,0,04,06,4,0,0,1,0,0,0,0,0
"POINT (11.062935458000027 49.426290695000034)",Unfall 206367 (2019) Kat:3, Licht: 0,206367,3,3,5,04,09,4,0,0,0,1,0,0,0,0
"POINT (11.074788318000060 49.473888378000026)",Unfall 206411 (2019) Kat:2, Licht: 0,206411,2,4,6,04,19,7,0,0,0,1,1,0,0,0
"POINT (11.068921146000037 49.449330489000033)",Unfall 206418 (2019) Kat:3, Licht: 0,206418,3,3,5,04,19,7,0,0,1,1,0,0,0,0
"POINT (11.082362213000067 49.462309422000033)",Unfall 206420 (2019) Kat:3, Licht: 0,206420,3,2,5,04,12,7,0,0,1,1,0,0,0,0
"POINT (11.141924130000064 49.467544154000052)",Unfall 206423 (2019) Kat:3, Licht: 2,206423,3,1,8,04,00,7,0,2,0,1,0,0,0,0
"POINT (11.089926659000071 49.458857552000040)",Unfall 206437 (2019) Kat:3, Licht: 0,206437,3,5,1,04,18,3,0,0,1,1,0,0,0,0
"POINT (11.113278636000075 49.444269462000079)",Unfall 206438 (2019) Kat:3, Licht: 0,206438,3,6,2,04,14,3,0,0,0,1,0,0,0,0
"POINT (11.096601257000032 49.437150728000063)",Unfall 206487 (2019) Kat:3, Licht: 2,206487,3,7,7,04,22,4,0,2,0,1,0,1,0,0
"POINT (11.057955717000027 49.433191857000054)",Unfall 206488 (2019) Kat:3, Licht: 0,206488,3,3,5,04,14,4,0,0,1,1,0,0,0,0
"POINT (11.098038251000048 49.456112849000078)",Unfall 206489 (2019) Kat:3, Licht: 2,206489,3,7,0,04,22,4,0,2,1,0,0,0,0,0
"POINT (11.068297302000076 49.477211653000040)",Unfall 206540 (2019) Kat:3, Licht: 0,206540,3,3,0,04,15,3,0,0,1,1,0,0,0,0
"POINT (11.040886980000039 49.409198953000043)",Unfall 206581 (2019) Kat:3, Licht: 0,206581,3,6,2,04,09,5,0,0,0,1,0,0,0,1
"POINT (11.075751930000024 49.443682373000058)",Unfall 206585 (2019) Kat:3, Licht: 0,206585,3,3,5,04,07,5,0,0,0,1,0,0,0,0
"POINT (11.071885184000053 49.457189105000054)",Unfall 206601 (2019) Kat:3, Licht: 0,206601,3,6,2,04,07,2,0,0,0,1,0,0,0,0
"POINT (11.016767030000040 49.455009397000026)",Unfall 206602 (2019) Kat:2, Licht: 0,206602,2,2,6,04,08,2,0,0,0,0,1,0,0,1
"POINT (11.080134590000057 49.457047947000035)",Unfall 206603 (2019) Kat:3, Licht: 0,206603,3,6,2,04,14,2,0,0,0,1,0,0,0,0
"POINT (11.083430426000064 49.455940559000055)",Unfall 206604 (2019) Kat:3, Licht: 0,206604,3,6,2,04,16,2,0,0,0,1,0,0,0,1
"POINT (11.081477021000069 49.468478510000068)",Unfall 206605 (2019) Kat:3, Licht: 0,206605,3,3,5,04,14,2,0,0,1,1,0,0,0,0
"POINT (11.051812470000073 49.443512213000076)",Unfall 206606 (2019) Kat:3, Licht: 0,206606,3,2,3,04,07,2,0,0,0,1,0,1,0,0
"POINT (11.082740526000066 49.440551517000074)",Unfall 206607 (2019) Kat:3, Licht: 0,206607,3,3,5,04,08,2,0,0,0,1,0,1,0,0
"POINT (11.079870816000039 49.479827878000037)",Unfall 206608 (2019) Kat:3, Licht: 0,206608,3,6,0,04,07,2,0,0,1,0,0,0,0,0
"POINT (11.086037225000041 49.445421274000068)",Unfall 206609 (2019) Kat:3, Licht: 0,206609,3,2,5,04,12,2,0,0,1,1,0,0,0,0
"POINT (11.131641322000064 49.404480716000080)",Unfall 206624 (2019) Kat:3, Licht: 0,206624,3,3,5,04,17,5,0,0,1,1,0,0,0,0
"POINT (11.061506281000050 49.491102899000055)",Unfall 206660 (2019) Kat:3, Licht: 0,206660,3,3,0,04,13,1,0,0,0,1,0,1,0,0
"POINT (11.080243127000074 49.446542584000042)",Unfall 206661 (2019) Kat:3, Licht: 0,206661,3,7,9,04,13,1,0,0,0,1,0,0,0,0
"POINT (11.083581819000074 49.447506160000046)",Unfall 206739 (2019) Kat:3, Licht: 0,206739,3,6,0,04,16,3,0,0,0,1,0,1,0,0
"POINT (11.041915605000042 49.474426952000044)",Unfall 206740 (2019) Kat:3, Licht: 0,206740,3,3,5,04,19,3,0,0,1,0,0,1,0,0
"POINT (11.083186253000065 49.436473489000036)",Unfall 206741 (2019) Kat:3, Licht: 0,206741,3,6,2,04,17,3,0,0,0,1,0,0,0,0
"POINT (11.064152337000053 49.446650702000056)",Unfall 206742 (2019) Kat:3, Licht: 0,206742,3,2,6,04,15,3,0,0,0,1,1,0,0,0
"POINT (11.072332604000053 49.448954179000054)",Unfall 206799 (2019) Kat:3, Licht: 0,206799,3,2,5,04,07,2,0,0,0,1,0,1,0,0
"POINT (11.055604632000041 49.357914975000028)",Unfall 206800 (2019) Kat:2, Licht: 0,206800,2,1,0,04,10,2,0,0,1,0,0,0,0,0
"POINT (11.098391065000044 49.484110812000040)",Unfall 206801 (2019) Kat:3, Licht: 0,206801,3,4,6,04,17,2,0,0,1,0,1,0,0,0
"POINT (11.099970901000063 49.438458069000035)",Unfall 206802 (2019) Kat:3, Licht: 0,206802,3,2,3,04,12,2,0,0,0,1,0,1,0,0
"POINT (11.017494267000075 49.456562169000051)",Unfall 206803 (2019) Kat:2, Licht: 0,206803,2,5,5,04,14,2,0,0,0,1,0,1,0,0
"POINT (11.065294556000026 49.448585120000075)",Unfall 206804 (2019) Kat:3, Licht: 0,206804,3,6,3,04,13,2,0,0,0,1,0,0,0,1
"POINT (11.086958799000058 49.453557136000029)",Unfall 206805 (2019) Kat:3, Licht: 0,206805,3,6,2,04,08,2,0,0,0,1,0,0,0,0
"POINT (11.083557475000077 49.447309572000052)",Unfall 206886 (2019) Kat:3, Licht: 2,206886,3,4,6,04,01,7,0,2,0,1,1,0,0,0
"POINT (11.080770758000028 49.449874932000057)",Unfall 206928 (2019) Kat:3, Licht: 0,206928,3,5,1,04,11,6,0,0,1,1,0,0,0,0
"POINT (11.096381820000033 49.438776542000028)",Unfall 206929 (2019) Kat:2, Licht: 0,206929,2,3,5,04,13,6,0,0,1,1,0,0,0,0
"POINT (11.088803199000040 49.457644585000025)",Unfall 206930 (2019) Kat:3, Licht: 0,206930,3,3,0,04,14,6,0,0,1,0,0,0,0,1
"POINT (11.034007830000064 49.403795219000074)",Unfall 207025 (2019) Kat:2, Licht: 0,207025,2,1,0,04,09,7,0,0,1,0,0,0,0,0
"POINT (11.023191540000028 49.471311155000080)",Unfall 207026 (2019) Kat:3, Licht: 0,207026,3,1,0,04,17,7,0,0,1,1,0,0,0,0
"POINT (11.051377919000061 49.442685313000027)",Unfall 207027 (2019) Kat:3, Licht: 0,207027,3,2,3,04,19,7,0,0,1,1,0,0,0,0
"POINT (11.252746737000052 49.435804392000080)",Unfall 207028 (2019) Kat:2, Licht: 0,207028,2,3,5,04,17,7,0,0,1,1,0,0,0,0
"POINT (11.073632691000057 49.473876474000065)",Unfall 207029 (2019) Kat:3, Licht: 0,207029,3,7,1,04,12,7,0,0,1,1,0,0,0,0
"POINT (11.074661833000050 49.455249557000059)",Unfall 207082 (2019) Kat:3, Licht: 0,207082,3,7,0,04,08,1,0,0,1,0,0,0,0,0
"POINT (11.056047576000026 49.453714246000061)",Unfall 207095 (2019) Kat:3, Licht: 0,207095,3,2,6,04,17,6,0,0,0,1,1,0,0,0
"POINT (11.080543934000048 49.445850915000051)",Unfall 207096 (2019) Kat:3, Licht: 0,207096,3,2,4,04,15,6,0,0,1,1,0,0,0,0
"POINT (11.070478936000029 49.449478974000044)",Unfall 207097 (2019) Kat:3, Licht: 0,207097,3,3,5,04,11,6,0,0,0,1,0,1,0,0
"POINT (11.080466762000071 49.446335514000054)",Unfall 207098 (2019) Kat:3, Licht: 0,207098,3,6,3,04,18,6,0,0,0,1,0,0,0,0
"POINT (11.024937890000047 49.462433652000072)",Unfall 207099 (2019) Kat:3, Licht: 2,207099,3,1,0,04,22,6,0,2,1,0,0,0,0,0
"POINT (11.080335713000068 49.416300366000030)",Unfall 207157 (2019) Kat:3, Licht: 0,207157,3,6,2,04,11,5,0,0,0,1,0,1,0,0
"POINT (11.047863135000057 49.439947181000036)",Unfall 207238 (2019) Kat:3, Licht: 0,207238,3,3,5,04,11,4,0,0,0,1,0,0,0,0
"POINT (11.010536806000061 49.429404665000050)",Unfall 207239 (2019) Kat:3, Licht: 0,207239,3,3,5,04,08,4,0,0,1,1,0,0,0,0
"POINT (11.132090811000069 49.459174353000037)",Unfall 207240 (2019) Kat:2, Licht: 0,207240,2,7,0,04,15,4,0,0,0,0,0,0,0,1
"POINT (11.088939749000076 49.455674872000031)",Unfall 207277 (2019) Kat:3, Licht: 0,207277,3,3,5,04,11,5,0,0,0,1,0,0,0,0
"POINT (11.161921636000045 49.466522081000051)",Unfall 207278 (2019) Kat:2, Licht: 0,207278,2,1,0,04,10,5,0,0,1,0,0,0,0,0