WKT,Name,OBJECTID,UKATEGORIE,UTYP1,UART,UMONAT,USTUNDE,UWOCHENTAG,STRZUSTAND,ULICHTVERH,ISTRAD,ISTPKW,ISTFUSS,ISTKRAD,ISTGKFZ,ISTSONSTIG
"POINT (11.082417457000076 49.461670819000062)",Unfall 207279 (2019) Kat:3, Licht: 0,207279,3,2,5,04,09,5,0,0,0,1,0,1,0,0
"POINT (11.161511911000048 49.466619650000041)",Unfall 207280 (2019) Kat:3, Licht: 0,207280,3,1,6,04,10,5,0,0,0,1,1,0,0,0
"POINT (11.062221448000059 49.424015498000074)",Unfall 207281 (2019) Kat:3, Licht: 0,207281,3,2,5,04,17,5,0,0,1,1,0,0,0,0
"POINT (11.058950263000042 49.445722225000054)",Unfall 207315 (2019) Kat:3, Licht: 0,207315,3,3,5,04,08,6,0,0,1,1,0,0,0,0
"POINT (11.057520708000027 49.447016897000026)",Unfall 207359 (2019) Kat:3, Licht: 0,207359,3,6,2,04,10,4,0,0,0,1,0,1,0,0
"POINT (11.088389060000054 49.461394419000044)",Unfall 207360 (2019) Kat:3, Licht: 0,207360,3,1,0,04,14,4,0,0,1,0,0,0,0,0
"POINT (11.161468898000066 49.398641672000053)",Unfall 207361 (2019) Kat:3, Licht: 0,207361,3,2,5,04,09,4,0,0,1,1,0,0,0,0
"POINT (11.096789248000050 49.458891709000056)",Unfall 207435 (2019) Kat:3, Licht: 0,207435,3,7,8,04,15,3,0,0,0,1,0,0,0,0
"POINT (11.108207799000070 49.446955910000042)",Unfall 207436 (2019) Kat:3, Licht: 0,207436,3,2,3,04,14,3,0,0,1,0,0,0,0,0
"POINT (11.082992533000038 49.447201141000050)",Unfall 207437 (2019) Kat:3, Licht: 2,207437,3,6,2,04,21,3,0,2,0,1,0,0,0,0
"POINT (11.063332839000054 49.459000182000068)",Unfall 207438 (2019) Kat:3, Licht: 0,207438,3,2,0,04,16,3,0,0,1,1,0,0,0,0
"POINT (11.101381069000070 49.443205429000045)",Unfall 207480 (2019) Kat:3, Licht: 2,207480,3,3,5,04,22,2,0,2,1,1,0,0,0,0
"POINT (11.121875404000036 49.420598862000077)",Unfall 207481 (2019) Kat:3, Licht: 0,207481,3,6,4,04,19,2,0,0,1,0,0,0,0,0
"POINT (11.025764817000038 49.468584023000062)",Unfall 207482 (2019) Kat:3, Licht: 0,207482,3,1,0,04,11,6,0,0,1,0,0,0,0,0
"POINT (11.071602614000028 49.438945377000039)",Unfall 207483 (2019) Kat:3, Licht: 0,207483,3,2,6,04,15,2,0,0,0,1,1,0,0,0
"POINT (11.009222708000038 49.454143649000059)",Unfall 207484 (2019) Kat:3, Licht: 0,207484,3,2,4,04,12,2,0,0,0,1,0,0,0,0
"POINT (11.091210592000039 49.436491801000045)",Unfall 207545 (2019) Kat:3, Licht: 0,207545,3,4,6,04,14,2,1,0,0,1,1,0,0,0
"POINT (11.169906159000050 49.410480111000027)",Unfall 207568 (2019) Kat:3, Licht: 0,207568,3,3,5,04,14,2,1,0,0,1,0,0,0,1
"POINT (11.042032744000039 49.440975613000035)",Unfall 207587 (2019) Kat:3, Licht: 0,207587,3,3,5,05,12,5,0,0,1,1,0,0,0,0
"POINT (11.021811613000068 49.460187048000080)",Unfall 207588 (2019) Kat:2, Licht: 0,207588,2,2,5,05,07,5,0,0,1,1,0,0,0,0
"POINT (11.131956196000033 49.404622007000057)",Unfall 207590 (2019) Kat:3, Licht: 0,207590,3,4,6,05,14,5,0,0,0,1,1,0,0,0
"POINT (11.064348730000063 49.449171173000082)",Unfall 207639 (2019) Kat:3, Licht: 0,207639,3,6,2,04,11,2,0,0,0,1,0,0,0,0
"POINT (11.097538431000032 49.445802003000040)",Unfall 207665 (2019) Kat:3, Licht: 0,207665,3,2,5,05,17,4,0,0,1,1,0,0,0,0
"POINT (11.057980893000035 49.461168029000078)",Unfall 207667 (2019) Kat:3, Licht: 0,207667,3,3,0,05,14,4,0,0,0,0,0,1,0,0
"POINT (11.080970343000047 49.445284103000063)",Unfall 207714 (2019) Kat:3, Licht: 0,207714,3,6,2,04,17,2,1,0,0,1,0,0,0,0
"POINT (11.063725090000048 49.449339111000029)",Unfall 207757 (2019) Kat:3, Licht: 0,207757,3,7,6,04,15,3,0,0,1,0,1,0,0,0
"POINT (11.112653712000053 49.430399858000044)",Unfall 207759 (2019) Kat:3, Licht: 0,207759,3,7,6,04,18,3,0,0,1,0,1,0,0,0
"POINT (11.069922776000055 49.438278702000048)",Unfall 207761 (2019) Kat:2, Licht: 0,207761,2,4,6,04,15,3,0,0,0,1,1,0,0,0
"POINT (11.076500772000031 49.439817618000063)",Unfall 207773 (2019) Kat:3, Licht: 0,207773,3,3,5,04,17,2,1,0,1,1,0,0,0,0
"POINT (11.054827956000054 49.451352160000056)",Unfall 207787 (2019) Kat:3, Licht: 0,207787,3,3,5,04,17,6,0,0,0,1,0,0,0,0
"POINT (11.065095479000036 49.453817040000047)",Unfall 207802 (2019) Kat:3, Licht: 0,207802,3,6,0,05,13,1,0,0,1,1,0,0,0,0
"POINT (11.068628661000048 49.425558984000077)",Unfall 207829 (2019) Kat:3, Licht: 0,207829,3,3,5,05,15,7,0,0,0,1,0,0,0,0
"POINT (11.103163121000023 49.458487032000050)",Unfall 207830 (2019) Kat:3, Licht: 2,207830,3,3,5,05,21,7,0,2,0,1,0,0,0,0
"POINT (11.045433239000033 49.444282052000062)",Unfall 207831 (2019) Kat:3, Licht: 0,207831,3,3,5,05,09,7,1,0,0,1,0,1,0,0
"POINT (11.050837557000023 49.437158085000078)",Unfall 207832 (2019) Kat:2, Licht: 0,207832,2,4,6,05,18,7,0,0,0,1,1,0,0,0
"POINT (11.085334710000041 49.461303832000056)",Unfall 207833 (2019) Kat:3, Licht: 0,207833,3,1,6,05,19,7,0,0,0,1,1,0,0,0
"POINT (11.066224978000037 49.448171519000027)",Unfall 207920 (2019) Kat:3, Licht: 0,207920,3,2,5,05,08,6,0,0,1,1,0,0,0,0
"POINT (11.043114386000070 49.441485453000041)",Unfall 207922 (2019) Kat:3, Licht: 0,207922,3,6,2,05,17,6,0,0,0,1,0,0,0,0
"POINT (11.015773521000028 49.453682339000068)",Unfall 207925 (2019) Kat:3, Licht: 2,207925,3,6,2,05,20,6,0,2,0,1,0,0,0,0
"POINT (11.025715357000024 49.435996120000027)",Unfall 207926 (2019) Kat:3, Licht: 0,207926,3,5,1,05,19,6,0,0,1,1,0,0,0,0
"POINT (11.081905108000058 49.459372404000078)",Unfall 207930 (2019) Kat:2, Licht: 0,207930,2,2,5,05,13,6,0,0,1,0,0,0,0,0
"POINT (11.058543182000051 49.445747291000032)",Unfall 207936 (2019) Kat:3, Licht: 0,207936,3,6,3,05,16,3,0,0,1,1,0,0,0,0
"POINT (11.117325524000023 49.455408155000043)",Unfall 207938 (2019) Kat:3, Licht: 0,207938,3,4,6,05,17,3,0,0,0,1,1,0,0,0
"POINT (11.063277718000052 49.458899023000072)",Unfall 207940 (2019) Kat:3, Licht: 0,207940,3,3,5,05,08,3,0,0,0,1,0,0,0,0
"POINT (11.092426050000029 49.461590761000082)",Unfall 207941 (2019) Kat:3, Licht: 0,207941,3,2,4,05,09,3,0,0,0,1,0,1,0,0
"POINT (11.122907731000055 49.408951377000051)",Unfall 207943 (2019) Kat:3, Licht: 0,207943,3,3,5,05,14,3,0,0,0,1,0,0,0,0
"POINT (11.089757728000052 49.441513519000068)",Unfall 208023 (2019) Kat:3, Licht: 0,208023,3,2,5,05,17,2,0,0,1,0,0,0,1,0
"POINT (11.070823439000037 49.448707294000030)",Unfall 208024 (2019) Kat:3, Licht: 0,208024,3,7,1,05,15,2,0,0,0,1,0,0,0,0
"POINT (11.020088442000031 49.459364728000025)",Unfall 208026 (2019) Kat:3, Licht: 1,208026,3,3,5,05,20,2,0,1,1,1,0,0,0,0
"POINT (11.086491041000045 49.464486831000045)",Unfall 208046 (2019) Kat:2, Licht: 0,208046,2,2,6,05,13,2,0,0,0,1,1,0,0,0
"POINT (11.052556812000034 49.400392538000062)",Unfall 208047 (2019) Kat:3, Licht: 2,208047,3,3,5,05,22,2,0,2,0,1,0,0,1,0
"POINT (11.071622213000069 49.472710368000037)",Unfall 208048 (2019) Kat:2, Licht: 0,208048,2,3,5,05,16,2,0,0,1,0,0,1,0,0
"POINT (11.081162639000070 49.442678354000066)",Unfall 208049 (2019) Kat:3, Licht: 0,208049,3,7,4,05,06,2,0,0,0,1,0,1,0,0
"POINT (11.119077298000036 49.435517431000051)",Unfall 208081 (2019) Kat:3, Licht: 0,208081,3,1,0,05,19,1,0,0,0,0,0,1,0,0
"POINT (11.141478178000057 49.450846868000042)",Unfall 208082 (2019) Kat:2, Licht: 0,208082,2,1,6,05,11,1,0,0,1,0,1,0,0,0
"POINT (11.059240813000031 49.445704318000026)",Unfall 208105 (2019) Kat:3, Licht: 0,208105,3,3,5,05,16,7,0,0,0,1,0,0,0,1
"POINT (11.059389006000060 49.446743482000045)",Unfall 208143 (2019) Kat:3, Licht: 0,208143,3,6,3,05,11,6,0,0,0,1,0,0,0,0
"POINT (11.050421488000040 49.492652953000061)",Unfall 208144 (2019) Kat:2, Licht: 0,208144,2,3,5,05,11,6,0,0,0,1,0,1,0,0
"POINT (11.133138036000048 49.456815695000046)",Unfall 208145 (2019) Kat:3, Licht: 0,208145,3,1,0,05,07,6,0,0,1,0,0,0,0,0
"POINT (11.104991819000077 49.485734864000051)",Unfall 208146 (2019) Kat:3, Licht: 2,208146,3,1,9,05,22,6,0,2,0,0,0,1,0,0
"POINT (11.067555652000067 49.450190759000066)",Unfall 208147 (2019) Kat:3, Licht: 0,208147,3,1,0,05,18,6,0,0,1,0,0,0,0,0
"POINT (11.121603864000065 49.439241324000079)",Unfall 208148 (2019) Kat:3, Licht: 2,208148,3,6,4,05,23,6,0,2,1,1,0,0,0,0
"POINT (11.039114521000045 49.435342868000077)",Unfall 208198 (2019) Kat:2, Licht: 0,208198,2,7,5,05,14,5,1,0,0,1,0,0,0,0
"POINT (11.073231447000069 49.450455929000043)",Unfall 208199 (2019) Kat:2, Licht: 0,208199,2,4,6,05,09,5,0,0,0,1,1,0,0,0
"POINT (11.079682371000047 49.442919888000063)",Unfall 208200 (2019) Kat:3, Licht: 2,208200,3,3,5,05,21,5,0,2,1,1,0,0,0,0
"POINT (11.084956112000043 49.423381840000047)",Unfall 208201 (2019) Kat:3, Licht: 0,208201,3,6,3,05,16,5,0,0,0,0,0,1,1,0
"POINT (11.096122320000063 49.474319039000079)",Unfall 208202 (2019) Kat:3, Licht: 0,208202,3,3,5,05,06,5,0,0,0,1,0,0,0,1
"POINT (11.077021790000060 49.441785829000025)",Unfall 208203 (2019) Kat:3, Licht: 0,208203,3,3,5,05,18,5,0,0,0,1,0,0,0,0
"POINT (11.093653178000068 49.462735270000053)",Unfall 208204 (2019) Kat:3, Licht: 0,208204,3,6,2,05,13,5,1,0,0,1,0,0,0,0
"POINT (11.049585076000028 49.452887302000079)",Unfall 208205 (2019) Kat:3, Licht: 0,208205,3,2,4,05,10,5,0,0,0,1,0,1,0,0
"POINT (11.082334261000028 49.460845632000030)",Unfall 208256 (2019) Kat:3, Licht: 0,208256,3,3,5,05,10,4,0,0,1,1,0,0,0,0
"POINT (11.056787483000051 49.460706183000070)",Unfall 208257 (2019) Kat:2, Licht: 0,208257,2,6,5,05,07,4,0,0,0,0,0,1,0,1
"POINT (11.054871284000058 49.451074311000070)",Unfall 208258 (2019) Kat:3, Licht: 0,208258,3,6,6,05,12,4,1,0,0,1,1,0,0,0
"POINT (11.099922095000068 49.472108588000026)",Unfall 208259 (2019) Kat:3, Licht: 0,208259,3,3,5,05,09,4,0,0,1,0,0,0,0,1
"POINT (11.082808529000033 49.410501533000058)",Unfall 208260 (2019) Kat:3, Licht: 0,208260,3,6,2,05,08,4,0,0,0,1,0,1,0,0
"POINT (11.088307258000043 49.405726106000031)",Unfall 208328 (2019) Kat:2, Licht: 0,208328,2,4,6,05,07,6,0,0,0,0,1,0,0,1
"POINT (11.101452196000025 49.484069937000072)",Unfall 208329 (2019) Kat:3, Licht: 0,208329,3,7,2,05,18,6,0,0,0,1,0,0,0,0
"POINT (11.036314213000026 49.481991719000064)",Unfall 208330 (2019) Kat:3, Licht: 0,208330,3,2,5,05,17,6,0,0,0,1,0,0,0,0
"POINT (11.100831080000034 49.484057598000049)",Unfall 208331 (2019) Kat:3, Licht: 0,208331,3,6,2,05,15,6,0,0,0,1,0,0,0,0
"POINT (11.126007897000022 49.440361963000043)",Unfall 208390 (2019) Kat:3, Licht: 2,208390,3,3,0,05,22,5,1,2,0,1,0,1,0,0
"POINT (11.082346272000052 49.460982148000028)",Unfall 208438 (2019) Kat:3, Licht: 0,208438,3,2,5,05,15,4,0,0,1,1,0,0,0,0
"POINT (11.071621002000029 49.437417171000050)",Unfall 208439 (2019) Kat:2, Licht: 0,208439,2,7,1,05,15,4,0,0,0,1,0,1,0,0
"POINT (11.048851552000031 49.434671997000066)",Unfall 208440 (2019) Kat:3, Licht: 0,208440,3,7,5,05,07,4,0,0,1,1,0,0,0,0
"POINT (11.137980403000029 49.401432630000045)",Unfall 208441 (2019) Kat:3, Licht: 0,208441,3,6,3,05,11,4,0,0,0,1,0,0,0,0
"POINT (11.106850751000025 49.404887963000078)",Unfall 208442 (2019) Kat:2, Licht: 0,208442,2,4,6,05,08,4,0,0,0,1,1,0,0,0
"POINT (11.084638419000044 49.441673504000050)",Unfall 208443 (2019) Kat:3, Licht: 0,208443,3,3,5,05,12,4,0,0,1,1,0,0,0,0
"POINT (11.031385001000046 49.473736626000061)",Unfall 208490 (2019) Kat:3, Licht: 0,208490,3,7,6,05,17,3,0,0,0,1,1,0,0,0
"POINT (11.104394716000058 49.470440551000081)",Unfall 208491 (2019) Kat:3, Licht: 0,208491,3,3,5,05,13,3,0,0,1,1,0,0,0,0
"POINT (11.059618957000055 49.460345124000071)",Unfall 208492 (2019) Kat:3, Licht: 0,208492,3,3,5,05,08,3,0,0,0,1,0,1,0,0
"POINT (11.088278314000036 49.458817385000032)",Unfall 208493 (2019) Kat:3, Licht: 0,208493,3,5,1,05,11,3,0,0,1,1,0,0,0,0
"POINT (11.100780213000064 49.464151467000079)",Unfall 208494 (2019) Kat:3, Licht: 0,208494,3,4,6,05,11,3,0,0,0,1,1,0,0,0
"POINT (11.003177122000068 49.450416204000078)",Unfall 208551 (2019) Kat:3, Licht: 2,208551,3,2,5,05,22,4,0,2,0,1,0,0,0,0
"POINT (11.013546942000062 49.450718609000035)",Unfall 208552 (2019) Kat:3, Licht: 0,208552,3,4,6,05,09,4,0,0,0,1,1,0,0,0
"POINT (11.025419768000063 49.516330911000068)",Unfall 208599 (2019) Kat:3, Licht: 0,208599,3,7,0,05,11,3,1,0,1,1,0,0,0,0
"POINT (11.058579383000051 49.415906835000044)",Unfall 208600 (2019) Kat:3, Licht: 0,208600,3,6,2,05,15,3,1,0,0,1,0,0,0,0
"POINT (11.031825743000070 49.460919919000048)",Unfall 208601 (2019) Kat:3, Licht: 0,208601,3,7,3,05,07,3,0,0,1,1,0,0,0,0
"POINT (11.119817700000056 49.443159067000067)",Unfall 208602 (2019) Kat:3, Licht: 0,208602,3,2,4,05,16,3,1,0,1,1,0,0,0,0
"POINT (11.067325734000065 49.437485133000052)",Unfall 208603 (2019) Kat:3, Licht: 0,208603,3,3,5,05,15,3,1,0,0,1,0,0,0,0
"POINT (11.072626583000044 49.446414381000068)",Unfall 208604 (2019) Kat:3, Licht: 0,208604,3,1,0,05,18,3,1,0,0,0,1,1,0,0
"POINT (11.068042135000042 49.435218702000043)",Unfall 208605 (2019) Kat:3, Licht: 0,208605,3,6,2,05,06,3,1,0,0,1,0,1,0,0
"POINT (11.057062691000056 49.430131192000033)",Unfall 208606 (2019) Kat:3, Licht: 0,208606,3,5,5,05,20,3,1,0,0,1,0,0,0,0
"POINT (11.065531226000076 49.461697742000069)",Unfall 208659 (2019) Kat:3, Licht: 0,208659,3,1,0,05,16,2,1,0,1,0,0,0,0,0
"POINT (11.048419519000049 49.464021904000049)",Unfall 208660 (2019) Kat:3, Licht: 0,208660,3,7,1,05,09,2,0,0,1,0,0,0,1,0
"POINT (11.089321037000047 49.446266445000049)",Unfall 208661 (2019) Kat:3, Licht: 0,208661,3,6,2,05,12,2,1,0,0,1,0,0,0,0
"POINT (11.105014391000054 49.484263120000037)",Unfall 208718 (2019) Kat:3, Licht: 0,208718,3,6,2,05,17,1,0,0,0,1,0,0,0,0
"POINT (11.039068816000054 49.454695714000081)",Unfall 208784 (2019) Kat:3, Licht: 0,208784,3,7,6,05,12,7,0,0,0,1,1,0,0,0
"POINT (11.032026889000065 49.428483477000043)",Unfall 208785 (2019) Kat:3, Licht: 2,208785,3,1,1,05,01,7,0,2,0,1,0,0,0,1
"POINT (11.098802158000069 49.443130793000080)",Unfall 208787 (2019) Kat:3, Licht: 1,208787,3,1,9,05,04,7,0,1,0,1,0,0,0,0
"POINT (11.104931555000064 49.445166129000029)",Unfall 208789 (2019) Kat:3, Licht: 0,208789,3,5,1,05,14,7,0,0,1,1,0,0,0,0
"POINT (11.129254778000075 49.430472868000038)",Unfall 208791 (2019) Kat:3, Licht: 0,208791,3,2,5,05,19,7,0,0,0,1,0,0,0,0
"POINT (11.054609071000073 49.450818270000070)",Unfall 208793 (2019) Kat:3, Licht: 0,208793,3,7,4,05,15,7,0,0,1,1,0,0,0,0
"POINT (11.017922038000052 49.452839628000049)",Unfall 208795 (2019) Kat:3, Licht: 0,208795,3,7,0,05,09,7,0,0,0,1,1,0,0,0
"POINT (11.067326715000036 49.440294475000030)",Unfall 208858 (2019) Kat:3, Licht: 0,208858,3,2,0,05,14,7,0,0,0,0,0,0,0,1
"POINT (11.081541964000053 49.446691708000060)",Unfall 208859 (2019) Kat:2, Licht: 0,208859,2,1,0,05,16,7,0,0,0,0,0,1,0,0
"POINT (11.081822143000068 49.484505299000034)",Unfall 208930 (2019) Kat:3, Licht: 0,208930,3,6,2,05,08,6,0,0,0,1,0,0,0,0
"POINT (11.075003565000031 49.470058294000069)",Unfall 208931 (2019) Kat:2, Licht: 2,208931,2,4,6,05,22,6,0,2,0,1,1,0,0,0
"POINT (11.170059021000043 49.410642693000057)",Unfall 208932 (2019) Kat:3, Licht: 0,208932,3,3,5,05,15,6,0,0,0,1,0,0,0,0
"POINT (11.041171432000056 49.402842700000065)",Unfall 208933 (2019) Kat:3, Licht: 0,208933,3,1,0,05,14,6,0,0,1,0,0,0,0,0
"POINT (11.105016667000029 49.484093262000044)",Unfall 208934 (2019) Kat:3, Licht: 0,208934,3,2,6,05,07,6,0,0,0,1,1,0,0,0
"POINT (11.038762750000046 49.439923443000055)",Unfall 209028 (2019) Kat:3, Licht: 0,209028,3,6,3,05,17,5,0,0,1,1,0,0,0,0
"POINT (11.114640922000035 49.488085143000035)",Unfall 209030 (2019) Kat:3, Licht: 0,209030,3,5,1,05,08,5,0,0,1,1,0,0,0,0
"POINT (11.068436521000024 49.446811727000068)",Unfall 209032 (2019) Kat:3, Licht: 0,209032,3,2,5,05,06,5,0,0,1,1,0,0,0,0
"POINT (11.032352814000035 49.437800481000068)",Unfall 209033 (2019) Kat:2, Licht: 0,209033,2,6,6,05,07,5,0,0,1,0,1,0,0,0
"POINT (11.059228984000072 49.444634305000079)",Unfall 209062 (2019) Kat:3, Licht: 2,209062,3,3,5,05,21,1,0,2,1,1,0,0,0,0
"POINT (11.106506605000050 49.499004978000073)",Unfall 209064 (2019) Kat:3, Licht: 2,209064,3,1,8,05,03,1,0,2,0,1,0,0,0,0
"POINT (11.081264621000059 49.447889241000041)",Unfall 209066 (2019) Kat:3, Licht: 2,209066,3,7,6,05,02,1,0,2,0,1,1,0,0,0
"POINT (11.120852958000057 49.420741203000034)",Unfall 209070 (2019) Kat:3, Licht: 0,209070,3,1,0,05,12,1,0,0,1,0,0,0,0,0
"POINT (11.117699652000056 49.443637018000061)",Unfall 209073 (2019) Kat:3, Licht: 0,209073,3,1,0,05,10,1,0,0,0,0,0,1,0,0
"POINT (11.059227954000050 49.449873283000045)",Unfall 209075 (2019) Kat:3, Licht: 0,209075,3,7,0,05,11,1,0,0,1,0,0,0,0,0
"POINT (11.084949554000048 49.422513349000042)",Unfall 209124 (2019) Kat:3, Licht: 0,209124,3,6,0,05,14,3,1,0,0,1,0,1,0,0
"POINT (11.057665851000024 49.416359381000063)",Unfall 209125 (2019) Kat:3, Licht: 0,209125,3,6,4,05,06,3,0,0,1,0,0,0,0,0
"POINT (11.074884645000054 49.445142932000067)",Unfall 209126 (2019) Kat:3, Licht: 0,209126,3,1,1,05,05,3,0,0,0,1,0,1,0,0
"POINT (11.079534204000026 49.435539077000044)",Unfall 209127 (2019) Kat:3, Licht: 0,209127,3,6,2,05,16,3,0,0,0,1,0,0,0,0
"POINT (11.037675383000021 49.397523374000059)",Unfall 209128 (2019) Kat:3, Licht: 0,209128,3,3,5,05,11,3,0,0,1,1,0,0,0,0
"POINT (11.070821203000037 49.462523894000071)",Unfall 209240 (2019) Kat:2, Licht: 0,209240,2,1,0,05,19,5,0,0,1,0,0,0,0,0
"POINT (11.061038853000071 49.405951117000029)",Unfall 209241 (2019) Kat:3, Licht: 0,209241,3,1,8,05,16,5,0,0,0,1,0,0,1,0
"POINT (11.047393628000066 49.423311252000076)",Unfall 209242 (2019) Kat:3, Licht: 0,209242,3,1,0,05,21,5,0,0,1,0,0,0,0,0
"POINT (11.124915091000048 49.418032003000064)",Unfall 209243 (2019) Kat:3, Licht: 0,209243,3,3,5,05,15,5,0,0,1,1,0,0,0,0
"POINT (11.073474133000047 49.454088497000043)",Unfall 209245 (2019) Kat:3, Licht: 0,209245,3,7,0,05,15,5,0,0,0,1,0,0,0,1
"POINT (11.041970270000036 49.419502144000035)",Unfall 209251 (2019) Kat:3, Licht: 0,209251,3,3,5,05,14,2,0,0,1,1,0,0,0,0
"POINT (11.088068739000050 49.442675913000073)",Unfall 209253 (2019) Kat:2, Licht: 0,209253,2,2,5,05,16,2,0,0,1,0,0,0,0,0
"POINT (11.033617723000077 49.422108847000061)",Unfall 209255 (2019) Kat:2, Licht: 0,209255,2,7,6,05,12,2,0,0,0,1,1,0,0,0
"POINT (11.082511986000043 49.441402775000029)",Unfall 209257 (2019) Kat:3, Licht: 0,209257,3,3,5,05,16,2,0,0,1,1,0,0,0,0
"POINT (11.105808371000023 49.438272522000034)",Unfall 209260 (2019) Kat:3, Licht: 0,209260,3,3,5,05,07,2,0,0,1,1,0,0,0,0
"POINT (11.044211859000029 49.469362262000061)",Unfall 209263 (2019) Kat:3, Licht: 0,209263,3,4,6,05,14,2,0,0,0,0,1,1,0,0
"POINT (11.069540677000077 49.463352617000055)",Unfall 209274 (2019) Kat:3, Licht: 0,209274,3,3,6,05,14,2,0,0,1,0,1,0,0,0
"POINT (11.091075331000070 49.441851564000046)",Unfall 209324 (2019) Kat:3, Licht: 0,209324,3,7,0,05,11,4,0,0,0,0,0,0,0,1
"POINT (11.059691357000077 49.460175435000053)",Unfall 209326 (2019) Kat:3, Licht: 0,209326,3,6,3,05,15,4,0,0,0,1,0,1,0,0
"POINT (11.144108292000055 49.412606641000082)",Unfall 209328 (2019) Kat:3, Licht: 0,209328,3,7,6,05,17,4,0,0,1,0,1,0,0,0
"POINT (11.081749151000054 49.449767307000059)",Unfall 209330 (2019) Kat:3, Licht: 0,209330,3,7,6,05,16,4,0,0,0,1,1,0,0,0
"POINT (11.051969350000036 49.452033242000027)",Unfall 209331 (2019) Kat:3, Licht: 0,209331,3,3,5,05,18,4,0,0,1,1,0,0,0,0
"POINT (11.074365832000069 49.434120136000047)",Unfall 209332 (2019) Kat:3, Licht: 0,209332,3,2,5,05,18,4,0,0,1,1,0,0,0,0
"POINT (11.080884696000055 49.433140601000048)",Unfall 209334 (2019) Kat:1, Licht: 0,209334,1,3,5,05,15,4,0,0,1,1,0,0,0,0
"POINT (11.027237746000026 49.466303034000077)",Unfall 209411 (2019) Kat:3, Licht: 0,209411,3,3,5,06,15,1,0,0,1,1,0,0,0,0
"POINT (11.074859183000058 49.446748534000051)",Unfall 209412 (2019) Kat:3, Licht: 0,209412,3,6,1,06,13,1,0,0,0,1,0,0,0,0
"POINT (11.041325925000024 49.416852060000053)",Unfall 209504 (2019) Kat:3, Licht: 0,209504,3,7,0,06,10,7,0,0,0,0,1,0,0,1
"POINT (11.045078416000024 49.426220926000042)",Unfall 209505 (2019) Kat:3, Licht: 0,209505,3,3,5,06,19,7,0,0,0,1,0,0,0,0
"POINT (11.043024241000069 49.434956280000051)",Unfall 209506 (2019) Kat:3, Licht: 0,209506,3,3,5,06,14,7,0,0,0,1,0,0,0,0
"POINT (11.082236574000035 49.447745099000031)",Unfall 209507 (2019) Kat:3, Licht: 0,209507,3,7,0,06,15,7,0,0,1,0,0,0,0,0
"POINT (11.049805216000038 49.444305607000047)",Unfall 209585 (2019) Kat:3, Licht: 0,209585,3,2,4,05,11,6,0,0,0,1,0,1,0,0
"POINT (11.053829364000023 49.440356599000040)",Unfall 209587 (2019) Kat:3, Licht: 0,209587,3,3,5,05,15,6,0,0,0,1,0,1,0,0
"POINT (11.039549263000026 49.447738106000031)",Unfall 209589 (2019) Kat:3, Licht: 0,209589,3,7,4,05,12,6,0,0,0,1,0,0,0,0
"POINT (11.081432974000052 49.455805903000055)",Unfall 209591 (2019) Kat:3, Licht: 0,209591,3,3,5,05,15,6,0,0,1,1,0,0,0,0
"POINT (11.059001290000026 49.449668508000059)",Unfall 209592 (2019) Kat:3, Licht: 0,209592,3,6,2,05,16,6,0,0,0,1,0,0,0,0
"POINT (11.083531815000072 49.440551530000050)",Unfall 209593 (2019) Kat:3, Licht: 0,209593,3,3,6,05,10,6,0,0,0,1,1,0,0,0
"POINT (11.095796899000050 49.437307008000062)",Unfall 209595 (2019) Kat:2, Licht: 0,209595,2,7,2,05,15,6,0,0,0,1,0,0,0,0
"POINT (11.102651768000044 49.440260900000055)",Unfall 209633 (2019) Kat:3, Licht: 0,209633,3,3,5,06,11,4,0,0,1,1,0,0,0,0
"POINT (11.087261544000057 49.447235110000065)",Unfall 209634 (2019) Kat:2, Licht: 0,209634,2,7,6,06,10,4,0,0,0,1,1,0,0,0
"POINT (11.101452952000045 49.436202657000081)",Unfall 209635 (2019) Kat:3, Licht: 2,209635,3,3,5,06,21,4,0,2,1,0,0,0,0,0
"POINT (11.104400187000067 49.470452993000038)",Unfall 209636 (2019) Kat:3, Licht: 0,209636,3,7,5,06,07,4,0,0,1,0,0,0,0,1
"POINT (11.063319452000030 49.436426548000043)",Unfall 209734 (2019) Kat:3, Licht: 0,209734,3,6,3,06,08,3,0,0,0,1,0,1,0,0
"POINT (11.045128150000039 49.454429150000067)",Unfall 209735 (2019) Kat:3, Licht: 2,209735,3,6,2,06,22,3,0,2,0,1,0,0,0,0
"POINT (11.077037959000052 49.446691445000056)",Unfall 209736 (2019) Kat:3, Licht: 0,209736,3,6,2,06,15,3,0,0,0,1,0,0,0,0
"POINT (11.053639760000067 49.403761213000053)",Unfall 209737 (2019) Kat:3, Licht: 0,209737,3,1,0,06,12,3,0,0,1,0,0,0,0,0
"POINT (11.005010055000071 49.448892668000042)",Unfall 209738 (2019) Kat:3, Licht: 0,209738,3,7,0,06,16,3,0,0,0,1,0,1,0,0