WKT,Name,OBJECTID,UKATEGORIE,UTYP1,UART,UMONAT,USTUNDE,UWOCHENTAG,STRZUSTAND,ULICHTVERH,ISTRAD,ISTPKW,ISTFUSS,ISTKRAD,ISTGKFZ,ISTSONSTIG
"POINT (11.028388162000056 49.469509794000032)",Unfall 209739 (2019) Kat:2, Licht: 2,209739,2,2,5,06,22,3,0,2,0,1,0,1,0,0
"POINT (11.088644090000059 49.475764844000025)",Unfall 209871 (2019) Kat:2, Licht: 0,209871,2,3,5,06,16,2,0,0,1,0,0,0,0,0
"POINT (11.081530220000047 49.460931213000038)",Unfall 209873 (2019) Kat:3, Licht: 0,209873,3,4,6,06,16,2,0,0,0,0,1,1,0,0
"POINT (11.068042793000075 49.441816695000057)",Unfall 209874 (2019) Kat:3, Licht: 0,209874,3,2,5,06,19,2,0,0,1,1,0,0,0,0
"POINT (11.080514448000031 49.416191991000062)",Unfall 209876 (2019) Kat:2, Licht: 0,209876,2,3,5,06,19,2,0,0,0,1,0,1,0,0
"POINT (11.068038030000025 49.433787388000042)",Unfall 209878 (2019) Kat:3, Licht: 0,209878,3,2,5,06,15,2,0,0,1,1,0,0,0,0
"POINT (11.174567003000050 49.389099930000043)",Unfall 209880 (2019) Kat:2, Licht: 0,209880,2,7,5,06,07,2,0,0,1,1,0,0,0,0
"POINT (11.047444466000059 49.453789609000069)",Unfall 210004 (2019) Kat:3, Licht: 0,210004,3,1,0,06,14,7,0,0,0,1,0,0,0,1
"POINT (11.078798707000033 49.453219045000026)",Unfall 210005 (2019) Kat:3, Licht: 0,210005,3,1,6,06,16,7,0,0,0,0,1,1,0,0
"POINT (11.085708854000075 49.450258574000031)",Unfall 210006 (2019) Kat:3, Licht: 0,210006,3,2,6,06,10,7,0,0,0,1,1,0,0,0
"POINT (11.097596928000030 49.446745732000068)",Unfall 210042 (2019) Kat:3, Licht: 0,210042,3,6,2,06,15,5,0,0,0,1,0,0,0,0
"POINT (11.013832727000022 49.429985617000057)",Unfall 210044 (2019) Kat:3, Licht: 0,210044,3,1,0,06,13,5,0,0,1,0,0,0,0,0
"POINT (11.134670476000053 49.401126245000057)",Unfall 210047 (2019) Kat:3, Licht: 1,210047,3,7,0,06,19,5,1,1,1,0,1,0,0,0
"POINT (11.035013782000021 49.448985189000041)",Unfall 210139 (2019) Kat:3, Licht: 0,210139,3,3,5,06,10,6,0,0,0,1,0,0,0,0
"POINT (11.065887122000049 49.447569570000041)",Unfall 210141 (2019) Kat:3, Licht: 0,210141,3,2,5,06,20,6,0,0,1,1,0,0,0,0
"POINT (11.044519547000050 49.515012521000074)",Unfall 210142 (2019) Kat:3, Licht: 0,210142,3,1,0,06,20,6,0,0,1,0,0,0,0,0
"POINT (11.121319185000061 49.481553138000038)",Unfall 210163 (2019) Kat:2, Licht: 2,210163,2,1,0,06,21,3,0,2,1,0,0,0,0,0
"POINT (11.055498645000057 49.349305362000052)",Unfall 210164 (2019) Kat:3, Licht: 0,210164,3,6,2,06,12,3,0,0,0,1,0,0,0,0
"POINT (11.087196093000045 49.457323022000026)",Unfall 210165 (2019) Kat:3, Licht: 0,210165,3,7,7,06,17,3,0,0,0,0,0,0,0,1
"POINT (11.056927850000022 49.354183618000036)",Unfall 210166 (2019) Kat:3, Licht: 0,210166,3,3,5,06,15,3,0,0,1,0,0,0,0,1
"POINT (11.097158587000024 49.469057208000038)",Unfall 210167 (2019) Kat:2, Licht: 0,210167,2,7,0,06,13,3,0,0,1,0,0,0,0,0
"POINT (11.081337019000046 49.454979426000079)",Unfall 210168 (2019) Kat:3, Licht: 0,210168,3,3,5,06,19,3,0,0,0,1,0,0,0,0
"POINT (11.059642917000076 49.449486088000072)",Unfall 210169 (2019) Kat:3, Licht: 0,210169,3,6,2,06,08,3,0,0,0,1,0,1,0,0
"POINT (11.085590249000063 49.450338659000067)",Unfall 210233 (2019) Kat:3, Licht: 2,210233,3,3,5,06,22,2,1,2,0,1,0,0,0,0
"POINT (11.080310449000024 49.446536043000037)",Unfall 210234 (2019) Kat:3, Licht: 1,210234,3,1,0,06,21,2,1,1,0,0,0,1,0,0
"POINT (11.070720600000072 49.407986122000068)",Unfall 210238 (2019) Kat:3, Licht: 0,210238,3,1,0,06,13,2,0,0,0,0,0,1,0,0
"POINT (11.071350134000056 49.430581117000031)",Unfall 210239 (2019) Kat:3, Licht: 0,210239,3,2,5,06,19,2,0,0,1,1,0,0,0,0
"POINT (11.070107638000025 49.464609909000046)",Unfall 210348 (2019) Kat:3, Licht: 0,210348,3,2,4,06,16,4,0,0,0,1,0,0,0,0
"POINT (11.085045121000064 49.422132692000048)",Unfall 210350 (2019) Kat:3, Licht: 0,210350,3,6,0,06,10,4,0,0,0,1,0,0,0,1
"POINT (11.065700509000067 49.408640011000045)",Unfall 210352 (2019) Kat:3, Licht: 0,210352,3,3,5,06,09,4,0,0,0,1,0,0,0,0
"POINT (11.081063948000065 49.444316503000039)",Unfall 210353 (2019) Kat:3, Licht: 0,210353,3,6,2,06,11,4,0,0,0,1,0,0,0,0
"POINT (11.018313006000028 49.431133807000037)",Unfall 210355 (2019) Kat:3, Licht: 0,210355,3,3,5,06,06,4,0,0,1,1,0,0,0,0
"POINT (11.077523466000059 49.451853536000044)",Unfall 210370 (2019) Kat:3, Licht: 0,210370,3,1,0,06,19,1,0,0,1,0,0,0,0,0
"POINT (11.070455928000058 49.455720385000063)",Unfall 210372 (2019) Kat:2, Licht: 2,210372,2,4,6,06,04,1,0,2,0,1,1,0,0,0
"POINT (11.083900558000039 49.404002218000073)",Unfall 210374 (2019) Kat:3, Licht: 0,210374,3,1,0,06,10,1,0,0,1,0,0,0,0,0
"POINT (11.077924486000029 49.471075082000027)",Unfall 210408 (2019) Kat:2, Licht: 0,210408,2,3,4,06,16,2,0,0,0,1,0,1,0,0
"POINT (11.113367256000060 49.403746263000073)",Unfall 210409 (2019) Kat:3, Licht: 0,210409,3,2,5,06,15,2,0,0,0,1,0,1,0,0
"POINT (11.061596561000044 49.365427538000063)",Unfall 210410 (2019) Kat:3, Licht: 0,210410,3,3,5,06,17,2,0,0,0,1,0,1,0,0
"POINT (11.081555856000023 49.472966321000058)",Unfall 210411 (2019) Kat:3, Licht: 0,210411,3,6,2,06,12,2,0,0,0,1,0,1,0,0
"POINT (11.059202581000022 49.449831427000049)",Unfall 210451 (2019) Kat:3, Licht: 0,210451,3,2,4,06,17,1,0,0,0,1,0,0,0,0
"POINT (11.054752944000029 49.451159034000057)",Unfall 210452 (2019) Kat:3, Licht: 0,210452,3,2,5,06,06,1,1,0,0,1,0,1,0,0
"POINT (11.060757573000046 49.435584638000080)",Unfall 210495 (2019) Kat:3, Licht: 0,210495,3,6,3,06,16,7,0,0,0,1,0,0,0,1
"POINT (11.065260146000071 49.445608920000041)",Unfall 210496 (2019) Kat:3, Licht: 0,210496,3,3,5,06,11,7,0,0,0,1,0,0,0,0
"POINT (11.004853289000039 49.441135606000046)",Unfall 210555 (2019) Kat:3, Licht: 0,210555,3,7,2,06,11,6,0,0,0,1,0,0,0,1
"POINT (11.091291839000064 49.456717203000039)",Unfall 210556 (2019) Kat:3, Licht: 0,210556,3,7,5,06,10,6,0,0,1,1,0,0,0,0
"POINT (11.086790906000033 49.448668710000049)",Unfall 210557 (2019) Kat:3, Licht: 2,210557,3,3,5,06,02,6,0,2,1,0,0,0,0,1
"POINT (11.067151366000076 49.439498696000044)",Unfall 210635 (2019) Kat:2, Licht: 2,210635,2,7,4,06,21,5,0,2,0,1,0,1,0,0
"POINT (11.074342786000045 49.414516387000049)",Unfall 210636 (2019) Kat:3, Licht: 0,210636,3,7,1,06,19,5,0,0,1,1,0,0,0,0
"POINT (11.048991181000076 49.361847027000067)",Unfall 210638 (2019) Kat:3, Licht: 0,210638,3,3,5,06,17,5,0,0,1,1,0,0,0,0
"POINT (11.072404249000044 49.448951315000045)",Unfall 210639 (2019) Kat:2, Licht: 0,210639,2,3,5,06,17,5,0,0,0,1,0,1,0,0
"POINT (11.060077102000037 49.395199313000035)",Unfall 210641 (2019) Kat:3, Licht: 0,210641,3,2,2,06,06,5,0,0,0,1,0,0,0,0
"POINT (11.085513631000026 49.455633913000042)",Unfall 210677 (2019) Kat:3, Licht: 0,210677,3,1,1,06,20,5,0,0,0,1,0,1,0,0
"POINT (11.093810900000051 49.462650458000041)",Unfall 210678 (2019) Kat:3, Licht: 1,210678,3,6,2,06,21,5,0,1,0,1,0,1,0,0
"POINT (11.055638892000047 49.451078975000030)",Unfall 210679 (2019) Kat:3, Licht: 0,210679,3,1,0,06,17,5,1,0,0,0,0,1,0,0
"POINT (11.005728270000077 49.434544316000029)",Unfall 210750 (2019) Kat:2, Licht: 0,210750,2,1,1,06,20,4,0,0,0,1,0,1,0,0
"POINT (11.089333998000029 49.457470311000066)",Unfall 210751 (2019) Kat:3, Licht: 0,210751,3,6,2,06,18,4,0,0,0,1,0,1,0,0
"POINT (11.135527508000052 49.453793244000053)",Unfall 210752 (2019) Kat:2, Licht: 0,210752,2,1,0,06,12,4,0,0,1,0,0,0,0,0
"POINT (11.082358513000031 49.451142192000077)",Unfall 210753 (2019) Kat:3, Licht: 0,210753,3,3,5,06,18,4,0,0,1,1,0,0,0,0
"POINT (11.070826504000024 49.407968082000082)",Unfall 210754 (2019) Kat:3, Licht: 0,210754,3,6,2,06,12,4,0,0,0,1,0,0,0,0
"POINT (11.065701725000054 49.461763264000069)",Unfall 210828 (2019) Kat:3, Licht: 0,210828,3,2,6,06,11,3,0,0,0,1,1,0,0,0
"POINT (11.096138306000057 49.474374838000074)",Unfall 210829 (2019) Kat:3, Licht: 0,210829,3,6,2,06,11,3,0,0,0,1,0,0,0,0
"POINT (11.133442208000076 49.456238627000062)",Unfall 210830 (2019) Kat:3, Licht: 0,210830,3,1,0,06,16,3,0,0,1,0,0,0,0,0
"POINT (11.033633425000062 49.403723220000074)",Unfall 210925 (2019) Kat:3, Licht: 2,210925,3,1,0,06,00,1,0,2,1,0,0,0,0,0
"POINT (11.068017700000041 49.436663715000066)",Unfall 210926 (2019) Kat:3, Licht: 0,210926,3,3,5,06,15,1,0,0,0,1,0,0,0,0
"POINT (11.098130312000023 49.455784576000042)",Unfall 210927 (2019) Kat:3, Licht: 1,210927,3,1,1,06,21,1,0,1,0,0,0,1,0,0
"POINT (11.071578058000057 49.473821463000036)",Unfall 210928 (2019) Kat:3, Licht: 2,210928,3,3,5,06,03,1,0,2,0,1,0,0,0,0
"POINT (11.130587015000060 49.444524581000053)",Unfall 210929 (2019) Kat:3, Licht: 0,210929,3,5,0,06,18,1,0,0,1,1,0,0,0,0
"POINT (11.060333353000033 49.459594080000045)",Unfall 210977 (2019) Kat:3, Licht: 0,210977,3,2,3,06,15,7,0,0,0,1,0,1,0,0
"POINT (11.066209114000060 49.448068970000065)",Unfall 210978 (2019) Kat:3, Licht: 0,210978,3,3,5,06,08,7,0,0,0,1,0,0,0,0
"POINT (11.068669181000075 49.444902935000073)",Unfall 210979 (2019) Kat:3, Licht: 1,210979,3,3,5,06,20,7,0,1,0,1,0,0,0,0
"POINT (11.095142760000044 49.443107770000040)",Unfall 211076 (2019) Kat:3, Licht: 0,211076,3,1,0,06,06,2,0,0,1,0,0,0,0,0
"POINT (11.138183641000069 49.408729391000065)",Unfall 211078 (2019) Kat:2, Licht: 0,211078,2,2,5,06,07,2,0,0,1,1,0,0,0,0
"POINT (11.132601835000060 49.458073939000030)",Unfall 211079 (2019) Kat:3, Licht: 0,211079,3,4,0,06,07,2,0,0,0,0,1,0,0,1
"POINT (11.080991614000027 49.460933401000034)",Unfall 211081 (2019) Kat:3, Licht: 0,211081,3,3,6,06,17,2,0,0,0,1,1,0,0,0
"POINT (11.132466674000057 49.411445101000027)",Unfall 211115 (2019) Kat:3, Licht: 0,211115,3,6,2,06,14,6,0,0,0,1,0,0,1,0
"POINT (11.074842415000035 49.437095013000032)",Unfall 211118 (2019) Kat:3, Licht: 0,211118,3,1,0,06,13,6,0,0,1,0,0,0,0,1
"POINT (11.003076287000056 49.450426668000034)",Unfall 211121 (2019) Kat:3, Licht: 0,211121,3,3,5,06,09,6,0,0,0,1,0,0,0,0
"POINT (11.074773082000036 49.445251470000073)",Unfall 211123 (2019) Kat:3, Licht: 0,211123,3,2,6,06,13,6,0,0,0,1,1,0,0,0
"POINT (11.087324163000062 49.460370592000061)",Unfall 211135 (2019) Kat:3, Licht: 0,211135,3,1,0,06,07,6,0,0,1,0,0,0,0,0
"POINT (11.069901122000033 49.465085787000078)",Unfall 211137 (2019) Kat:3, Licht: 1,211137,3,1,0,06,21,6,0,1,1,0,0,0,0,0
"POINT (11.068653772000062 49.425570710000045)",Unfall 211171 (2019) Kat:3, Licht: 0,211171,3,3,5,06,14,5,0,0,1,1,0,0,0,0
"POINT (11.132253695000031 49.411422062000042)",Unfall 211172 (2019) Kat:3, Licht: 0,211172,3,2,5,06,09,5,0,0,1,1,0,0,0,0
"POINT (11.021003182000072 49.434317875000033)",Unfall 211265 (2019) Kat:3, Licht: 0,211265,3,3,5,06,17,4,0,0,0,1,0,0,0,0
"POINT (11.048577756000043 49.387373221000075)",Unfall 211266 (2019) Kat:2, Licht: 0,211266,2,3,5,06,17,4,0,0,0,1,0,1,0,0
"POINT (11.164897606000068 49.395534251000072)",Unfall 211267 (2019) Kat:3, Licht: 0,211267,3,3,5,06,07,4,0,0,1,0,0,0,0,1
"POINT (11.075861077000070 49.411741870000071)",Unfall 211268 (2019) Kat:3, Licht: 0,211268,3,1,0,06,19,4,0,0,1,0,0,0,0,0
"POINT (11.107752833000063 49.471507717000065)",Unfall 211362 (2019) Kat:3, Licht: 0,211362,3,3,5,06,16,3,0,0,1,1,0,0,0,0
"POINT (11.101355317000070 49.466130108000073)",Unfall 211363 (2019) Kat:3, Licht: 0,211363,3,1,0,06,08,3,0,0,0,1,0,1,0,0
"POINT (11.053680354000051 49.462326036000036)",Unfall 211365 (2019) Kat:3, Licht: 0,211365,3,6,2,06,17,3,0,0,0,1,0,0,0,1
"POINT (11.109758304000025 49.453864002000046)",Unfall 211367 (2019) Kat:3, Licht: 0,211367,3,6,2,06,15,3,0,0,0,1,0,0,0,0
"POINT (11.076291911000055 49.439679693000073)",Unfall 211369 (2019) Kat:3, Licht: 0,211369,3,6,2,06,17,3,0,0,0,1,0,0,0,0
"POINT (11.084660660000054 49.441704754000057)",Unfall 211370 (2019) Kat:3, Licht: 0,211370,3,3,5,06,13,3,0,0,1,1,0,0,0,0
"POINT (11.105014410000024 49.484264576000044)",Unfall 211372 (2019) Kat:3, Licht: 0,211372,3,2,4,06,08,3,0,0,1,1,0,0,0,0
"POINT (11.040007260000039 49.436991896000052)",Unfall 211373 (2019) Kat:3, Licht: 0,211373,3,3,5,06,14,3,0,0,1,1,0,0,0,0
"POINT (11.095391249000045 49.443107872000041)",Unfall 211375 (2019) Kat:3, Licht: 0,211375,3,1,2,06,12,3,0,0,0,1,0,0,0,0
"POINT (11.124021660000039 49.441549236000071)",Unfall 211459 (2019) Kat:3, Licht: 0,211459,3,6,0,06,16,7,0,0,1,1,0,0,0,0
"POINT (11.086477975000037 49.428966751000075)",Unfall 211460 (2019) Kat:3, Licht: 2,211460,3,1,0,06,22,7,0,2,1,0,0,0,0,0
"POINT (11.058400355000060 49.460060038000051)",Unfall 211461 (2019) Kat:3, Licht: 0,211461,3,6,0,06,16,7,0,0,1,1,0,0,0,0
"POINT (11.068215251000026 49.449017041000047)",Unfall 211462 (2019) Kat:2, Licht: 0,211462,2,7,6,06,18,7,0,0,1,0,1,0,0,0
"POINT (11.018225283000049 49.453555865000055)",Unfall 211563 (2019) Kat:3, Licht: 0,211563,3,6,2,06,09,6,0,0,0,1,0,0,0,0
"POINT (11.127416478000043 49.427446527000029)",Unfall 211564 (2019) Kat:3, Licht: 0,211564,3,6,2,06,15,6,0,0,0,1,0,0,0,0
"POINT (11.132281666000040 49.405232479000063)",Unfall 211565 (2019) Kat:3, Licht: 0,211565,3,3,5,06,15,6,0,0,0,1,0,0,0,0
"POINT (11.046840575000033 49.447142200000030)",Unfall 211566 (2019) Kat:3, Licht: 0,211566,3,1,1,06,16,6,0,0,0,1,0,1,0,0
"POINT (11.069493325000053 49.453384442000072)",Unfall 211567 (2019) Kat:3, Licht: 0,211567,3,1,0,06,18,6,0,0,1,0,0,0,0,0
"POINT (11.081384266000043 49.470185604000051)",Unfall 211724 (2019) Kat:3, Licht: 0,211724,3,3,5,07,11,2,0,0,1,1,0,0,0,0
"POINT (11.082078909000074 49.440462713000045)",Unfall 211725 (2019) Kat:2, Licht: 2,211725,2,2,5,07,23,2,0,2,1,1,0,0,0,0
"POINT (11.096141388000035 49.439921803000061)",Unfall 211726 (2019) Kat:3, Licht: 0,211726,3,2,5,07,17,2,0,0,1,0,0,0,0,0
"POINT (11.089330118000021 49.448823479000055)",Unfall 211727 (2019) Kat:3, Licht: 0,211727,3,3,5,07,17,2,0,0,1,1,0,0,0,0
"POINT (11.083154635000028 49.449783055000069)",Unfall 211728 (2019) Kat:3, Licht: 0,211728,3,6,2,07,17,2,0,0,0,1,0,0,0,0
"POINT (11.039872995000053 49.458781928000064)",Unfall 211729 (2019) Kat:3, Licht: 0,211729,3,3,5,07,10,2,0,0,1,1,0,0,0,0
"POINT (11.082670494000070 49.448864750000041)",Unfall 211730 (2019) Kat:3, Licht: 0,211730,3,6,2,07,14,2,0,0,0,1,0,0,0,0
"POINT (11.042073072000051 49.458779448000030)",Unfall 211731 (2019) Kat:3, Licht: 0,211731,3,6,4,07,08,2,0,0,1,1,0,0,0,0
"POINT (11.082332776000044 49.460824110000033)",Unfall 211869 (2019) Kat:3, Licht: 0,211869,3,2,6,07,17,3,0,0,0,1,1,0,0,0
"POINT (11.111634182000046 49.440063651000060)",Unfall 211870 (2019) Kat:3, Licht: 0,211870,3,2,5,07,10,3,0,0,1,1,0,0,0,0
"POINT (11.080704532000027 49.445810802000040)",Unfall 211872 (2019) Kat:3, Licht: 2,211872,3,1,0,07,16,3,0,2,1,0,0,0,0,0
"POINT (11.082274673000029 49.460928183000078)",Unfall 211874 (2019) Kat:3, Licht: 0,211874,3,1,0,07,14,3,0,0,1,0,0,0,0,0
"POINT (11.107042929000045 49.470583961000045)",Unfall 211889 (2019) Kat:2, Licht: 0,211889,2,4,6,06,08,1,0,0,0,1,1,0,0,0
"POINT (11.060325124000030 49.416379937000045)",Unfall 211891 (2019) Kat:3, Licht: 1,211891,3,1,0,06,21,1,0,1,0,0,0,1,0,0
"POINT (11.079343445000063 49.446524668000052)",Unfall 211893 (2019) Kat:3, Licht: 0,211893,3,6,2,06,20,1,0,0,0,1,0,1,0,0
"POINT (11.082189400000061 49.484628273000055)",Unfall 211896 (2019) Kat:3, Licht: 0,211896,3,6,2,06,21,1,0,0,0,1,0,0,0,0
"POINT (11.091529167000033 49.448090078000064)",Unfall 212023 (2019) Kat:3, Licht: 0,212023,3,6,3,07,20,5,0,0,1,0,0,0,0,1
"POINT (11.073205785000027 49.446994324000059)",Unfall 212024 (2019) Kat:3, Licht: 0,212024,3,6,2,07,16,5,0,0,0,1,0,1,0,0
"POINT (11.085138538000024 49.434428825000055)",Unfall 212025 (2019) Kat:3, Licht: 2,212025,3,7,6,07,23,5,0,2,1,0,1,0,0,0
"POINT (11.006252032000077 49.512330376000079)",Unfall 212026 (2019) Kat:3, Licht: 0,212026,3,3,5,07,09,5,0,0,0,1,0,0,0,0
"POINT (11.126947746000042 49.418840477000060)",Unfall 212027 (2019) Kat:3, Licht: 0,212027,3,6,0,07,07,5,0,0,1,0,0,0,0,0
"POINT (11.128401001000043 49.445232994000037)",Unfall 212149 (2019) Kat:3, Licht: 0,212149,3,6,3,07,19,4,0,0,1,1,0,0,0,0
"POINT (11.051861698000039 49.443561485000032)",Unfall 212151 (2019) Kat:3, Licht: 0,212151,3,3,5,07,17,4,0,0,0,1,0,1,0,0
"POINT (11.124945360000027 49.438669716000049)",Unfall 212152 (2019) Kat:3, Licht: 0,212152,3,7,1,07,10,4,0,0,1,1,0,0,0,0
"POINT (11.079625323000073 49.415426551000053)",Unfall 212154 (2019) Kat:3, Licht: 0,212154,3,5,5,07,15,4,0,0,0,1,0,0,0,0
"POINT (11.097710824000046 49.443184721000080)",Unfall 212156 (2019) Kat:3, Licht: 0,212156,3,3,5,07,09,4,0,0,0,1,0,0,0,0
"POINT (11.117616741000063 49.479505864000032)",Unfall 212158 (2019) Kat:3, Licht: 0,212158,3,3,4,07,19,4,0,0,0,1,0,1,0,0
"POINT (11.117927271000042 49.478516686000034)",Unfall 212159 (2019) Kat:3, Licht: 0,212159,3,6,2,07,16,4,0,0,0,1,0,0,0,0
"POINT (11.008955696000044 49.454198394000059)",Unfall 212161 (2019) Kat:3, Licht: 1,212161,3,2,5,07,21,4,0,1,0,1,0,0,0,0
"POINT (11.092885175000049 49.446365806000074)",Unfall 212162 (2019) Kat:3, Licht: 0,212162,3,7,3,07,16,4,0,0,0,1,0,0,0,0
"POINT (11.088374970000075 49.443400419000056)",Unfall 212253 (2019) Kat:3, Licht: 2,212253,3,6,1,07,01,1,1,2,0,1,0,0,0,0
"POINT (11.080315240000061 49.492683713000076)",Unfall 212306 (2019) Kat:3, Licht: 2,212306,3,3,5,07,22,7,0,2,1,0,0,0,0,1
"POINT (11.062022406000040 49.476941549000060)",Unfall 212307 (2019) Kat:2, Licht: 0,212307,2,1,0,07,10,7,0,0,1,0,0,0,0,0
"POINT (11.096264894000058 49.431673930000045)",Unfall 212383 (2019) Kat:3, Licht: 0,212383,3,3,5,07,15,2,0,0,1,1,0,0,0,0
"POINT (11.112909639000065 49.478116342000078)",Unfall 212440 (2019) Kat:3, Licht: 0,212440,3,6,2,07,06,6,0,0,1,0,0,0,0,0
"POINT (11.102754599000036 49.440592183000035)",Unfall 212441 (2019) Kat:3, Licht: 0,212441,3,6,1,07,09,6,0,0,0,1,0,1,0,0
"POINT (11.068684250000047 49.444466161000037)",Unfall 212532 (2019) Kat:3, Licht: 2,212532,3,2,0,07,22,4,0,2,1,1,0,0,0,0
"POINT (11.073365000000024 49.466626861000066)",Unfall 212533 (2019) Kat:3, Licht: 0,212533,3,3,5,07,18,4,0,0,1,1,0,0,0,0
"POINT (11.130767253000045 49.461642524000069)",Unfall 212534 (2019) Kat:3, Licht: 0,212534,3,7,3,07,08,4,0,0,1,1,0,0,0,0
"POINT (11.048988585000075 49.464158999000063)",Unfall 212535 (2019) Kat:3, Licht: 0,212535,3,6,2,07,13,4,0,0,1,0,0,0,0,0
"POINT (11.022481043000028 49.433837082000082)",Unfall 212580 (2019) Kat:3, Licht: 0,212580,3,6,2,07,16,2,0,0,0,1,0,0,0,0
"POINT (11.070295720000047 49.464419881000026)",Unfall 212593 (2019) Kat:3, Licht: 0,212593,3,6,2,07,11,2,0,0,0,1,0,0,0,0
"POINT (11.096846717000062 49.458904379000046)",Unfall 212628 (2019) Kat:3, Licht: 0,212628,3,1,0,07,07,2,0,0,1,0,0,0,0,0
"POINT (11.175455612000064 49.398567235000030)",Unfall 212651 (2019) Kat:3, Licht: 1,212651,3,7,6,07,21,3,0,1,1,0,1,0,0,0
"POINT (11.094442280000067 49.434100911000030)",Unfall 212652 (2019) Kat:3, Licht: 0,212652,3,3,5,07,11,3,0,0,1,1,0,0,0,0
"POINT (11.075021417000073 49.466891553000039)",Unfall 212653 (2019) Kat:3, Licht: 0,212653,3,3,5,07,08,3,0,0,1,1,0,0,0,0
"POINT (11.133362556000066 49.411919320000038)",Unfall 212722 (2019) Kat:3, Licht: 0,212722,3,6,4,07,08,2,0,0,1,0,0,0,0,0
"POINT (11.133150035000028 49.456791712000040)",Unfall 212724 (2019) Kat:3, Licht: 0,212724,3,1,0,07,11,2,0,0,1,0,0,0,0,0
"POINT (11.020045484000036 49.414234532000080)",Unfall 212727 (2019) Kat:3, Licht: 0,212727,3,6,0,07,17,2,0,0,1,1,0,0,0,0
"POINT (11.077519222000035 49.494008321000081)",Unfall 212783 (2019) Kat:3, Licht: 2,212783,3,7,0,07,01,1,1,2,0,1,1,0,0,0
"POINT (11.079419541000050 49.460937345000048)",Unfall 212784 (2019) Kat:3, Licht: 0,212784,3,6,2,07,17,1,0,0,0,1,0,0,0,0
"POINT (11.010964452000053 49.528441070000042)",Unfall 212785 (2019) Kat:3, Licht: 0,212785,3,6,2,07,11,1,0,0,1,0,0,0,0,0
"POINT (11.192151049000074 49.424272902000041)",Unfall 212786 (2019) Kat:2, Licht: 0,212786,2,1,0,07,07,1,0,0,1,0,0,0,0,0
"POINT (11.074461899000028 49.437923251000029)",Unfall 212787 (2019) Kat:3, Licht: 2,212787,3,3,5,07,02,1,0,2,0,1,0,0,0,1
"POINT (11.103694258000075 49.490393320000067)",Unfall 212832 (2019) Kat:2, Licht: 0,212832,2,2,5,07,12,7,0,0,1,1,0,0,0,0
"POINT (11.040184280000062 49.427470893000077)",Unfall 212883 (2019) Kat:3, Licht: 0,212883,3,1,2,07,12,6,0,0,0,1,0,0,0,0
"POINT (11.082701014000065 49.441426336000063)",Unfall 212918 (2019) Kat:3, Licht: 0,212918,3,3,0,07,15,5,1,0,1,1,0,0,0,0
"POINT (11.099063016000059 49.443379068000070)",Unfall 212925 (2019) Kat:3, Licht: 0,212925,3,3,5,07,14,5,1,0,1,1,0,0,0,0
"POINT (11.007344151000041 49.522752639000032)",Unfall 212933 (2019) Kat:3, Licht: 0,212933,3,3,5,07,17,5,1,0,1,1,0,0,0,0
"POINT (11.134071575000064 49.404492250000033)",Unfall 212943 (2019) Kat:3, Licht: 0,212943,3,6,2,07,13,5,0,0,0,1,0,0,0,0
"POINT (11.084624057000042 49.449194192000050)",Unfall 212947 (2019) Kat:3, Licht: 0,212947,3,2,5,07,09,5,0,0,1,1,0,0,0,0
"POINT (11.061221175000071 49.465753209000070)",Unfall 212950 (2019) Kat:3, Licht: 0,212950,3,2,1,07,12,5,0,0,0,1,0,0,0,0
"POINT (11.078085833000046 49.436796258000072)",Unfall 212952 (2019) Kat:3, Licht: 0,212952,3,2,5,07,11,5,0,0,1,1,0,0,0,0
"POINT (11.019844379000062 49.430910661000041)",Unfall 212953 (2019) Kat:3, Licht: 0,212953,3,6,3,07,16,5,1,0,0,1,0,0,0,0
"POINT (11.089590499000053 49.458510477000061)",Unfall 213013 (2019) Kat:3, Licht: 0,213013,3,1,0,07,08,4,0,0,1,0,0,0,0,0
"POINT (11.088925474000064 49.466706436000038)",Unfall 213014 (2019) Kat:3, Licht: 0,213014,3,3,3,07,13,4,0,0,1,1,0,0,0,0
"POINT (11.111618737000072 49.444573041000069)",Unfall 213015 (2019) Kat:3, Licht: 0,213015,3,3,5,07,13,4,0,0,1,1,0,0,0,0
"POINT (11.082128317000070 49.464284974000066)",Unfall 213017 (2019) Kat:3, Licht: 0,213017,3,6,2,07,17,4,0,0,0,1,0,1,0,0
"POINT (11.081464196000070 49.410064737000027)",Unfall 213018 (2019) Kat:3, Licht: 0,213018,3,6,2,07,14,4,0,0,0,1,0,1,0,0
"POINT (11.064487697000061 49.458703731000071)",Unfall 213019 (2019) Kat:3, Licht: 2,213019,3,1,0,07,22,4,0,2,1,0,0,0,0,0
"POINT (11.068471667000040 49.463066920000074)",Unfall 213126 (2019) Kat:3, Licht: 0,213126,3,4,6,07,07,3,0,0,0,1,1,0,0,0
"POINT (11.081902828000068 49.460929697000040)",Unfall 213127 (2019) Kat:3, Licht: 0,213127,3,5,3,07,11,3,0,0,0,1,0,1,0,0