WKT,Name,OBJECTID,UKATEGORIE,UTYP1,UART,UMONAT,USTUNDE,UWOCHENTAG,STRZUSTAND,ULICHTVERH,ISTRAD,ISTPKW,ISTFUSS,ISTKRAD,ISTGKFZ,ISTSONSTIG
"POINT (11.041662094000060 49.428610975000026)",Unfall 213128 (2019) Kat:3, Licht: 0,213128,3,4,6,07,17,3,0,0,0,1,1,0,0,0
"POINT (11.084764611000026 49.449356198000032)",Unfall 213129 (2019) Kat:3, Licht: 0,213129,3,3,5,07,19,3,0,0,0,1,0,0,0,0
"POINT (11.134523169000033 49.466334415000063)",Unfall 213130 (2019) Kat:3, Licht: 0,213130,3,7,0,07,08,3,0,0,1,0,0,0,0,1
"POINT (11.079853410000055 49.415541103000066)",Unfall 213131 (2019) Kat:3, Licht: 0,213131,3,1,0,07,13,3,0,0,1,0,0,0,0,0
"POINT (11.081522641000049 49.441544322000027)",Unfall 213132 (2019) Kat:3, Licht: 0,213132,3,6,2,07,11,3,0,0,0,1,0,0,0,0
"POINT (11.102710755000032 49.438720063000062)",Unfall 213232 (2019) Kat:3, Licht: 0,213232,3,2,3,07,14,2,0,0,0,1,0,0,0,1
"POINT (11.065563040000029 49.448419513000033)",Unfall 213233 (2019) Kat:2, Licht: 0,213233,2,6,3,07,18,2,0,0,0,1,0,1,0,0
"POINT (11.091360194000060 49.455434958000069)",Unfall 213234 (2019) Kat:3, Licht: 0,213234,3,6,3,07,13,2,0,0,0,1,0,1,0,0
"POINT (11.111986222000041 49.450667001000056)",Unfall 213235 (2019) Kat:3, Licht: 0,213235,3,6,4,07,18,2,0,0,1,0,0,0,0,0
"POINT (11.106144766000057 49.450848585000074)",Unfall 213236 (2019) Kat:3, Licht: 0,213236,3,6,2,07,19,2,0,0,0,1,0,0,0,0
"POINT (11.098940265000067 49.488740119000056)",Unfall 213245 (2019) Kat:2, Licht: 0,213245,2,6,2,07,11,7,0,0,1,0,0,0,0,0
"POINT (11.073209648000045 49.441234589000032)",Unfall 213246 (2019) Kat:3, Licht: 0,213246,3,3,5,07,18,7,0,0,0,0,0,1,0,1
"POINT (11.134788275000062 49.401031269000043)",Unfall 213247 (2019) Kat:3, Licht: 1,213247,3,1,9,07,04,7,0,1,0,1,0,0,0,0
"POINT (11.028938711000023 49.422867333000056)",Unfall 213248 (2019) Kat:3, Licht: 0,213248,3,3,5,07,14,7,0,0,0,1,0,1,0,0
"POINT (11.018076706000045 49.453565275000074)",Unfall 213249 (2019) Kat:3, Licht: 0,213249,3,6,2,07,10,7,0,0,0,1,0,0,0,0
"POINT (11.014768419000063 49.425831609000056)",Unfall 213330 (2019) Kat:3, Licht: 0,213330,3,3,0,07,07,6,0,0,0,1,0,1,0,0
"POINT (11.079312332000029 49.446523570000068)",Unfall 213331 (2019) Kat:3, Licht: 0,213331,3,6,2,07,19,6,0,0,0,1,0,0,0,0
"POINT (11.070779650000077 49.408705729000076)",Unfall 213433 (2019) Kat:3, Licht: 0,213433,3,6,2,07,18,5,0,0,0,1,0,0,0,0
"POINT (11.097623584000075 49.447645020000039)",Unfall 213434 (2019) Kat:3, Licht: 0,213434,3,6,2,07,20,5,0,0,0,1,0,0,0,0
"POINT (11.144235141000024 49.412681712000051)",Unfall 213525 (2019) Kat:3, Licht: 0,213525,3,2,4,07,08,3,0,0,0,1,0,0,0,1
"POINT (11.098303708000060 49.454671241000028)",Unfall 213526 (2019) Kat:2, Licht: 0,213526,2,2,6,07,08,3,0,0,1,0,1,0,0,0
"POINT (11.076049865000073 49.434261989000049)",Unfall 213527 (2019) Kat:3, Licht: 0,213527,3,6,2,07,18,3,0,0,0,1,0,0,0,0
"POINT (11.114833631000067 49.438793831000055)",Unfall 213528 (2019) Kat:3, Licht: 2,213528,3,6,3,07,22,3,0,2,0,1,0,1,0,0
"POINT (11.070800079000037 49.447105350000072)",Unfall 213529 (2019) Kat:3, Licht: 0,213529,3,5,5,07,20,3,0,0,1,1,0,0,0,0
"POINT (11.061381727000025 49.447238470000059)",Unfall 213530 (2019) Kat:3, Licht: 0,213530,3,7,6,07,16,3,0,0,1,0,1,0,0,0
"POINT (11.093655154000032 49.442398843000035)",Unfall 213624 (2019) Kat:3, Licht: 0,213624,3,3,5,07,11,2,0,0,1,1,0,0,0,0
"POINT (11.110288157000070 49.455549650000080)",Unfall 213626 (2019) Kat:3, Licht: 0,213626,3,1,0,07,19,2,0,0,1,0,0,0,0,0
"POINT (11.080540343000052 49.445850224000026)",Unfall 213627 (2019) Kat:3, Licht: 0,213627,3,2,4,07,20,2,0,0,1,1,0,0,0,0
"POINT (11.104630654000061 49.416053060000081)",Unfall 213628 (2019) Kat:3, Licht: 0,213628,3,6,4,07,18,2,0,0,0,1,0,1,0,0
"POINT (11.051810335000027 49.442878748000055)",Unfall 213629 (2019) Kat:3, Licht: 0,213629,3,5,1,07,09,2,0,0,1,1,0,0,0,0
"POINT (11.037286180000024 49.439413662000049)",Unfall 213630 (2019) Kat:3, Licht: 0,213630,3,7,1,07,15,2,0,0,0,1,0,0,1,0
"POINT (11.027003567000065 49.466091125000048)",Unfall 213705 (2019) Kat:3, Licht: 2,213705,3,1,8,07,22,1,0,2,1,0,0,0,0,0
"POINT (11.082291987000076 49.447733148000054)",Unfall 213706 (2019) Kat:3, Licht: 0,213706,3,1,0,07,15,1,1,0,0,0,0,1,0,0
"POINT (11.120365030000073 49.445387979000031)",Unfall 213707 (2019) Kat:3, Licht: 0,213707,3,5,0,07,10,1,0,0,1,1,0,0,0,0
"POINT (11.069365910000045 49.419425357000080)",Unfall 213808 (2019) Kat:3, Licht: 0,213808,3,3,5,07,08,5,0,0,1,1,0,0,0,0
"POINT (11.097638640000071 49.445878213000071)",Unfall 213809 (2019) Kat:3, Licht: 0,213809,3,2,3,07,10,5,0,0,1,1,0,0,0,0
"POINT (11.075838653000062 49.439612247000071)",Unfall 213810 (2019) Kat:3, Licht: 0,213810,3,6,2,07,13,5,0,0,0,1,0,0,0,0
"POINT (11.020572002000051 49.436256737000065)",Unfall 213811 (2019) Kat:3, Licht: 0,213811,3,1,8,07,18,5,0,0,1,0,0,0,0,0
"POINT (11.040867001000038 49.440871626000046)",Unfall 213813 (2019) Kat:3, Licht: 0,213813,3,6,2,07,17,5,0,0,0,1,0,0,0,0
"POINT (11.130021226000054 49.461734920000026)",Unfall 213814 (2019) Kat:2, Licht: 0,213814,2,7,1,07,07,5,0,0,0,1,0,0,0,0
"POINT (11.048704580000049 49.387514187000079)",Unfall 213815 (2019) Kat:3, Licht: 0,213815,3,6,2,07,08,5,0,0,0,1,0,0,0,1
"POINT (11.078459878000047 49.439989781000065)",Unfall 213816 (2019) Kat:3, Licht: 0,213816,3,1,2,07,12,5,0,0,0,1,0,0,0,0
"POINT (11.071603261000064 49.447049107000055)",Unfall 213817 (2019) Kat:3, Licht: 0,213817,3,1,0,07,07,5,0,0,0,0,0,1,0,0
"POINT (11.062989526000024 49.440724299000067)",Unfall 213818 (2019) Kat:3, Licht: 0,213818,3,2,5,07,11,5,0,0,0,1,0,0,0,0
"POINT (11.120923845000050 49.412738091000051)",Unfall 213819 (2019) Kat:3, Licht: 2,213819,3,7,6,07,22,5,0,2,1,0,1,0,0,0
"POINT (11.074004545000037 49.454314337000028)",Unfall 213820 (2019) Kat:3, Licht: 0,213820,3,4,6,07,20,5,0,0,1,0,1,0,0,0
"POINT (11.152062309000030 49.453431821000038)",Unfall 213930 (2019) Kat:3, Licht: 0,213930,3,7,0,07,10,4,0,0,1,0,0,0,0,0
"POINT (11.094231299000057 49.449292499000080)",Unfall 213931 (2019) Kat:3, Licht: 0,213931,3,6,4,07,19,4,0,0,1,0,0,0,0,0
"POINT (11.066135232000022 49.492602421000072)",Unfall 213932 (2019) Kat:2, Licht: 2,213932,2,7,8,07,20,4,0,2,0,0,0,1,0,0
"POINT (11.028499653000040 49.469479174000071)",Unfall 213934 (2019) Kat:3, Licht: 1,213934,3,2,5,07,20,4,0,1,0,1,0,1,0,0
"POINT (11.070438771000056 49.451084985000080)",Unfall 213935 (2019) Kat:3, Licht: 0,213935,3,7,6,07,09,4,0,0,0,1,1,0,0,0
"POINT (11.096925624000050 49.458921777000057)",Unfall 214036 (2019) Kat:3, Licht: 0,214036,3,6,2,07,09,2,1,0,0,1,0,0,0,0
"POINT (11.055132512000057 49.460735512000042)",Unfall 214037 (2019) Kat:3, Licht: 0,214037,3,7,0,07,11,2,1,0,0,0,0,0,0,1
"POINT (11.101980526000034 49.474643157000060)",Unfall 214038 (2019) Kat:3, Licht: 0,214038,3,6,2,07,09,2,1,0,0,1,0,0,0,0
"POINT (11.104916050000043 49.486016941000059)",Unfall 214039 (2019) Kat:3, Licht: 0,214039,3,2,3,07,08,2,0,0,1,1,0,0,0,0
"POINT (11.092603195000038 49.461601032000033)",Unfall 214100 (2019) Kat:3, Licht: 0,214100,3,3,5,07,14,1,0,0,0,1,0,0,0,0
"POINT (11.099843198000030 49.459498472000064)",Unfall 214101 (2019) Kat:3, Licht: 2,214101,3,1,0,07,22,1,0,2,1,0,0,0,0,0
"POINT (11.071146944000077 49.447145458000080)",Unfall 214102 (2019) Kat:3, Licht: 0,214102,3,1,0,07,19,1,1,0,0,0,0,1,0,0
"POINT (11.069696497000052 49.447848298000054)",Unfall 214103 (2019) Kat:3, Licht: 2,214103,3,7,6,07,02,1,0,2,0,1,1,0,0,0
"POINT (11.082698838000056 49.448918512000034)",Unfall 214177 (2019) Kat:3, Licht: 2,214177,3,6,1,07,23,7,0,2,0,1,0,0,0,0
"POINT (11.089108233000047 49.442301900000075)",Unfall 214179 (2019) Kat:3, Licht: 0,214179,3,7,5,07,19,7,0,0,0,1,0,0,0,1
"POINT (11.122782984000025 49.416794117000052)",Unfall 214180 (2019) Kat:3, Licht: 2,214180,3,1,0,07,22,7,0,2,1,0,0,0,0,0
"POINT (11.127785890000041 49.466521638000074)",Unfall 214269 (2019) Kat:2, Licht: 0,214269,2,6,4,07,09,6,0,0,0,1,0,0,0,0
"POINT (11.071057383000038 49.491915271000039)",Unfall 214270 (2019) Kat:3, Licht: 0,214270,3,3,0,07,06,6,0,0,1,0,0,0,0,1
"POINT (11.082919667000056 49.447180073000027)",Unfall 214271 (2019) Kat:3, Licht: 0,214271,3,7,6,07,11,6,0,0,0,1,1,0,0,0
"POINT (11.068576098000051 49.449175779000029)",Unfall 214272 (2019) Kat:3, Licht: 0,214272,3,6,2,07,16,6,0,0,0,1,0,0,0,0
"POINT (11.085490906000075 49.473619686000063)",Unfall 214273 (2019) Kat:3, Licht: 0,214273,3,6,2,07,18,6,0,0,0,1,0,0,0,0
"POINT (11.078577397000061 49.414024331000064)",Unfall 214275 (2019) Kat:3, Licht: 0,214275,3,6,4,07,11,6,0,0,1,0,0,0,0,0
"POINT (11.075577230000022 49.444233719000067)",Unfall 214276 (2019) Kat:3, Licht: 0,214276,3,5,1,07,12,6,0,0,0,1,0,0,0,0
"POINT (11.069469039000069 49.453084168000032)",Unfall 214368 (2019) Kat:3, Licht: 0,214368,3,6,0,08,15,5,0,0,1,1,0,1,0,0
"POINT (11.087144924000029 49.473466900000062)",Unfall 214369 (2019) Kat:3, Licht: 0,214369,3,5,3,08,10,5,0,0,0,1,0,0,0,0
"POINT (11.077777113000025 49.444232193000062)",Unfall 214370 (2019) Kat:3, Licht: 0,214370,3,3,5,08,18,5,0,0,1,0,0,0,0,0
"POINT (11.105845802000033 49.484343794000040)",Unfall 214371 (2019) Kat:3, Licht: 0,214371,3,5,3,08,10,5,0,0,0,1,0,0,0,0
"POINT (11.141009727000039 49.464000314000032)",Unfall 214453 (2019) Kat:3, Licht: 1,214453,3,7,2,07,20,4,0,1,1,1,0,0,0,0
"POINT (11.002864392000049 49.450299734000055)",Unfall 214454 (2019) Kat:3, Licht: 2,214454,3,6,2,07,23,4,0,2,0,1,0,0,0,0
"POINT (11.080741898000042 49.435845849000032)",Unfall 214456 (2019) Kat:3, Licht: 0,214456,3,6,2,07,14,4,0,0,0,1,0,0,0,0
"POINT (11.047439428000075 49.442274352000027)",Unfall 214457 (2019) Kat:3, Licht: 0,214457,3,6,2,07,13,4,0,0,0,1,0,0,0,0
"POINT (11.068747414000029 49.473745286000053)",Unfall 214458 (2019) Kat:3, Licht: 2,214458,3,3,5,07,21,4,0,2,0,1,0,0,0,0
"POINT (11.078283514000077 49.446536826000056)",Unfall 214538 (2019) Kat:3, Licht: 2,214538,3,1,0,07,23,3,0,2,0,0,0,1,0,0
"POINT (11.040242494000040 49.447580257000027)",Unfall 214539 (2019) Kat:3, Licht: 0,214539,3,3,5,07,17,3,0,0,1,0,0,0,0,1
"POINT (11.133944666000048 49.413914060000081)",Unfall 214540 (2019) Kat:3, Licht: 0,214540,3,1,6,07,15,3,0,0,0,0,1,0,0,1
"POINT (11.022920893000048 49.439342497000041)",Unfall 214541 (2019) Kat:3, Licht: 0,214541,3,1,0,07,15,3,0,0,1,0,0,0,0,0
"POINT (11.076991921000058 49.454749827000057)",Unfall 214543 (2019) Kat:3, Licht: 2,214543,3,7,0,07,23,3,0,2,0,0,0,0,0,1
"POINT (11.088711610000075 49.461391617000061)",Unfall 214557 (2019) Kat:3, Licht: 0,214557,3,6,2,08,13,6,0,0,0,1,0,0,0,0
"POINT (11.098312525000040 49.431396044000053)",Unfall 214618 (2019) Kat:3, Licht: 0,214618,3,3,5,08,16,3,0,0,1,1,0,0,0,0
"POINT (11.059654451000029 49.448953386000028)",Unfall 214619 (2019) Kat:3, Licht: 0,214619,3,3,5,08,15,3,0,0,1,1,0,0,0,0
"POINT (11.027399367000044 49.469819429000040)",Unfall 214620 (2019) Kat:3, Licht: 0,214620,3,6,2,08,08,3,0,0,0,1,0,0,0,0
"POINT (11.133897249000029 49.401609028000053)",Unfall 214621 (2019) Kat:3, Licht: 0,214621,3,6,5,08,06,3,0,0,0,1,0,1,0,0
"POINT (11.076776154000072 49.453156108000030)",Unfall 214660 (2019) Kat:2, Licht: 2,214660,2,1,0,08,02,4,0,2,1,0,0,0,0,0
"POINT (11.086171614000023 49.435130515000026)",Unfall 214664 (2019) Kat:3, Licht: 2,214664,3,3,5,08,21,4,1,2,0,1,0,0,0,0
"POINT (11.073553332000074 49.446897255000067)",Unfall 214671 (2019) Kat:3, Licht: 2,214671,3,6,4,08,22,4,1,2,0,1,0,0,0,0
"POINT (11.118495280000047 49.443387410000071)",Unfall 214702 (2019) Kat:2, Licht: 0,214702,2,3,5,08,10,2,0,0,1,1,0,0,0,0
"POINT (11.080609150000043 49.416436831000055)",Unfall 214704 (2019) Kat:3, Licht: 2,214704,3,4,6,08,22,2,0,2,0,1,1,0,0,0
"POINT (11.009201528000062 49.454147992000060)",Unfall 214831 (2019) Kat:3, Licht: 0,214831,3,2,0,08,12,7,0,0,0,1,0,0,0,0
"POINT (11.052354776000072 49.462886536000042)",Unfall 214833 (2019) Kat:3, Licht: 0,214833,3,1,0,08,11,7,1,0,0,0,0,1,0,0
"POINT (11.079485346000070 49.412272999000038)",Unfall 214835 (2019) Kat:3, Licht: 0,214835,3,1,1,08,18,7,0,0,1,1,0,0,0,0
"POINT (11.086330583000063 49.461091669000041)",Unfall 214836 (2019) Kat:3, Licht: 0,214836,3,7,0,08,09,7,1,0,1,0,0,0,0,0
"POINT (11.074781817000030 49.434236313000042)",Unfall 214878 (2019) Kat:2, Licht: 0,214878,2,1,0,08,10,7,1,0,1,0,0,0,0,0
"POINT (11.102178889000072 49.412210086000073)",Unfall 214901 (2019) Kat:3, Licht: 0,214901,3,3,5,08,14,6,0,0,1,1,0,0,0,0
"POINT (11.066934804000027 49.405882214000030)",Unfall 214926 (2019) Kat:3, Licht: 0,214926,3,2,5,08,13,7,0,0,0,1,0,0,0,1
"POINT (11.071618506000050 49.447048040000027)",Unfall 214941 (2019) Kat:3, Licht: 0,214941,3,6,2,08,18,5,0,0,0,1,0,0,0,0
"POINT (11.008843441000067 49.454139328000053)",Unfall 214947 (2019) Kat:3, Licht: 0,214947,3,2,5,08,19,5,0,0,1,1,0,0,0,0
"POINT (11.138904165000042 49.400515087000031)",Unfall 214951 (2019) Kat:3, Licht: 0,214951,3,3,5,08,16,6,0,0,1,1,0,0,0,0
"POINT (11.034323364000045 49.433594621000054)",Unfall 214958 (2019) Kat:3, Licht: 0,214958,3,3,5,08,19,5,0,0,0,1,0,0,0,0
"POINT (11.052668169000071 49.400435286000061)",Unfall 214965 (2019) Kat:3, Licht: 2,214965,3,6,0,08,04,5,1,2,0,0,0,1,1,0
"POINT (11.080609780000032 49.416437844000029)",Unfall 214968 (2019) Kat:3, Licht: 1,214968,3,3,5,08,20,5,0,1,1,1,0,0,0,0
"POINT (11.067545375000066 49.440662311000040)",Unfall 214972 (2019) Kat:3, Licht: 0,214972,3,5,1,08,15,7,0,0,1,1,0,0,0,0
"POINT (11.039286086000061 49.440114233000031)",Unfall 214976 (2019) Kat:3, Licht: 0,214976,3,6,2,08,17,5,0,0,0,1,0,0,0,0
"POINT (11.051863818000072 49.443563607000044)",Unfall 214979 (2019) Kat:3, Licht: 0,214979,3,3,5,08,14,5,0,0,0,1,0,0,0,0
"POINT (11.073162487000047 49.454039181000041)",Unfall 214984 (2019) Kat:3, Licht: 0,214984,3,3,5,08,07,5,0,0,1,1,0,0,0,0
"POINT (11.086506426000028 49.431657636000068)",Unfall 214997 (2019) Kat:3, Licht: 0,214997,3,3,3,08,16,6,0,0,0,1,0,0,0,0
"POINT (11.087198401000023 49.455610133000050)",Unfall 215021 (2019) Kat:3, Licht: 1,215021,3,5,1,08,19,7,0,1,1,1,0,0,0,0
"POINT (11.083582547000049 49.447508226000082)",Unfall 215073 (2019) Kat:3, Licht: 2,215073,3,6,0,08,22,7,0,2,0,1,0,1,0,0
"POINT (11.056650585000057 49.449882921000039)",Unfall 215105 (2019) Kat:3, Licht: 0,215105,3,4,6,08,12,6,0,0,1,0,1,0,0,0
"POINT (11.072196990000066 49.473843263000049)",Unfall 215133 (2019) Kat:2, Licht: 0,215133,2,1,0,08,14,5,1,0,1,0,0,0,0,0
"POINT (11.040637847000028 49.435768813000038)",Unfall 215134 (2019) Kat:3, Licht: 0,215134,3,4,6,08,11,5,1,0,0,1,1,0,0,0
"POINT (11.121214978000069 49.475606990000074)",Unfall 215135 (2019) Kat:3, Licht: 0,215135,3,3,5,08,07,5,0,0,0,1,0,0,0,0
"POINT (11.089477428000066 49.455685717000051)",Unfall 215136 (2019) Kat:3, Licht: 0,215136,3,6,3,08,09,5,0,0,0,1,0,0,0,0
"POINT (11.108982753000021 49.436925022000025)",Unfall 215186 (2019) Kat:3, Licht: 0,215186,3,1,0,08,17,4,0,0,1,0,0,0,0,0
"POINT (11.010625325000035 49.458852967000041)",Unfall 215187 (2019) Kat:3, Licht: 0,215187,3,3,5,08,18,4,0,0,0,1,0,1,0,0
"POINT (11.052120556000034 49.428809986000033)",Unfall 215188 (2019) Kat:3, Licht: 0,215188,3,2,3,08,06,4,0,0,0,1,0,1,0,0
"POINT (11.097335248000036 49.449900060000061)",Unfall 215189 (2019) Kat:3, Licht: 0,215189,3,3,0,08,16,4,0,0,0,1,0,1,0,0
"POINT (11.077288055000054 49.451862098000049)",Unfall 215190 (2019) Kat:3, Licht: 0,215190,3,5,1,08,16,4,0,0,1,1,0,0,0,0
"POINT (11.006939412000065 49.452894332000028)",Unfall 215191 (2019) Kat:3, Licht: 0,215191,3,1,0,08,17,4,0,0,1,0,0,0,0,0
"POINT (11.066820851000045 49.431280302000062)",Unfall 215252 (2019) Kat:3, Licht: 0,215252,3,6,2,08,18,3,0,0,0,1,0,0,0,0
"POINT (11.019415415000026 49.420902925000064)",Unfall 215253 (2019) Kat:3, Licht: 0,215253,3,1,0,08,16,3,0,0,1,0,0,0,0,0
"POINT (11.084822785000028 49.461608562000038)",Unfall 215254 (2019) Kat:3, Licht: 0,215254,3,6,4,08,07,3,0,0,1,0,0,0,0,0
"POINT (11.054124108000053 49.451602002000072)",Unfall 215255 (2019) Kat:3, Licht: 0,215255,3,1,4,08,16,3,0,0,0,0,1,0,0,1
"POINT (11.066227883000067 49.407442463000052)",Unfall 215256 (2019) Kat:3, Licht: 0,215256,3,6,2,08,14,3,0,0,0,1,0,0,0,0
"POINT (11.061433233000059 49.448987708000061)",Unfall 215309 (2019) Kat:3, Licht: 0,215309,3,7,0,08,10,2,0,0,0,1,0,0,0,0
"POINT (11.063554874000033 49.438508624000065)",Unfall 215310 (2019) Kat:3, Licht: 0,215310,3,3,5,08,14,2,0,0,1,1,0,0,0,0
"POINT (11.072412886000052 49.460860703000037)",Unfall 215340 (2019) Kat:3, Licht: 2,215340,3,1,0,08,20,1,1,2,1,0,0,0,0,0
"POINT (11.052691977000052 49.450227363000067)",Unfall 215343 (2019) Kat:3, Licht: 0,215343,3,3,5,08,19,1,1,0,1,1,0,0,0,0
"POINT (11.116101865000076 49.412213036000026)",Unfall 215368 (2019) Kat:3, Licht: 0,215368,3,3,5,08,11,4,0,0,0,1,0,0,0,0
"POINT (11.053011141000070 49.461026573000026)",Unfall 215416 (2019) Kat:3, Licht: 0,215416,3,3,5,08,16,3,1,0,0,1,0,1,0,0
"POINT (11.144191438000064 49.412655848000043)",Unfall 215417 (2019) Kat:3, Licht: 0,215417,3,2,5,08,17,3,1,0,0,1,0,0,0,0
"POINT (11.041222894000043 49.418481035000070)",Unfall 215418 (2019) Kat:3, Licht: 0,215418,3,4,6,08,09,3,0,0,0,1,1,0,0,0
"POINT (11.116191442000058 49.412261402000070)",Unfall 215450 (2019) Kat:3, Licht: 0,215450,3,3,5,08,09,2,0,0,0,1,0,0,0,0
"POINT (11.050468143000046 49.449523313000043)",Unfall 215451 (2019) Kat:3, Licht: 0,215451,3,3,5,08,19,2,0,0,1,1,0,0,0,0
"POINT (11.092900137000072 49.444009015000063)",Unfall 215452 (2019) Kat:3, Licht: 0,215452,3,5,1,08,17,2,0,0,1,1,0,0,0,0
"POINT (11.075828798000032 49.462473716000034)",Unfall 215456 (2019) Kat:3, Licht: 0,215456,3,1,6,08,18,4,0,0,0,1,1,0,0,0
"POINT (11.068359950000058 49.427905236000072)",Unfall 215501 (2019) Kat:3, Licht: 2,215501,3,3,5,08,05,1,0,2,0,1,0,0,0,0
"POINT (11.050754921000021 49.346616203000053)",Unfall 215502 (2019) Kat:1, Licht: 0,215502,1,6,4,08,10,1,0,0,1,0,0,0,0,0
"POINT (11.093051583000033 49.469184334000033)",Unfall 215521 (2019) Kat:3, Licht: 0,215521,3,3,5,08,17,4,0,0,1,1,0,0,0,0
"POINT (11.111853001000043 49.448617606000028)",Unfall 215603 (2019) Kat:3, Licht: 0,215603,3,1,0,08,19,6,0,0,1,0,0,0,0,0
"POINT (11.091220176000036 49.436744732000079)",Unfall 215639 (2019) Kat:3, Licht: 0,215639,3,7,0,08,12,2,0,0,0,0,0,0,0,1
"POINT (11.126860610000051 49.428249451000056)",Unfall 215687 (2019) Kat:3, Licht: 0,215687,3,6,0,08,13,1,0,0,1,0,0,0,0,0
"POINT (11.059331293000071 49.457990909000046)",Unfall 215688 (2019) Kat:2, Licht: 0,215688,2,7,4,08,16,1,1,0,0,1,0,0,0,0
"POINT (11.048219461000031 49.444903153000041)",Unfall 215689 (2019) Kat:3, Licht: 0,215689,3,1,0,08,18,1,0,0,0,1,0,1,0,0
"POINT (11.089613382000039 49.457675082000037)",Unfall 215690 (2019) Kat:3, Licht: 0,215690,3,7,0,08,17,1,1,0,1,0,0,0,0,0
"POINT (11.071585794000043 49.440399963000061)",Unfall 215691 (2019) Kat:3, Licht: 2,215691,3,1,0,08,21,1,0,2,0,1,0,1,0,0
"POINT (11.075916313000050 49.462453499000048)",Unfall 215692 (2019) Kat:3, Licht: 0,215692,3,1,0,08,17,1,0,0,0,0,0,0,0,1
"POINT (11.019008644000053 49.431543270000077)",Unfall 215743 (2019) Kat:3, Licht: 0,215743,3,2,0,08,14,7,0,0,1,1,0,0,0,0
"POINT (11.133496255000068 49.411990238000044)",Unfall 215744 (2019) Kat:2, Licht: 0,215744,2,3,5,08,08,7,0,0,1,0,0,0,0,0
"POINT (11.078317504000040 49.432883940000067)",Unfall 215746 (2019) Kat:3, Licht: 0,215746,3,7,0,08,18,7,0,0,0,0,0,0,0,1
"POINT (11.071968240000047 49.445797898000080)",Unfall 215795 (2019) Kat:3, Licht: 0,215795,3,1,0,08,19,6,0,0,1,0,0,0,0,0
"POINT (11.067297315000076 49.437787959000048)",Unfall 215796 (2019) Kat:3, Licht: 0,215796,3,7,1,08,11,6,0,0,0,1,0,1,0,0
"POINT (11.012980726000023 49.432702807000055)",Unfall 215849 (2019) Kat:2, Licht: 0,215849,2,6,2,08,10,5,0,0,0,1,0,0,1,0
"POINT (11.048933991000069 49.408323384000028)",Unfall 215850 (2019) Kat:3, Licht: 0,215850,3,6,2,08,09,5,0,0,0,0,0,1,1,0
"POINT (11.101908863000062 49.458122528000047)",Unfall 215851 (2019) Kat:2, Licht: 0,215851,2,7,6,08,15,5,0,0,0,0,1,0,0,1
"POINT (11.036685237000029 49.409615247000033)",Unfall 215852 (2019) Kat:2, Licht: 0,215852,2,7,5,08,18,5,0,0,0,1,0,1,0,0
"POINT (11.061710183000059 49.418210848000058)",Unfall 215854 (2019) Kat:3, Licht: 0,215854,3,3,5,08,15,5,0,0,0,1,0,1,0,0
"POINT (11.055186189000040 49.451263960000063)",Unfall 215855 (2019) Kat:2, Licht: 0,215855,2,6,0,08,15,5,0,0,0,1,0,1,0,0
"POINT (11.071803751000061 49.428046314000028)",Unfall 215856 (2019) Kat:3, Licht: 0,215856,3,3,5,08,13,5,0,0,0,1,0,1,0,0
"POINT (11.095059306000053 49.443107735000069)",Unfall 215857 (2019) Kat:3, Licht: 0,215857,3,2,4,08,10,5,0,0,0,1,0,1,0,0
"POINT (11.084363481000025 49.451282880000065)",Unfall 215859 (2019) Kat:3, Licht: 0,215859,3,2,5,08,16,5,0,0,1,0,0,0,0,0
"POINT (11.069166183000050 49.452596181000047)",Unfall 215912 (2019) Kat:3, Licht: 0,215912,3,6,2,08,13,6,0,0,0,1,0,0,0,0
"POINT (11.096760036000035 49.471689346000062)",Unfall 215913 (2019) Kat:3, Licht: 0,215913,3,2,0,08,07,6,0,0,1,1,0,0,0,0
"POINT (11.052730281000038 49.457335349000061)",Unfall 215914 (2019) Kat:3, Licht: 0,215914,3,3,5,08,11,6,0,0,1,1,0,0,0,0
"POINT (11.071981982000068 49.447087222000050)",Unfall 215970 (2019) Kat:2, Licht: 0,215970,2,1,0,08,14,5,0,0,0,0,0,0,0,1
"POINT (11.080672289000063 49.445875621000027)",Unfall 215971 (2019) Kat:2, Licht: 0,215971,2,4,6,08,16,5,0,0,0,1,1,0,0,0
"POINT (11.134079227000029 49.401601883000069)",Unfall 215972 (2019) Kat:2, Licht: 2,215972,2,1,0,08,21,5,0,2,1,0,0,0,0,0
"POINT (11.070152620000044 49.439237909000042)",Unfall 215973 (2019) Kat:3, Licht: 0,215973,3,4,6,08,09,5,0,0,0,1,1,0,0,0
"POINT (11.072433002000025 49.451502473000062)",Unfall 215974 (2019) Kat:3, Licht: 0,215974,3,7,6,08,18,5,0,0,1,0,1,0,0,0
"POINT (11.014667957000029 49.453751995000061)",Unfall 216039 (2019) Kat:3, Licht: 0,216039,3,2,5,08,17,4,0,0,0,1,0,0,0,0
"POINT (11.107554589000074 49.484817352000050)",Unfall 216040 (2019) Kat:2, Licht: 0,216040,2,7,1,08,15,4,0,0,0,1,0,0,0,0