WKT,Name,OBJECTID,UKATEGORIE,UTYP1,UART,UMONAT,USTUNDE,UWOCHENTAG,STRZUSTAND,ULICHTVERH,ISTRAD,ISTPKW,ISTFUSS,ISTKRAD,ISTGKFZ,ISTSONSTIG
"POINT (11.124430618000076 49.412715212000080)",Unfall 216041 (2019) Kat:3, Licht: 0,216041,3,1,5,08,18,4,0,0,1,1,0,0,0,0
"POINT (11.045581878000064 49.454195431000073)",Unfall 216104 (2019) Kat:2, Licht: 0,216104,2,3,5,08,06,3,0,0,0,0,0,1,0,1
"POINT (11.136801288000072 49.399479977000055)",Unfall 216105 (2019) Kat:2, Licht: 0,216105,2,3,5,08,11,3,0,0,1,1,0,0,0,0
"POINT (11.084154238000053 49.473717562000047)",Unfall 216106 (2019) Kat:3, Licht: 0,216106,3,7,0,08,07,3,0,0,0,0,0,0,0,1
"POINT (11.071644209000056 49.473833874000036)",Unfall 216172 (2019) Kat:3, Licht: 0,216172,3,2,4,09,18,3,0,0,0,1,0,1,0,0
"POINT (11.087943818000042 49.455319682000038)",Unfall 216173 (2019) Kat:3, Licht: 0,216173,3,1,0,09,10,3,0,0,1,0,0,0,0,0
"POINT (11.059898467000039 49.459690010000031)",Unfall 216174 (2019) Kat:3, Licht: 0,216174,3,3,5,09,10,3,0,0,1,1,0,0,0,0
"POINT (11.047426287000064 49.433707490000074)",Unfall 216240 (2019) Kat:2, Licht: 0,216240,2,2,6,09,11,2,0,0,0,0,1,0,1,0
"POINT (11.072642039000073 49.460253869000042)",Unfall 216241 (2019) Kat:3, Licht: 0,216241,3,6,3,09,18,2,0,0,0,1,0,0,0,1
"POINT (11.039242520000073 49.440096916000073)",Unfall 216242 (2019) Kat:3, Licht: 0,216242,3,2,0,09,12,2,0,0,0,1,0,0,0,1
"POINT (11.040780306000045 49.466252280000049)",Unfall 216293 (2019) Kat:2, Licht: 0,216293,2,2,5,09,10,1,0,0,1,1,0,0,0,0
"POINT (11.030909300000076 49.472542106000049)",Unfall 216294 (2019) Kat:3, Licht: 0,216294,3,6,2,09,13,1,0,0,0,1,0,1,0,0
"POINT (11.078552019000028 49.466738297000063)",Unfall 216356 (2019) Kat:3, Licht: 1,216356,3,3,5,08,20,7,0,1,1,1,0,0,0,0
"POINT (11.059215679000033 49.446757233000028)",Unfall 216451 (2019) Kat:3, Licht: 0,216451,3,1,3,09,09,7,1,0,0,1,0,0,0,0
"POINT (11.128178146000039 49.444992859000081)",Unfall 216469 (2019) Kat:3, Licht: 0,216469,3,3,5,09,09,6,0,0,0,1,0,0,0,0
"POINT (11.080248046000065 49.453983204000053)",Unfall 216470 (2019) Kat:3, Licht: 0,216470,3,1,0,09,17,6,0,0,1,0,0,0,0,0
"POINT (11.081905144000075 49.431482457000072)",Unfall 216471 (2019) Kat:3, Licht: 2,216471,3,7,1,09,03,6,0,2,0,1,0,0,0,1
"POINT (11.050031170000068 49.434932049000054)",Unfall 216504 (2019) Kat:3, Licht: 0,216504,3,7,1,09,14,7,0,0,0,1,0,0,0,0
"POINT (11.067628623000076 49.451735671000051)",Unfall 216537 (2019) Kat:3, Licht: 1,216537,3,7,3,09,19,5,0,1,0,1,0,0,0,1
"POINT (11.086747830000036 49.453236088000040)",Unfall 216610 (2019) Kat:3, Licht: 1,216610,3,7,6,09,06,4,0,1,0,0,1,0,0,1
"POINT (11.018540626000060 49.458177129000035)",Unfall 216611 (2019) Kat:3, Licht: 0,216611,3,1,2,09,17,4,0,0,0,1,0,0,0,0
"POINT (11.028523746000076 49.469473307000044)",Unfall 216612 (2019) Kat:2, Licht: 2,216612,2,2,5,09,00,7,0,2,0,1,0,1,0,0
"POINT (11.093417020000061 49.446298147000050)",Unfall 216613 (2019) Kat:3, Licht: 0,216613,3,7,5,09,18,4,0,0,1,1,0,0,0,0
"POINT (11.040041790000032 49.436944192000055)",Unfall 216614 (2019) Kat:3, Licht: 0,216614,3,3,5,09,17,4,0,0,0,1,0,1,0,0
"POINT (11.062686938000070 49.449453260000041)",Unfall 216615 (2019) Kat:2, Licht: 0,216615,2,1,0,09,14,4,0,0,1,0,0,0,0,0
"POINT (11.068174566000039 49.452048410000032)",Unfall 216616 (2019) Kat:2, Licht: 0,216616,2,5,6,09,17,4,0,0,0,1,1,0,0,0
"POINT (11.080180874000064 49.446650269000031)",Unfall 216617 (2019) Kat:3, Licht: 0,216617,3,3,5,09,13,4,0,0,1,1,0,0,0,0
"POINT (11.070344844000033 49.446203270000069)",Unfall 216743 (2019) Kat:3, Licht: 0,216743,3,6,3,09,16,4,0,0,1,0,0,0,0,0
"POINT (11.004521465000039 49.449277739000081)",Unfall 216744 (2019) Kat:3, Licht: 0,216744,3,7,4,09,16,4,0,0,0,1,0,0,0,0
"POINT (11.086275336000028 49.473552932000075)",Unfall 216745 (2019) Kat:3, Licht: 0,216745,3,6,2,09,08,4,0,0,0,1,0,0,0,0
"POINT (11.128464861000054 49.474436545000060)",Unfall 216746 (2019) Kat:3, Licht: 0,216746,3,6,2,09,15,4,0,0,0,1,0,0,0,1
"POINT (11.093511375000048 49.448290564000047)",Unfall 216747 (2019) Kat:3, Licht: 0,216747,3,7,3,09,17,4,0,0,0,1,0,0,0,1
"POINT (11.068924895000066 49.439229685000043)",Unfall 216748 (2019) Kat:3, Licht: 0,216748,3,3,5,09,11,4,0,0,0,1,0,0,0,0
"POINT (11.058382197000071 49.457474864000062)",Unfall 216749 (2019) Kat:3, Licht: 0,216749,3,2,3,09,13,4,0,0,1,1,0,0,0,0
"POINT (11.062094051000031 49.402245228000027)",Unfall 216750 (2019) Kat:3, Licht: 0,216750,3,3,5,09,16,4,0,0,1,1,0,0,0,0
"POINT (11.092412767000042 49.440918506000060)",Unfall 216820 (2019) Kat:3, Licht: 0,216820,3,5,0,09,10,3,0,0,1,1,0,0,0,0
"POINT (11.036876454000037 49.491287748000047)",Unfall 216821 (2019) Kat:3, Licht: 0,216821,3,3,5,09,14,3,0,0,1,1,0,0,0,0
"POINT (11.054618956000070 49.440845620000061)",Unfall 216822 (2019) Kat:3, Licht: 0,216822,3,6,2,09,16,3,0,0,0,1,0,0,0,0
"POINT (11.142746368000076 49.398936599000081)",Unfall 216823 (2019) Kat:3, Licht: 2,216823,3,1,8,09,21,3,0,2,0,1,0,0,0,0
"POINT (11.089828862000047 49.444522248000055)",Unfall 216824 (2019) Kat:3, Licht: 0,216824,3,1,1,09,18,3,0,0,1,1,0,0,0,0
"POINT (11.084714677000022 49.420938870000043)",Unfall 216876 (2019) Kat:3, Licht: 0,216876,3,6,2,09,09,2,1,0,0,1,0,0,0,0
"POINT (11.059094161000075 49.457400384000039)",Unfall 216911 (2019) Kat:3, Licht: 2,216911,3,2,4,09,20,1,1,2,1,1,0,0,0,0
"POINT (11.066045479000024 49.448326604000044)",Unfall 216912 (2019) Kat:3, Licht: 2,216912,3,1,8,09,03,1,0,2,0,1,0,0,0,0
"POINT (11.176783534000037 49.467253708000044)",Unfall 216913 (2019) Kat:2, Licht: 0,216913,2,7,6,09,10,1,0,0,0,1,1,0,0,0
"POINT (11.089499699000044 49.456693052000048)",Unfall 216914 (2019) Kat:3, Licht: 0,216914,3,2,5,09,13,1,0,0,1,1,0,0,0,0
"POINT (11.120073535000074 49.437198098000067)",Unfall 216941 (2019) Kat:3, Licht: 0,216941,3,7,0,09,12,7,0,0,0,0,0,0,0,1
"POINT (11.079659718000073 49.457787731000053)",Unfall 217035 (2019) Kat:3, Licht: 2,217035,3,1,0,09,01,7,0,2,0,0,0,0,0,1
"POINT (11.062016619000076 49.466154787000050)",Unfall 217036 (2019) Kat:3, Licht: 0,217036,3,1,0,09,15,7,0,0,1,1,0,0,0,0
"POINT (11.063618981000047 49.434708030000081)",Unfall 217037 (2019) Kat:3, Licht: 0,217037,3,2,3,09,16,7,0,0,0,1,0,1,0,0
"POINT (11.106561012000043 49.408048875000077)",Unfall 217038 (2019) Kat:2, Licht: 0,217038,2,6,4,09,16,7,0,0,0,1,0,0,0,0
"POINT (11.084734024000056 49.451372622000065)",Unfall 217039 (2019) Kat:3, Licht: 2,217039,3,6,2,09,19,7,0,2,0,1,0,1,0,0
"POINT (11.121146630000055 49.421322552000049)",Unfall 217040 (2019) Kat:3, Licht: 0,217040,3,2,3,09,12,7,0,0,1,0,0,0,0,0
"POINT (11.092609301000039 49.458353907000060)",Unfall 217041 (2019) Kat:3, Licht: 0,217041,3,7,8,09,13,7,0,0,1,1,0,0,0,0
"POINT (11.150700357000062 49.400592128000028)",Unfall 217119 (2019) Kat:3, Licht: 0,217119,3,6,5,09,14,6,0,0,1,1,0,0,0,0
"POINT (11.065327676000038 49.441343468000071)",Unfall 217120 (2019) Kat:3, Licht: 0,217120,3,7,5,09,15,6,0,0,0,1,0,0,0,0
"POINT (11.106762724000021 49.417387688000076)",Unfall 217121 (2019) Kat:3, Licht: 0,217121,3,3,5,09,06,6,0,0,1,1,0,0,0,0
"POINT (11.096995800000059 49.444959472000050)",Unfall 217198 (2019) Kat:3, Licht: 2,217198,3,1,1,09,02,5,0,2,0,1,0,0,0,0
"POINT (11.087377413000070 49.441185355000073)",Unfall 217199 (2019) Kat:3, Licht: 0,217199,3,1,0,09,11,5,0,0,1,0,0,0,0,0
"POINT (11.081247207000047 49.442430266000031)",Unfall 217210 (2019) Kat:2, Licht: 0,217210,2,2,6,09,11,2,0,0,0,1,1,0,0,0
"POINT (11.061542600000053 49.368665256000043)",Unfall 217213 (2019) Kat:2, Licht: 0,217213,2,6,4,09,12,5,0,0,0,1,0,0,0,0
"POINT (11.068177815000070 49.441774343000077)",Unfall 217214 (2019) Kat:3, Licht: 0,217214,3,2,6,09,17,5,0,0,0,1,1,0,0,0
"POINT (11.072897037000075 49.459399774000076)",Unfall 217215 (2019) Kat:3, Licht: 0,217215,3,3,5,09,17,5,0,0,0,1,0,0,0,0
"POINT (11.141613379000034 49.426492837000069)",Unfall 217216 (2019) Kat:3, Licht: 0,217216,3,3,0,09,11,5,0,0,0,1,0,0,0,0
"POINT (11.058999403000030 49.457416103000071)",Unfall 217217 (2019) Kat:3, Licht: 0,217217,3,2,5,09,16,5,0,0,1,1,0,0,0,0
"POINT (11.048390854000047 49.485346707000076)",Unfall 217219 (2019) Kat:3, Licht: 0,217219,3,1,0,09,17,5,0,0,0,0,0,1,0,0
"POINT (11.005046439000068 49.436961604000032)",Unfall 217268 (2019) Kat:2, Licht: 0,217268,2,6,2,09,08,2,0,0,0,1,0,1,0,0
"POINT (11.079223156000069 49.442088933000036)",Unfall 217307 (2019) Kat:3, Licht: 0,217307,3,7,5,09,09,4,0,0,1,1,0,0,0,0
"POINT (11.042991711000070 49.420487963000028)",Unfall 217308 (2019) Kat:3, Licht: 0,217308,3,6,4,09,15,4,0,0,1,0,0,0,0,0
"POINT (11.119159024000055 49.470798845000047)",Unfall 217309 (2019) Kat:3, Licht: 0,217309,3,3,5,09,17,4,0,0,1,1,0,0,0,0
"POINT (11.122548734000077 49.484721566000076)",Unfall 217311 (2019) Kat:3, Licht: 0,217311,3,6,2,09,17,4,0,0,0,1,0,0,0,0
"POINT (11.084594083000070 49.421204197000066)",Unfall 217367 (2019) Kat:3, Licht: 2,217367,3,6,0,09,04,2,0,2,1,1,0,0,0,0
"POINT (11.009193466000056 49.454149645000030)",Unfall 217378 (2019) Kat:3, Licht: 0,217378,3,2,5,09,13,3,0,0,1,0,0,0,0,1
"POINT (11.073661052000034 49.446555330000081)",Unfall 217379 (2019) Kat:3, Licht: 0,217379,3,6,2,09,16,3,0,0,0,1,0,0,0,0
"POINT (11.067089070000065 49.439219841000067)",Unfall 217396 (2019) Kat:3, Licht: 2,217396,3,6,2,09,20,2,0,2,1,1,0,0,0,0
"POINT (11.064554608000037 49.449424984000075)",Unfall 217444 (2019) Kat:3, Licht: 0,217444,3,3,5,09,09,2,0,0,1,1,0,0,0,0
"POINT (11.059299468000063 49.449871804000054)",Unfall 217452 (2019) Kat:2, Licht: 0,217452,2,2,5,09,10,2,0,0,0,1,0,1,0,0
"POINT (11.051274566000075 49.461384932000044)",Unfall 217455 (2019) Kat:3, Licht: 2,217455,3,1,0,09,21,2,0,2,0,0,0,1,0,0
"POINT (11.003469073000076 49.450140439000052)",Unfall 217502 (2019) Kat:3, Licht: 0,217502,3,6,3,09,13,1,0,0,0,1,0,0,0,0
"POINT (11.083374507000030 49.456276774000060)",Unfall 217563 (2019) Kat:3, Licht: 2,217563,3,7,0,09,21,7,0,2,0,0,1,1,0,0
"POINT (11.053407371000048 49.462476145000039)",Unfall 217564 (2019) Kat:3, Licht: 0,217564,3,3,5,09,16,7,0,0,0,1,0,1,0,0
"POINT (11.079219906000048 49.443810942000027)",Unfall 217565 (2019) Kat:3, Licht: 0,217565,3,6,3,09,13,7,0,0,1,0,0,0,0,0
"POINT (11.128273508000063 49.410530482000070)",Unfall 217636 (2019) Kat:2, Licht: 0,217636,2,3,5,09,12,6,0,0,1,0,0,0,0,1
"POINT (11.114921236000043 49.413152252000032)",Unfall 217637 (2019) Kat:2, Licht: 2,217637,2,2,6,09,05,6,0,2,0,1,1,0,0,0
"POINT (11.084870250000051 49.451463609000029)",Unfall 217638 (2019) Kat:3, Licht: 0,217638,3,6,4,09,12,6,0,0,1,0,0,0,0,0
"POINT (11.090475958000070 49.438492693000057)",Unfall 217712 (2019) Kat:3, Licht: 0,217712,3,7,3,09,07,5,0,0,0,1,0,0,0,1
"POINT (11.045220330000063 49.442402792000053)",Unfall 217713 (2019) Kat:3, Licht: 0,217713,3,2,6,09,16,5,0,0,0,1,1,0,0,0
"POINT (11.094941291000055 49.452913182000032)",Unfall 217768 (2019) Kat:3, Licht: 0,217768,3,1,8,09,17,5,1,0,0,0,0,0,0,1
"POINT (11.032197937000035 49.418247784000073)",Unfall 217769 (2019) Kat:3, Licht: 0,217769,3,2,5,09,18,5,1,0,0,1,0,0,0,0
"POINT (11.048501648000070 49.387383654000075)",Unfall 217830 (2019) Kat:3, Licht: 0,217830,3,3,5,09,14,4,0,0,0,0,0,0,1,1
"POINT (11.076485302000037 49.434214463000046)",Unfall 217831 (2019) Kat:3, Licht: 0,217831,3,7,0,09,12,4,0,0,0,0,0,0,0,1
"POINT (11.071660202000032 49.454548196000076)",Unfall 217832 (2019) Kat:3, Licht: 0,217832,3,3,5,09,16,4,0,0,1,0,0,0,0,0
"POINT (11.079754428000058 49.437257154000065)",Unfall 217889 (2019) Kat:3, Licht: 0,217889,3,3,5,09,17,3,0,0,0,1,0,0,0,0
"POINT (11.060365551000075 49.459587400000032)",Unfall 217890 (2019) Kat:3, Licht: 0,217890,3,6,3,09,12,3,0,0,1,1,0,0,0,0
"POINT (11.080262454000035 49.465269086000035)",Unfall 217953 (2019) Kat:3, Licht: 0,217953,3,7,6,09,13,2,1,0,1,0,1,0,0,0
"POINT (11.082227855000042 49.446933556000033)",Unfall 217954 (2019) Kat:2, Licht: 0,217954,2,4,6,09,08,2,1,0,0,1,1,0,0,0
"POINT (11.070454136000023 49.407929323000076)",Unfall 217955 (2019) Kat:3, Licht: 0,217955,3,6,2,09,07,2,1,0,0,1,0,0,1,0
"POINT (11.114178436000032 49.454021770000054)",Unfall 217956 (2019) Kat:3, Licht: 0,217956,3,3,5,09,07,2,1,0,1,1,0,0,0,0
"POINT (11.077116085000057 49.412411826000039)",Unfall 217975 (2019) Kat:3, Licht: 0,217975,3,6,2,10,18,3,0,0,0,1,0,0,0,0
"POINT (11.133104142000036 49.460859486000061)",Unfall 217976 (2019) Kat:3, Licht: 0,217976,3,6,2,10,16,3,0,0,0,1,0,1,0,0
"POINT (11.057696184000065 49.466190619000031)",Unfall 217977 (2019) Kat:2, Licht: 1,217977,2,1,0,10,19,3,0,1,0,0,0,1,0,0
"POINT (11.102956675000030 49.438682771000060)",Unfall 217978 (2019) Kat:3, Licht: 0,217978,3,4,6,10,15,3,0,0,0,0,1,0,0,1
"POINT (11.057831088000057 49.454680638000070)",Unfall 218078 (2019) Kat:3, Licht: 2,218078,3,6,2,09,20,2,0,2,0,1,0,1,0,0
"POINT (11.169002917000057 49.392107959000043)",Unfall 218079 (2019) Kat:3, Licht: 2,218079,3,3,5,09,19,2,0,2,0,1,0,0,0,0
"POINT (11.085171286000048 49.440892872000063)",Unfall 218080 (2019) Kat:3, Licht: 0,218080,3,6,2,09,17,2,0,0,0,1,0,0,0,0
"POINT (11.083107564000045 49.492457923000075)",Unfall 218081 (2019) Kat:3, Licht: 0,218081,3,3,5,09,12,2,0,0,1,1,0,0,0,0
"POINT (11.041306721000069 49.481982000000073)",Unfall 218082 (2019) Kat:3, Licht: 0,218082,3,3,5,09,17,2,0,0,0,1,0,0,0,0
"POINT (11.073189412000033 49.448892490000048)",Unfall 218083 (2019) Kat:3, Licht: 0,218083,3,3,5,09,16,2,0,0,1,1,0,0,0,0
"POINT (11.084567009000068 49.451177438000059)",Unfall 218116 (2019) Kat:3, Licht: 0,218116,3,3,5,09,16,1,1,0,1,0,0,1,0,0
"POINT (11.074379559000022 49.437941205000072)",Unfall 218117 (2019) Kat:3, Licht: 2,218117,3,3,5,09,00,1,0,2,0,1,0,0,0,0
"POINT (11.080665837000026 49.443758241000069)",Unfall 218118 (2019) Kat:3, Licht: 0,218118,3,2,3,09,15,1,0,0,0,1,0,0,0,1
"POINT (11.135207049000030 49.454090208000082)",Unfall 218168 (2019) Kat:3, Licht: 0,218168,3,7,0,09,14,7,0,0,0,0,0,0,0,1
"POINT (11.076046380000037 49.455473360000042)",Unfall 218169 (2019) Kat:3, Licht: 0,218169,3,1,6,09,14,7,0,0,0,1,1,0,0,0
"POINT (11.054748885000038 49.448462801000062)",Unfall 218170 (2019) Kat:3, Licht: 0,218170,3,7,0,09,18,7,0,0,0,0,0,0,0,1
"POINT (11.147047096000051 49.410423059000038)",Unfall 218222 (2019) Kat:3, Licht: 2,218222,3,3,5,09,19,6,1,2,0,1,0,0,0,0
"POINT (11.171020300000066 49.411129404000064)",Unfall 218223 (2019) Kat:3, Licht: 1,218223,3,2,5,09,18,6,1,1,0,1,0,1,0,0
"POINT (11.067459636000024 49.437685451000050)",Unfall 218224 (2019) Kat:3, Licht: 0,218224,3,3,5,09,16,6,1,0,0,1,0,0,0,0
"POINT (11.061989005000044 49.453247132000058)",Unfall 218225 (2019) Kat:3, Licht: 2,218225,3,1,1,09,20,6,1,2,0,1,0,0,0,0
"POINT (11.047700859000031 49.450438943000051)",Unfall 218226 (2019) Kat:3, Licht: 0,218226,3,3,5,09,17,6,1,0,0,1,0,1,0,0
"POINT (11.101384736000057 49.443223055000033)",Unfall 218227 (2019) Kat:3, Licht: 0,218227,3,3,5,09,06,6,0,0,1,1,0,0,0,0
"POINT (11.074912853000058 49.446846730000061)",Unfall 218238 (2019) Kat:3, Licht: 0,218238,3,3,5,10,08,3,0,0,1,0,0,0,0,0
"POINT (11.068579913000065 49.453215916000033)",Unfall 218249 (2019) Kat:3, Licht: 0,218249,3,1,0,10,07,1,0,0,0,0,0,0,0,1
"POINT (11.011435112000072 49.447941687000082)",Unfall 218321 (2019) Kat:3, Licht: 0,218321,3,2,4,10,16,6,1,0,0,1,0,1,0,0
"POINT (11.066786862000072 49.451145919000055)",Unfall 218322 (2019) Kat:3, Licht: 0,218322,3,4,6,10,14,6,1,0,0,0,1,0,0,1
"POINT (11.020508629000062 49.419966458000033)",Unfall 218357 (2019) Kat:3, Licht: 0,218357,3,7,5,10,09,5,0,0,0,1,0,0,0,0
"POINT (11.134864715000049 49.462512148000030)",Unfall 218405 (2019) Kat:3, Licht: 0,218405,3,3,5,10,07,4,1,0,1,1,0,0,0,0
"POINT (11.057467965000058 49.450468340000043)",Unfall 218406 (2019) Kat:3, Licht: 0,218406,3,3,5,10,16,4,1,0,0,1,0,0,0,0
"POINT (11.065471795000065 49.456825222000077)",Unfall 218407 (2019) Kat:3, Licht: 0,218407,3,2,6,10,10,4,1,0,0,1,1,0,0,0
"POINT (11.068560946000048 49.444486103000031)",Unfall 218408 (2019) Kat:3, Licht: 0,218408,3,2,5,10,15,4,0,0,0,1,0,0,0,1
"POINT (11.080896294000070 49.435883696000076)",Unfall 218409 (2019) Kat:3, Licht: 0,218409,3,1,0,10,08,4,1,0,0,0,0,1,0,0
"POINT (11.016430648000039 49.424356092000039)",Unfall 218410 (2019) Kat:3, Licht: 0,218410,3,3,5,10,07,4,1,0,1,1,0,0,0,0
"POINT (11.035351022000043 49.423994003000075)",Unfall 218557 (2019) Kat:3, Licht: 0,218557,3,6,2,10,08,5,1,0,0,1,0,0,0,0
"POINT (11.070147216000066 49.439217889000076)",Unfall 218558 (2019) Kat:3, Licht: 0,218558,3,3,5,10,08,5,1,0,0,1,0,0,0,0
"POINT (11.076723885000035 49.439206745000035)",Unfall 218559 (2019) Kat:3, Licht: 1,218559,3,1,0,10,17,5,1,1,1,0,0,0,0,0
"POINT (11.069322248000049 49.452609872000039)",Unfall 218560 (2019) Kat:3, Licht: 0,218560,3,6,2,10,15,5,0,0,0,1,0,0,0,0
"POINT (11.101182455000071 49.459656354000060)",Unfall 218619 (2019) Kat:3, Licht: 0,218619,3,4,6,10,14,4,0,0,1,0,1,0,0,0
"POINT (11.103801741000041 49.450140879000060)",Unfall 218620 (2019) Kat:3, Licht: 2,218620,3,1,5,10,20,4,0,2,0,1,0,0,0,1
"POINT (11.048406933000024 49.435927380000066)",Unfall 218621 (2019) Kat:3, Licht: 0,218621,3,3,5,10,16,4,1,0,0,1,0,0,0,0
"POINT (11.107388022000066 49.484754913000074)",Unfall 218622 (2019) Kat:3, Licht: 2,218622,3,1,1,10,18,4,1,2,1,1,0,0,0,0
"POINT (11.098836600000027 49.450150661000066)",Unfall 218623 (2019) Kat:3, Licht: 2,218623,3,6,2,10,22,4,0,2,0,1,0,0,0,0
"POINT (11.039382857000021 49.440152700000056)",Unfall 218669 (2019) Kat:3, Licht: 0,218669,3,1,0,10,15,3,1,0,1,0,0,0,0,0
"POINT (11.036783075000073 49.420137740000030)",Unfall 218670 (2019) Kat:2, Licht: 0,218670,2,2,6,10,09,3,1,0,0,1,1,0,0,0
"POINT (11.032603170000073 49.428383271000030)",Unfall 218671 (2019) Kat:3, Licht: 0,218671,3,3,5,10,17,3,1,0,0,1,0,0,0,1
"POINT (11.067768165000075 49.457400703000076)",Unfall 218672 (2019) Kat:3, Licht: 0,218672,3,2,5,10,11,3,1,0,1,1,0,0,0,0
"POINT (11.089211467000041 49.440794965000066)",Unfall 218673 (2019) Kat:3, Licht: 0,218673,3,6,6,10,11,3,1,0,1,0,1,0,0,0
"POINT (11.070938929000022 49.456818942000041)",Unfall 218674 (2019) Kat:3, Licht: 2,218674,3,6,2,10,19,3,1,2,0,1,0,0,0,1
"POINT (11.092396052000026 49.461589320000030)",Unfall 218730 (2019) Kat:3, Licht: 2,218730,3,3,5,10,22,2,0,2,0,1,0,0,0,0
"POINT (11.085102612000071 49.422507314000029)",Unfall 218731 (2019) Kat:3, Licht: 0,218731,3,6,2,10,12,2,0,0,0,1,0,0,0,0
"POINT (11.041915605000042 49.474426952000044)",Unfall 218835 (2019) Kat:3, Licht: 0,218835,3,3,5,10,12,2,0,0,0,1,0,0,0,0
"POINT (11.062954082000033 49.449424164000050)",Unfall 218836 (2019) Kat:3, Licht: 0,218836,3,4,6,10,16,2,0,0,1,0,1,0,0,0
"POINT (11.081975394000040 49.440448818000050)",Unfall 218837 (2019) Kat:3, Licht: 1,218837,3,3,0,10,18,2,0,1,1,0,0,0,0,1
"POINT (11.031118206000031 49.402646974000049)",Unfall 218838 (2019) Kat:3, Licht: 0,218838,3,4,6,10,08,2,0,0,0,1,1,0,0,0
"POINT (11.125367892000043 49.423259576000078)",Unfall 218839 (2019) Kat:3, Licht: 0,218839,3,6,3,10,14,2,0,0,1,1,0,0,0,0
"POINT (11.083623740000064 49.447625125000059)",Unfall 218840 (2019) Kat:3, Licht: 0,218840,3,6,2,10,11,2,0,0,0,1,0,0,0,0
"POINT (11.097528689000058 49.444559146000074)",Unfall 218894 (2019) Kat:3, Licht: 0,218894,3,3,5,10,15,1,0,0,0,1,0,1,0,0
"POINT (11.071798623000063 49.447377438000046)",Unfall 218895 (2019) Kat:3, Licht: 2,218895,3,4,6,10,05,1,0,2,0,1,1,0,0,0
"POINT (11.033641500000044 49.438195855000060)",Unfall 218896 (2019) Kat:2, Licht: 0,218896,2,3,5,10,11,1,0,0,0,1,0,1,0,0
"POINT (11.081696878000059 49.466688144000045)",Unfall 218952 (2019) Kat:3, Licht: 0,218952,3,3,5,10,14,7,0,0,1,1,0,0,0,0
"POINT (11.010768184000028 49.458786857000064)",Unfall 218953 (2019) Kat:3, Licht: 0,218953,3,2,5,10,12,7,0,0,1,0,0,0,0,1
"POINT (11.085226007000074 49.430596468000033)",Unfall 218954 (2019) Kat:3, Licht: 0,218954,3,3,5,10,11,7,0,0,0,1,0,0,0,0
"POINT (11.071780059000048 49.447037038000076)",Unfall 218955 (2019) Kat:3, Licht: 0,218955,3,3,5,10,16,7,0,0,0,1,0,0,0,0
"POINT (11.150707795000073 49.400824647000036)",Unfall 218956 (2019) Kat:3, Licht: 0,218956,3,3,5,10,13,7,0,0,1,1,0,0,0,0
"POINT (11.123432387000037 49.441875344000039)",Unfall 219024 (2019) Kat:2, Licht: 0,219024,2,7,0,10,18,6,0,0,0,0,0,0,0,1
"POINT (11.003606566000030 49.450023596000051)",Unfall 219025 (2019) Kat:3, Licht: 0,219025,3,6,2,10,15,6,0,0,0,1,0,0,0,0
"POINT (11.099134130000039 49.462453693000043)",Unfall 219026 (2019) Kat:3, Licht: 0,219026,3,7,0,10,14,6,0,0,1,0,0,0,0,0
"POINT (11.081940739000061 49.440444167000066)",Unfall 219027 (2019) Kat:3, Licht: 0,219027,3,6,2,10,09,6,0,0,0,1,0,0,0,0
"POINT (11.115863823000041 49.454719010000076)",Unfall 219067 (2019) Kat:3, Licht: 0,219067,3,2,0,10,07,6,0,0,0,1,1,0,0,0
"POINT (11.058770059000040 49.443237522000061)",Unfall 219068 (2019) Kat:3, Licht: 1,219068,3,2,5,10,17,6,1,1,0,1,0,0,0,0
"POINT (11.053853479000054 49.406587759000047)",Unfall 219069 (2019) Kat:3, Licht: 0,219069,3,6,2,10,15,6,0,0,0,1,0,1,0,0
"POINT (11.060389029000021 49.444199379000054)",Unfall 219070 (2019) Kat:3, Licht: 0,219070,3,1,0,10,07,6,1,0,0,0,0,1,0,0
"POINT (11.075044591000051 49.445086366000055)",Unfall 219071 (2019) Kat:3, Licht: 1,219071,3,2,5,10,18,6,1,1,1,1,0,0,0,0
"POINT (11.074836267000023 49.446503601000074)",Unfall 219072 (2019) Kat:2, Licht: 2,219072,2,1,0,10,00,6,1,2,0,0,0,0,0,1
"POINT (11.050706587000036 49.441466226000045)",Unfall 219143 (2019) Kat:3, Licht: 0,219143,3,1,6,10,10,5,0,0,1,0,1,0,0,0
"POINT (11.071795342000030 49.473836442000049)",Unfall 219221 (2019) Kat:3, Licht: 0,219221,3,6,1,10,14,4,0,0,0,1,0,0,0,0
"POINT (11.021742058000029 49.460217487000079)",Unfall 219222 (2019) Kat:3, Licht: 0,219222,3,2,4,10,18,4,0,0,0,1,0,0,0,0
"POINT (11.086310163000064 49.447244478000073)",Unfall 219223 (2019) Kat:3, Licht: 0,219223,3,3,5,10,13,4,0,0,0,1,0,0,0,1
"POINT (11.080593377000071 49.446491679000076)",Unfall 219224 (2019) Kat:3, Licht: 0,219224,3,1,0,10,15,4,0,0,0,0,0,1,0,0