WKT,Name,OBJECTID,UKATEGORIE,UTYP1,UART,UMONAT,USTUNDE,UWOCHENTAG,STRZUSTAND,ULICHTVERH,ISTRAD,ISTPKW,ISTFUSS,ISTKRAD,ISTGKFZ,ISTSONSTIG
"POINT (11.081410402000074 49.473876043000075)",Unfall 219225 (2019) Kat:3, Licht: 0,219225,3,2,5,10,07,4,0,0,1,1,0,0,0,0
"POINT (11.132293001000050 49.453506308000044)",Unfall 219289 (2019) Kat:2, Licht: 0,219289,2,1,0,10,11,3,0,0,1,0,0,0,0,0
"POINT (11.070482422000055 49.455085108000048)",Unfall 219290 (2019) Kat:3, Licht: 0,219290,3,1,5,10,10,3,0,0,0,1,0,0,0,1
"POINT (11.059856481000054 49.450915279000071)",Unfall 219291 (2019) Kat:3, Licht: 0,219291,3,3,5,10,09,3,0,0,1,1,1,0,0,0
"POINT (11.039771406000057 49.440738569000075)",Unfall 219292 (2019) Kat:3, Licht: 0,219292,3,6,2,10,16,3,0,0,1,1,0,0,0,0
"POINT (11.097570333000021 49.460388065000075)",Unfall 219293 (2019) Kat:3, Licht: 0,219293,3,4,0,10,15,3,0,0,0,0,1,1,0,0
"POINT (11.079858295000065 49.435642931000075)",Unfall 219294 (2019) Kat:3, Licht: 0,219294,3,2,4,10,17,3,0,0,1,1,0,0,0,0
"POINT (11.051312070000051 49.470334034000075)",Unfall 219295 (2019) Kat:2, Licht: 0,219295,2,6,3,10,08,3,0,0,1,0,0,0,0,0
"POINT (11.083585107000033 49.450686839000070)",Unfall 219296 (2019) Kat:3, Licht: 0,219296,3,2,5,10,07,3,0,0,1,1,0,0,0,0
"POINT (11.060400248000064 49.446958302000041)",Unfall 219376 (2019) Kat:3, Licht: 0,219376,3,6,3,10,15,3,0,0,0,1,0,0,0,0
"POINT (11.070646952000061 49.432860650000066)",Unfall 219377 (2019) Kat:2, Licht: 2,219377,2,1,0,10,17,3,0,2,0,0,0,1,0,0
"POINT (11.098391125000035 49.442128884000056)",Unfall 219378 (2019) Kat:3, Licht: 2,219378,3,7,1,10,19,3,0,2,1,1,0,0,0,0
"POINT (11.130910768000035 49.404788856000039)",Unfall 219379 (2019) Kat:3, Licht: 0,219379,3,2,5,10,12,3,0,0,1,1,0,0,0,0
"POINT (11.012617775000024 49.449248767000029)",Unfall 219380 (2019) Kat:3, Licht: 1,219380,3,6,0,10,18,3,0,1,0,1,0,1,0,0
"POINT (11.078818848000026 49.438667263000070)",Unfall 219437 (2019) Kat:3, Licht: 0,219437,3,3,5,10,10,2,0,0,1,1,0,0,0,0
"POINT (11.135392175000050 49.453918655000052)",Unfall 219438 (2019) Kat:3, Licht: 0,219438,3,1,0,10,15,2,0,0,1,0,0,0,0,0
"POINT (11.126936130000047 49.434054199000059)",Unfall 219439 (2019) Kat:3, Licht: 0,219439,3,2,5,10,15,2,0,0,1,1,0,0,0,0
"POINT (11.088829793000059 49.453014583000027)",Unfall 219440 (2019) Kat:3, Licht: 0,219440,3,1,6,10,16,2,0,0,0,1,1,0,0,0
"POINT (11.098440462000042 49.459237195000071)",Unfall 219441 (2019) Kat:3, Licht: 0,219441,3,6,2,10,18,2,0,0,0,1,0,0,0,0
"POINT (11.036412487000064 49.433818748000078)",Unfall 219442 (2019) Kat:2, Licht: 0,219442,2,3,5,10,09,2,0,0,0,1,0,1,0,0
"POINT (11.070017528000051 49.464588778000063)",Unfall 219443 (2019) Kat:3, Licht: 0,219443,3,6,2,10,17,2,0,0,0,1,0,1,0,0
"POINT (11.079870312000025 49.445721254000034)",Unfall 219500 (2019) Kat:3, Licht: 1,219500,3,1,0,10,18,1,0,1,1,1,0,0,0,0
"POINT (11.027533448000042 49.475398105000068)",Unfall 219551 (2019) Kat:3, Licht: 0,219551,3,3,5,10,12,7,1,0,0,1,0,0,0,0
"POINT (11.075195482000026 49.456945283000039)",Unfall 219552 (2019) Kat:3, Licht: 2,219552,3,1,0,10,23,7,1,2,0,0,0,0,0,1
"POINT (11.072894912000038 49.460866974000055)",Unfall 219553 (2019) Kat:3, Licht: 0,219553,3,1,0,10,14,7,1,0,1,0,0,0,0,0
"POINT (11.084392395000066 49.451268604000063)",Unfall 219554 (2019) Kat:3, Licht: 0,219554,3,3,0,10,10,7,1,0,1,1,0,0,0,0
"POINT (11.071783887000038 49.447509609000065)",Unfall 219585 (2019) Kat:3, Licht: 2,219585,3,3,5,10,18,4,0,2,0,1,0,0,0,0
"POINT (11.093860050000046 49.406504427000073)",Unfall 219587 (2019) Kat:3, Licht: 0,219587,3,6,2,10,11,4,1,0,0,1,0,0,0,0
"POINT (11.085485923000022 49.450213765000058)",Unfall 219595 (2019) Kat:3, Licht: 2,219595,3,6,2,10,20,4,0,2,0,1,0,1,0,0
"POINT (11.127993072000038 49.445002101000057)",Unfall 219597 (2019) Kat:3, Licht: 2,219597,3,4,6,10,19,4,0,2,0,1,1,0,0,0
"POINT (11.128069315000062 49.430944229000033)",Unfall 219641 (2019) Kat:3, Licht: 0,219641,3,1,2,10,16,7,0,0,0,1,0,0,0,0
"POINT (11.115130317000023 49.412985149000065)",Unfall 219642 (2019) Kat:3, Licht: 0,219642,3,2,3,10,15,7,0,0,1,1,0,0,0,0
"POINT (11.096688939000046 49.445146274000081)",Unfall 219643 (2019) Kat:3, Licht: 0,219643,3,6,2,10,11,7,0,0,0,1,0,0,0,0
"POINT (11.049760241000058 49.438145947000066)",Unfall 219644 (2019) Kat:3, Licht: 0,219644,3,7,6,10,10,7,0,0,0,1,1,0,0,0
"POINT (11.081914619000031 49.484504655000080)",Unfall 219645 (2019) Kat:3, Licht: 0,219645,3,2,6,10,15,7,0,0,0,1,1,0,0,0
"POINT (11.092286666000064 49.442258728000070)",Unfall 219646 (2019) Kat:3, Licht: 1,219646,3,6,3,10,18,7,0,1,0,1,0,0,0,0
"POINT (11.014988685000048 49.432177615000057)",Unfall 219695 (2019) Kat:3, Licht: 0,219695,3,6,3,10,15,6,0,0,0,1,0,0,0,0
"POINT (11.067008136000027 49.438304375000030)",Unfall 219696 (2019) Kat:3, Licht: 0,219696,3,6,2,10,11,6,0,0,0,1,0,0,0,0
"POINT (11.074373630000025 49.446890847000077)",Unfall 219697 (2019) Kat:2, Licht: 0,219697,2,6,4,10,14,6,0,0,1,0,0,0,0,0
"POINT (11.012413495000033 49.421498018000079)",Unfall 219698 (2019) Kat:3, Licht: 1,219698,3,3,5,10,18,6,0,1,0,1,0,1,0,0
"POINT (11.072541412000021 49.449439485000028)",Unfall 219699 (2019) Kat:3, Licht: 0,219699,3,6,2,10,14,6,0,0,0,0,0,1,0,1
"POINT (11.131575662000046 49.404319264000037)",Unfall 219700 (2019) Kat:3, Licht: 0,219700,3,4,6,10,16,6,0,0,0,1,1,0,0,0
"POINT (11.129315416000054 49.462143973000082)",Unfall 219773 (2019) Kat:3, Licht: 0,219773,3,3,5,10,14,5,0,0,1,1,0,0,0,0
"POINT (11.015977986000053 49.430464103000077)",Unfall 219774 (2019) Kat:3, Licht: 0,219774,3,5,1,10,14,5,0,0,1,1,0,0,0,0
"POINT (11.109062712000025 49.401253980000035)",Unfall 219775 (2019) Kat:3, Licht: 0,219775,3,3,5,10,17,5,0,0,1,1,0,0,0,0
"POINT (11.063012750000041 49.405670762000057)",Unfall 219834 (2019) Kat:3, Licht: 1,219834,3,6,3,10,06,4,1,1,0,1,0,0,1,0
"POINT (11.070385840000029 49.439147575000050)",Unfall 219841 (2019) Kat:3, Licht: 2,219841,3,6,2,11,18,6,1,2,0,1,0,0,0,0
"POINT (11.068930219000038 49.439272634000076)",Unfall 219887 (2019) Kat:2, Licht: 2,219887,2,2,5,10,18,5,0,2,1,1,0,0,0,0
"POINT (11.077615846000072 49.439990022000075)",Unfall 219888 (2019) Kat:2, Licht: 2,219888,2,4,6,10,19,5,0,2,0,1,1,0,0,0
"POINT (11.042506423000077 49.466051130000039)",Unfall 219889 (2019) Kat:3, Licht: 0,219889,3,7,2,10,14,5,0,0,0,1,0,0,0,0
"POINT (11.115533992000053 49.454581994000080)",Unfall 219890 (2019) Kat:3, Licht: 0,219890,3,1,1,10,09,5,0,0,0,1,0,1,0,0
"POINT (11.097538041000064 49.445798821000039)",Unfall 219891 (2019) Kat:3, Licht: 0,219891,3,6,2,10,06,5,0,0,0,1,0,0,0,0
"POINT (11.076797233000036 49.454408897000064)",Unfall 219941 (2019) Kat:3, Licht: 2,219941,3,7,6,10,23,4,0,2,0,1,1,0,0,0
"POINT (10.995692927000050 49.449749050000037)",Unfall 219942 (2019) Kat:3, Licht: 2,219942,3,6,3,10,19,4,0,2,0,1,0,0,0,1
"POINT (11.135642330000053 49.403380130000073)",Unfall 220002 (2019) Kat:3, Licht: 0,220002,3,5,0,10,17,3,1,0,0,1,0,1,0,0
"POINT (11.105058845000030 49.472528084000032)",Unfall 220003 (2019) Kat:3, Licht: 2,220003,3,3,5,10,17,3,0,2,0,1,1,0,0,0
"POINT (11.098271321000027 49.443115721000026)",Unfall 220004 (2019) Kat:3, Licht: 0,220004,3,6,3,10,08,3,0,0,0,0,0,0,1,1
"POINT (11.081977480000035 49.446836160000032)",Unfall 220005 (2019) Kat:3, Licht: 0,220005,3,7,1,10,13,3,0,0,1,1,0,0,0,0
"POINT (11.033322446000057 49.469388448000075)",Unfall 220068 (2019) Kat:3, Licht: 0,220068,3,1,0,10,11,1,0,0,1,0,0,0,0,0
"POINT (11.070127297000056 49.464721675000078)",Unfall 220069 (2019) Kat:3, Licht: 2,220069,3,6,2,10,19,1,1,2,0,1,0,0,0,0
"POINT (11.067064077000055 49.438413827000034)",Unfall 220129 (2019) Kat:3, Licht: 2,220129,3,3,0,11,17,4,1,2,1,1,0,0,0,0
"POINT (11.079807743000060 49.415667762000055)",Unfall 220130 (2019) Kat:3, Licht: 0,220130,3,1,0,11,13,4,1,0,1,0,0,0,0,0
"POINT (11.070985005000068 49.452378249000049)",Unfall 220173 (2019) Kat:3, Licht: 0,220173,3,1,0,11,14,3,1,0,1,0,0,0,0,0
"POINT (11.103281655000046 49.430776263000041)",Unfall 220174 (2019) Kat:3, Licht: 0,220174,3,6,2,11,11,3,1,0,0,1,0,0,0,0
"POINT (11.128345050000064 49.474341381000045)",Unfall 220237 (2019) Kat:3, Licht: 1,220237,3,2,5,11,16,2,0,1,0,1,0,1,0,0
"POINT (11.016076369000075 49.453667052000071)",Unfall 220238 (2019) Kat:3, Licht: 0,220238,3,2,5,11,12,2,1,0,0,1,0,0,0,0
"POINT (11.083326024000030 49.436340800000039)",Unfall 220239 (2019) Kat:3, Licht: 0,220239,3,7,4,11,16,2,0,0,0,1,0,0,0,0
"POINT (11.082424566000043 49.468449724000038)",Unfall 220240 (2019) Kat:3, Licht: 0,220240,3,3,0,11,08,2,1,0,1,1,0,0,0,0
"POINT (11.069543630000055 49.453248272000053)",Unfall 220241 (2019) Kat:3, Licht: 2,220241,3,1,0,11,19,2,1,2,1,0,0,0,0,0
"POINT (11.103968336000037 49.459942671000078)",Unfall 220242 (2019) Kat:3, Licht: 0,220242,3,1,6,11,15,2,1,0,1,0,1,0,0,0
"POINT (11.085276048000026 49.456740701000058)",Unfall 220243 (2019) Kat:3, Licht: 2,220243,3,3,0,11,18,2,0,2,1,0,0,0,0,1
"POINT (11.093903106000027 49.446194856000034)",Unfall 220244 (2019) Kat:3, Licht: 0,220244,3,6,2,11,12,2,0,0,0,1,0,0,0,0
"POINT (11.088759790000040 49.442677537000066)",Unfall 220245 (2019) Kat:3, Licht: 0,220245,3,1,0,11,08,2,1,0,0,0,0,0,0,1
"POINT (11.079726310000069 49.455903002000071)",Unfall 220246 (2019) Kat:3, Licht: 1,220246,3,1,0,11,07,2,1,1,1,0,0,0,0,0
"POINT (11.080517124000039 49.493637516000035)",Unfall 220295 (2019) Kat:3, Licht: 2,220295,3,3,5,11,16,1,0,2,0,1,0,0,0,1
"POINT (11.089194878000058 49.456524226000056)",Unfall 220329 (2019) Kat:3, Licht: 0,220329,3,1,0,11,11,7,1,0,0,0,0,1,0,0
"POINT (11.118942414000060 49.411016034000056)",Unfall 220330 (2019) Kat:2, Licht: 0,220330,2,4,6,11,13,7,0,0,0,1,1,0,0,0
"POINT (11.137950625000030 49.451396549000037)",Unfall 220331 (2019) Kat:3, Licht: 1,220331,3,4,6,11,16,7,0,1,0,1,1,0,0,0
"POINT (11.124783888000024 49.412903013000061)",Unfall 220332 (2019) Kat:3, Licht: 0,220332,3,1,0,11,16,7,0,0,1,0,0,0,0,0
"POINT (11.049576357000035 49.452876131000039)",Unfall 220353 (2019) Kat:2, Licht: 1,220353,2,2,4,11,17,3,0,1,0,1,0,1,0,0
"POINT (11.068814739000061 49.449339350000059)",Unfall 220354 (2019) Kat:3, Licht: 2,220354,3,3,5,11,17,3,0,2,1,1,0,0,0,0
"POINT (11.085005493000040 49.422758275000035)",Unfall 220355 (2019) Kat:3, Licht: 0,220355,3,6,2,11,13,3,0,0,0,1,0,0,1,0
"POINT (11.127487959000064 49.465219448000028)",Unfall 220356 (2019) Kat:3, Licht: 2,220356,3,6,1,11,17,3,0,2,1,1,0,0,0,0
"POINT (11.071692565000035 49.454537231000074)",Unfall 220407 (2019) Kat:2, Licht: 0,220407,2,6,4,11,15,2,0,0,1,0,0,0,0,0
"POINT (11.049116905000062 49.408280913000056)",Unfall 220408 (2019) Kat:3, Licht: 0,220408,3,6,2,11,07,2,0,0,0,1,0,0,0,0
"POINT (11.065338197000074 49.409413397000037)",Unfall 220409 (2019) Kat:3, Licht: 2,220409,3,5,5,11,15,2,1,2,0,1,0,0,0,0
"POINT (11.061600098000042 49.507421003000047)",Unfall 220441 (2019) Kat:3, Licht: 0,220441,3,4,6,11,12,1,1,0,0,1,1,0,0,0
"POINT (11.069285191000063 49.410100036000074)",Unfall 220442 (2019) Kat:3, Licht: 2,220442,3,6,2,11,00,1,0,2,0,1,0,0,0,0
"POINT (11.087059547000024 49.463367493000078)",Unfall 220443 (2019) Kat:3, Licht: 0,220443,3,3,5,11,13,1,0,0,1,1,0,0,0,0
"POINT (11.116243447000045 49.412288405000027)",Unfall 220444 (2019) Kat:3, Licht: 0,220444,3,3,5,11,11,1,0,0,0,1,0,0,0,0
"POINT (11.133899158000077 49.435630624000055)",Unfall 220445 (2019) Kat:3, Licht: 0,220445,3,1,0,11,11,1,0,0,0,0,0,1,0,0
"POINT (11.087698656000043 49.447265894000054)",Unfall 220475 (2019) Kat:3, Licht: 2,220475,3,7,0,11,19,7,0,2,0,0,1,0,0,1
"POINT (11.087684470000056 49.465066921000073)",Unfall 220476 (2019) Kat:2, Licht: 2,220476,2,1,0,11,22,7,0,2,1,0,0,0,0,0
"POINT (11.094539137000027 49.370864455000060)",Unfall 220477 (2019) Kat:3, Licht: 0,220477,3,7,0,11,15,7,0,0,1,1,0,0,0,0
"POINT (11.074331668000070 49.434123861000046)",Unfall 220523 (2019) Kat:3, Licht: 2,220523,3,3,5,11,16,6,1,2,0,1,0,0,0,0
"POINT (11.083572398000058 49.436381148000066)",Unfall 220524 (2019) Kat:3, Licht: 2,220524,3,2,5,11,20,6,1,2,1,1,0,0,0,0
"POINT (11.177975769000057 49.389035952000029)",Unfall 220525 (2019) Kat:3, Licht: 2,220525,3,3,5,11,15,6,1,2,0,1,0,0,1,0
"POINT (11.084348981000062 49.451290040000060)",Unfall 220589 (2019) Kat:3, Licht: 2,220589,3,2,5,11,19,5,0,2,1,0,0,0,0,0
"POINT (11.090220751000061 49.459123297000076)",Unfall 220590 (2019) Kat:3, Licht: 2,220590,3,6,2,11,19,5,0,2,0,1,0,0,0,0
"POINT (11.061577458000045 49.400351487000080)",Unfall 220616 (2019) Kat:3, Licht: 0,220616,3,2,5,11,15,2,0,0,0,0,0,0,1,1
"POINT (11.097435330000053 49.444691904000081)",Unfall 220617 (2019) Kat:2, Licht: 2,220617,2,3,5,11,18,2,0,2,0,1,0,1,0,0
"POINT (11.042729545000043 49.455249046000063)",Unfall 220618 (2019) Kat:3, Licht: 0,220618,3,6,3,11,10,2,0,0,0,1,0,0,0,1
"POINT (11.075212757000031 49.449068514000032)",Unfall 220619 (2019) Kat:3, Licht: 0,220619,3,2,6,11,11,2,0,0,0,1,1,0,0,0
"POINT (11.082345505000035 49.460975586000075)",Unfall 220665 (2019) Kat:3, Licht: 2,220665,3,3,5,11,00,1,0,2,0,1,0,0,0,0
"POINT (11.133919502000026 49.401620031000050)",Unfall 220666 (2019) Kat:3, Licht: 2,220666,3,3,5,11,17,1,0,2,1,1,0,0,0,0
"POINT (11.069125666000048 49.452688817000080)",Unfall 220694 (2019) Kat:3, Licht: 0,220694,3,3,5,11,15,7,0,0,0,1,0,0,0,0
"POINT (11.042418342000076 49.459073336000074)",Unfall 220735 (2019) Kat:3, Licht: 0,220735,3,3,5,11,07,6,0,0,1,1,0,0,0,0
"POINT (11.102573555000049 49.441036710000049)",Unfall 220736 (2019) Kat:3, Licht: 0,220736,3,7,6,11,12,6,0,0,1,0,1,0,0,0
"POINT (11.091156938000040 49.441947466000045)",Unfall 220737 (2019) Kat:3, Licht: 0,220737,3,3,5,11,15,6,0,0,0,1,0,0,0,0
"POINT (11.078427943000065 49.439963805000048)",Unfall 220738 (2019) Kat:3, Licht: 0,220738,3,3,5,11,12,6,0,0,0,1,0,1,0,0
"POINT (11.036471121000034 49.484812224000052)",Unfall 220777 (2019) Kat:3, Licht: 1,220777,3,2,5,11,05,5,0,1,0,1,0,0,0,0
"POINT (11.132239400000060 49.403338673000064)",Unfall 220778 (2019) Kat:2, Licht: 2,220778,2,2,6,11,05,5,0,2,0,1,1,0,0,0
"POINT (11.067758349000030 49.433891990000063)",Unfall 220779 (2019) Kat:3, Licht: 0,220779,3,2,6,11,12,5,0,0,0,1,1,0,0,0
"POINT (11.075937043000067 49.434516500000029)",Unfall 220780 (2019) Kat:2, Licht: 0,220780,2,2,6,11,15,5,0,0,0,1,1,0,0,0
"POINT (11.014305508000064 49.451647036000054)",Unfall 220781 (2019) Kat:3, Licht: 2,220781,3,7,1,11,17,5,0,2,1,1,0,0,0,0
"POINT (11.019297438000024 49.431630188000042)",Unfall 220782 (2019) Kat:3, Licht: 0,220782,3,6,2,11,15,5,0,0,0,1,0,0,0,0
"POINT (11.098287476000053 49.444324624000046)",Unfall 220783 (2019) Kat:3, Licht: 0,220783,3,3,5,11,11,5,0,0,1,1,0,0,0,0
"POINT (11.017857001000039 49.425072374000081)",Unfall 220839 (2019) Kat:3, Licht: 1,220839,3,7,0,11,07,4,0,1,1,0,0,0,0,1
"POINT (11.070642915000064 49.446127028000035)",Unfall 220840 (2019) Kat:3, Licht: 2,220840,3,3,0,11,18,4,0,2,1,0,0,0,0,0
"POINT (11.090988315000061 49.436497714000041)",Unfall 220841 (2019) Kat:3, Licht: 0,220841,3,3,5,11,07,4,0,0,0,1,0,0,0,0
"POINT (11.071254770000053 49.447073511000042)",Unfall 220842 (2019) Kat:3, Licht: 1,220842,3,6,3,11,16,4,0,1,0,1,0,0,0,0
"POINT (11.134885052000072 49.422192692000067)",Unfall 220843 (2019) Kat:3, Licht: 0,220843,3,3,5,11,14,4,0,0,1,1,0,0,0,0
"POINT (11.089168916000062 49.447806516000071)",Unfall 220904 (2019) Kat:2, Licht: 2,220904,2,6,4,11,03,1,0,2,0,1,0,0,0,0
"POINT (11.093037289000051 49.460934931000054)",Unfall 220905 (2019) Kat:3, Licht: 2,220905,3,6,4,11,18,1,0,2,1,1,0,0,0,0
"POINT (11.045537652000064 49.498602869000081)",Unfall 220906 (2019) Kat:3, Licht: 1,220906,3,6,6,11,17,1,0,1,0,1,1,0,0,0
"POINT (11.063268826000069 49.460031377000064)",Unfall 220932 (2019) Kat:3, Licht: 0,220932,3,3,5,11,11,7,0,0,0,1,0,0,0,0
"POINT (11.119332724000060 49.435416808000070)",Unfall 220933 (2019) Kat:3, Licht: 1,220933,3,7,5,11,06,7,0,1,0,1,0,0,0,1
"POINT (11.027248578000069 49.466313850000063)",Unfall 220934 (2019) Kat:3, Licht: 0,220934,3,3,5,11,16,7,0,0,1,1,0,0,0,0
"POINT (11.117653251000036 49.443646154000078)",Unfall 220977 (2019) Kat:2, Licht: 1,220977,2,7,0,11,15,6,0,1,0,0,0,0,0,1
"POINT (11.121846597000058 49.481791566000027)",Unfall 221021 (2019) Kat:3, Licht: 0,221021,3,3,5,11,15,5,0,0,0,1,0,0,0,0
"POINT (11.078553280000051 49.462217647000045)",Unfall 221022 (2019) Kat:3, Licht: 2,221022,3,3,5,11,19,5,0,2,1,1,0,0,0,0
"POINT (11.106503041000053 49.450899567000079)",Unfall 221023 (2019) Kat:3, Licht: 0,221023,3,6,2,11,13,5,0,0,0,1,0,0,0,0
"POINT (11.076510058000054 49.439790501000061)",Unfall 221024 (2019) Kat:3, Licht: 0,221024,3,1,0,11,10,5,1,0,1,0,0,0,0,0
"POINT (11.045368934000066 49.443570990000069)",Unfall 221025 (2019) Kat:3, Licht: 0,221025,3,3,5,11,15,5,0,0,0,1,0,0,0,0
"POINT (11.125379056000043 49.467046374000063)",Unfall 221026 (2019) Kat:2, Licht: 0,221026,2,2,5,11,14,5,0,0,1,1,0,0,0,0
"POINT (11.125824253000076 49.431840549000071)",Unfall 221027 (2019) Kat:3, Licht: 2,221027,3,6,2,11,22,5,0,2,0,1,0,0,0,0
"POINT (11.070671533000052 49.446119708000026)",Unfall 221028 (2019) Kat:3, Licht: 2,221028,3,6,0,11,21,5,0,2,1,1,0,0,0,0
"POINT (11.105660139000065 49.484301883000057)",Unfall 221029 (2019) Kat:3, Licht: 0,221029,3,5,5,11,12,5,1,0,0,1,0,0,0,0
"POINT (11.090201495000031 49.455670688000055)",Unfall 221072 (2019) Kat:3, Licht: 0,221072,3,1,0,11,12,4,0,0,1,0,0,0,0,0
"POINT (11.085600695000039 49.450351447000060)",Unfall 221119 (2019) Kat:3, Licht: 2,221119,3,2,5,11,17,3,0,2,1,1,0,0,0,0
"POINT (11.046309759000053 49.465023835000068)",Unfall 221120 (2019) Kat:3, Licht: 1,221120,3,3,5,11,16,3,0,1,0,1,0,1,0,0
"POINT (11.076795267000023 49.439753515000064)",Unfall 221121 (2019) Kat:3, Licht: 0,221121,3,6,2,11,09,3,0,0,0,1,0,0,0,0
"POINT (11.101385278000066 49.443225661000042)",Unfall 221186 (2019) Kat:3, Licht: 0,221186,3,3,0,11,08,6,1,0,1,1,0,0,0,0
"POINT (11.071911146000048 49.447873430000072)",Unfall 221187 (2019) Kat:3, Licht: 2,221187,3,2,3,11,16,6,1,2,0,1,0,0,0,0
"POINT (11.083608260000062 49.450679876000038)",Unfall 221188 (2019) Kat:3, Licht: 2,221188,3,2,4,11,18,6,1,2,1,1,0,0,0,0
"POINT (11.078567734000046 49.455365210000082)",Unfall 221189 (2019) Kat:3, Licht: 0,221189,3,4,6,11,10,6,1,0,0,1,1,0,0,0
"POINT (11.141442922000067 49.410970349000081)",Unfall 221253 (2019) Kat:3, Licht: 0,221253,3,3,5,11,13,5,1,0,0,1,0,0,0,0
"POINT (11.125533788000041 49.443895310000073)",Unfall 221254 (2019) Kat:3, Licht: 0,221254,3,6,6,11,14,5,0,0,1,0,1,0,0,0
"POINT (11.053605913000069 49.403315118000080)",Unfall 221255 (2019) Kat:3, Licht: 0,221255,3,2,4,11,08,5,0,0,0,1,0,0,0,0
"POINT (11.026476457000058 49.451624694000031)",Unfall 221256 (2019) Kat:3, Licht: 2,221256,3,7,0,11,17,5,1,2,0,0,0,0,0,1
"POINT (11.071656672000074 49.473834086000068)",Unfall 221257 (2019) Kat:3, Licht: 0,221257,3,2,5,11,08,5,0,0,1,1,0,0,0,0
"POINT (11.097460179000052 49.449925412000027)",Unfall 221306 (2019) Kat:2, Licht: 0,221306,2,3,5,11,12,4,0,0,0,1,0,0,0,1
"POINT (10.999562388000072 49.446085575000041)",Unfall 221307 (2019) Kat:3, Licht: 2,221307,3,6,2,11,17,4,0,2,0,1,0,0,0,0
"POINT (11.050056428000062 49.444208313000047)",Unfall 221308 (2019) Kat:3, Licht: 0,221308,3,3,5,11,13,4,1,0,0,1,0,0,0,1
"POINT (11.086973354000065 49.427876294000043)",Unfall 221357 (2019) Kat:3, Licht: 2,221357,3,6,3,11,16,3,0,2,1,1,0,0,0,0
"POINT (11.040734645000043 49.407644856000047)",Unfall 221358 (2019) Kat:3, Licht: 0,221358,3,2,5,11,09,3,1,0,0,1,0,0,0,0
"POINT (11.193088336000073 49.426127387000065)",Unfall 221407 (2019) Kat:3, Licht: 0,221407,3,3,0,11,08,2,0,0,1,1,0,0,0,0
"POINT (11.134675851000054 49.401121911000075)",Unfall 221408 (2019) Kat:3, Licht: 2,221408,3,4,6,11,17,2,1,2,0,1,1,0,0,0
"POINT (11.080556330000036 49.445853301000056)",Unfall 221409 (2019) Kat:2, Licht: 2,221409,2,1,0,11,17,2,1,2,1,0,0,0,0,0
"POINT (11.089132080000070 49.447501526000053)",Unfall 221410 (2019) Kat:3, Licht: 2,221410,3,2,6,11,06,2,0,2,0,1,1,0,0,0
"POINT (11.075168933000043 49.457297411000070)",Unfall 221455 (2019) Kat:3, Licht: 2,221455,3,6,3,12,17,5,0,2,0,1,0,0,0,0
"POINT (11.130819537000036 49.459969567000030)",Unfall 221456 (2019) Kat:2, Licht: 0,221456,2,7,6,12,10,5,0,0,0,0,1,0,0,1
"POINT (11.088785932000064 49.455675918000054)",Unfall 221516 (2019) Kat:3, Licht: 0,221516,3,3,5,12,07,4,0,0,1,1,0,0,0,0
"POINT (11.031638243000032 49.473579107000035)",Unfall 221565 (2019) Kat:3, Licht: 2,221565,3,2,4,12,16,3,1,2,0,1,0,0,0,0
"POINT (11.171065515000066 49.411081459000059)",Unfall 221566 (2019) Kat:3, Licht: 0,221566,3,3,5,12,15,3,0,0,0,1,0,0,0,0
"POINT (11.080434281000066 49.446680984000068)",Unfall 221567 (2019) Kat:3, Licht: 2,221567,3,2,3,12,22,3,0,2,1,0,0,0,0,0
"POINT (11.052081763000047 49.428709836000053)",Unfall 221604 (2019) Kat:2, Licht: 0,221604,2,4,6,12,16,2,0,0,0,1,1,0,0,0
"POINT (11.097601486000030 49.445877112000062)",Unfall 221605 (2019) Kat:3, Licht: 0,221605,3,2,4,12,07,2,0,0,0,1,0,0,0,0
"POINT (11.109851434000063 49.438521089000062)",Unfall 221606 (2019) Kat:3, Licht: 0,221606,3,3,5,12,13,2,0,0,1,1,0,0,0,0
"POINT (11.082100870000033 49.442482282000071)",Unfall 221637 (2019) Kat:3, Licht: 2,221637,3,7,6,12,19,1,0,2,0,1,1,0,0,0
"POINT (11.034910942000067 49.467536638000070)",Unfall 221638 (2019) Kat:3, Licht: 0,221638,3,1,0,12,15,1,1,0,0,0,0,1,0,0
"POINT (11.080876943000021 49.445476414000041)",Unfall 221639 (2019) Kat:3, Licht: 2,221639,3,6,2,12,19,1,0,2,0,1,0,0,0,0
"POINT (11.092146818000060 49.446306453000034)",Unfall 221640 (2019) Kat:3, Licht: 0,221640,3,2,5,12,10,1,0,0,1,1,0,0,0,0
"POINT (11.078153073000067 49.447442533000071)",Unfall 221664 (2019) Kat:3, Licht: 0,221664,3,7,6,11,15,7,0,0,0,0,1,0,0,1
"POINT (11.097589548000030 49.446329800000058)",Unfall 221665 (2019) Kat:3, Licht: 2,221665,3,6,2,11,17,7,0,2,0,1,0,0,0,0