WKT,Name,OBJECTID,UKATEGORIE,UTYP1,UART,UMONAT,USTUNDE,UWOCHENTAG,STRZUSTAND,ULICHTVERH,ISTRAD,ISTPKW,ISTFUSS,ISTKRAD,ISTGKFZ,ISTSONSTIG
"POINT (11.092369495000071 49.453627526000048)",Unfall 221666 (2019) Kat:3, Licht: 0,221666,3,1,0,11,12,7,0,0,0,1,0,0,0,0
"POINT (11.054936922000024 49.451365814000042)",Unfall 221667 (2019) Kat:2, Licht: 0,221667,2,2,5,11,12,7,0,0,0,1,0,0,0,0
"POINT (11.076412194000056 49.439697591000026)",Unfall 221668 (2019) Kat:3, Licht: 2,221668,3,6,2,11,16,7,0,2,0,1,0,0,0,0
"POINT (11.092028256000049 49.461816031000069)",Unfall 221669 (2019) Kat:3, Licht: 0,221669,3,1,9,11,12,7,0,0,0,1,0,1,0,0
"POINT (11.102653897000039 49.438549306000027)",Unfall 221670 (2019) Kat:3, Licht: 2,221670,3,6,2,11,20,7,0,2,0,1,0,0,0,0
"POINT (11.059227107000027 49.449871886000039)",Unfall 221707 (2019) Kat:3, Licht: 2,221707,3,7,0,12,15,4,1,2,0,0,0,0,0,1
"POINT (11.078534625000032 49.460848928000075)",Unfall 221708 (2019) Kat:3, Licht: 2,221708,3,2,6,12,19,4,1,2,0,1,1,0,0,0
"POINT (11.091070755000032 49.456712137000068)",Unfall 221709 (2019) Kat:3, Licht: 0,221709,3,3,5,12,07,4,0,0,0,1,0,0,0,0
"POINT (11.070047494000050 49.454512609000062)",Unfall 221710 (2019) Kat:3, Licht: 0,221710,3,6,2,12,15,4,0,0,0,1,0,0,0,0
"POINT (11.069762738000065 49.462799959000051)",Unfall 221711 (2019) Kat:3, Licht: 2,221711,3,6,6,12,19,4,1,2,0,1,1,0,0,0
"POINT (11.096342442000036 49.443758539000044)",Unfall 221712 (2019) Kat:3, Licht: 0,221712,3,7,5,12,11,4,0,0,1,1,0,0,0,0
"POINT (11.054428818000076 49.440754845000072)",Unfall 221755 (2019) Kat:3, Licht: 2,221755,3,2,5,12,16,3,0,2,1,1,0,0,0,0
"POINT (11.132279330000074 49.403547172000060)",Unfall 221756 (2019) Kat:3, Licht: 2,221756,3,2,6,12,06,3,1,2,0,1,1,0,0,0
"POINT (11.102657667000074 49.440580149000027)",Unfall 221757 (2019) Kat:3, Licht: 0,221757,3,6,3,12,11,3,0,0,0,1,0,0,0,0
"POINT (11.096701228000029 49.443108405000032)",Unfall 221807 (2019) Kat:3, Licht: 2,221807,3,3,5,12,19,2,1,2,0,1,0,0,0,0
"POINT (11.054640253000059 49.451168696000082)",Unfall 221808 (2019) Kat:3, Licht: 0,221808,3,6,2,12,07,2,1,0,0,1,0,0,0,0
"POINT (11.085551083000041 49.425041394000061)",Unfall 221809 (2019) Kat:3, Licht: 2,221809,3,6,2,12,18,2,1,2,0,1,0,0,0,0
"POINT (11.132311772000037 49.403242685000066)",Unfall 221810 (2019) Kat:2, Licht: 0,221810,2,7,0,12,11,2,0,0,0,0,0,0,0,1
"POINT (11.077406543000052 49.460921643000063)",Unfall 221847 (2019) Kat:3, Licht: 2,221847,3,3,5,12,18,1,1,2,0,1,0,0,0,0
"POINT (11.111698521000051 49.405205275000071)",Unfall 221880 (2019) Kat:3, Licht: 2,221880,3,6,2,12,17,7,1,2,0,1,0,0,0,0
"POINT (11.048936695000066 49.408341167000060)",Unfall 221881 (2019) Kat:3, Licht: 2,221881,3,2,5,12,19,7,0,2,0,1,0,0,0,0
"POINT (11.063405737000039 49.446412303000045)",Unfall 221882 (2019) Kat:3, Licht: 0,221882,3,2,0,12,12,7,1,0,1,1,0,0,0,0
"POINT (11.026654650000069 49.453182231000028)",Unfall 221883 (2019) Kat:3, Licht: 0,221883,3,1,0,12,11,7,1,0,0,1,0,1,0,0
"POINT (11.055777359000047 49.443361313000025)",Unfall 221884 (2019) Kat:3, Licht: 2,221884,3,3,5,12,21,7,0,2,0,1,0,0,0,0
"POINT (11.072528665000050 49.449441806000038)",Unfall 221885 (2019) Kat:3, Licht: 2,221885,3,3,5,12,01,7,1,2,0,1,0,0,0,0
"POINT (11.102209030000040 49.437475798000037)",Unfall 221941 (2019) Kat:3, Licht: 1,221941,3,6,1,12,16,6,0,1,0,1,0,0,0,0
"POINT (11.082472090000067 49.448488411000028)",Unfall 221942 (2019) Kat:3, Licht: 0,221942,3,6,2,12,15,6,0,0,0,1,0,0,0,0
"POINT (11.082183713000063 49.486621797000055)",Unfall 221943 (2019) Kat:3, Licht: 2,221943,3,6,2,12,01,6,0,2,0,1,0,0,0,0
"POINT (11.085113392000039 49.447228795000058)",Unfall 222008 (2019) Kat:3, Licht: 2,222008,3,3,5,12,23,2,0,2,0,1,0,0,0,1
"POINT (11.097558840000033 49.458969311000033)",Unfall 222049 (2019) Kat:3, Licht: 2,222049,3,2,6,12,17,1,1,2,0,0,1,0,0,1
"POINT (11.083321745000035 49.436438810000027)",Unfall 222128 (2019) Kat:2, Licht: 2,222128,2,2,6,12,22,6,1,2,0,1,1,0,0,0
"POINT (11.117872917000057 49.480935520000060)",Unfall 222199 (2019) Kat:3, Licht: 0,222199,3,3,5,12,16,5,0,0,0,1,0,0,0,0
"POINT (11.041062474000057 49.457924735000063)",Unfall 222200 (2019) Kat:3, Licht: 0,222200,3,6,5,12,12,5,1,0,1,1,0,0,0,0
"POINT (11.077136575000054 49.446683403000065)",Unfall 222201 (2019) Kat:3, Licht: 2,222201,3,6,0,12,23,5,1,2,0,1,0,0,0,0
"POINT (11.070361550000030 49.455738900000028)",Unfall 222202 (2019) Kat:3, Licht: 0,222202,3,1,0,12,14,5,1,0,0,0,0,1,0,0
"POINT (11.123772788000053 49.473026117000074)",Unfall 222250 (2019) Kat:2, Licht: 0,222250,2,1,0,12,09,6,2,0,1,0,0,0,0,0
"POINT (11.051668835000044 49.455629334000037)",Unfall 222251 (2019) Kat:3, Licht: 0,222251,3,1,0,12,09,6,0,0,1,0,0,0,0,0
"POINT (11.055987792000053 49.467581751000068)",Unfall 222252 (2019) Kat:3, Licht: 0,222252,3,1,0,12,09,6,2,0,1,0,0,0,0,0
"POINT (11.057101426000031 49.450583518000030)",Unfall 222253 (2019) Kat:2, Licht: 0,222253,2,3,6,12,08,6,0,0,0,1,1,0,0,0
"POINT (11.080636877000074 49.445956134000028)",Unfall 222254 (2019) Kat:3, Licht: 2,222254,3,4,6,12,20,6,1,2,0,1,1,0,0,0
"POINT (11.081058131000077 49.474521359000050)",Unfall 222255 (2019) Kat:2, Licht: 0,222255,2,3,5,12,12,6,0,0,1,1,0,0,0,0
"POINT (11.087372774000073 49.454062478000026)",Unfall 222256 (2019) Kat:3, Licht: 0,222256,3,1,0,12,08,6,1,0,1,0,0,0,0,0
"POINT (11.120915551000053 49.447606256000029)",Unfall 222316 (2019) Kat:2, Licht: 0,222316,2,1,0,12,10,5,1,0,1,0,0,0,0,0
"POINT (11.088616401000024 49.435982545000059)",Unfall 222317 (2019) Kat:3, Licht: 2,222317,3,3,5,12,18,5,0,2,1,1,0,0,0,0
"POINT (11.071561815000052 49.445899626000028)",Unfall 222318 (2019) Kat:3, Licht: 0,222318,3,2,5,12,14,5,0,0,1,1,0,0,0,0
"POINT (11.147275408000041 49.400250162000077)",Unfall 222319 (2019) Kat:3, Licht: 1,222319,3,7,0,12,07,5,0,1,1,0,1,0,0,0
"POINT (11.085852292000027 49.452241686000036)",Unfall 222320 (2019) Kat:3, Licht: 0,222320,3,6,2,12,15,5,0,0,0,1,0,0,0,0
"POINT (11.015899184000034 49.453675156000031)",Unfall 222321 (2019) Kat:3, Licht: 0,222321,3,2,5,12,12,5,0,0,0,1,0,0,0,1
"POINT (11.071212525000021 49.408656156000063)",Unfall 222322 (2019) Kat:3, Licht: 2,222322,3,6,2,12,19,5,0,2,0,1,0,0,0,0
"POINT (11.049024533000022 49.464148229000045)",Unfall 222323 (2019) Kat:3, Licht: 0,222323,3,6,2,12,13,5,0,0,0,1,0,0,0,0
"POINT (11.096769971000072 49.471643644000039)",Unfall 222324 (2019) Kat:2, Licht: 0,222324,2,7,0,12,08,5,2,0,1,0,0,0,0,0
"POINT (11.035368455000025 49.409317003000069)",Unfall 222374 (2019) Kat:3, Licht: 0,222374,3,7,1,12,13,4,0,0,0,1,0,0,0,1
"POINT (11.050426064000021 49.492623321000053)",Unfall 222375 (2019) Kat:3, Licht: 2,222375,3,3,5,12,17,4,0,2,0,1,0,0,0,0
"POINT (11.117868725000051 49.424036998000076)",Unfall 222376 (2019) Kat:3, Licht: 0,222376,3,3,5,12,13,4,0,0,1,1,0,0,0,0
"POINT (11.115774890000068 49.454682066000032)",Unfall 222434 (2019) Kat:3, Licht: 0,222434,3,6,2,12,15,3,0,0,0,1,0,0,1,0
"POINT (11.092036099000040 49.435939444000041)",Unfall 222435 (2019) Kat:3, Licht: 0,222435,3,3,5,12,12,3,0,0,0,1,0,0,0,0
"POINT (11.113861730000053 49.477178345000027)",Unfall 222436 (2019) Kat:3, Licht: 1,222436,3,3,5,12,16,3,0,1,1,1,0,0,0,0
"POINT (11.072754455000052 49.449775048000049)",Unfall 222437 (2019) Kat:3, Licht: 0,222437,3,6,2,12,11,3,0,0,1,0,0,0,0,1
"POINT (11.120686660000047 49.481351617000030)",Unfall 222438 (2019) Kat:3, Licht: 1,222438,3,6,2,12,16,3,0,1,0,1,0,0,0,0
"POINT (11.104422231000058 49.471606793000035)",Unfall 222475 (2019) Kat:3, Licht: 2,222475,3,2,0,12,18,3,0,2,0,1,0,0,0,1
"POINT (10.999383512000065 49.448298266000052)",Unfall 222512 (2019) Kat:3, Licht: 2,222512,3,6,3,12,02,2,0,2,0,1,0,0,0,0
"POINT (11.104805465000027 49.442957468000031)",Unfall 222513 (2019) Kat:3, Licht: 2,222513,3,2,5,12,19,2,0,2,1,1,0,0,0,0
"POINT (11.015900430000045 49.429533388000038)",Unfall 222541 (2019) Kat:3, Licht: 0,222541,3,2,9,12,13,1,0,0,0,1,0,0,0,0
"POINT (11.055354133000037 49.441216252000061)",Unfall 222555 (2019) Kat:3, Licht: 0,222555,3,6,2,12,13,7,0,0,0,1,0,0,0,0
"POINT (11.099819917000048 49.443068999000047)",Unfall 222574 (2019) Kat:3, Licht: 0,222574,3,6,2,12,10,6,1,0,0,1,0,0,0,1
"POINT (11.083063686000060 49.447221714000079)",Unfall 222589 (2019) Kat:3, Licht: 2,222589,3,6,0,12,20,5,0,2,0,1,0,0,0,1
"POINT (11.068409962000032 49.447778343000039)",Unfall 222600 (2019) Kat:3, Licht: 2,222600,3,4,6,12,07,4,1,2,0,1,1,0,0,0
"POINT (11.009103959000072 49.454452194000055)",Unfall 222613 (2019) Kat:3, Licht: 0,222613,3,3,5,12,12,3,1,0,0,1,0,0,0,0
"POINT (11.089232887000037 49.447959280000077)",Unfall 222614 (2019) Kat:3, Licht: 1,222614,3,6,2,12,16,3,1,1,0,1,0,0,0,0
"POINT (11.040957123000055 49.434736339000040)",Unfall 222649 (2019) Kat:3, Licht: 0,222649,3,2,5,12,15,2,0,0,0,1,0,0,0,0
"POINT (11.072285604000058 49.451380294000046)",Unfall 222650 (2019) Kat:3, Licht: 0,222650,3,6,3,12,15,2,0,0,1,1,0,0,0,0
"POINT (11.092225540000072 49.445265663000043)",Unfall 222673 (2019) Kat:3, Licht: 2,222673,3,1,6,12,01,1,1,2,0,1,1,0,0,0
"POINT (11.111775472000033 49.467585527000040)",Unfall 222712 (2019) Kat:3, Licht: 2,222712,3,7,1,12,17,7,0,2,0,1,0,0,0,0
"POINT (11.051853377000043 49.443553156000064)",Unfall 222713 (2019) Kat:3, Licht: 0,222713,3,3,5,12,13,7,0,0,0,1,0,0,0,0
"POINT (11.009201365000024 49.454148025000052)",Unfall 222714 (2019) Kat:3, Licht: 2,222714,3,2,4,12,20,7,1,2,0,1,0,0,0,0
"POINT (11.005870095000034 49.518494463000081)",Unfall 222715 (2019) Kat:3, Licht: 2,222715,3,2,5,12,20,7,0,2,1,1,0,0,0,0
"POINT (11.004445622000048 49.522823346000052)",Unfall 22707 (2020) Kat:3, Licht: 2,22707,3,1,9,01,20,4,2,2,0,1,0,0,0,0
"POINT (11.110704425000051 49.459844991000068)",Unfall 22732 (2020) Kat:3, Licht: 1,22732,3,6,2,01,07,3,1,1,0,1,0,0,0,1
"POINT (11.121790521000037 49.444173694000028)",Unfall 22733 (2020) Kat:3, Licht: 2,22733,3,6,2,01,18,3,1,2,0,1,0,0,0,0
"POINT (11.086616127000070 49.429173605000074)",Unfall 22744 (2020) Kat:3, Licht: 0,22744,3,2,5,01,12,1,0,0,0,1,0,0,0,1
"POINT (11.103696196000044 49.428825008000047)",Unfall 22941 (2020) Kat:3, Licht: 1,22941,3,6,2,01,17,5,1,1,0,1,0,0,0,1
"POINT (11.096595545000071 49.394825384000058)",Unfall 23007 (2020) Kat:3, Licht: 2,23007,3,6,2,01,07,5,1,2,0,1,0,0,0,0
"POINT (11.118256301000031 49.391883923000080)",Unfall 23027 (2020) Kat:3, Licht: 0,23027,3,1,8,01,12,1,1,0,0,1,0,0,0,0
"POINT (11.188150406000034 49.419292193000047)",Unfall 23083 (2020) Kat:3, Licht: 1,23083,3,3,5,01,07,2,0,1,0,1,0,1,0,0
"POINT (11.078002851000065 49.342332338000062)",Unfall 23156 (2020) Kat:3, Licht: 2,23156,3,6,3,01,22,1,0,2,0,1,0,0,0,0
"POINT (11.035985033000031 49.441027217000055)",Unfall 23213 (2020) Kat:3, Licht: 1,23213,3,2,6,01,07,2,0,1,0,1,1,0,0,0
"POINT (11.032685389000051 49.388135311000042)",Unfall 23217 (2020) Kat:3, Licht: 1,23217,3,4,6,01,07,6,1,1,0,1,1,0,0,0
"POINT (11.049792725000032 49.362944445000039)",Unfall 23219 (2020) Kat:3, Licht: 0,23219,3,3,5,01,11,1,0,0,0,1,0,0,0,0
"POINT (11.060938992000047 49.480088278000039)",Unfall 23341 (2020) Kat:3, Licht: 2,23341,3,3,0,01,18,6,0,2,0,1,0,0,0,1
"POINT (11.123354650000067 49.397976638000046)",Unfall 23378 (2020) Kat:3, Licht: 1,23378,3,3,4,01,07,5,1,1,0,1,0,0,0,0
"POINT (11.095579109000028 49.469157461000066)",Unfall 23409 (2020) Kat:3, Licht: 0,23409,3,6,1,01,13,6,0,0,1,1,0,0,1,0
"POINT (11.156232706000026 49.388906359000032)",Unfall 23467 (2020) Kat:3, Licht: 2,23467,3,6,2,01,06,3,0,2,0,1,0,0,1,0
"POINT (11.067227027000058 49.428596627000047)",Unfall 23479 (2020) Kat:3, Licht: 2,23479,3,3,5,01,04,6,0,2,0,1,0,0,0,0
"POINT (11.039887591000024 49.425543265000044)",Unfall 23483 (2020) Kat:3, Licht: 0,23483,3,6,2,01,09,6,0,0,0,1,0,0,0,1
"POINT (11.094552388000068 49.470217353000066)",Unfall 23552 (2020) Kat:3, Licht: 2,23552,3,6,2,01,22,6,0,2,0,1,0,0,0,0
"POINT (11.046553483000025 49.459726438000075)",Unfall 23557 (2020) Kat:3, Licht: 0,23557,3,6,2,01,07,4,0,0,0,1,0,1,0,0
"POINT (11.137324636000073 49.472462446000065)",Unfall 23559 (2020) Kat:3, Licht: 0,23559,3,6,2,01,14,4,0,0,0,1,0,0,0,0
"POINT (11.004904678000059 49.439899487000048)",Unfall 23618 (2020) Kat:3, Licht: 0,23618,3,6,2,01,12,6,0,0,0,1,0,0,0,1
"POINT (11.038075124000045 49.451512208000054)",Unfall 23729 (2020) Kat:3, Licht: 2,23729,3,3,5,01,19,5,1,2,0,1,0,0,0,0
"POINT (11.067687251000052 49.470062921000078)",Unfall 23836 (2020) Kat:2, Licht: 2,23836,2,1,0,01,22,5,0,2,0,1,0,0,0,0
"POINT (11.023454990000062 49.441370281000047)",Unfall 23858 (2020) Kat:3, Licht: 0,23858,3,6,2,01,16,2,0,0,0,1,0,0,0,0
"POINT (11.035794762000023 49.440991981000082)",Unfall 23861 (2020) Kat:3, Licht: 0,23861,3,2,4,01,13,2,0,0,1,1,0,0,0,0
"POINT (11.119910308000044 49.437025932000040)",Unfall 23980 (2020) Kat:3, Licht: 2,23980,3,2,4,01,19,5,0,2,0,1,0,0,0,0
"POINT (11.167839372000060 49.468966579000039)",Unfall 24075 (2020) Kat:3, Licht: 0,24075,3,6,2,01,13,7,1,0,0,1,0,0,0,0
"POINT (11.051553550000051 49.463368696000032)",Unfall 24108 (2020) Kat:2, Licht: 2,24108,2,2,6,01,06,6,1,2,0,1,1,0,0,0
"POINT (11.036272956000062 49.457333764000055)",Unfall 24150 (2020) Kat:2, Licht: 2,24150,2,2,5,01,20,4,1,2,1,1,0,0,0,0
"POINT (11.023470454000062 49.461383844000068)",Unfall 24254 (2020) Kat:2, Licht: 2,24254,2,1,0,01,23,6,0,2,0,0,0,0,0,1
"POINT (11.096920170000033 49.356871365000075)",Unfall 24283 (2020) Kat:3, Licht: 2,24283,3,1,9,01,19,5,1,2,0,1,0,0,0,0
"POINT (11.134204751000027 49.471529543000031)",Unfall 24291 (2020) Kat:3, Licht: 2,24291,3,6,2,01,17,2,1,2,0,1,0,0,0,0
"POINT (11.104914122000025 49.424574880000080)",Unfall 24293 (2020) Kat:3, Licht: 0,24293,3,6,2,01,12,2,0,0,0,1,0,0,0,0
"POINT (11.027366132000054 49.441572388000054)",Unfall 24371 (2020) Kat:3, Licht: 2,24371,3,2,6,01,06,6,1,2,0,1,1,0,0,0
"POINT (11.110811848000026 49.459733195000069)",Unfall 24432 (2020) Kat:2, Licht: 2,24432,2,6,4,01,06,6,1,2,1,0,0,0,0,0
"POINT (11.162652500000036 49.408348575000048)",Unfall 24439 (2020) Kat:3, Licht: 2,24439,3,6,2,01,16,4,1,2,0,1,0,0,0,0
"POINT (11.055120345000034 49.445022689000041)",Unfall 24478 (2020) Kat:3, Licht: 0,24478,3,2,3,01,08,3,1,0,0,0,0,0,1,1
"POINT (11.075674106000065 49.398990883000067)",Unfall 24481 (2020) Kat:3, Licht: 2,24481,3,6,2,01,06,4,1,2,0,1,0,0,0,0
"POINT (11.066476637000051 49.343317049000063)",Unfall 24508 (2020) Kat:3, Licht: 0,24508,3,6,2,01,13,1,1,0,0,1,0,0,0,0
"POINT (11.042423879000069 49.456928623000067)",Unfall 24540 (2020) Kat:3, Licht: 2,24540,3,3,5,02,18,4,0,2,1,1,0,0,0,0
"POINT (11.103491078000047 49.429158028000074)",Unfall 24545 (2020) Kat:3, Licht: 0,24545,3,2,4,02,15,6,0,0,1,1,0,0,0,0
"POINT (11.036499352000021 49.438947296000038)",Unfall 24620 (2020) Kat:3, Licht: 0,24620,3,6,2,02,11,2,1,0,0,1,0,0,0,0
"POINT (11.044597184000054 49.429825558000061)",Unfall 24621 (2020) Kat:3, Licht: 2,24621,3,2,5,02,18,2,0,2,0,1,0,0,0,0
"POINT (11.072185611000066 49.343352381000045)",Unfall 24624 (2020) Kat:3, Licht: 0,24624,3,3,5,02,07,2,1,0,0,1,0,0,0,1
"POINT (11.118720853000070 49.464525063000053)",Unfall 24626 (2020) Kat:3, Licht: 2,24626,3,7,4,02,18,3,0,2,1,1,0,0,0,0
"POINT (11.069064813000068 49.429217133000066)",Unfall 24630 (2020) Kat:3, Licht: 2,24630,3,2,5,02,18,3,1,2,1,1,0,0,0,0
"POINT (11.040691521000042 49.454887603000032)",Unfall 24634 (2020) Kat:3, Licht: 0,24634,3,1,0,02,09,3,1,0,1,0,0,0,0,0
"POINT (11.036691136000059 49.400329476000081)",Unfall 24647 (2020) Kat:3, Licht: 0,24647,3,6,2,02,17,6,0,0,0,1,0,0,0,0
"POINT (11.058691860000067 49.443282038000063)",Unfall 24820 (2020) Kat:3, Licht: 0,24820,3,2,5,02,13,1,1,0,1,1,0,0,0,0
"POINT (11.041716560000054 49.456336389000057)",Unfall 24855 (2020) Kat:3, Licht: 0,24855,3,6,2,02,07,6,0,0,0,1,0,0,0,1
"POINT (11.122780268000042 49.466006305000064)",Unfall 24881 (2020) Kat:3, Licht: 0,24881,3,2,5,02,10,4,0,0,1,1,0,0,0,0
"POINT (11.088718366000023 49.470213789000070)",Unfall 24967 (2020) Kat:3, Licht: 0,24967,3,2,5,02,13,5,0,0,1,1,0,0,0,0
"POINT (11.157522563000043 49.389181419000067)",Unfall 25032 (2020) Kat:3, Licht: 2,25032,3,1,9,02,20,4,1,2,0,1,0,0,1,0
"POINT (11.039065793000077 49.431806936000044)",Unfall 25054 (2020) Kat:3, Licht: 0,25054,3,6,2,02,11,5,0,0,0,1,0,0,0,0
"POINT (11.015330718000030 49.462458987000048)",Unfall 25060 (2020) Kat:3, Licht: 0,25060,3,6,2,02,09,6,1,0,0,1,0,0,0,0
"POINT (11.128759638000076 49.458769458000063)",Unfall 25162 (2020) Kat:3, Licht: 0,25162,3,3,5,02,10,5,0,0,0,1,0,0,0,0
"POINT (11.040691478000042 49.425915718000056)",Unfall 25169 (2020) Kat:3, Licht: 2,25169,3,2,6,02,16,6,1,2,0,1,1,0,0,0
"POINT (11.121530305000022 49.442894046000049)",Unfall 25175 (2020) Kat:3, Licht: 0,25175,3,1,8,02,13,3,1,0,0,1,0,0,0,0
"POINT (11.055091866000055 49.444424195000067)",Unfall 25179 (2020) Kat:3, Licht: 0,25179,3,6,3,02,09,3,0,0,0,1,0,0,1,0
"POINT (11.052191410000034 49.407679748000078)",Unfall 25270 (2020) Kat:3, Licht: 0,25270,3,6,1,02,09,2,0,0,0,1,0,0,1,0
"POINT (11.117894289000049 49.456706497000027)",Unfall 25276 (2020) Kat:3, Licht: 1,25276,3,3,5,02,18,6,1,1,1,1,0,0,0,0
"POINT (11.051634399000022 49.358853833000069)",Unfall 25280 (2020) Kat:3, Licht: 0,25280,3,7,0,02,07,2,1,0,0,1,0,0,0,1
"POINT (11.100038872000027 49.469083031000082)",Unfall 25315 (2020) Kat:3, Licht: 0,25315,3,2,5,02,11,4,1,0,0,1,0,1,0,0
"POINT (11.108807654000032 49.459635363000075)",Unfall 25316 (2020) Kat:3, Licht: 0,25316,3,6,2,02,13,4,1,0,0,1,0,0,0,0
"POINT (11.147129666000069 49.464027778000059)",Unfall 25318 (2020) Kat:2, Licht: 2,25318,2,2,4,02,21,4,0,2,0,1,0,0,0,0
"POINT (11.071530843000062 49.429744806000031)",Unfall 25380 (2020) Kat:3, Licht: 0,25380,3,2,5,02,13,3,0,0,0,1,0,0,0,1
"POINT (11.056236205000062 49.351616396000054)",Unfall 25381 (2020) Kat:3, Licht: 2,25381,3,2,4,02,18,3,0,2,0,1,0,0,0,0
"POINT (11.035125431000040 49.406526305000057)",Unfall 25440 (2020) Kat:3, Licht: 0,25440,3,7,0,02,09,2,1,0,0,0,1,0,0,1
"POINT (11.035414924000065 49.407870404000050)",Unfall 25441 (2020) Kat:2, Licht: 0,25441,2,4,6,02,16,2,1,0,0,1,1,0,0,0
"POINT (11.054604102000042 49.489984556000081)",Unfall 25442 (2020) Kat:3, Licht: 0,25442,3,6,2,02,08,2,1,0,0,1,0,0,0,0
"POINT (11.007358436000061 49.523217191000072)",Unfall 25443 (2020) Kat:3, Licht: 0,25443,3,2,4,02,09,2,1,0,0,1,0,0,0,0
"POINT (11.161171379000052 49.420428521000076)",Unfall 25459 (2020) Kat:3, Licht: 0,25459,3,6,2,02,07,5,0,0,0,1,0,0,0,0
"POINT (11.044666850000056 49.429951165000034)",Unfall 25502 (2020) Kat:3, Licht: 2,25502,3,3,5,02,18,1,0,2,0,1,0,0,0,0
"POINT (11.060514803000046 49.442338849000066)",Unfall 25503 (2020) Kat:3, Licht: 0,25503,3,6,2,02,12,1,0,0,0,1,0,0,0,0
"POINT (11.034177680000028 49.410524983000073)",Unfall 25549 (2020) Kat:3, Licht: 2,25549,3,7,6,02,20,7,0,2,0,1,1,0,0,0
"POINT (11.173972973000048 49.415169456000058)",Unfall 25550 (2020) Kat:3, Licht: 2,25550,3,6,3,02,18,7,0,2,0,1,0,0,0,0
"POINT (11.037114873000064 49.422345954000036)",Unfall 25551 (2020) Kat:3, Licht: 0,25551,3,6,2,02,13,7,0,0,0,1,0,1,0,0
"POINT (11.052975094000033 49.355922239000051)",Unfall 25581 (2020) Kat:3, Licht: 2,25581,3,6,2,02,18,5,0,2,0,1,0,0,0,0
"POINT (11.038731877000032 49.424419550000039)",Unfall 25583 (2020) Kat:3, Licht: 2,25583,3,6,2,02,18,5,0,2,0,1,0,0,0,0
"POINT (11.102185552000037 49.471209705000035)",Unfall 25595 (2020) Kat:2, Licht: 1,25595,2,6,3,02,16,5,0,1,1,1,0,0,0,0
"POINT (11.098432902000070 49.431190139000080)",Unfall 25721 (2020) Kat:3, Licht: 0,25721,3,6,2,02,13,3,1,0,0,1,0,0,0,0
"POINT (11.092607069000053 49.430327897000041)",Unfall 25772 (2020) Kat:3, Licht: 0,25772,3,4,6,02,09,2,0,0,1,1,1,0,0,0
"POINT (11.102088602000038 49.351009007000073)",Unfall 25865 (2020) Kat:3, Licht: 2,25865,3,6,3,02,18,7,0,2,0,1,0,0,0,1
"POINT (11.033995319000041 49.391793067000037)",Unfall 25870 (2020) Kat:3, Licht: 2,25870,3,1,8,02,02,7,0,2,0,1,0,0,0,0
"POINT (11.075563124000041 49.341469853000035)",Unfall 25928 (2020) Kat:3, Licht: 2,25928,3,6,0,02,23,6,0,2,0,1,0,0,0,0
"POINT (11.040441264000037 49.375733354000033)",Unfall 25933 (2020) Kat:3, Licht: 0,25933,3,6,2,02,14,6,0,0,0,1,0,0,0,0
"POINT (11.116049001000022 49.398023004000038)",Unfall 26012 (2020) Kat:3, Licht: 0,26012,3,6,2,03,17,3,0,0,0,1,0,0,0,0
"POINT (11.037684328000068 49.422951384000044)",Unfall 26052 (2020) Kat:3, Licht: 0,26052,3,1,0,02,16,5,1,0,1,0,0,0,0,0
"POINT (11.044706940000026 49.429827658000079)",Unfall 26084 (2020) Kat:3, Licht: 0,26084,3,6,2,03,13,1,0,0,0,1,0,0,0,0
"POINT (11.036062315000038 49.457261034000055)",Unfall 26086 (2020) Kat:3, Licht: 0,26086,3,6,2,03,08,2,0,0,0,1,0,0,1,0
"POINT (11.110317315000032 49.478817183000046)",Unfall 26121 (2020) Kat:3, Licht: 0,26121,3,3,5,02,06,7,1,0,0,1,0,0,0,0
"POINT (11.089724470000021 49.394546931000036)",Unfall 26217 (2020) Kat:3, Licht: 0,26217,3,6,3,03,08,3,0,0,0,1,0,0,1,0
"POINT (11.157054753000068 49.466316056000039)",Unfall 26352 (2020) Kat:3, Licht: 0,26352,3,6,3,03,17,5,1,0,0,1,0,0,0,0
"POINT (11.117752834000044 49.438084577000041)",Unfall 26355 (2020) Kat:3, Licht: 0,26355,3,3,5,03,11,5,0,0,0,1,0,0,0,1
"POINT (11.042529992000027 49.427218867000079)",Unfall 26359 (2020) Kat:3, Licht: 0,26359,3,6,3,03,14,5,1,0,0,1,0,1,0,0
"POINT (11.034160554000039 49.411049454000079)",Unfall 26368 (2020) Kat:3, Licht: 0,26368,3,6,2,03,13,5,0,0,0,1,0,0,0,0
"POINT (11.032731746000024 49.388294638000048)",Unfall 26408 (2020) Kat:3, Licht: 0,26408,3,4,6,03,17,6,1,0,0,1,1,0,0,0
"POINT (11.064865398000052 49.412428713000054)",Unfall 26417 (2020) Kat:3, Licht: 2,26417,3,6,2,03,18,7,0,2,0,1,0,0,1,0
"POINT (11.066365727000061 49.427985052000054)",Unfall 26506 (2020) Kat:3, Licht: 0,26506,3,7,0,03,15,2,0,0,0,0,0,0,0,1
"POINT (11.152820640000073 49.416257087000076)",Unfall 26526 (2020) Kat:3, Licht: 0,26526,3,2,5,03,06,3,1,0,0,1,0,0,0,0
"POINT (11.097945732000028 49.394903448000036)",Unfall 26570 (2020) Kat:3, Licht: 1,26570,3,6,2,03,06,2,1,1,0,1,0,0,0,0