WKT,Name,OBJECTID,UKATEGORIE,UTYP1,UART,UMONAT,USTUNDE,UWOCHENTAG,STRZUSTAND,ULICHTVERH,ISTRAD,ISTPKW,ISTFUSS,ISTKRAD,ISTGKFZ,ISTSONSTIG
"POINT (11.075996907000047 49.366704835000064)",Unfall 26721 (2020) Kat:3, Licht: 0,26721,3,3,5,03,07,4,0,0,0,1,0,0,0,0
"POINT (11.086628571000062 49.429298467000081)",Unfall 26749 (2020) Kat:3, Licht: 0,26749,3,6,2,03,16,4,0,0,0,1,0,0,0,0
"POINT (11.037408683000024 49.456964047000042)",Unfall 26804 (2020) Kat:3, Licht: 0,26804,3,3,0,03,09,2,0,0,0,1,0,0,0,0
"POINT (11.121546279000029 49.456773991000034)",Unfall 26812 (2020) Kat:3, Licht: 0,26812,3,7,3,03,10,6,0,0,0,1,0,0,0,0
"POINT (11.102618814000039 49.471902935000060)",Unfall 26909 (2020) Kat:3, Licht: 0,26909,3,3,5,03,10,7,0,0,1,1,0,0,0,0
"POINT (11.041303637000055 49.455827807000048)",Unfall 26923 (2020) Kat:2, Licht: 0,26923,2,4,6,03,16,5,1,0,0,1,1,0,0,0
"POINT (11.086657569000067 49.429174124000042)",Unfall 26993 (2020) Kat:3, Licht: 0,26993,3,2,0,03,13,6,0,0,0,1,1,0,0,0
"POINT (11.017343997000069 49.463528981000081)",Unfall 27066 (2020) Kat:3, Licht: 2,27066,3,1,8,03,20,7,0,2,0,1,0,0,0,0
"POINT (11.099480745000051 49.431340508000062)",Unfall 27078 (2020) Kat:3, Licht: 2,27078,3,4,6,03,20,6,0,2,0,1,1,0,0,0
"POINT (11.082727207000062 49.392584281000040)",Unfall 27177 (2020) Kat:3, Licht: 0,27177,3,6,2,04,16,5,0,0,0,1,0,0,0,0
"POINT (11.035373525000068 49.440882817000045)",Unfall 27292 (2020) Kat:3, Licht: 0,27292,3,6,3,04,10,4,0,0,0,1,0,1,0,0
"POINT (11.103274468000052 49.379267703000039)",Unfall 27316 (2020) Kat:3, Licht: 2,27316,3,7,9,03,22,3,0,2,0,1,0,0,0,0
"POINT (11.038195690000066 49.434340120000059)",Unfall 27343 (2020) Kat:3, Licht: 0,27343,3,6,2,04,16,5,0,0,0,1,0,0,0,0
"POINT (11.059832370000038 49.442689594000058)",Unfall 27346 (2020) Kat:3, Licht: 0,27346,3,1,8,03,13,7,0,0,0,0,0,1,0,0
"POINT (11.055276056000025 49.444959501000028)",Unfall 27356 (2020) Kat:2, Licht: 0,27356,2,3,5,04,15,5,0,0,0,1,0,0,0,0
"POINT (11.061217252000063 49.428534800000079)",Unfall 27390 (2020) Kat:3, Licht: 0,27390,3,2,0,03,14,2,0,0,1,1,0,0,0,0
"POINT (11.035795532000066 49.440980718000048)",Unfall 27400 (2020) Kat:3, Licht: 0,27400,3,2,5,04,15,4,0,0,1,0,0,0,1,0
"POINT (11.117799713000068 49.437994064000065)",Unfall 27423 (2020) Kat:3, Licht: 0,27423,3,3,5,03,13,3,0,0,0,1,0,0,0,0
"POINT (11.072015278000038 49.343324529000029)",Unfall 27429 (2020) Kat:3, Licht: 0,27429,3,6,0,04,17,5,0,0,1,0,0,0,0,0
"POINT (11.039659180000058 49.425381169000048)",Unfall 27515 (2020) Kat:3, Licht: 0,27515,3,6,2,03,14,6,0,0,0,1,0,0,1,0
"POINT (11.023392847000025 49.461550738000028)",Unfall 27528 (2020) Kat:2, Licht: 0,27528,2,1,0,04,15,5,0,0,1,0,0,0,0,0
"POINT (11.042722643000047 49.457134645000053)",Unfall 27557 (2020) Kat:2, Licht: 0,27557,2,1,0,03,13,2,0,0,1,0,0,0,0,0
"POINT (11.127853433000041 49.393626155000049)",Unfall 27567 (2020) Kat:3, Licht: 0,27567,3,2,4,04,15,4,0,0,0,1,0,0,0,0
"POINT (11.079973951000056 49.389787810000030)",Unfall 27594 (2020) Kat:3, Licht: 0,27594,3,6,2,04,15,5,0,0,0,1,0,0,0,0
"POINT (11.050301013000023 49.497950880000076)",Unfall 27645 (2020) Kat:3, Licht: 0,27645,3,3,5,04,15,5,0,0,1,0,0,1,0,0
"POINT (11.065256699000031 49.427913058000058)",Unfall 27685 (2020) Kat:3, Licht: 0,27685,3,6,3,04,12,4,0,0,0,1,0,1,0,0
"POINT (11.025616376000073 49.376060144000064)",Unfall 27748 (2020) Kat:3, Licht: 0,27748,3,1,0,04,14,1,0,0,1,0,0,0,0,0
"POINT (11.195479185000067 49.419311067000081)",Unfall 27807 (2020) Kat:3, Licht: 0,27807,3,3,5,04,17,2,0,0,1,1,0,0,0,0
"POINT (11.040638069000067 49.425871543000028)",Unfall 27873 (2020) Kat:3, Licht: 0,27873,3,3,5,04,08,3,0,0,1,1,0,0,0,0
"POINT (11.111575328000072 49.415800029000081)",Unfall 27892 (2020) Kat:2, Licht: 0,27892,2,1,0,04,19,4,0,0,1,0,0,0,0,0
"POINT (11.073885547000032 49.385605439000074)",Unfall 27943 (2020) Kat:2, Licht: 0,27943,2,1,0,04,18,1,0,0,1,0,0,0,0,0
"POINT (11.146566172000064 49.426139097000032)",Unfall 27955 (2020) Kat:2, Licht: 0,27955,2,1,0,04,12,2,0,0,1,0,0,0,0,0
"POINT (11.077774852000061 49.370907106000061)",Unfall 28003 (2020) Kat:2, Licht: 1,28003,2,1,7,04,19,7,0,1,0,0,0,1,0,0
"POINT (11.044217464000042 49.429321520000030)",Unfall 28045 (2020) Kat:3, Licht: 0,28045,3,3,5,04,13,6,0,0,1,1,0,0,0,0
"POINT (11.166934334000075 49.469012155000030)",Unfall 28060 (2020) Kat:3, Licht: 0,28060,3,6,2,04,18,3,0,0,0,1,0,0,0,0
"POINT (11.044931820000045 49.458681451000075)",Unfall 28069 (2020) Kat:3, Licht: 0,28069,3,2,5,04,16,1,0,0,0,1,0,0,0,0
"POINT (11.035969747000024 49.447152949000042)",Unfall 28084 (2020) Kat:3, Licht: 0,28084,3,1,0,04,18,2,0,0,1,0,0,0,0,0
"POINT (11.026065686000038 49.460662878000051)",Unfall 28092 (2020) Kat:3, Licht: 0,28092,3,1,0,04,15,7,0,0,1,0,0,0,0,0
"POINT (11.081315050000057 49.469559533000051)",Unfall 28112 (2020) Kat:3, Licht: 0,28112,3,7,5,04,16,1,0,0,0,1,0,0,0,0
"POINT (11.070286731000067 49.469623650000074)",Unfall 28184 (2020) Kat:3, Licht: 0,28184,3,3,5,04,13,2,0,0,1,0,0,0,0,0
"POINT (11.069375914000034 49.419805759000042)",Unfall 28203 (2020) Kat:3, Licht: 0,28203,3,2,0,04,13,2,0,0,1,1,0,0,0,0
"POINT (11.130123331000050 49.432937673000026)",Unfall 28297 (2020) Kat:3, Licht: 0,28297,3,7,6,04,14,4,0,0,0,1,1,0,0,0
"POINT (11.014690917000053 49.422266250000064)",Unfall 28376 (2020) Kat:3, Licht: 0,28376,3,2,5,04,16,5,0,0,0,1,0,0,0,0
"POINT (11.062445089000050 49.476974872000028)",Unfall 28387 (2020) Kat:3, Licht: 0,28387,3,6,2,04,11,6,0,0,0,1,0,0,0,0
"POINT (11.071142764000058 49.469611222000026)",Unfall 28396 (2020) Kat:3, Licht: 0,28396,3,3,5,04,15,2,0,0,0,1,0,0,0,0
"POINT (11.052920296000025 49.356016221000061)",Unfall 28404 (2020) Kat:3, Licht: 0,28404,3,1,0,04,14,7,0,0,1,0,0,0,0,0
"POINT (11.051834243000030 49.494993605000047)",Unfall 28417 (2020) Kat:2, Licht: 0,28417,2,6,2,04,16,2,0,0,0,1,0,0,0,1
"POINT (11.033962378000069 49.513415234000036)",Unfall 28428 (2020) Kat:2, Licht: 0,28428,2,1,0,04,15,1,0,0,1,0,0,0,0,0
"POINT (11.039957494000021 49.454224778000025)",Unfall 28515 (2020) Kat:3, Licht: 1,28515,3,2,6,04,20,2,0,1,0,1,1,0,0,0
"POINT (11.035967944000049 49.421457168000074)",Unfall 28526 (2020) Kat:3, Licht: 0,28526,3,6,2,04,14,1,0,0,0,1,0,0,0,1
"POINT (11.103684546000068 49.473859040000036)",Unfall 28529 (2020) Kat:3, Licht: 0,28529,3,6,2,04,14,2,0,0,0,1,0,0,0,0
"POINT (11.035378663000074 49.421095056000070)",Unfall 28652 (2020) Kat:3, Licht: 0,28652,3,6,2,04,20,3,0,0,0,1,0,0,0,0
"POINT (11.035871003000068 49.421301430000028)",Unfall 28658 (2020) Kat:3, Licht: 0,28658,3,7,3,04,19,3,0,0,0,1,0,0,0,0
"POINT (11.032834219000051 49.420612257000073)",Unfall 28796 (2020) Kat:2, Licht: 0,28796,2,2,4,04,19,4,0,0,1,1,0,0,0,0
"POINT (11.121467837000068 49.442732541000055)",Unfall 28797 (2020) Kat:3, Licht: 0,28797,3,2,5,04,10,4,0,0,0,1,0,0,0,0
"POINT (11.049670362000029 49.363221830000043)",Unfall 28798 (2020) Kat:3, Licht: 0,28798,3,7,4,04,14,4,0,0,0,1,0,0,0,0
"POINT (11.050964344000022 49.446372747000055)",Unfall 28801 (2020) Kat:3, Licht: 0,28801,3,6,2,04,12,4,0,0,0,1,0,0,0,0
"POINT (11.116931136000062 49.392827636000050)",Unfall 28802 (2020) Kat:3, Licht: 2,28802,3,3,5,04,22,4,0,2,0,1,0,0,0,0
"POINT (11.083849800000053 49.394470609000052)",Unfall 28804 (2020) Kat:3, Licht: 2,28804,3,3,5,04,22,4,0,2,0,1,0,0,0,0
"POINT (11.067863649000060 49.469422483000073)",Unfall 28814 (2020) Kat:3, Licht: 0,28814,3,3,5,05,17,1,0,0,0,1,0,0,0,0
"POINT (11.079290965000041 49.414627333000055)",Unfall 28873 (2020) Kat:3, Licht: 0,28873,3,6,2,05,17,4,0,0,1,0,0,1,0,0
"POINT (10.992668057000060 49.538225444000034)",Unfall 28933 (2020) Kat:3, Licht: 2,28933,3,7,3,05,21,5,0,2,0,1,0,0,0,1
"POINT (11.122461192000060 49.504670496000074)",Unfall 28987 (2020) Kat:2, Licht: 0,28987,2,1,8,05,18,2,1,0,0,1,0,0,0,0
"POINT (11.042929693000076 49.388478065000072)",Unfall 28992 (2020) Kat:3, Licht: 0,28992,3,6,4,05,12,4,0,0,0,1,0,0,0,1
"POINT (11.103194529000064 49.431379086000049)",Unfall 29000 (2020) Kat:3, Licht: 0,29000,3,6,2,05,08,2,0,0,0,1,0,0,0,0
"POINT (11.103215255000066 49.431382124000038)",Unfall 29004 (2020) Kat:3, Licht: 0,29004,3,6,2,05,08,2,0,0,0,1,0,0,0,0
"POINT (11.015929273000040 49.467685730000028)",Unfall 29010 (2020) Kat:3, Licht: 0,29010,3,6,3,05,16,5,0,0,0,1,0,0,1,0
"POINT (11.052080559000046 49.357871594000073)",Unfall 29110 (2020) Kat:3, Licht: 0,29110,3,3,5,05,17,4,0,0,0,1,0,1,0,0
"POINT (11.035146262000069 49.406609592000052)",Unfall 29132 (2020) Kat:3, Licht: 0,29132,3,2,3,05,14,3,0,0,0,1,0,1,0,0
"POINT (11.052802650000046 49.464450997000029)",Unfall 29134 (2020) Kat:3, Licht: 0,29134,3,6,2,05,14,3,0,0,0,1,0,0,0,0
"POINT (11.114372626000034 49.405738229000065)",Unfall 29169 (2020) Kat:3, Licht: 0,29169,3,6,2,05,15,2,1,0,0,1,0,0,0,0
"POINT (11.036828231000072 49.449508899000080)",Unfall 29171 (2020) Kat:3, Licht: 0,29171,3,1,0,05,15,2,1,0,1,0,0,0,0,0
"POINT (11.069994588000043 49.429297545000054)",Unfall 29388 (2020) Kat:3, Licht: 0,29388,3,3,5,05,12,7,0,0,1,0,0,0,0,0
"POINT (11.067875833000073 49.469716584000025)",Unfall 29390 (2020) Kat:3, Licht: 0,29390,3,2,5,05,13,7,0,0,1,1,0,0,0,0
"POINT (11.036854289000075 49.422204222000062)",Unfall 29393 (2020) Kat:3, Licht: 0,29393,3,6,3,05,12,6,0,0,0,1,0,0,1,0
"POINT (11.028535417000057 49.420648790000030)",Unfall 29406 (2020) Kat:3, Licht: 0,29406,3,1,0,05,15,6,0,0,1,0,0,0,0,0
"POINT (11.040929749000043 49.455669266000029)",Unfall 29415 (2020) Kat:3, Licht: 0,29415,3,1,0,05,08,6,0,0,1,0,0,0,0,0
"POINT (11.087231969000072 49.406139880000069)",Unfall 29537 (2020) Kat:3, Licht: 0,29537,3,6,3,05,17,2,0,0,1,1,0,0,0,0
"POINT (11.038178046000041 49.395400091000056)",Unfall 29577 (2020) Kat:3, Licht: 0,29577,3,1,0,05,16,3,0,0,1,0,0,0,0,0
"POINT (11.004897110000059 49.439932311000064)",Unfall 29664 (2020) Kat:3, Licht: 0,29664,3,6,2,05,16,6,0,0,0,1,0,0,0,0
"POINT (11.064407877000065 49.424792974000070)",Unfall 29665 (2020) Kat:3, Licht: 0,29665,3,1,9,05,16,1,0,0,0,0,0,1,0,0
"POINT (11.103382754000052 49.431530591000069)",Unfall 29666 (2020) Kat:3, Licht: 0,29666,3,6,2,05,13,2,0,0,0,1,0,0,0,0
"POINT (11.179688373000033 49.397448669000028)",Unfall 29670 (2020) Kat:3, Licht: 0,29670,3,1,0,05,16,1,0,0,1,0,0,0,0,0
"POINT (11.100629463000075 49.465441966000071)",Unfall 29728 (2020) Kat:3, Licht: 0,29728,3,2,5,05,17,3,0,0,1,1,0,0,0,0
"POINT (11.057474472000024 49.352030318000061)",Unfall 29759 (2020) Kat:2, Licht: 0,29759,2,1,0,05,13,2,0,0,1,0,0,0,0,0
"POINT (11.063783573000023 49.372944561000054)",Unfall 29885 (2020) Kat:2, Licht: 2,29885,2,1,0,05,21,6,0,2,1,0,0,0,0,0
"POINT (11.163315546000035 49.407307419000063)",Unfall 30025 (2020) Kat:3, Licht: 0,30025,3,6,0,05,15,4,0,0,0,1,0,1,0,0
"POINT (11.193705607000027 49.420122857000081)",Unfall 30028 (2020) Kat:3, Licht: 0,30028,3,3,5,05,11,4,0,0,0,1,0,1,0,0
"POINT (11.119911546000026 49.454100114000028)",Unfall 30048 (2020) Kat:2, Licht: 2,30048,2,1,0,05,00,6,0,2,1,0,0,0,0,0
"POINT (11.139422432000060 49.462429450000059)",Unfall 30065 (2020) Kat:3, Licht: 0,30065,3,7,1,05,10,5,0,0,0,1,0,0,0,0
"POINT (11.096385545000032 49.431244015000061)",Unfall 30080 (2020) Kat:3, Licht: 0,30080,3,2,0,05,10,5,0,0,1,1,0,0,0,0
"POINT (11.098240953000072 49.431309899000041)",Unfall 30207 (2020) Kat:3, Licht: 0,30207,3,6,2,05,14,6,0,0,0,1,0,0,0,0
"POINT (11.062246171000027 49.440507775000071)",Unfall 30257 (2020) Kat:3, Licht: 0,30257,3,6,2,05,09,5,0,0,0,1,0,0,0,1
"POINT (11.037738731000047 49.451333536000050)",Unfall 30262 (2020) Kat:3, Licht: 0,30262,3,3,5,05,13,1,0,0,1,1,0,0,0,0
"POINT (11.178854400000034 49.397870961000081)",Unfall 30400 (2020) Kat:2, Licht: 0,30400,2,1,8,05,15,6,0,0,0,1,0,0,0,0
"POINT (11.055210364000061 49.444362996000052)",Unfall 30437 (2020) Kat:3, Licht: 0,30437,3,6,2,05,16,5,0,0,0,1,0,0,0,0
"POINT (11.049408705000076 49.461743343000080)",Unfall 30443 (2020) Kat:2, Licht: 0,30443,2,7,0,05,14,1,0,0,0,0,0,0,0,1
"POINT (11.065396058000033 49.425961360000031)",Unfall 30539 (2020) Kat:3, Licht: 0,30539,3,3,5,05,07,4,0,0,1,1,0,0,0,0
"POINT (11.124148640000044 49.457502317000035)",Unfall 30628 (2020) Kat:3, Licht: 0,30628,3,6,2,05,17,2,0,0,0,1,0,0,0,0
"POINT (11.044874980000031 49.429953221000062)",Unfall 30633 (2020) Kat:2, Licht: 0,30633,2,2,6,05,15,2,0,0,0,1,1,0,0,0
"POINT (11.046568995000030 49.459736348000035)",Unfall 30644 (2020) Kat:3, Licht: 0,30644,3,6,1,05,16,2,0,0,0,1,0,0,0,0
"POINT (11.041876909000052 49.430102270000077)",Unfall 30647 (2020) Kat:3, Licht: 0,30647,3,6,2,05,14,2,0,0,0,1,0,0,0,1
"POINT (11.049172712000029 49.447119375000057)",Unfall 30667 (2020) Kat:3, Licht: 0,30667,3,6,2,05,13,3,0,0,0,1,0,0,1,0
"POINT (11.035642086000053 49.443748764000077)",Unfall 30672 (2020) Kat:3, Licht: 0,30672,3,1,0,05,07,3,0,0,1,0,0,0,0,0
"POINT (11.035839913000075 49.440851640000062)",Unfall 30754 (2020) Kat:3, Licht: 0,30754,3,3,5,06,09,3,0,0,1,1,0,0,0,0
"POINT (11.071523387000070 49.429612632000044)",Unfall 30762 (2020) Kat:3, Licht: 0,30762,3,1,0,06,11,7,1,0,0,0,0,1,0,0
"POINT (11.048021421000044 49.460668412000075)",Unfall 30785 (2020) Kat:2, Licht: 0,30785,2,5,1,06,13,2,0,0,1,1,0,0,0,0
"POINT (11.038352172000032 49.456514023000068)",Unfall 30949 (2020) Kat:3, Licht: 0,30949,3,2,5,06,19,3,0,0,1,1,0,0,0,0
"POINT (11.061287215000050 49.466871846000060)",Unfall 30959 (2020) Kat:3, Licht: 0,30959,3,3,5,06,05,5,0,0,1,1,0,0,0,0
"POINT (11.097996867000063 49.467220561000033)",Unfall 31043 (2020) Kat:3, Licht: 0,31043,3,6,2,06,17,3,0,0,0,1,0,0,0,0
"POINT (11.032907589000047 49.420685911000078)",Unfall 31123 (2020) Kat:3, Licht: 2,31123,3,2,4,06,22,1,0,2,0,1,0,0,0,1
"POINT (11.101063723000038 49.431254614000068)",Unfall 31178 (2020) Kat:3, Licht: 2,31178,3,1,0,06,22,3,0,2,1,0,0,0,0,0
"POINT (11.037921595000057 49.451292774000080)",Unfall 31179 (2020) Kat:3, Licht: 0,31179,3,6,3,06,12,6,0,0,0,1,0,0,0,0
"POINT (11.006835033000073 49.426537422000081)",Unfall 31181 (2020) Kat:2, Licht: 0,31181,2,1,0,06,14,6,0,0,1,0,0,0,0,0
"POINT (11.063008287000059 49.428357035000033)",Unfall 31184 (2020) Kat:3, Licht: 0,31184,3,3,5,06,08,6,0,0,0,1,0,0,0,0
"POINT (11.104728980000061 49.424798095000028)",Unfall 31307 (2020) Kat:3, Licht: 0,31307,3,3,5,06,19,2,1,0,0,1,0,0,0,0
"POINT (11.118169079000040 49.464265397000077)",Unfall 31354 (2020) Kat:3, Licht: 0,31354,3,6,2,06,13,5,0,0,0,1,0,0,0,0
"POINT (11.066362406000053 49.428124372000070)",Unfall 31356 (2020) Kat:3, Licht: 1,31356,3,6,2,06,21,5,0,1,0,1,0,0,0,0
"POINT (11.113132864000022 49.412189895000040)",Unfall 31406 (2020) Kat:3, Licht: 0,31406,3,6,2,06,06,3,0,0,0,1,0,0,0,0
"POINT (11.034185615000069 49.410507495000047)",Unfall 31418 (2020) Kat:3, Licht: 0,31418,3,2,5,06,07,2,1,0,0,1,0,0,0,0
"POINT (11.114846368000030 49.403507414000046)",Unfall 31422 (2020) Kat:3, Licht: 0,31422,3,3,5,06,06,7,0,0,1,0,0,0,1,0
"POINT (11.040399831000059 49.375808662000054)",Unfall 31449 (2020) Kat:3, Licht: 0,31449,3,3,5,06,07,7,0,0,0,1,0,0,0,1
"POINT (11.041229906000069 49.450428361000036)",Unfall 31591 (2020) Kat:3, Licht: 0,31591,3,6,2,06,17,3,1,0,0,1,0,0,0,0
"POINT (11.121266337000066 49.452804916000048)",Unfall 31593 (2020) Kat:3, Licht: 0,31593,3,6,2,06,11,3,1,0,0,1,0,0,1,0
"POINT (11.099441744000046 49.468469253000080)",Unfall 31598 (2020) Kat:3, Licht: 0,31598,3,6,3,06,10,3,1,0,0,1,0,0,1,0
"POINT (11.116936507000048 49.392844860000025)",Unfall 31599 (2020) Kat:3, Licht: 0,31599,3,3,5,06,07,3,1,0,0,1,0,0,0,0
"POINT (11.036086436000062 49.439690321000057)",Unfall 31648 (2020) Kat:3, Licht: 0,31648,3,6,2,06,14,2,1,0,0,1,0,0,1,0
"POINT (11.135383793000074 49.431064204000052)",Unfall 31734 (2020) Kat:3, Licht: 0,31734,3,6,2,06,18,2,0,0,1,0,0,0,0,0
"POINT (11.046891468000069 49.403646986000069)",Unfall 31746 (2020) Kat:2, Licht: 0,31746,2,6,3,06,10,2,0,0,0,1,0,1,0,0
"POINT (11.175288051000052 49.413658063000071)",Unfall 31749 (2020) Kat:3, Licht: 0,31749,3,2,5,06,07,2,0,0,1,1,0,0,0,0
"POINT (11.036902034000036 49.399932449000062)",Unfall 31763 (2020) Kat:3, Licht: 0,31763,3,7,3,06,18,1,0,0,0,1,0,1,0,0
"POINT (11.071950211000058 49.469470211000043)",Unfall 31852 (2020) Kat:3, Licht: 2,31852,3,7,1,06,00,7,0,2,0,1,0,0,0,0
"POINT (11.125278438000066 49.434682178000060)",Unfall 31868 (2020) Kat:3, Licht: 0,31868,3,3,5,06,13,4,0,0,1,1,0,0,0,0
"POINT (10.994306577000032 49.437261801000034)",Unfall 31961 (2020) Kat:3, Licht: 0,31961,3,2,5,06,08,6,0,0,1,0,0,0,0,1
"POINT (11.115047942000047 49.403471241000034)",Unfall 31964 (2020) Kat:3, Licht: 0,31964,3,6,2,06,14,6,0,0,0,1,0,0,0,0
"POINT (11.079555965000054 49.430554848000043)",Unfall 32064 (2020) Kat:3, Licht: 0,32064,3,1,0,06,06,3,0,0,1,1,0,0,0,0
"POINT (11.122137997000038 49.436036755000032)",Unfall 32067 (2020) Kat:3, Licht: 0,32067,3,7,5,06,16,5,0,0,0,1,0,0,0,0
"POINT (11.114207045000057 49.406439364000050)",Unfall 32095 (2020) Kat:3, Licht: 0,32095,3,1,0,06,17,4,0,0,1,0,0,0,0,0
"POINT (11.084118355000044 49.344418147000056)",Unfall 32200 (2020) Kat:3, Licht: 0,32200,3,6,2,06,17,4,0,0,0,1,0,0,0,0
"POINT (11.122750067000027 49.449327966000055)",Unfall 32208 (2020) Kat:3, Licht: 0,32208,3,7,6,06,21,4,1,0,1,0,1,0,0,0
"POINT (11.167749502000049 49.468977793000079)",Unfall 32321 (2020) Kat:3, Licht: 0,32321,3,3,5,06,18,6,0,0,1,1,0,0,0,0
"POINT (11.027184548000037 49.460148656000058)",Unfall 32375 (2020) Kat:3, Licht: 2,32375,3,7,6,06,00,6,0,2,1,0,1,0,0,0
"POINT (11.116934400000048 49.392838105000067)",Unfall 32435 (2020) Kat:3, Licht: 0,32435,3,6,2,06,10,5,0,0,0,1,0,0,0,0
"POINT (11.122279641000034 49.447927518000029)",Unfall 32436 (2020) Kat:3, Licht: 0,32436,3,3,5,06,18,5,0,0,1,1,0,0,0,0
"POINT (11.042375536000065 49.456895876000033)",Unfall 32483 (2020) Kat:3, Licht: 0,32483,3,6,2,06,10,6,0,0,0,1,0,0,1,0
"POINT (11.060549548000040 49.480547624000053)",Unfall 32634 (2020) Kat:3, Licht: 0,32634,3,6,2,06,07,3,0,0,0,1,0,0,0,0
"POINT (11.040570700000046 49.375492172000065)",Unfall 32651 (2020) Kat:3, Licht: 0,32651,3,6,2,06,07,2,0,0,0,1,0,0,0,0
"POINT (11.067750896000064 49.337754671000027)",Unfall 32743 (2020) Kat:3, Licht: 0,32743,3,6,2,06,09,3,0,0,0,1,0,0,1,0
"POINT (11.051566499000046 49.463378187000046)",Unfall 32758 (2020) Kat:3, Licht: 0,32758,3,2,6,06,07,3,0,0,0,1,1,0,0,0
"POINT (11.068168011000068 49.469335428000079)",Unfall 32777 (2020) Kat:3, Licht: 0,32777,3,6,2,06,13,2,0,0,0,1,0,1,0,0
"POINT (11.127757083000063 49.393446104000077)",Unfall 32779 (2020) Kat:3, Licht: 0,32779,3,6,3,06,10,7,0,0,0,1,0,0,0,0
"POINT (11.061348443000043 49.428620096000031)",Unfall 32814 (2020) Kat:3, Licht: 0,32814,3,6,2,06,15,3,0,0,0,1,0,1,0,0
"POINT (11.035671023000077 49.402207838000038)",Unfall 32876 (2020) Kat:3, Licht: 0,32876,3,2,5,07,14,6,0,0,1,0,0,0,0,0
"POINT (11.064422300000047 49.428125067000053)",Unfall 32929 (2020) Kat:3, Licht: 0,32929,3,6,2,07,13,6,0,0,0,1,0,0,0,0
"POINT (11.123354650000067 49.397976638000046)",Unfall 32986 (2020) Kat:3, Licht: 0,32986,3,2,5,07,13,5,0,0,0,1,0,0,0,0
"POINT (11.054900698000040 49.429596006000054)",Unfall 32990 (2020) Kat:3, Licht: 0,32990,3,1,0,07,12,5,0,0,1,0,0,0,0,0
"POINT (11.131571541000028 49.432430938000039)",Unfall 32991 (2020) Kat:3, Licht: 0,32991,3,6,2,07,14,5,0,0,0,1,0,0,0,0
"POINT (11.081718547000037 49.430344919000049)",Unfall 33017 (2020) Kat:2, Licht: 0,33017,2,1,0,07,20,6,0,0,1,0,0,0,0,0
"POINT (11.066419901000074 49.428001555000037)",Unfall 33071 (2020) Kat:3, Licht: 0,33071,3,3,5,07,17,6,0,0,0,1,0,1,0,0
"POINT (11.104909441000075 49.476820966000048)",Unfall 33136 (2020) Kat:3, Licht: 0,33136,3,6,2,07,13,6,0,0,0,1,0,0,0,0
"POINT (11.121491956000057 49.442789934000075)",Unfall 33193 (2020) Kat:2, Licht: 0,33193,2,3,5,07,14,4,0,0,0,1,0,0,0,0
"POINT (11.094929447000027 49.470126753000045)",Unfall 33202 (2020) Kat:3, Licht: 0,33202,3,6,2,07,10,3,0,0,0,1,0,1,0,0
"POINT (11.129830860000027 49.459130103000064)",Unfall 33235 (2020) Kat:3, Licht: 0,33235,3,6,2,07,18,4,1,0,0,1,0,0,0,0
"POINT (11.041135358000076 49.455602114000044)",Unfall 33243 (2020) Kat:3, Licht: 0,33243,3,2,5,07,15,2,0,0,1,1,0,0,0,0
"POINT (11.038186636000034 49.434085583000069)",Unfall 33316 (2020) Kat:3, Licht: 0,33316,3,6,2,07,16,2,0,0,0,1,0,0,0,0
"POINT (11.030594952000058 49.382451832000072)",Unfall 33390 (2020) Kat:3, Licht: 0,33390,3,3,5,07,13,4,0,0,1,1,0,0,0,0
"POINT (11.125239717000056 49.434697384000060)",Unfall 33443 (2020) Kat:3, Licht: 0,33443,3,3,5,07,16,1,0,0,1,1,0,0,0,0
"POINT (11.063305720000074 49.467780781000044)",Unfall 33471 (2020) Kat:2, Licht: 0,33471,2,3,5,07,05,2,0,0,1,1,0,0,0,0
"POINT (11.162656531000039 49.468739594000056)",Unfall 33541 (2020) Kat:3, Licht: 0,33541,3,6,2,07,15,4,1,0,0,1,0,0,0,0
"POINT (11.038004890000025 49.434354939000059)",Unfall 33579 (2020) Kat:3, Licht: 0,33579,3,6,3,07,15,3,0,0,0,1,0,0,0,0
"POINT (11.028565165000032 49.378312498000071)",Unfall 33709 (2020) Kat:2, Licht: 0,33709,2,1,0,07,13,6,0,0,0,0,0,1,0,0
"POINT (11.113462899000069 49.410681407000027)",Unfall 33711 (2020) Kat:3, Licht: 0,33711,3,1,3,07,18,2,0,0,1,0,0,0,0,0
"POINT (11.064368220000063 49.424854372000027)",Unfall 33712 (2020) Kat:3, Licht: 0,33712,3,3,3,07,06,6,0,0,0,1,0,0,1,0
"POINT (11.113677702000075 49.459573283000054)",Unfall 33713 (2020) Kat:3, Licht: 0,33713,3,6,2,07,14,6,0,0,1,0,0,0,0,0
"POINT (11.114071674000058 49.459588486000030)",Unfall 33832 (2020) Kat:2, Licht: 0,33832,2,2,5,07,17,3,0,0,0,1,0,1,0,0
"POINT (11.070414839000023 49.429394234000029)",Unfall 33875 (2020) Kat:2, Licht: 0,33875,2,6,4,07,12,7,0,0,0,1,0,1,0,0
"POINT (11.114878320000059 49.462738840000043)",Unfall 33878 (2020) Kat:2, Licht: 0,33878,2,3,5,07,07,7,0,0,0,1,0,1,0,0
"POINT (11.054844132000028 49.444543931000055)",Unfall 33885 (2020) Kat:3, Licht: 0,33885,3,6,2,07,15,2,0,0,0,1,0,0,0,0
"POINT (11.047483093000039 49.430051028000037)",Unfall 33945 (2020) Kat:3, Licht: 0,33945,3,6,2,07,15,5,0,0,0,1,0,0,0,0