WKT,Name,OBJECTID,UKATEGORIE,UTYP1,UART,UMONAT,USTUNDE,UWOCHENTAG,STRZUSTAND,ULICHTVERH,ISTRAD,ISTPKW,ISTFUSS,ISTKRAD,ISTGKFZ,ISTSONSTIG
"POINT (11.111605658000030 49.388452790000031)",Unfall 33949 (2020) Kat:3, Licht: 0,33949,3,7,5,07,15,5,0,0,0,1,0,0,0,0
"POINT (11.123408105000067 49.397932183000080)",Unfall 33954 (2020) Kat:3, Licht: 0,33954,3,3,5,07,08,5,0,0,0,1,0,0,0,0
"POINT (11.121289387000047 49.442783236000025)",Unfall 33968 (2020) Kat:3, Licht: 0,33968,3,2,4,07,19,2,0,0,0,1,0,0,0,0
"POINT (11.072217450000039 49.339904053000055)",Unfall 34067 (2020) Kat:3, Licht: 0,34067,3,6,2,07,13,2,0,0,0,1,0,0,0,1
"POINT (11.058988570000054 49.442461914000035)",Unfall 34125 (2020) Kat:3, Licht: 0,34125,3,3,5,07,12,7,0,0,1,0,0,0,0,1
"POINT (11.182103360000042 49.469314915000041)",Unfall 34167 (2020) Kat:3, Licht: 0,34167,3,7,0,07,20,6,0,0,1,0,0,0,0,0
"POINT (11.055417989000034 49.444255764000047)",Unfall 34257 (2020) Kat:3, Licht: 0,34257,3,6,2,07,16,2,0,0,0,1,0,0,0,1
"POINT (11.024995508000075 49.460877485000026)",Unfall 34365 (2020) Kat:3, Licht: 0,34365,3,3,5,07,14,6,0,0,1,0,0,1,0,0
"POINT (11.121370459000048 49.442981231000033)",Unfall 34464 (2020) Kat:3, Licht: 0,34464,3,6,2,07,07,5,1,0,0,1,0,0,0,0
"POINT (11.055367414000045 49.429428907000045)",Unfall 34559 (2020) Kat:3, Licht: 2,34559,3,7,7,07,01,7,0,2,1,0,0,0,0,1
"POINT (11.035038603000032 49.440904196000076)",Unfall 34572 (2020) Kat:3, Licht: 0,34572,3,3,5,07,06,6,0,0,1,1,0,0,0,0
"POINT (11.105995998000026 49.460664121000036)",Unfall 34576 (2020) Kat:3, Licht: 0,34576,3,3,0,07,17,5,0,0,0,1,0,0,0,0
"POINT (11.049905007000064 49.461952729000075)",Unfall 34620 (2020) Kat:2, Licht: 0,34620,2,4,6,07,18,4,0,0,0,1,1,0,0,0
"POINT (11.041009997000060 49.382436036000058)",Unfall 34640 (2020) Kat:3, Licht: 0,34640,3,3,5,07,14,3,0,0,1,0,0,0,0,0
"POINT (11.067704798000022 49.469268698000064)",Unfall 34675 (2020) Kat:3, Licht: 0,34675,3,6,2,07,12,5,0,0,0,1,0,0,0,0
"POINT (11.063818801000025 49.373004538000032)",Unfall 34744 (2020) Kat:3, Licht: 0,34744,3,3,5,07,10,3,0,0,0,1,0,0,0,0
"POINT (11.135871916000042 49.461644414000034)",Unfall 34757 (2020) Kat:3, Licht: 0,34757,3,2,5,07,09,5,0,0,1,1,0,0,0,0
"POINT (11.036356702000035 49.400945009000054)",Unfall 34787 (2020) Kat:3, Licht: 0,34787,3,3,5,07,15,6,0,0,1,1,0,0,0,0
"POINT (11.040342585000076 49.381489980000026)",Unfall 34824 (2020) Kat:3, Licht: 0,34824,3,6,2,07,14,3,0,0,0,1,0,0,0,0
"POINT (11.061395038000057 49.467062531000067)",Unfall 34845 (2020) Kat:3, Licht: 0,34845,3,6,2,07,13,1,1,0,0,1,0,0,0,0
"POINT (11.111461201000054 49.394042398000067)",Unfall 34870 (2020) Kat:3, Licht: 0,34870,3,6,2,07,15,6,0,0,0,1,0,0,0,0
"POINT (11.034714193000070 49.413771086000054)",Unfall 34891 (2020) Kat:3, Licht: 0,34891,3,6,2,07,14,5,0,0,0,1,0,0,0,0
"POINT (11.104178524000076 49.462846589000037)",Unfall 34935 (2020) Kat:3, Licht: 0,34935,3,6,2,07,14,4,0,0,0,1,0,0,0,0
"POINT (11.021958098000027 49.441197786000032)",Unfall 34954 (2020) Kat:3, Licht: 0,34954,3,1,0,07,19,3,0,0,0,0,0,0,0,1
"POINT (11.118017368000039 49.437895275000074)",Unfall 34966 (2020) Kat:3, Licht: 0,34966,3,6,2,07,12,5,0,0,0,1,0,0,0,0
"POINT (11.122463823000032 49.465902914000026)",Unfall 34991 (2020) Kat:3, Licht: 0,34991,3,6,2,07,07,5,0,0,0,1,0,0,0,0
"POINT (11.034853476000023 49.409177912000075)",Unfall 35072 (2020) Kat:2, Licht: 0,35072,2,2,5,07,16,5,0,0,0,1,0,1,0,0
"POINT (11.121496463000028 49.452583962000062)",Unfall 35083 (2020) Kat:3, Licht: 0,35083,3,6,2,07,19,4,0,0,0,1,0,1,0,0
"POINT (11.038352534000069 49.456654791000062)",Unfall 35131 (2020) Kat:3, Licht: 0,35131,3,6,2,07,15,6,0,0,0,1,0,0,0,0
"POINT (11.118196848000025 49.455887605000044)",Unfall 35171 (2020) Kat:3, Licht: 0,35171,3,6,2,07,15,5,0,0,0,1,0,0,0,1
"POINT (11.121329612000068 49.442878125000050)",Unfall 35204 (2020) Kat:3, Licht: 0,35204,3,3,5,07,14,6,0,0,0,1,0,0,0,0
"POINT (11.143686696000032 49.427727586000060)",Unfall 35221 (2020) Kat:3, Licht: 0,35221,3,6,2,07,16,2,0,0,1,0,0,0,0,0
"POINT (11.157956486000046 49.467120508000050)",Unfall 35223 (2020) Kat:3, Licht: 0,35223,3,2,5,07,10,2,0,0,0,1,0,1,0,0
"POINT (11.067749015000061 49.469952764000027)",Unfall 35225 (2020) Kat:3, Licht: 0,35225,3,2,3,07,15,2,0,0,1,1,0,0,0,0
"POINT (11.012473214000067 49.465317086000027)",Unfall 35228 (2020) Kat:3, Licht: 0,35228,3,2,0,07,13,2,0,0,0,1,0,1,0,0
"POINT (11.044179985000028 49.429276020000032)",Unfall 35250 (2020) Kat:3, Licht: 0,35250,3,2,5,07,12,3,0,0,1,1,0,0,0,0
"POINT (11.108988487000033 49.459522432000028)",Unfall 35253 (2020) Kat:2, Licht: 2,35253,2,1,7,07,22,5,0,2,1,0,0,0,0,0
"POINT (11.038798619000033 49.456367639000064)",Unfall 35255 (2020) Kat:2, Licht: 0,35255,2,6,3,07,07,3,0,0,0,0,0,1,1,0
"POINT (11.116470931000038 49.435854294000080)",Unfall 35260 (2020) Kat:3, Licht: 0,35260,3,6,2,07,17,3,0,0,0,1,0,0,0,0
"POINT (11.058682866000026 49.443287157000043)",Unfall 35295 (2020) Kat:3, Licht: 2,35295,3,2,9,07,05,4,0,2,0,0,0,1,0,0
"POINT (11.113119331000064 49.434607879000055)",Unfall 35311 (2020) Kat:2, Licht: 0,35311,2,3,5,07,13,6,0,0,1,0,0,0,0,1
"POINT (10.992937298000072 49.540463430000045)",Unfall 35335 (2020) Kat:3, Licht: 0,35335,3,6,2,07,08,5,0,0,0,1,0,0,0,0
"POINT (11.118417275000070 49.455622712000036)",Unfall 35383 (2020) Kat:3, Licht: 0,35383,3,6,2,07,18,5,0,0,1,0,0,0,0,0
"POINT (11.125247391000073 49.434694370000045)",Unfall 35395 (2020) Kat:3, Licht: 0,35395,3,3,5,07,15,4,0,0,0,1,0,0,0,0
"POINT (11.071916078000072 49.469597402000034)",Unfall 35442 (2020) Kat:3, Licht: 0,35442,3,6,2,07,09,6,0,0,0,1,0,0,0,0
"POINT (11.035758074000057 49.441528047000077)",Unfall 35483 (2020) Kat:3, Licht: 0,35483,3,6,2,07,13,5,0,0,0,0,0,1,1,0
"POINT (10.994190723000031 49.437459502000081)",Unfall 35499 (2020) Kat:3, Licht: 0,35499,3,2,4,07,15,4,0,0,0,1,0,1,0,0
"POINT (11.038196970000058 49.434346339000058)",Unfall 35516 (2020) Kat:3, Licht: 0,35516,3,1,5,07,19,6,0,0,0,1,0,0,0,0
"POINT (11.044938607000063 49.458685981000031)",Unfall 35556 (2020) Kat:3, Licht: 0,35556,3,2,0,08,16,1,1,0,0,1,0,1,0,0
"POINT (11.083508377000044 49.410108824000076)",Unfall 35559 (2020) Kat:3, Licht: 2,35559,3,1,8,08,22,1,0,2,0,1,0,0,0,1
"POINT (11.047201129000030 49.430035253000028)",Unfall 35560 (2020) Kat:3, Licht: 0,35560,3,3,5,08,12,1,0,0,1,0,0,0,0,0
"POINT (11.125461696000059 49.466862857000081)",Unfall 35565 (2020) Kat:3, Licht: 0,35565,3,2,4,08,14,1,1,0,0,1,0,0,0,0
"POINT (11.149885286000028 49.473384415000055)",Unfall 35596 (2020) Kat:3, Licht: 0,35596,3,1,8,08,14,6,0,0,1,0,0,0,0,0
"POINT (11.081386330000043 49.469432684000026)",Unfall 35622 (2020) Kat:3, Licht: 0,35622,3,3,5,08,19,6,0,0,1,1,0,0,0,0
"POINT (11.143125273000066 49.472456852000050)",Unfall 35721 (2020) Kat:3, Licht: 0,35721,3,6,2,08,17,3,1,0,0,1,0,0,0,0
"POINT (11.102789053000038 49.431332262000069)",Unfall 35759 (2020) Kat:3, Licht: 0,35759,3,6,2,08,06,2,0,0,0,1,0,0,0,0
"POINT (11.056835858000056 49.429210968000064)",Unfall 35765 (2020) Kat:3, Licht: 0,35765,3,6,2,08,12,5,0,0,0,1,0,0,0,0
"POINT (11.111472250000077 49.394038869000042)",Unfall 35849 (2020) Kat:3, Licht: 0,35849,3,6,3,08,16,3,0,0,0,1,0,0,0,1
"POINT (11.034756373000050 49.457680003000064)",Unfall 35896 (2020) Kat:3, Licht: 0,35896,3,2,5,08,16,7,0,0,1,1,0,0,0,0
"POINT (11.064742768000031 49.412654506000081)",Unfall 35898 (2020) Kat:2, Licht: 0,35898,2,6,3,08,11,7,0,0,0,1,0,1,0,0
"POINT (11.036319313000035 49.448684732000061)",Unfall 35903 (2020) Kat:3, Licht: 0,35903,3,2,3,08,20,4,0,0,1,1,0,0,0,0
"POINT (11.060737474000064 49.345749671000078)",Unfall 35905 (2020) Kat:3, Licht: 0,35905,3,3,5,08,14,7,0,0,1,1,0,0,0,0
"POINT (11.083538301000033 49.394136172000060)",Unfall 35909 (2020) Kat:2, Licht: 0,35909,2,6,2,08,17,4,0,0,0,1,0,0,0,0
"POINT (11.023943031000044 49.461368188000051)",Unfall 35912 (2020) Kat:3, Licht: 0,35912,3,1,0,08,16,7,0,0,1,0,0,0,0,0
"POINT (11.014588206000042 49.441118846000052)",Unfall 35920 (2020) Kat:3, Licht: 0,35920,3,3,5,08,14,4,0,0,0,1,0,0,0,0
"POINT (11.117853631000060 49.437893649000046)",Unfall 35934 (2020) Kat:3, Licht: 0,35934,3,3,5,08,14,4,0,0,0,1,0,0,0,0
"POINT (11.164756048000072 49.419132729000069)",Unfall 35984 (2020) Kat:3, Licht: 0,35984,3,1,0,08,19,6,0,0,1,0,0,0,0,0
"POINT (11.034859726000036 49.409167135000075)",Unfall 36004 (2020) Kat:3, Licht: 0,36004,3,2,4,08,13,2,0,0,1,1,0,0,0,0
"POINT (11.098572780000040 49.431195147000039)",Unfall 36082 (2020) Kat:3, Licht: 0,36082,3,6,2,08,18,3,0,0,0,1,0,0,0,0
"POINT (11.103011278000054 49.472078687000078)",Unfall 36165 (2020) Kat:3, Licht: 0,36165,3,1,7,08,18,2,0,0,1,0,0,0,0,0
"POINT (11.035010378000038 49.409265464000043)",Unfall 36199 (2020) Kat:2, Licht: 0,36199,2,1,0,08,09,3,0,0,1,0,0,0,0,0
"POINT (11.058684932000062 49.443285982000077)",Unfall 36217 (2020) Kat:3, Licht: 0,36217,3,6,3,08,10,2,0,0,1,0,0,0,0,0
"POINT (11.071036090000064 49.371609779000039)",Unfall 36254 (2020) Kat:3, Licht: 0,36254,3,2,5,08,16,3,1,0,1,1,0,0,0,0
"POINT (11.116270626000073 49.458422716000030)",Unfall 36286 (2020) Kat:3, Licht: 0,36286,3,1,0,08,19,1,0,0,0,0,0,0,0,1
"POINT (11.081136586000071 49.430401699000072)",Unfall 36313 (2020) Kat:2, Licht: 0,36313,2,1,0,08,16,3,0,0,1,0,0,0,0,0
"POINT (11.095979210000053 49.431107093000037)",Unfall 36333 (2020) Kat:2, Licht: 0,36333,2,3,5,08,16,2,0,0,1,1,0,0,0,0
"POINT (11.012572793000061 49.465424998000060)",Unfall 36366 (2020) Kat:3, Licht: 0,36366,3,2,4,08,06,3,0,0,0,1,0,0,0,0
"POINT (11.117661867000038 49.437923983000076)",Unfall 36367 (2020) Kat:3, Licht: 0,36367,3,2,5,08,11,7,0,0,1,1,0,0,0,0
"POINT (11.102512186000070 49.471791021000058)",Unfall 36384 (2020) Kat:3, Licht: 0,36384,3,6,2,08,17,2,0,0,0,1,0,0,0,0
"POINT (11.124587253000072 49.434968968000078)",Unfall 36426 (2020) Kat:3, Licht: 0,36426,3,7,6,08,15,6,1,0,0,1,1,0,0,0
"POINT (11.062989526000024 49.440724299000067)",Unfall 36434 (2020) Kat:3, Licht: 0,36434,3,6,2,08,16,4,0,0,0,1,0,1,0,0
"POINT (11.065450869000074 49.427894909000031)",Unfall 36438 (2020) Kat:3, Licht: 2,36438,3,7,5,08,00,4,0,2,0,1,0,0,0,0
"POINT (11.038211376000049 49.423767407000071)",Unfall 36440 (2020) Kat:3, Licht: 0,36440,3,6,2,08,16,4,0,0,0,1,0,0,0,0
"POINT (11.010343562000060 49.424143511000068)",Unfall 36443 (2020) Kat:3, Licht: 0,36443,3,3,5,08,17,4,0,0,1,1,0,0,0,0
"POINT (11.103398951000031 49.431533169000033)",Unfall 36447 (2020) Kat:3, Licht: 2,36447,3,1,8,08,21,7,0,2,0,1,0,0,0,0
"POINT (11.131196065000040 49.459798865000039)",Unfall 36450 (2020) Kat:3, Licht: 0,36450,3,2,5,08,18,4,0,0,0,1,0,0,0,0
"POINT (11.057704580000063 49.350058162000039)",Unfall 36455 (2020) Kat:3, Licht: 0,36455,3,2,4,08,07,4,0,0,0,1,0,0,0,0
"POINT (11.111909385000047 49.415368019000027)",Unfall 36569 (2020) Kat:3, Licht: 0,36569,3,1,0,08,09,7,0,0,1,0,0,0,0,0
"POINT (11.103410185000030 49.472820292000051)",Unfall 36718 (2020) Kat:3, Licht: 0,36718,3,3,5,08,09,1,0,0,0,1,0,0,0,0
"POINT (11.035408970000049 49.402729298000054)",Unfall 36721 (2020) Kat:3, Licht: 0,36721,3,6,2,08,17,4,0,0,0,1,0,0,0,0
"POINT (11.157533248000050 49.389184860000057)",Unfall 36722 (2020) Kat:3, Licht: 0,36722,3,6,2,08,06,3,0,0,0,1,0,0,1,0
"POINT (11.055370625000023 49.521490369000048)",Unfall 36728 (2020) Kat:2, Licht: 0,36728,2,1,0,08,12,1,0,0,1,0,0,0,0,0
"POINT (11.118647410000051 49.455827222000039)",Unfall 36805 (2020) Kat:3, Licht: 0,36805,3,6,2,08,10,3,0,0,0,1,0,0,0,0
"POINT (11.074240532000033 49.469429547000061)",Unfall 36960 (2020) Kat:3, Licht: 0,36960,3,6,2,08,10,2,0,0,0,1,0,0,0,0
"POINT (11.055237881000039 49.444974992000027)",Unfall 37008 (2020) Kat:3, Licht: 0,37008,3,6,3,08,11,3,0,0,0,1,0,0,0,0
"POINT (11.073676497000065 49.385477235000053)",Unfall 37068 (2020) Kat:3, Licht: 0,37068,3,1,3,08,09,1,0,0,1,0,0,0,0,0
"POINT (11.121359290000044 49.485169144000054)",Unfall 37090 (2020) Kat:3, Licht: 0,37090,3,6,2,08,16,2,0,0,0,1,0,0,0,0
"POINT (11.076343553000072 49.430585442000051)",Unfall 37220 (2020) Kat:3, Licht: 2,37220,3,1,0,08,00,1,0,2,0,0,0,1,0,0
"POINT (11.042898662000027 49.427640963000044)",Unfall 37240 (2020) Kat:3, Licht: 0,37240,3,6,2,08,07,6,0,0,0,1,0,1,0,0
"POINT (11.069511423000051 49.419780744000036)",Unfall 37241 (2020) Kat:3, Licht: 1,37241,3,2,5,08,20,5,0,1,0,1,0,1,0,0
"POINT (11.002233996000029 49.438512056000036)",Unfall 37242 (2020) Kat:2, Licht: 0,37242,2,1,0,08,13,2,0,0,1,0,0,0,0,0
"POINT (11.038186388000042 49.434277798000039)",Unfall 37243 (2020) Kat:3, Licht: 0,37243,3,2,5,08,16,6,0,0,0,1,0,1,0,0
"POINT (11.103640727000027 49.474407962000043)",Unfall 37247 (2020) Kat:3, Licht: 2,37247,3,2,4,08,23,6,0,2,1,1,0,0,0,0
"POINT (11.043886833000045 49.428924234000078)",Unfall 37248 (2020) Kat:3, Licht: 1,37248,3,3,5,08,20,5,0,1,0,1,0,0,0,0
"POINT (10.991825986000038 49.436048381000035)",Unfall 37293 (2020) Kat:3, Licht: 0,37293,3,7,0,08,17,1,0,0,1,0,0,0,0,0
"POINT (11.188926251000055 49.407467054000051)",Unfall 37503 (2020) Kat:3, Licht: 2,37503,3,1,9,08,03,1,0,2,0,1,0,0,0,0
"POINT (11.014591275000043 49.441119345000061)",Unfall 37512 (2020) Kat:3, Licht: 0,37512,3,3,5,08,11,6,0,0,0,1,0,0,0,0
"POINT (11.083296570000073 49.410333094000066)",Unfall 37564 (2020) Kat:3, Licht: 0,37564,3,3,5,08,15,4,0,0,0,1,0,0,0,1
"POINT (11.088546308000048 49.470199831000059)",Unfall 37575 (2020) Kat:3, Licht: 0,37575,3,2,5,08,11,4,0,0,0,1,0,0,0,0
"POINT (11.115979835000076 49.481767792000028)",Unfall 37579 (2020) Kat:3, Licht: 0,37579,3,6,2,08,20,4,0,0,0,1,0,0,0,0
"POINT (11.037911315000031 49.396527063000065)",Unfall 37595 (2020) Kat:3, Licht: 0,37595,3,3,5,08,16,4,0,0,0,1,0,0,0,1
"POINT (11.080539976000068 49.395899464000081)",Unfall 37598 (2020) Kat:3, Licht: 0,37598,3,1,2,08,10,5,0,0,0,0,0,0,1,1
"POINT (11.103717584000037 49.428744899000037)",Unfall 37677 (2020) Kat:3, Licht: 0,37677,3,6,2,08,14,6,0,0,0,1,0,0,0,0
"POINT (11.034599847000038 49.409681166000041)",Unfall 37711 (2020) Kat:2, Licht: 0,37711,2,3,5,08,15,7,0,0,1,0,0,0,0,1
"POINT (11.089206136000030 49.394423151000069)",Unfall 37826 (2020) Kat:3, Licht: 0,37826,3,6,2,09,08,5,0,0,0,1,0,0,0,0
"POINT (11.175924337000026 49.399348666000037)",Unfall 37840 (2020) Kat:3, Licht: 0,37840,3,6,2,09,15,5,0,0,0,1,0,0,1,0
"POINT (11.044774947000064 49.458576732000040)",Unfall 37844 (2020) Kat:3, Licht: 0,37844,3,2,5,09,16,5,0,0,1,1,0,0,0,0
"POINT (11.035530545000029 49.407942295000055)",Unfall 37920 (2020) Kat:3, Licht: 2,37920,3,2,5,09,05,4,0,2,1,1,0,0,0,0
"POINT (11.188987194000049 49.407447699000045)",Unfall 37926 (2020) Kat:3, Licht: 0,37926,3,6,3,09,10,5,0,0,0,1,0,0,0,0
"POINT (11.086273605000031 49.429301811000073)",Unfall 37995 (2020) Kat:3, Licht: 0,37995,3,2,0,09,05,6,0,0,0,0,0,1,0,1
"POINT (10.997911192000061 49.434507000000053)",Unfall 38007 (2020) Kat:3, Licht: 0,38007,3,2,6,09,08,5,0,0,0,1,1,0,0,0
"POINT (11.066609868000057 49.355807843000036)",Unfall 38048 (2020) Kat:3, Licht: 0,38048,3,3,5,08,17,2,0,0,0,1,0,0,0,0
"POINT (11.056843096000023 49.429209892000074)",Unfall 38067 (2020) Kat:3, Licht: 0,38067,3,6,2,08,08,2,1,0,0,1,0,0,0,0
"POINT (11.104666434000023 49.425011772000062)",Unfall 38075 (2020) Kat:3, Licht: 0,38075,3,2,3,08,16,2,1,0,1,0,0,0,0,0
"POINT (11.036260841000058 49.420059294000055)",Unfall 38078 (2020) Kat:3, Licht: 0,38078,3,2,4,08,16,2,1,0,0,1,0,1,0,0
"POINT (11.012513616000035 49.465302491000045)",Unfall 38094 (2020) Kat:3, Licht: 2,38094,3,2,5,09,20,5,0,2,0,1,0,0,0,1
"POINT (11.116650977000063 49.463542939000035)",Unfall 38107 (2020) Kat:3, Licht: 0,38107,3,3,5,09,17,3,1,0,0,1,0,0,0,0
"POINT (11.130034911000052 49.432968403000075)",Unfall 38171 (2020) Kat:3, Licht: 0,38171,3,2,5,09,14,5,0,0,1,1,0,0,0,0
"POINT (11.073256004000029 49.403148771000076)",Unfall 38270 (2020) Kat:3, Licht: 0,38270,3,6,1,09,16,3,0,0,0,1,0,0,0,0
"POINT (11.025598073000026 49.376114434000044)",Unfall 38316 (2020) Kat:2, Licht: 0,38316,2,6,2,09,13,3,0,0,0,1,0,0,0,0
"POINT (11.036458599000071 49.448466818000043)",Unfall 38329 (2020) Kat:2, Licht: 0,38329,2,1,0,09,11,5,0,0,0,1,0,0,0,0
"POINT (11.124586039000064 49.397048763000043)",Unfall 38330 (2020) Kat:2, Licht: 0,38330,2,3,5,09,14,4,0,0,1,0,0,0,0,0
"POINT (11.045101091000049 49.369071818000066)",Unfall 38392 (2020) Kat:2, Licht: 0,38392,2,3,5,09,09,2,0,0,1,0,0,0,0,1
"POINT (11.034690297000054 49.409901523000030)",Unfall 38404 (2020) Kat:2, Licht: 0,38404,2,7,5,09,18,3,0,0,0,1,0,1,0,0
"POINT (11.028891006000038 49.455252927000060)",Unfall 38412 (2020) Kat:3, Licht: 0,38412,3,1,0,09,15,7,0,0,0,0,0,1,0,0
"POINT (11.037084063000066 49.456929157000047)",Unfall 38419 (2020) Kat:3, Licht: 0,38419,3,4,6,09,16,5,0,0,0,1,1,0,0,0
"POINT (11.100256587000047 49.469297638000057)",Unfall 38430 (2020) Kat:3, Licht: 0,38430,3,5,1,09,15,7,0,0,1,1,0,0,0,0
"POINT (11.071500182000023 49.429608329000075)",Unfall 38434 (2020) Kat:2, Licht: 0,38434,2,3,5,09,10,7,1,0,1,0,0,1,0,0
"POINT (11.123418738000055 49.397924189000037)",Unfall 38438 (2020) Kat:3, Licht: 0,38438,3,2,5,09,15,7,0,0,0,1,0,0,0,0
"POINT (11.061086001000035 49.428552642000056)",Unfall 38449 (2020) Kat:3, Licht: 2,38449,3,6,2,09,20,7,0,2,0,1,0,1,0,0
"POINT (11.060731514000054 49.480110799000045)",Unfall 38474 (2020) Kat:3, Licht: 0,38474,3,1,0,09,12,1,0,0,1,0,0,0,0,0
"POINT (11.048993136000036 49.364752601000077)",Unfall 38476 (2020) Kat:3, Licht: 0,38476,3,2,4,09,11,3,0,0,1,1,0,0,0,0
"POINT (11.103409174000035 49.472816084000044)",Unfall 38520 (2020) Kat:3, Licht: 0,38520,3,2,5,09,13,5,0,0,1,1,0,0,0,0
"POINT (11.134441220000042 49.471631426000044)",Unfall 38557 (2020) Kat:3, Licht: 0,38557,3,3,5,09,09,2,0,0,0,1,0,0,0,0
"POINT (11.060507255000061 49.441974817000073)",Unfall 38598 (2020) Kat:3, Licht: 0,38598,3,6,3,09,13,3,0,0,0,1,0,0,1,0
"POINT (11.036484016000031 49.449191886000051)",Unfall 38611 (2020) Kat:3, Licht: 0,38611,3,6,3,09,08,5,0,0,1,1,0,0,0,0
"POINT (11.107502338000074 49.459638643000062)",Unfall 38711 (2020) Kat:3, Licht: 0,38711,3,1,0,09,11,1,0,0,0,0,0,1,0,0
"POINT (11.097818969000059 49.467009463000068)",Unfall 38775 (2020) Kat:3, Licht: 0,38775,3,6,1,09,15,7,0,0,0,1,0,0,0,0
"POINT (11.103969690000042 49.475520244000052)",Unfall 38780 (2020) Kat:3, Licht: 0,38780,3,1,0,09,14,7,0,0,1,0,0,0,0,0
"POINT (11.033913840000025 49.513751968000065)",Unfall 38786 (2020) Kat:3, Licht: 0,38786,3,6,2,09,14,7,0,0,0,1,0,0,0,0
"POINT (11.033916752000039 49.513746449000053)",Unfall 38788 (2020) Kat:3, Licht: 0,38788,3,6,2,09,14,7,0,0,0,1,0,1,0,0
"POINT (11.052760778000049 49.492780651000032)",Unfall 38789 (2020) Kat:3, Licht: 2,38789,3,6,2,09,05,7,0,2,0,1,0,0,0,0
"POINT (11.044913169000040 49.429953892000071)",Unfall 38814 (2020) Kat:3, Licht: 0,38814,3,6,2,09,16,3,0,0,0,1,0,0,0,0
"POINT (11.147251231000041 49.464051585000050)",Unfall 38922 (2020) Kat:3, Licht: 0,38922,3,6,2,09,18,3,0,0,0,1,0,0,0,0
"POINT (11.137048836000076 49.461834931000055)",Unfall 38979 (2020) Kat:3, Licht: 0,38979,3,3,0,09,14,2,0,0,1,1,0,0,0,0
"POINT (11.114431272000047 49.459441562000052)",Unfall 39149 (2020) Kat:3, Licht: 0,39149,3,6,2,09,09,3,0,0,0,1,0,1,0,0
"POINT (11.144056311000043 49.427527629000053)",Unfall 39158 (2020) Kat:3, Licht: 0,39158,3,7,5,09,16,6,0,0,0,1,0,0,0,0
"POINT (11.035848807000036 49.440850747000070)",Unfall 39163 (2020) Kat:3, Licht: 2,39163,3,2,0,09,21,6,0,2,0,0,0,1,0,1
"POINT (11.127918449000049 49.458583865000037)",Unfall 39200 (2020) Kat:3, Licht: 0,39200,3,7,5,09,16,2,0,0,0,1,0,0,0,0
"POINT (11.023274258000072 49.461590086000058)",Unfall 39271 (2020) Kat:3, Licht: 1,39271,3,6,2,09,18,2,0,1,0,1,0,0,0,0
"POINT (11.111605996000037 49.394136310000079)",Unfall 39292 (2020) Kat:1, Licht: 0,39292,1,3,3,09,13,6,0,0,0,1,0,1,1,0
"POINT (11.035569521000070 49.421164949000058)",Unfall 39340 (2020) Kat:3, Licht: 0,39340,3,1,0,09,09,6,0,0,0,0,0,1,0,0
"POINT (11.037810474000025 49.396952331000080)",Unfall 39349 (2020) Kat:1, Licht: 0,39349,1,2,4,09,15,6,0,0,0,1,0,1,0,0
"POINT (11.103838088000032 49.474408961000051)",Unfall 39363 (2020) Kat:3, Licht: 0,39363,3,6,2,09,18,6,0,0,0,1,0,1,0,0
"POINT (11.096228954000026 49.431239649000076)",Unfall 39373 (2020) Kat:3, Licht: 0,39373,3,2,5,09,10,6,0,0,0,1,0,0,0,0
"POINT (11.128795082000067 49.433400040000038)",Unfall 39377 (2020) Kat:3, Licht: 0,39377,3,3,5,09,10,6,0,0,1,1,0,0,0,0
"POINT (10.994315707000055 49.437254039000038)",Unfall 39383 (2020) Kat:3, Licht: 0,39383,3,6,2,09,06,6,0,0,0,1,0,0,0,0
"POINT (11.114145844000063 49.459557728000050)",Unfall 39440 (2020) Kat:3, Licht: 0,39440,3,6,2,09,13,7,0,0,0,1,0,1,0,0
"POINT (11.103675984000063 49.474537533000046)",Unfall 39470 (2020) Kat:2, Licht: 0,39470,2,1,0,09,18,1,0,0,0,0,0,1,0,0
"POINT (11.052465468000037 49.493002427000079)",Unfall 39492 (2020) Kat:3, Licht: 0,39492,3,6,1,09,11,5,0,0,0,1,0,0,0,0
"POINT (11.035911403000057 49.445445752000069)",Unfall 39495 (2020) Kat:3, Licht: 0,39495,3,1,0,09,17,2,0,0,1,0,0,0,0,0
"POINT (11.032501454000055 49.523329113000045)",Unfall 39496 (2020) Kat:3, Licht: 0,39496,3,7,2,09,16,5,0,0,0,1,0,0,0,0
"POINT (11.111477818000026 49.394037090000040)",Unfall 39562 (2020) Kat:3, Licht: 0,39562,3,7,0,09,13,1,0,0,0,1,0,0,0,0
"POINT (11.114558350000038 49.393152125000029)",Unfall 39749 (2020) Kat:3, Licht: 1,39749,3,3,5,09,20,4,0,1,0,1,0,0,0,0
"POINT (11.096249352000029 49.468377830000065)",Unfall 39775 (2020) Kat:3, Licht: 0,39775,3,6,2,09,15,4,0,0,0,1,0,0,1,0
"POINT (11.116446902000064 49.435833068000079)",Unfall 39776 (2020) Kat:3, Licht: 0,39776,3,2,0,09,12,7,0,0,1,1,0,0,0,0
"POINT (11.068216849000066 49.469470311000066)",Unfall 39778 (2020) Kat:3, Licht: 0,39778,3,6,2,09,12,4,0,0,0,1,0,0,0,0
"POINT (11.040937278000058 49.430150097000080)",Unfall 39886 (2020) Kat:3, Licht: 2,39886,3,1,0,09,23,5,1,2,0,0,0,0,0,1