WKT,Name,OBJECTID,UKATEGORIE,UTYP1,UART,UMONAT,USTUNDE,UWOCHENTAG,STRZUSTAND,ULICHTVERH,ISTRAD,ISTPKW,ISTFUSS,ISTKRAD,ISTGKFZ,ISTSONSTIG
"POINT (11.043061808000061 49.427859631000047)",Unfall 39907 (2020) Kat:3, Licht: 0,39907,3,6,4,09,15,4,0,0,1,0,0,0,0,0
"POINT (11.037700900000061 49.422970981000049)",Unfall 39909 (2020) Kat:3, Licht: 0,39909,3,1,0,09,16,4,0,0,1,0,0,0,0,0
"POINT (11.074693812000021 49.469428070000049)",Unfall 39910 (2020) Kat:3, Licht: 0,39910,3,1,0,09,13,4,1,0,1,0,0,0,0,0
"POINT (11.064377792000073 49.473632405000046)",Unfall 39912 (2020) Kat:3, Licht: 2,39912,3,1,0,09,20,4,0,2,0,0,0,1,0,0
"POINT (11.107417247000058 49.477821650000067)",Unfall 40054 (2020) Kat:3, Licht: 0,40054,3,2,5,09,13,3,0,0,1,1,0,0,0,0
"POINT (11.114866591000066 49.403412021000065)",Unfall 40100 (2020) Kat:2, Licht: 0,40100,2,2,5,09,16,1,0,0,1,1,0,0,0,0
"POINT (11.022581871000057 49.418531959000063)",Unfall 40129 (2020) Kat:3, Licht: 0,40129,3,6,1,09,09,7,0,0,0,1,0,0,0,1
"POINT (11.104194078000035 49.462548025000046)",Unfall 40177 (2020) Kat:3, Licht: 0,40177,3,1,0,09,16,3,0,0,0,0,0,1,0,0
"POINT (11.088760695000076 49.470217139000056)",Unfall 40186 (2020) Kat:3, Licht: 2,40186,3,1,9,09,23,7,1,2,0,1,0,0,0,0
"POINT (11.179982367000036 49.469298123000044)",Unfall 40206 (2020) Kat:3, Licht: 0,40206,3,1,4,09,14,1,0,0,0,1,0,0,0,0
"POINT (11.043344932000025 49.428232342000058)",Unfall 40316 (2020) Kat:3, Licht: 2,40316,3,4,6,09,22,7,1,2,0,1,1,0,0,0
"POINT (11.058962375000021 49.428891931000067)",Unfall 40330 (2020) Kat:3, Licht: 0,40330,3,3,5,09,17,6,1,0,1,1,0,0,0,0
"POINT (11.110531323000032 49.433944760000031)",Unfall 40338 (2020) Kat:3, Licht: 0,40338,3,6,2,09,13,2,0,0,0,1,0,0,0,0
"POINT (11.022986337000077 49.457598434000033)",Unfall 40344 (2020) Kat:3, Licht: 0,40344,3,5,1,09,16,2,0,0,0,1,0,0,0,0
"POINT (11.025915231000056 49.456429527000068)",Unfall 40365 (2020) Kat:3, Licht: 0,40365,3,6,2,09,09,3,0,0,0,1,0,0,1,1
"POINT (11.036011951000035 49.440318432000026)",Unfall 40398 (2020) Kat:3, Licht: 0,40398,3,1,0,10,12,7,0,0,1,0,0,0,0,0
"POINT (11.107576990000041 49.394849112000031)",Unfall 40411 (2020) Kat:3, Licht: 0,40411,3,6,2,10,17,6,0,0,0,1,0,0,0,0
"POINT (11.036302232000025 49.419789594000065)",Unfall 40415 (2020) Kat:2, Licht: 0,40415,2,7,0,10,09,6,0,0,0,0,1,0,0,1
"POINT (11.048831045000043 49.365115723000031)",Unfall 40416 (2020) Kat:3, Licht: 0,40416,3,6,2,10,17,6,0,0,0,1,0,0,0,0
"POINT (11.037591887000076 49.451470686000050)",Unfall 40418 (2020) Kat:3, Licht: 0,40418,3,6,2,10,15,6,0,0,0,1,0,0,0,0
"POINT (11.067819146000033 49.469287370000075)",Unfall 40422 (2020) Kat:3, Licht: 0,40422,3,6,2,10,10,6,0,0,0,1,0,0,0,0
"POINT (11.057462274000045 49.486352910000051)",Unfall 40424 (2020) Kat:3, Licht: 0,40424,3,6,1,10,07,6,0,0,0,1,0,0,0,0
"POINT (11.112767896000037 49.434645688000046)",Unfall 40512 (2020) Kat:3, Licht: 0,40512,3,2,5,09,14,4,0,0,1,0,0,0,0,1
"POINT (11.097973094000054 49.394905030000075)",Unfall 40592 (2020) Kat:3, Licht: 0,40592,3,6,2,10,07,5,0,0,0,1,0,1,0,0
"POINT (11.036791042000061 49.449433131000035)",Unfall 40603 (2020) Kat:3, Licht: 2,40603,3,3,5,10,05,5,0,2,1,1,0,0,0,0
"POINT (11.125213416000065 49.434707713000080)",Unfall 40605 (2020) Kat:3, Licht: 0,40605,3,3,5,10,13,5,0,0,1,1,0,0,0,0
"POINT (11.103953758000046 49.431533027000057)",Unfall 40609 (2020) Kat:3, Licht: 0,40609,3,2,6,10,09,5,0,0,0,1,1,0,0,0
"POINT (11.126374536000071 49.434253339000065)",Unfall 40784 (2020) Kat:3, Licht: 0,40784,3,6,2,10,09,3,0,0,0,1,0,0,0,1
"POINT (11.035186205000059 49.406766419000064)",Unfall 40890 (2020) Kat:3, Licht: 0,40890,3,4,6,10,13,2,0,0,0,1,1,0,0,0
"POINT (11.076908259000049 49.371044497000071)",Unfall 40999 (2020) Kat:3, Licht: 0,40999,3,7,0,10,09,5,0,0,0,0,0,0,0,1
"POINT (11.100025070000072 49.465820925000060)",Unfall 41005 (2020) Kat:3, Licht: 0,41005,3,1,9,10,14,3,1,0,0,1,0,0,0,0
"POINT (11.122252963000051 49.447725972000057)",Unfall 41018 (2020) Kat:3, Licht: 0,41018,3,3,5,10,09,6,0,0,1,1,0,0,0,0
"POINT (11.110886276000031 49.479235030000041)",Unfall 41195 (2020) Kat:3, Licht: 0,41195,3,6,3,10,16,4,0,0,1,1,0,0,0,0
"POINT (11.132662426000024 49.460660232000066)",Unfall 41223 (2020) Kat:2, Licht: 1,41223,2,3,5,10,17,2,0,1,1,1,0,0,0,0
"POINT (11.071253003000038 49.469609252000055)",Unfall 41226 (2020) Kat:3, Licht: 0,41226,3,1,0,10,16,2,0,0,0,0,0,1,0,0
"POINT (11.186117281000065 49.391750068000078)",Unfall 41259 (2020) Kat:3, Licht: 0,41259,3,3,5,10,14,3,0,0,0,1,0,0,0,0
"POINT (11.120777831000055 49.456545930000061)",Unfall 41272 (2020) Kat:3, Licht: 0,41272,3,6,2,10,09,4,1,0,0,1,1,0,1,0
"POINT (11.110727709000059 49.459722055000043)",Unfall 41274 (2020) Kat:3, Licht: 0,41274,3,1,0,10,16,3,0,0,1,0,0,0,0,0
"POINT (11.023220912000056 49.461466696000059)",Unfall 41357 (2020) Kat:2, Licht: 0,41357,2,2,4,10,08,4,1,0,1,1,0,0,0,0
"POINT (11.036344724000060 49.400966651000033)",Unfall 41434 (2020) Kat:3, Licht: 0,41434,3,3,5,10,16,4,1,0,1,1,0,0,0,0
"POINT (11.099336034000032 49.394981250000058)",Unfall 41465 (2020) Kat:3, Licht: 0,41465,3,6,2,10,11,7,1,0,0,1,0,0,0,0
"POINT (11.188959495000063 49.407456495000076)",Unfall 41490 (2020) Kat:3, Licht: 2,41490,3,6,3,10,20,4,1,2,0,1,0,0,0,0
"POINT (11.114308598000036 49.393230637000045)",Unfall 41491 (2020) Kat:3, Licht: 0,41491,3,3,5,10,09,3,0,0,0,1,0,0,0,1
"POINT (11.113420763000022 49.393509734000077)",Unfall 41499 (2020) Kat:3, Licht: 0,41499,3,3,9,10,11,5,0,0,0,1,0,0,0,1
"POINT (11.065676648000021 49.427888172000053)",Unfall 41561 (2020) Kat:3, Licht: 0,41561,3,3,5,10,08,6,1,0,0,1,0,0,0,0
"POINT (11.115870058000041 49.399780840000062)",Unfall 41676 (2020) Kat:2, Licht: 0,41676,2,6,2,10,12,5,0,0,0,1,0,0,1,0
"POINT (11.091524773000060 49.430116265000038)",Unfall 41763 (2020) Kat:3, Licht: 0,41763,3,6,2,10,16,3,0,0,0,1,0,0,0,0
"POINT (11.036502067000072 49.416656683000042)",Unfall 41834 (2020) Kat:3, Licht: 0,41834,3,2,5,10,14,7,1,0,0,1,0,0,0,0
"POINT (11.054699514000049 49.444615263000060)",Unfall 41990 (2020) Kat:3, Licht: 0,41990,3,1,0,10,14,4,0,0,1,0,0,0,0,0
"POINT (11.051181002000021 49.463060785000039)",Unfall 42020 (2020) Kat:3, Licht: 0,42020,3,6,2,10,08,5,1,0,0,1,0,0,1,0
"POINT (11.004456166000068 49.438762598000039)",Unfall 42080 (2020) Kat:3, Licht: 2,42080,3,7,0,10,19,4,0,2,0,1,0,0,0,1
"POINT (11.110497258000066 49.433933863000050)",Unfall 42115 (2020) Kat:2, Licht: 0,42115,2,4,6,10,10,1,0,0,0,0,1,0,0,1
"POINT (11.001417182000068 49.438429895000070)",Unfall 42130 (2020) Kat:3, Licht: 2,42130,3,6,2,10,17,2,1,2,0,1,0,0,0,0
"POINT (11.104908389000059 49.424138786000071)",Unfall 42135 (2020) Kat:3, Licht: 2,42135,3,6,2,10,20,2,1,2,0,1,0,0,0,0
"POINT (11.104851189000044 49.395154318000039)",Unfall 42203 (2020) Kat:3, Licht: 2,42203,3,6,2,10,20,6,1,2,0,1,0,0,0,0
"POINT (11.110935722000022 49.357879140000080)",Unfall 42225 (2020) Kat:3, Licht: 1,42225,3,7,9,10,07,6,1,1,0,1,0,0,0,0
"POINT (11.038037306000035 49.451761582000074)",Unfall 42249 (2020) Kat:3, Licht: 0,42249,3,6,2,10,16,6,1,0,0,1,0,0,0,0
"POINT (11.012568306000048 49.465426619000027)",Unfall 42251 (2020) Kat:3, Licht: 2,42251,3,2,4,10,18,3,0,2,0,1,0,0,0,0
"POINT (11.020946109000022 49.418073282000080)",Unfall 42259 (2020) Kat:3, Licht: 0,42259,3,6,1,10,15,6,0,0,0,1,0,0,0,0
"POINT (11.056374188000063 49.351460936000080)",Unfall 42264 (2020) Kat:3, Licht: 2,42264,3,2,6,10,06,6,1,2,0,1,1,0,0,0
"POINT (11.044661894000058 49.429870730000061)",Unfall 42270 (2020) Kat:3, Licht: 0,42270,3,2,5,10,08,4,1,0,1,1,0,0,0,0
"POINT (11.067829656000072 49.469288858000027)",Unfall 42274 (2020) Kat:3, Licht: 2,42274,3,6,2,10,06,6,1,2,0,1,0,1,0,0
"POINT (11.032830181000065 49.420687074000057)",Unfall 42406 (2020) Kat:3, Licht: 0,42406,3,6,2,10,06,3,0,0,0,1,0,0,0,1
"POINT (11.062894523000068 49.439431602000070)",Unfall 42417 (2020) Kat:3, Licht: 0,42417,3,6,2,11,12,1,1,0,0,1,0,0,0,0
"POINT (11.039968777000070 49.454238772000053)",Unfall 42468 (2020) Kat:3, Licht: 1,42468,3,2,4,11,16,2,0,1,1,0,0,0,0,1
"POINT (11.081397315000061 49.469558443000039)",Unfall 42512 (2020) Kat:3, Licht: 0,42512,3,3,5,11,14,2,0,0,0,1,0,0,0,0
"POINT (11.022782872000050 49.441293558000041)",Unfall 42523 (2020) Kat:3, Licht: 0,42523,3,6,2,10,12,6,1,0,0,1,0,0,0,0
"POINT (11.115544629000055 49.391200845000071)",Unfall 42526 (2020) Kat:3, Licht: 0,42526,3,6,2,10,14,6,1,0,0,1,0,0,0,0
"POINT (11.121391738000057 49.442561254000054)",Unfall 42532 (2020) Kat:3, Licht: 0,42532,3,6,2,10,09,6,1,0,0,1,0,0,1,0
"POINT (11.103432600000076 49.429446895000069)",Unfall 42536 (2020) Kat:3, Licht: 1,42536,3,1,0,10,05,6,1,1,1,0,0,0,0,0
"POINT (11.034773473000030 49.457814852000070)",Unfall 42542 (2020) Kat:3, Licht: 0,42542,3,3,5,10,13,6,0,0,0,1,0,0,0,0
"POINT (11.040102155000056 49.381146595000075)",Unfall 42635 (2020) Kat:3, Licht: 2,42635,3,1,0,11,06,6,1,2,0,0,0,1,0,0
"POINT (11.002708818000031 49.438560641000038)",Unfall 42657 (2020) Kat:3, Licht: 2,42657,3,3,5,10,17,7,1,2,1,1,0,0,0,0
"POINT (11.049610426000072 49.430112351000048)",Unfall 42689 (2020) Kat:3, Licht: 1,42689,3,2,5,11,17,2,1,1,0,1,0,1,0,0
"POINT (11.037169783000024 49.422402195000075)",Unfall 42825 (2020) Kat:3, Licht: 0,42825,3,6,2,11,13,2,0,0,0,1,0,0,0,0
"POINT (11.103619983000044 49.429110469000079)",Unfall 42854 (2020) Kat:3, Licht: 0,42854,3,6,2,11,13,6,0,0,0,1,0,0,0,0
"POINT (11.125509275000070 49.457904056000075)",Unfall 42874 (2020) Kat:3, Licht: 0,42874,3,6,2,11,11,3,0,0,0,1,0,0,0,0
"POINT (11.062748735000071 49.476875693000068)",Unfall 42903 (2020) Kat:2, Licht: 0,42903,2,4,6,11,09,2,1,0,0,0,1,0,0,1
"POINT (11.024281647000066 49.461114509000026)",Unfall 43043 (2020) Kat:3, Licht: 2,43043,3,6,4,11,18,3,0,2,1,0,0,0,0,0
"POINT (11.125213416000065 49.434707713000080)",Unfall 43052 (2020) Kat:3, Licht: 2,43052,3,3,5,11,17,5,1,2,1,0,0,0,0,1
"POINT (11.040127729000062 49.381183121000049)",Unfall 43060 (2020) Kat:3, Licht: 2,43060,3,2,5,11,18,6,0,2,0,1,0,0,0,0
"POINT (11.138328291000050 49.472514391000061)",Unfall 43100 (2020) Kat:3, Licht: 0,43100,3,7,6,11,14,1,1,0,1,0,1,0,0,0
"POINT (11.037921489000041 49.396487283000056)",Unfall 43128 (2020) Kat:3, Licht: 0,43128,3,3,5,11,10,4,0,0,1,1,0,0,0,0
"POINT (11.114068399000075 49.393062354000051)",Unfall 43215 (2020) Kat:3, Licht: 0,43215,3,6,0,11,13,2,0,0,0,1,0,0,0,1
"POINT (11.119922704000032 49.465034985000045)",Unfall 43229 (2020) Kat:3, Licht: 0,43229,3,6,2,11,07,4,1,0,0,1,0,0,0,0
"POINT (11.054863883000053 49.444534464000071)",Unfall 43232 (2020) Kat:3, Licht: 2,43232,3,6,2,11,21,4,0,2,0,1,0,0,0,0
"POINT (11.080766227000026 49.413016345000074)",Unfall 43238 (2020) Kat:3, Licht: 0,43238,3,7,1,11,11,4,0,0,1,1,0,0,0,0
"POINT (11.077812878000032 49.370964462000074)",Unfall 43253 (2020) Kat:3, Licht: 0,43253,3,6,2,11,13,5,1,0,0,1,0,0,0,0
"POINT (11.025042392000046 49.460861913000031)",Unfall 43330 (2020) Kat:3, Licht: 0,43330,3,3,5,11,14,6,1,0,1,1,0,0,0,0
"POINT (11.123415429000033 49.487298911000039)",Unfall 43397 (2020) Kat:3, Licht: 0,43397,3,2,5,11,07,5,0,0,0,1,0,0,0,0
"POINT (11.055216194000025 49.444983793000063)",Unfall 43406 (2020) Kat:2, Licht: 2,43406,2,4,6,11,17,3,0,2,0,1,1,0,0,0
"POINT (11.058981491000054 49.484116388000075)",Unfall 43421 (2020) Kat:3, Licht: 2,43421,3,4,0,11,17,3,0,2,0,1,1,0,0,0
"POINT (11.035827533000031 49.440224529000034)",Unfall 43482 (2020) Kat:3, Licht: 0,43482,3,6,3,11,11,5,0,0,0,1,0,0,1,0
"POINT (11.096428554000056 49.431245543000045)",Unfall 43564 (2020) Kat:2, Licht: 2,43564,2,2,5,11,06,3,1,2,1,1,0,0,0,0
"POINT (11.040251469000054 49.454319308000038)",Unfall 43602 (2020) Kat:3, Licht: 2,43602,3,2,4,11,18,2,0,2,0,1,0,1,0,0
"POINT (11.099062079000021 49.466480337000064)",Unfall 43603 (2020) Kat:1, Licht: 0,43603,1,4,6,11,15,2,0,0,0,0,1,0,1,0
"POINT (11.038254135000045 49.451768243000060)",Unfall 43605 (2020) Kat:3, Licht: 2,43605,3,6,2,11,06,2,1,2,0,1,0,0,0,0
"POINT (11.116647292000039 49.392604417000030)",Unfall 43734 (2020) Kat:3, Licht: 0,43734,3,1,8,11,10,7,0,0,0,1,0,0,0,0
"POINT (11.070129468000061 49.429461935000063)",Unfall 43740 (2020) Kat:3, Licht: 0,43740,3,6,2,11,13,4,0,0,0,1,0,0,0,0
"POINT (11.175139183000056 49.391702139000074)",Unfall 43827 (2020) Kat:3, Licht: 2,43827,3,1,2,11,20,2,0,2,0,1,0,0,0,0
"POINT (11.033889877000036 49.518976443000042)",Unfall 43872 (2020) Kat:2, Licht: 0,43872,2,3,5,11,14,6,0,0,0,1,0,0,0,0
"POINT (11.036313193000069 49.448665724000080)",Unfall 43888 (2020) Kat:3, Licht: 0,43888,3,3,5,11,15,7,0,0,0,1,0,0,0,0
"POINT (11.125354176000030 49.489138860000025)",Unfall 43890 (2020) Kat:3, Licht: 2,43890,3,6,2,11,18,5,0,2,0,1,0,0,0,0
"POINT (11.063141989000030 49.430863559000045)",Unfall 43895 (2020) Kat:3, Licht: 2,43895,3,6,2,11,17,5,0,2,0,1,0,0,0,1
"POINT (11.014393636000023 49.441087199000037)",Unfall 44015 (2020) Kat:3, Licht: 0,44015,3,6,2,11,13,7,0,0,0,1,0,0,0,0
"POINT (11.058971756000062 49.484132562000070)",Unfall 44067 (2020) Kat:3, Licht: 0,44067,3,2,5,11,15,2,0,0,1,1,0,0,0,0
"POINT (11.058430999000052 49.428972205000036)",Unfall 44071 (2020) Kat:3, Licht: 0,44071,3,6,2,11,14,7,0,0,0,1,0,0,0,0
"POINT (11.040863095000077 49.374938383000028)",Unfall 44103 (2020) Kat:3, Licht: 2,44103,3,3,5,12,17,6,0,2,0,1,0,0,0,0
"POINT (11.130214535000050 49.432905975000040)",Unfall 44264 (2020) Kat:2, Licht: 2,44264,2,3,5,12,20,1,1,2,1,1,0,0,0,0
"POINT (11.181966172000045 49.396183681000082)",Unfall 44384 (2020) Kat:3, Licht: 2,44384,3,1,8,12,03,3,2,2,0,1,0,0,0,0
"POINT (11.099701483000047 49.371477671000036)",Unfall 44392 (2020) Kat:3, Licht: 2,44392,3,6,4,12,07,3,2,2,0,1,0,0,0,0
"POINT (11.035523270000056 49.407931393000069)",Unfall 44401 (2020) Kat:3, Licht: 0,44401,3,2,5,12,08,4,1,0,0,1,0,0,0,1
"POINT (11.088155535000055 49.470155900000066)",Unfall 44445 (2020) Kat:2, Licht: 0,44445,2,1,0,12,11,5,1,0,1,0,0,0,0,0
"POINT (11.023501856000053 49.441375805000064)",Unfall 44458 (2020) Kat:3, Licht: 2,44458,3,2,5,12,17,7,1,2,0,1,0,0,0,0
"POINT (11.125164499000050 49.434727678000058)",Unfall 44463 (2020) Kat:3, Licht: 0,44463,3,3,5,12,14,3,0,0,0,1,0,0,0,0
"POINT (11.021379419000027 49.462093187000050)",Unfall 44465 (2020) Kat:3, Licht: 0,44465,3,6,2,12,14,3,0,0,0,1,0,0,0,0
"POINT (11.064351367000029 49.474239060000059)",Unfall 44498 (2020) Kat:3, Licht: 0,44498,3,3,5,12,15,4,1,0,1,1,0,0,0,0
"POINT (11.104888244000051 49.424667869000075)",Unfall 44616 (2020) Kat:3, Licht: 2,44616,3,6,2,12,18,7,1,2,0,1,0,0,0,0
"POINT (11.041631221000046 49.426623176000078)",Unfall 44627 (2020) Kat:3, Licht: 0,44627,3,6,2,12,12,6,0,0,0,1,0,0,0,0
"POINT (11.035800875000064 49.440818390000061)",Unfall 44656 (2020) Kat:3, Licht: 1,44656,3,2,4,12,16,4,1,1,0,1,0,0,0,0
"POINT (11.099997007000070 49.469041254000047)",Unfall 44693 (2020) Kat:3, Licht: 0,44693,3,6,2,12,15,7,0,0,0,1,0,0,0,0
"POINT (11.117741435000028 49.438067037000053)",Unfall 44829 (2020) Kat:3, Licht: 1,44829,3,3,5,12,16,3,1,1,0,1,0,0,0,0
"POINT (11.098653680000041 49.467887823000069)",Unfall 44865 (2020) Kat:3, Licht: 0,44865,3,7,6,12,11,5,1,0,1,0,1,0,0,0
"POINT (11.054550838000068 49.465719224000054)",Unfall 45008 (2020) Kat:3, Licht: 2,45008,3,1,9,12,02,1,0,2,0,1,0,0,0,0
"POINT (11.114312193000046 49.392508387000078)",Unfall 45039 (2020) Kat:3, Licht: 0,45039,3,7,8,12,07,5,0,0,0,1,0,0,0,1
"POINT (11.040135609000060 49.454449174000047)",Unfall 45049 (2020) Kat:3, Licht: 2,45049,3,6,2,12,17,5,0,2,0,1,0,0,0,0
"POINT (11.094822757000031 49.430933932000073)",Unfall 45108 (2020) Kat:2, Licht: 2,45108,2,5,1,12,23,2,1,2,0,1,0,0,1,1
"POINT (11.012366502000077 49.465356546000066)",Unfall 45528 (2020) Kat:3, Licht: 2,45528,3,3,5,12,16,4,1,2,0,1,0,0,0,0
"POINT (11.062787618000073 49.468400530000054)",Unfall 158037 (2020) Kat:3, Licht: 0,158037,3,7,6,01,16,2,0,0,0,1,1,0,0,0
"POINT (11.071807005000039 49.447424013000045)",Unfall 158045 (2020) Kat:2, Licht: 2,158045,2,4,6,01,00,4,1,2,0,1,1,0,0,0
"POINT (11.069544410000049 49.450985996000043)",Unfall 158058 (2020) Kat:3, Licht: 0,158058,3,3,5,01,15,3,1,0,0,1,0,0,0,0
"POINT (11.081311876000029 49.442223217000048)",Unfall 158069 (2020) Kat:3, Licht: 0,158069,3,7,1,01,13,6,0,0,1,1,0,0,0,0
"POINT (11.081849618000035 49.446876799000052)",Unfall 158074 (2020) Kat:3, Licht: 2,158074,3,6,2,01,22,6,1,2,0,1,0,0,0,0
"POINT (11.127963038000075 49.402464615000042)",Unfall 158096 (2020) Kat:3, Licht: 2,158096,3,6,3,01,19,4,1,2,0,1,0,0,0,0
"POINT (11.091296300000067 49.404283784000029)",Unfall 158108 (2020) Kat:2, Licht: 0,158108,2,1,0,01,09,3,2,0,1,0,0,0,0,0
"POINT (11.066381146000026 49.451379079000048)",Unfall 158111 (2020) Kat:2, Licht: 0,158111,2,7,0,01,11,3,1,0,0,0,0,0,0,1
"POINT (11.091747800000064 49.404743977000066)",Unfall 158120 (2020) Kat:2, Licht: 0,158120,2,1,0,01,13,2,2,0,1,0,0,0,0,0
"POINT (11.009372037000048 49.446590632000039)",Unfall 158145 (2020) Kat:3, Licht: 0,158145,3,1,9,01,11,4,0,0,0,1,0,0,0,0
"POINT (11.123550372000068 49.417210064000074)",Unfall 158162 (2020) Kat:2, Licht: 0,158162,2,1,0,01,10,3,1,0,1,0,0,0,0,0
"POINT (11.059129814000073 49.444706813000039)",Unfall 158184 (2020) Kat:3, Licht: 2,158184,3,7,2,01,19,4,1,2,0,1,0,1,0,0
"POINT (11.027516554000044 49.475406750000047)",Unfall 158206 (2020) Kat:3, Licht: 0,158206,3,3,5,01,13,5,0,0,1,1,0,0,0,0
"POINT (11.094648396000025 49.445968463000042)",Unfall 158209 (2020) Kat:3, Licht: 2,158209,3,3,5,01,22,5,1,2,0,1,0,0,0,0
"POINT (11.071590473000072 49.473725080000065)",Unfall 158212 (2020) Kat:3, Licht: 0,158212,3,2,6,01,10,3,1,0,0,0,1,0,1,0
"POINT (11.077534763000074 49.439793021000071)",Unfall 158225 (2020) Kat:3, Licht: 2,158225,3,2,5,01,22,2,0,2,0,1,0,1,0,0
"POINT (11.133291665000058 49.434901699000079)",Unfall 158247 (2020) Kat:3, Licht: 0,158247,3,5,1,01,12,4,1,0,0,1,0,1,0,0
"POINT (11.074434592000046 49.460899738000080)",Unfall 158263 (2020) Kat:2, Licht: 2,158263,2,7,0,01,20,3,1,2,1,0,0,0,0,0
"POINT (11.092204429000049 49.442231108000044)",Unfall 158273 (2020) Kat:3, Licht: 0,158273,3,1,0,01,17,3,0,0,1,0,0,0,0,0
"POINT (11.080030773000033 49.477889132000030)",Unfall 158283 (2020) Kat:3, Licht: 0,158283,3,7,0,01,12,4,1,0,1,0,0,0,0,1
"POINT (11.083075193000070 49.449837799000079)",Unfall 158312 (2020) Kat:2, Licht: 0,158312,2,2,5,01,08,3,0,0,0,1,0,0,0,0
"POINT (11.010323133000043 49.457871615000045)",Unfall 158315 (2020) Kat:3, Licht: 0,158315,3,6,6,01,16,3,1,0,0,1,1,0,1,0
"POINT (11.068425886000057 49.443397720000064)",Unfall 158316 (2020) Kat:2, Licht: 0,158316,2,1,0,01,09,3,0,0,0,0,0,1,0,0
"POINT (11.067149092000022 49.439488517000029)",Unfall 158318 (2020) Kat:3, Licht: 2,158318,3,2,0,01,00,3,1,2,0,1,0,0,0,0
"POINT (11.068151038000053 49.441713496000034)",Unfall 158325 (2020) Kat:3, Licht: 0,158325,3,2,5,01,09,4,1,0,1,1,0,0,0,0
"POINT (11.123345867000069 49.441919624000036)",Unfall 158372 (2020) Kat:2, Licht: 0,158372,2,2,6,01,11,4,0,0,0,1,1,0,0,0
"POINT (11.108940617000030 49.406923422000034)",Unfall 158394 (2020) Kat:3, Licht: 2,158394,3,1,8,01,16,2,1,2,0,1,0,0,0,0
"POINT (11.092621507000047 49.461647154000048)",Unfall 158419 (2020) Kat:3, Licht: 0,158419,3,6,2,01,15,5,0,0,0,1,0,1,0,0
"POINT (11.012525708000055 49.449276130000044)",Unfall 158423 (2020) Kat:3, Licht: 0,158423,3,2,5,01,13,5,0,0,0,1,0,0,0,1
"POINT (11.068556764000050 49.425569666000058)",Unfall 158426 (2020) Kat:3, Licht: 0,158426,3,3,5,01,10,5,0,0,0,1,0,0,0,0
"POINT (11.032689594000033 49.421426574000066)",Unfall 158429 (2020) Kat:3, Licht: 0,158429,3,7,6,01,10,4,0,0,0,1,1,0,0,0
"POINT (11.096131289000027 49.448595065000063)",Unfall 158431 (2020) Kat:3, Licht: 0,158431,3,7,5,01,08,5,1,0,0,1,0,0,0,0
"POINT (11.062727530000075 49.386074731000065)",Unfall 158445 (2020) Kat:3, Licht: 2,158445,3,1,9,01,17,1,0,2,0,1,0,0,0,0
"POINT (11.071016575000044 49.470427827000037)",Unfall 158477 (2020) Kat:3, Licht: 2,158477,3,2,5,01,18,7,0,2,0,1,0,0,0,0
"POINT (11.097743723000065 49.444790692000026)",Unfall 158480 (2020) Kat:3, Licht: 0,158480,3,6,4,01,06,4,0,0,1,0,0,0,0,0
"POINT (11.097478210000077 49.458657239000047)",Unfall 158526 (2020) Kat:3, Licht: 0,158526,3,3,5,01,10,6,0,0,1,1,0,0,0,0
"POINT (11.071839722000050 49.428047397000057)",Unfall 158528 (2020) Kat:3, Licht: 0,158528,3,3,5,01,14,4,0,0,0,1,0,0,1,0
"POINT (11.069537509000043 49.451012253000044)",Unfall 158562 (2020) Kat:3, Licht: 0,158562,3,6,2,01,11,6,0,0,1,1,0,0,0,0
"POINT (11.073181266000063 49.471659273000057)",Unfall 158574 (2020) Kat:3, Licht: 0,158574,3,3,5,01,09,3,0,0,0,1,0,0,0,0
"POINT (11.126283605000026 49.463521588000049)",Unfall 158603 (2020) Kat:3, Licht: 2,158603,3,1,9,01,00,1,0,2,0,1,0,0,0,0
"POINT (11.097691055000041 49.459088187000077)",Unfall 158613 (2020) Kat:3, Licht: 0,158613,3,2,6,01,09,6,0,0,0,0,1,0,1,0
"POINT (11.052248562000045 49.451871429000050)",Unfall 158627 (2020) Kat:3, Licht: 0,158627,3,3,5,01,14,5,0,0,0,1,0,0,0,0
"POINT (11.076196479000032 49.460865702000035)",Unfall 158632 (2020) Kat:2, Licht: 0,158632,2,2,5,01,09,5,0,0,1,1,0,0,0,0
"POINT (11.111491730000068 49.467845445000080)",Unfall 158636 (2020) Kat:3, Licht: 0,158636,3,2,5,01,15,5,0,0,1,1,0,0,0,0
"POINT (11.065883774000042 49.448967055000026)",Unfall 158638 (2020) Kat:2, Licht: 0,158638,2,7,1,01,13,3,0,0,0,1,0,0,0,0
"POINT (11.097552348000022 49.458942788000058)",Unfall 158639 (2020) Kat:3, Licht: 2,158639,3,2,5,01,21,7,0,2,0,1,0,0,0,0
"POINT (11.102566213000046 49.438580642000034)",Unfall 158642 (2020) Kat:2, Licht: 2,158642,2,2,6,01,18,2,0,2,0,1,1,0,0,0
"POINT (11.073082314000033 49.450574865000078)",Unfall 158644 (2020) Kat:3, Licht: 0,158644,3,5,0,01,08,5,0,0,1,1,0,0,0,0
"POINT (11.071531630000038 49.462434914000028)",Unfall 158653 (2020) Kat:3, Licht: 2,158653,3,1,0,01,21,5,0,2,1,0,0,0,0,0
"POINT (11.066176661000043 49.447506032000035)",Unfall 158680 (2020) Kat:2, Licht: 0,158680,2,7,0,01,09,3,0,0,1,1,0,0,0,0