WKT,Name,OBJECTID,UKATEGORIE,UTYP1,UART,UMONAT,USTUNDE,UWOCHENTAG,STRZUSTAND,ULICHTVERH,ISTRAD,ISTPKW,ISTFUSS,ISTKRAD,ISTGKFZ,ISTSONSTIG
"POINT (11.047179203000042 49.442286934000037)",Unfall 158695 (2020) Kat:3, Licht: 2,158695,3,6,2,01,18,2,0,2,0,1,0,1,0,0
"POINT (11.105679966000025 49.474979033000068)",Unfall 158718 (2020) Kat:3, Licht: 0,158718,3,3,5,01,14,6,0,0,1,0,0,0,0,1
"POINT (11.075257261000047 49.436253453000063)",Unfall 158745 (2020) Kat:3, Licht: 0,158745,3,6,5,01,14,3,0,0,0,1,0,0,0,1
"POINT (11.031122976000063 49.489538199000037)",Unfall 158746 (2020) Kat:2, Licht: 2,158746,2,2,5,01,18,7,0,2,1,1,0,0,0,0
"POINT (11.070797748000075 49.428016046000039)",Unfall 158767 (2020) Kat:3, Licht: 0,158767,3,3,5,01,13,6,0,0,0,1,0,0,0,0
"POINT (11.029309703000024 49.450508117000027)",Unfall 158792 (2020) Kat:3, Licht: 2,158792,3,1,0,01,06,3,0,2,0,0,0,1,0,0
"POINT (11.072484552000049 49.445669074000079)",Unfall 158794 (2020) Kat:3, Licht: 1,158794,3,3,5,01,17,7,0,1,0,1,0,0,0,0
"POINT (11.115338484000063 49.438661485000068)",Unfall 158797 (2020) Kat:2, Licht: 0,158797,2,7,0,01,15,2,0,0,1,0,0,0,0,0
"POINT (11.067840720000049 49.433822523000060)",Unfall 158801 (2020) Kat:3, Licht: 0,158801,3,2,3,01,15,2,0,0,0,1,0,0,0,1
"POINT (11.120154351000053 49.411938580000026)",Unfall 158805 (2020) Kat:2, Licht: 0,158805,2,5,0,01,10,2,0,0,1,1,0,0,0,0
"POINT (11.101716497000041 49.458550062000029)",Unfall 158811 (2020) Kat:3, Licht: 0,158811,3,3,5,01,15,3,1,0,0,1,0,0,0,0
"POINT (11.063662705000070 49.425200229000041)",Unfall 158859 (2020) Kat:3, Licht: 0,158859,3,4,6,01,16,1,0,0,0,1,1,0,0,0
"POINT (11.076103382000042 49.441635482000038)",Unfall 158861 (2020) Kat:3, Licht: 0,158861,3,6,1,01,12,3,1,0,0,1,0,0,0,0
"POINT (11.054358293000064 49.444165696000027)",Unfall 158900 (2020) Kat:3, Licht: 2,158900,3,6,3,01,19,7,0,2,0,1,0,0,0,0
"POINT (11.116133293000075 49.481514387000061)",Unfall 158901 (2020) Kat:3, Licht: 0,158901,3,6,2,01,11,7,0,0,0,1,0,0,0,0
"POINT (11.088689630000033 49.444023877000063)",Unfall 158933 (2020) Kat:3, Licht: 2,158933,3,5,0,01,20,4,0,2,1,1,0,0,0,0
"POINT (11.066143979000060 49.464303023000070)",Unfall 158970 (2020) Kat:3, Licht: 0,158970,3,7,3,01,13,3,0,0,1,1,0,0,0,0
"POINT (11.026967829000057 49.451228932000049)",Unfall 158976 (2020) Kat:3, Licht: 2,158976,3,2,6,01,17,6,0,2,0,1,1,0,0,0
"POINT (11.132361604000039 49.411340203000066)",Unfall 159004 (2020) Kat:3, Licht: 0,159004,3,3,5,01,08,2,0,0,1,1,0,0,0,0
"POINT (11.009697677000077 49.456734822000044)",Unfall 159007 (2020) Kat:3, Licht: 0,159007,3,3,5,01,14,2,0,0,0,1,0,0,0,0
"POINT (11.012486309000053 49.449287840000068)",Unfall 159015 (2020) Kat:3, Licht: 0,159015,3,7,0,01,10,2,0,0,0,0,0,0,0,1
"POINT (11.034960585000022 49.467156981000073)",Unfall 159038 (2020) Kat:3, Licht: 0,159038,3,3,5,01,15,3,1,0,1,1,0,0,0,0
"POINT (11.062685332000058 49.405675980000069)",Unfall 159050 (2020) Kat:3, Licht: 2,159050,3,2,5,01,19,5,1,2,0,1,0,0,0,1
"POINT (11.018381006000027 49.431114498000056)",Unfall 159051 (2020) Kat:3, Licht: 2,159051,3,3,5,01,06,5,1,2,1,1,0,0,0,0
"POINT (11.003443734000030 49.450162076000026)",Unfall 159052 (2020) Kat:3, Licht: 2,159052,3,6,2,01,17,5,0,2,0,1,0,0,0,0
"POINT (11.068177815000070 49.441774343000077)",Unfall 159056 (2020) Kat:3, Licht: 2,159056,3,6,2,01,18,2,1,2,0,1,0,0,0,0
"POINT (11.076068276000058 49.455752444000041)",Unfall 159067 (2020) Kat:3, Licht: 0,159067,3,3,5,02,16,2,0,0,1,1,0,0,0,0
"POINT (11.081628221000074 49.441204592000076)",Unfall 159099 (2020) Kat:3, Licht: 2,159099,3,2,6,01,06,6,1,2,0,1,1,0,0,0
"POINT (11.106187788000057 49.445848615000045)",Unfall 159114 (2020) Kat:3, Licht: 2,159114,3,1,0,02,21,7,1,2,1,0,0,0,0,0
"POINT (11.068428715000039 49.427886093000041)",Unfall 159115 (2020) Kat:3, Licht: 0,159115,3,3,5,02,11,2,1,0,0,1,0,0,0,0
"POINT (11.011968353000043 49.427146890000074)",Unfall 159149 (2020) Kat:3, Licht: 0,159149,3,5,5,01,15,6,0,0,1,1,0,0,0,0
"POINT (11.097557023000036 49.445978720000028)",Unfall 159153 (2020) Kat:3, Licht: 0,159153,3,2,5,01,14,4,1,0,1,1,0,0,0,0
"POINT (11.051689196000041 49.438990413000056)",Unfall 159158 (2020) Kat:3, Licht: 0,159158,3,2,4,01,15,4,1,0,1,1,0,0,0,0
"POINT (11.008346561000053 49.446008278000079)",Unfall 159161 (2020) Kat:2, Licht: 0,159161,2,2,5,01,07,4,1,0,0,1,0,1,0,0
"POINT (11.054758604000028 49.451173640000036)",Unfall 159166 (2020) Kat:3, Licht: 2,159166,3,2,4,02,00,7,1,2,0,1,0,0,0,0
"POINT (11.092717311000058 49.435516497000037)",Unfall 159167 (2020) Kat:3, Licht: 0,159167,3,7,3,02,07,2,1,0,0,1,0,0,0,0
"POINT (11.073047018000068 49.470446164000066)",Unfall 159168 (2020) Kat:2, Licht: 0,159168,2,4,6,01,16,5,0,0,0,1,1,0,0,0
"POINT (11.092570929000033 49.461471617000029)",Unfall 159172 (2020) Kat:3, Licht: 0,159172,3,6,3,01,14,4,1,0,1,1,0,0,0,0
"POINT (11.056029259000070 49.443096966000041)",Unfall 159176 (2020) Kat:3, Licht: 0,159176,3,6,2,01,11,5,0,0,0,1,0,0,0,0
"POINT (11.068274752000036 49.442361620000042)",Unfall 159180 (2020) Kat:3, Licht: 1,159180,3,6,2,01,17,5,0,1,0,1,0,0,0,0
"POINT (11.057922892000022 49.454607695000050)",Unfall 159182 (2020) Kat:3, Licht: 2,159182,3,4,6,01,20,4,1,2,0,1,1,0,0,0
"POINT (11.172713478000048 49.411961460000043)",Unfall 159184 (2020) Kat:2, Licht: 1,159184,2,1,0,01,16,4,1,1,1,0,0,0,0,0
"POINT (11.138557048000052 49.402781573000027)",Unfall 159190 (2020) Kat:2, Licht: 0,159190,2,7,0,01,15,5,0,0,1,0,0,0,0,0
"POINT (11.071451884000055 49.447059708000040)",Unfall 159210 (2020) Kat:2, Licht: 1,159210,2,4,6,02,17,7,1,1,0,1,1,0,0,0
"POINT (11.053870087000064 49.406704301000048)",Unfall 159260 (2020) Kat:3, Licht: 2,159260,3,2,4,01,22,6,1,2,0,1,0,0,0,0
"POINT (11.101537735000022 49.484009399000058)",Unfall 159275 (2020) Kat:3, Licht: 2,159275,3,6,2,02,00,1,1,2,0,1,0,0,0,0
"POINT (11.099214564000022 49.450227878000078)",Unfall 159277 (2020) Kat:3, Licht: 0,159277,3,3,5,02,15,7,1,0,0,1,0,0,0,1
"POINT (11.090312693000044 49.444382720000078)",Unfall 159278 (2020) Kat:3, Licht: 0,159278,3,1,0,02,10,2,1,0,1,0,0,0,0,0
"POINT (11.040610869000034 49.455773704000080)",Unfall 159311 (2020) Kat:3, Licht: 2,159311,3,6,2,01,23,6,0,2,0,1,0,0,0,0
"POINT (11.058318723000070 49.450128845000052)",Unfall 159328 (2020) Kat:3, Licht: 0,159328,3,6,2,02,16,7,1,0,0,1,0,0,0,0
"POINT (11.150698497000064 49.400834546000056)",Unfall 159339 (2020) Kat:3, Licht: 0,159339,3,3,5,02,16,3,0,0,1,1,0,0,0,0
"POINT (11.063933591000023 49.448752918000082)",Unfall 159375 (2020) Kat:3, Licht: 0,159375,3,6,2,02,10,4,0,0,0,1,0,0,0,0
"POINT (11.079970397000068 49.455841138000039)",Unfall 159376 (2020) Kat:3, Licht: 2,159376,3,7,1,02,20,2,1,2,1,1,0,0,0,0
"POINT (11.076359032000028 49.457171884000047)",Unfall 159380 (2020) Kat:3, Licht: 0,159380,3,3,5,02,10,4,0,0,0,1,0,0,0,0
"POINT (11.068242996000038 49.446570491000045)",Unfall 159385 (2020) Kat:3, Licht: 0,159385,3,6,3,02,12,4,0,0,0,1,0,0,0,0
"POINT (11.104798072000051 49.472586821000050)",Unfall 159386 (2020) Kat:3, Licht: 0,159386,3,4,6,02,07,2,0,0,0,1,1,0,0,0
"POINT (11.110781932000066 49.468422817000032)",Unfall 159407 (2020) Kat:3, Licht: 0,159407,3,6,3,02,09,7,0,0,0,1,0,0,0,1
"POINT (11.131521971000041 49.428218173000062)",Unfall 159408 (2020) Kat:2, Licht: 0,159408,2,6,3,02,12,7,0,0,0,1,0,0,0,0
"POINT (11.089282601000036 49.457779637000044)",Unfall 159423 (2020) Kat:3, Licht: 0,159423,3,6,2,02,12,2,0,0,0,1,0,0,0,0
"POINT (11.037001467000039 49.440770202000067)",Unfall 159424 (2020) Kat:2, Licht: 0,159424,2,6,2,02,15,3,0,0,0,1,0,0,0,0
"POINT (11.076057083000023 49.434050773000081)",Unfall 159461 (2020) Kat:3, Licht: 0,159461,3,1,0,02,07,6,0,0,0,0,0,1,0,0
"POINT (11.089316926000038 49.405689065000047)",Unfall 159494 (2020) Kat:3, Licht: 2,159494,3,7,0,02,19,3,1,2,1,0,0,0,0,0
"POINT (11.034997680000060 49.448958508000032)",Unfall 159525 (2020) Kat:3, Licht: 0,159525,3,3,5,02,12,3,0,0,0,1,0,0,0,0
"POINT (11.076168700000039 49.431690434000075)",Unfall 159530 (2020) Kat:3, Licht: 1,159530,3,6,2,02,17,3,1,1,0,1,0,0,0,0
"POINT (11.049850327000058 49.423443043000077)",Unfall 159537 (2020) Kat:3, Licht: 2,159537,3,1,0,02,17,5,0,2,1,0,0,0,0,0
"POINT (11.114816626000049 49.454369567000072)",Unfall 159538 (2020) Kat:3, Licht: 0,159538,3,3,5,02,08,5,0,0,0,1,0,0,0,0
"POINT (11.073078196000040 49.450564204000045)",Unfall 159597 (2020) Kat:3, Licht: 0,159597,3,5,1,02,13,5,0,0,1,1,0,0,0,0
"POINT (11.048974478000048 49.408582741000032)",Unfall 159600 (2020) Kat:3, Licht: 0,159600,3,6,2,02,16,2,1,0,0,1,0,0,1,0
"POINT (11.077028132000066 49.446692247000044)",Unfall 159606 (2020) Kat:3, Licht: 0,159606,3,6,2,02,12,7,0,0,0,1,0,0,0,0
"POINT (11.070641053000031 49.452291818000049)",Unfall 159625 (2020) Kat:2, Licht: 2,159625,2,1,0,02,05,5,2,2,1,0,0,0,0,0
"POINT (11.082147326000040 49.439026849000072)",Unfall 159632 (2020) Kat:3, Licht: 0,159632,3,6,3,02,09,6,0,0,1,0,0,0,0,0
"POINT (11.097667096000066 49.445879057000070)",Unfall 159671 (2020) Kat:3, Licht: 2,159671,3,2,5,02,18,6,0,2,1,1,0,0,0,0
"POINT (11.101445791000060 49.474616088000062)",Unfall 159707 (2020) Kat:3, Licht: 0,159707,3,6,2,02,13,2,1,0,0,1,0,0,0,0
"POINT (11.063948508000067 49.448769933000051)",Unfall 159713 (2020) Kat:3, Licht: 0,159713,3,6,3,02,15,7,0,0,0,1,0,0,0,0
"POINT (11.135420176000025 49.462025830000073)",Unfall 159719 (2020) Kat:3, Licht: 0,159719,3,7,4,02,10,4,0,0,0,1,0,0,0,0
"POINT (11.082591196000067 49.437291237000068)",Unfall 159722 (2020) Kat:3, Licht: 0,159722,3,7,5,02,12,4,1,0,1,1,0,0,0,0
"POINT (11.051366899000072 49.442513172000076)",Unfall 159739 (2020) Kat:3, Licht: 2,159739,3,6,2,02,22,6,0,2,0,1,0,0,0,0
"POINT (11.070337106000068 49.464341757000057)",Unfall 159759 (2020) Kat:3, Licht: 1,159759,3,3,5,02,17,2,1,1,0,1,0,0,0,0
"POINT (11.068417208000028 49.443222706000029)",Unfall 159765 (2020) Kat:3, Licht: 2,159765,3,6,2,02,20,7,0,2,0,1,0,0,0,0
"POINT (11.051233360000026 49.492599742000039)",Unfall 159791 (2020) Kat:3, Licht: 0,159791,3,6,2,02,16,6,0,0,0,1,0,0,0,0
"POINT (11.066857424000034 49.460890195000047)",Unfall 159815 (2020) Kat:2, Licht: 1,159815,2,3,5,02,06,2,1,1,1,1,0,0,0,0
"POINT (11.093601613000033 49.442471835000049)",Unfall 159843 (2020) Kat:2, Licht: 0,159843,2,7,5,02,12,6,0,0,1,0,0,0,0,1
"POINT (11.115682221000043 49.503102252000076)",Unfall 159854 (2020) Kat:3, Licht: 0,159854,3,1,0,02,08,5,2,0,1,0,0,0,0,0
"POINT (11.147378811000067 49.400438649000080)",Unfall 159872 (2020) Kat:3, Licht: 0,159872,3,2,5,02,15,7,0,0,0,1,0,0,0,1
"POINT (11.038230350000049 49.428996836000067)",Unfall 159924 (2020) Kat:3, Licht: 0,159924,3,7,6,02,09,2,0,0,0,1,1,0,0,0
"POINT (11.089939885000035 49.441524878000052)",Unfall 159930 (2020) Kat:3, Licht: 2,159930,3,7,0,02,22,6,0,2,1,0,0,0,0,0
"POINT (11.097308670000075 49.444769010000073)",Unfall 159931 (2020) Kat:2, Licht: 2,159931,2,3,5,02,19,6,0,2,0,1,0,0,0,0
"POINT (11.035066549000021 49.403975754000044)",Unfall 159932 (2020) Kat:3, Licht: 1,159932,3,3,0,02,17,6,0,1,0,0,0,0,0,1
"POINT (11.020748430000026 49.463181822000081)",Unfall 160005 (2020) Kat:2, Licht: 2,160005,2,1,0,02,22,5,0,2,1,0,0,0,0,0
"POINT (11.088904633000027 49.453026967000028)",Unfall 160007 (2020) Kat:3, Licht: 0,160007,3,5,1,02,08,5,0,0,0,1,1,0,0,0
"POINT (11.044639442000062 49.454588721000050)",Unfall 160008 (2020) Kat:3, Licht: 0,160008,3,2,3,02,14,5,0,0,0,1,0,0,0,0
"POINT (11.085401669000021 49.461042256000042)",Unfall 160009 (2020) Kat:3, Licht: 0,160009,3,3,5,02,16,5,0,0,0,1,0,0,0,0
"POINT (11.048936846000061 49.408342163000043)",Unfall 160011 (2020) Kat:3, Licht: 0,160011,3,2,5,02,12,5,0,0,0,1,0,0,0,0
"POINT (11.055021682000074 49.434349418000068)",Unfall 160013 (2020) Kat:3, Licht: 0,160013,3,3,5,02,14,5,1,0,1,1,0,0,0,0
"POINT (11.038269087000060 49.456761117000042)",Unfall 160033 (2020) Kat:2, Licht: 2,160033,2,3,5,02,21,3,0,2,1,1,0,0,0,0
"POINT (11.055036074000043 49.461572515000057)",Unfall 160038 (2020) Kat:2, Licht: 0,160038,2,6,6,02,10,3,1,0,0,0,1,0,0,1
"POINT (11.067881341000032 49.425565256000027)",Unfall 160091 (2020) Kat:3, Licht: 0,160091,3,1,0,02,14,4,1,0,1,1,0,0,0,0
"POINT (11.058118250000064 49.446847143000070)",Unfall 160093 (2020) Kat:3, Licht: 0,160093,3,6,3,02,07,4,0,0,0,1,0,0,0,0
"POINT (11.077008985000077 49.446693808000077)",Unfall 160094 (2020) Kat:3, Licht: 2,160094,3,2,5,02,22,4,0,2,1,0,0,1,0,0
"POINT (11.082317557000067 49.460603521000053)",Unfall 160095 (2020) Kat:3, Licht: 0,160095,3,3,0,02,15,4,0,0,0,1,0,0,0,0
"POINT (11.069577773000049 49.451209527000060)",Unfall 160096 (2020) Kat:3, Licht: 0,160096,3,2,5,02,07,4,0,0,1,0,0,0,0,1
"POINT (11.090358164000065 49.446275772000035)",Unfall 160112 (2020) Kat:3, Licht: 0,160112,3,7,3,02,11,4,0,0,0,1,0,0,0,0
"POINT (11.010574641000062 49.458939834000034)",Unfall 160120 (2020) Kat:3, Licht: 0,160120,3,3,5,03,16,2,0,0,0,1,0,0,0,0
"POINT (11.103662504000056 49.469458209000038)",Unfall 160130 (2020) Kat:3, Licht: 1,160130,3,7,3,03,17,2,0,1,0,0,0,1,0,1
"POINT (11.046171992000041 49.431955743000060)",Unfall 160137 (2020) Kat:3, Licht: 0,160137,3,6,3,02,15,4,0,0,0,1,0,0,0,0
"POINT (11.105365926000047 49.464669555000057)",Unfall 160150 (2020) Kat:3, Licht: 0,160150,3,6,1,02,09,4,1,0,1,1,0,0,0,0
"POINT (11.099444349000066 49.443071754000073)",Unfall 160155 (2020) Kat:3, Licht: 2,160155,3,2,4,02,20,7,1,2,0,1,0,0,0,0
"POINT (11.023909079000077 49.435204021000061)",Unfall 160161 (2020) Kat:3, Licht: 0,160161,3,1,0,02,07,4,1,0,0,0,0,1,0,0
"POINT (11.063543909000032 49.449359098000059)",Unfall 160168 (2020) Kat:3, Licht: 1,160168,3,7,6,03,18,2,0,1,1,0,1,0,0,0
"POINT (11.083154635000028 49.449783055000069)",Unfall 160198 (2020) Kat:3, Licht: 2,160198,3,2,4,02,22,4,0,2,0,1,0,0,0,0
"POINT (11.155928773000028 49.403212429000064)",Unfall 160229 (2020) Kat:3, Licht: 2,160229,3,7,6,02,19,3,1,2,0,1,0,0,0,1
"POINT (11.114823807000050 49.454361782000035)",Unfall 160235 (2020) Kat:3, Licht: 0,160235,3,3,5,03,12,2,0,0,1,1,0,0,0,0
"POINT (11.155855387000031 49.403177102000029)",Unfall 160236 (2020) Kat:3, Licht: 2,160236,3,2,4,02,17,3,1,2,0,1,0,0,0,0
"POINT (11.058069120000027 49.413503247000051)",Unfall 160238 (2020) Kat:2, Licht: 0,160238,2,2,6,02,07,5,0,0,0,0,1,0,1,0
"POINT (11.087342239000066 49.447235100000057)",Unfall 160242 (2020) Kat:3, Licht: 0,160242,3,6,3,02,16,3,0,0,0,1,0,0,0,0
"POINT (11.039944410000032 49.440375916000050)",Unfall 160275 (2020) Kat:3, Licht: 0,160275,3,3,5,03,16,2,0,0,0,1,0,0,0,0
"POINT (11.044315162000032 49.427872346000072)",Unfall 160324 (2020) Kat:3, Licht: 0,160324,3,3,5,02,13,7,1,0,0,1,0,1,0,0
"POINT (11.065359327000067 49.462577197000030)",Unfall 160339 (2020) Kat:3, Licht: 0,160339,3,3,5,02,07,6,1,0,0,1,0,0,0,0
"POINT (11.069022338000025 49.473804445000042)",Unfall 160340 (2020) Kat:2, Licht: 0,160340,2,4,6,03,08,2,0,0,0,1,1,0,0,0
"POINT (11.061168813000052 49.465030282000043)",Unfall 160343 (2020) Kat:3, Licht: 0,160343,3,6,0,02,14,5,0,0,1,0,0,1,0,0
"POINT (11.104043693000051 49.357524029000047)",Unfall 160424 (2020) Kat:2, Licht: 1,160424,2,2,6,03,17,7,0,1,1,0,1,0,0,0
"POINT (11.085884308000061 49.476252395000074)",Unfall 160469 (2020) Kat:3, Licht: 0,160469,3,6,1,03,16,2,0,0,0,1,0,0,0,0
"POINT (11.082372624000072 49.461207767000076)",Unfall 160472 (2020) Kat:3, Licht: 0,160472,3,2,0,03,07,2,1,0,1,1,0,0,0,0
"POINT (11.040058508000072 49.426451840000027)",Unfall 160489 (2020) Kat:3, Licht: 2,160489,3,2,5,03,18,6,1,2,0,1,0,0,0,0
"POINT (11.035317267000039 49.458997275000058)",Unfall 160491 (2020) Kat:3, Licht: 0,160491,3,2,6,03,07,6,0,0,0,1,1,0,0,0
"POINT (11.029294349000054 49.450413126000058)",Unfall 160492 (2020) Kat:3, Licht: 0,160492,3,3,5,03,07,6,0,0,0,1,0,0,0,0
"POINT (11.119909526000072 49.474512490000052)",Unfall 160500 (2020) Kat:2, Licht: 0,160500,2,2,5,03,13,3,0,0,0,1,0,0,1,0
"POINT (11.088501618000066 49.405148697000072)",Unfall 160504 (2020) Kat:3, Licht: 0,160504,3,3,5,03,16,3,0,0,0,1,0,0,0,0
"POINT (11.097659104000059 49.444560674000058)",Unfall 160509 (2020) Kat:3, Licht: 0,160509,3,6,2,03,11,3,0,0,0,1,0,0,0,0
"POINT (11.026416850000032 49.470196839000039)",Unfall 160520 (2020) Kat:3, Licht: 1,160520,3,3,5,03,07,3,1,1,0,1,0,0,0,1
"POINT (11.085059568000077 49.468515441000079)",Unfall 160549 (2020) Kat:3, Licht: 0,160549,3,1,1,03,17,5,1,0,0,1,0,0,0,0
"POINT (11.082150152000054 49.463781612000048)",Unfall 160551 (2020) Kat:3, Licht: 0,160551,3,4,6,03,16,5,1,0,0,1,1,0,0,0
"POINT (11.090773916000046 49.459727539000028)",Unfall 160554 (2020) Kat:3, Licht: 0,160554,3,6,2,03,13,5,1,0,0,1,0,0,0,0
"POINT (11.069896272000051 49.407063264000044)",Unfall 160555 (2020) Kat:3, Licht: 1,160555,3,2,5,03,06,5,0,1,1,1,0,0,0,0
"POINT (11.088902139000027 49.464019197000027)",Unfall 160604 (2020) Kat:3, Licht: 0,160604,3,3,5,03,14,4,0,0,1,0,0,0,0,0
"POINT (11.133180627000058 49.403562183000076)",Unfall 160605 (2020) Kat:2, Licht: 0,160605,2,1,7,03,15,4,0,0,1,0,0,0,0,0
"POINT (11.067580578000047 49.447551034000071)",Unfall 160626 (2020) Kat:3, Licht: 0,160626,3,6,1,03,09,6,0,0,0,1,0,0,0,0
"POINT (11.065359356000044 49.462578096000072)",Unfall 160640 (2020) Kat:3, Licht: 0,160640,3,2,5,03,13,4,0,0,1,1,0,0,0,0
"POINT (11.085342246000039 49.447571645000039)",Unfall 160650 (2020) Kat:3, Licht: 1,160650,3,4,6,03,20,6,0,1,0,0,1,0,0,1
"POINT (11.071487827000055 49.447057191000056)",Unfall 160664 (2020) Kat:3, Licht: 0,160664,3,2,6,03,09,6,0,0,0,1,1,0,0,0
"POINT (11.061455606000038 49.447261845000071)",Unfall 160665 (2020) Kat:3, Licht: 0,160665,3,6,2,03,17,3,1,0,0,1,0,0,0,0
"POINT (11.076904881000075 49.446774101000074)",Unfall 160666 (2020) Kat:3, Licht: 2,160666,3,3,5,03,18,1,0,2,0,1,0,0,0,0
"POINT (11.087913217000050 49.457471088000034)",Unfall 160677 (2020) Kat:3, Licht: 0,160677,3,1,0,03,09,3,1,0,1,0,0,0,0,0
"POINT (11.089282959000059 49.457781782000040)",Unfall 160690 (2020) Kat:2, Licht: 0,160690,2,3,5,03,16,3,1,0,1,1,0,0,0,0
"POINT (11.169259513000043 49.391899303000059)",Unfall 160703 (2020) Kat:3, Licht: 0,160703,3,6,2,03,16,3,1,0,0,1,0,0,0,0
"POINT (11.100145206000036 49.443017038000050)",Unfall 160719 (2020) Kat:2, Licht: 0,160719,2,2,5,03,13,7,0,0,1,1,0,0,0,0
"POINT (11.053089134000061 49.451928063000025)",Unfall 160730 (2020) Kat:3, Licht: 0,160730,3,3,5,03,11,1,0,0,1,1,0,0,0,0
"POINT (11.093448432000059 49.442799831000059)",Unfall 160745 (2020) Kat:3, Licht: 0,160745,3,3,5,03,13,4,0,0,1,0,0,0,0,0
"POINT (11.132744913000067 49.401016685000059)",Unfall 160746 (2020) Kat:3, Licht: 0,160746,3,4,6,03,12,5,0,0,0,1,1,0,0,0
"POINT (11.075011782000047 49.445091668000032)",Unfall 160748 (2020) Kat:3, Licht: 0,160748,3,2,5,03,17,5,1,0,1,1,0,0,0,0
"POINT (11.069050272000027 49.467305111000030)",Unfall 160754 (2020) Kat:3, Licht: 0,160754,3,3,5,03,08,5,0,0,1,1,0,0,0,0
"POINT (11.081965630000070 49.484504307000066)",Unfall 160758 (2020) Kat:3, Licht: 0,160758,3,7,0,03,10,5,0,0,0,1,0,0,0,1
"POINT (11.107606661000034 49.470202906000054)",Unfall 160762 (2020) Kat:3, Licht: 0,160762,3,6,0,03,13,5,0,0,1,1,0,0,0,0
"POINT (11.064626860000033 49.448952411000050)",Unfall 160771 (2020) Kat:3, Licht: 0,160771,3,6,2,03,15,1,0,0,0,1,0,0,0,0
"POINT (11.048192483000037 49.453244852000068)",Unfall 160823 (2020) Kat:3, Licht: 0,160823,3,7,1,03,06,1,0,0,0,1,0,0,0,0
"POINT (11.043579337000040 49.438962927000034)",Unfall 160884 (2020) Kat:3, Licht: 0,160884,3,3,5,03,16,4,0,0,0,1,0,0,0,0
"POINT (11.170889368000076 49.390553210000064)",Unfall 160892 (2020) Kat:3, Licht: 0,160892,3,6,3,03,10,3,0,0,0,0,0,0,1,1
"POINT (11.064276839000058 49.458750316000078)",Unfall 160896 (2020) Kat:3, Licht: 2,160896,3,3,3,03,19,5,0,2,0,1,0,0,0,1
"POINT (11.078860792000057 49.438643478000074)",Unfall 160902 (2020) Kat:3, Licht: 0,160902,3,3,5,03,16,7,1,0,0,1,0,0,0,0
"POINT (11.123718091000057 49.473022268000079)",Unfall 160917 (2020) Kat:3, Licht: 0,160917,3,3,5,03,16,4,0,0,1,1,0,0,0,0
"POINT (11.076044196000055 49.464348767000047)",Unfall 160922 (2020) Kat:3, Licht: 0,160922,3,3,5,03,10,4,0,0,1,1,0,0,0,0
"POINT (11.067197961000034 49.440310124000064)",Unfall 160960 (2020) Kat:3, Licht: 1,160960,3,3,5,03,06,5,0,1,1,1,0,0,0,0
"POINT (11.064839056000039 49.449454590000073)",Unfall 160970 (2020) Kat:3, Licht: 0,160970,3,6,3,03,16,4,0,0,0,1,0,0,0,1
"POINT (11.049920921000023 49.452695808000044)",Unfall 160987 (2020) Kat:3, Licht: 2,160987,3,1,0,03,20,6,0,2,1,0,1,0,0,0
"POINT (11.056157075000044 49.442353391000040)",Unfall 161002 (2020) Kat:3, Licht: 2,161002,3,1,6,03,00,5,0,2,1,0,1,0,0,0
"POINT (11.070454556000072 49.408402805000037)",Unfall 161028 (2020) Kat:3, Licht: 0,161028,3,6,2,03,17,2,0,0,0,1,0,0,0,0
"POINT (11.045196639000039 49.442293696000036)",Unfall 161042 (2020) Kat:3, Licht: 0,161042,3,3,4,03,10,4,0,0,0,1,0,0,0,0
"POINT (11.023598829000036 49.520193817000063)",Unfall 161057 (2020) Kat:3, Licht: 0,161057,3,3,5,03,07,3,0,0,0,1,0,0,0,1
"POINT (11.111877527000047 49.453062625000030)",Unfall 161062 (2020) Kat:3, Licht: 0,161062,3,3,5,03,10,7,0,0,1,1,0,0,0,0
"POINT (11.075371742000073 49.446813498000040)",Unfall 161070 (2020) Kat:3, Licht: 0,161070,3,6,3,03,09,5,0,0,0,1,0,1,0,0
"POINT (11.058498737000036 49.454699854000069)",Unfall 161075 (2020) Kat:2, Licht: 0,161075,2,7,1,03,16,4,0,0,0,1,0,0,0,1
"POINT (11.124426274000029 49.443028776000062)",Unfall 161081 (2020) Kat:3, Licht: 0,161081,3,4,6,03,07,4,0,0,0,1,1,0,0,0
"POINT (11.053873285000066 49.443955901000038)",Unfall 161096 (2020) Kat:3, Licht: 0,161096,3,7,0,03,13,6,0,0,1,0,1,0,0,0
"POINT (11.098179117000029 49.444233948000033)",Unfall 161115 (2020) Kat:3, Licht: 1,161115,3,3,5,03,18,2,0,1,0,1,0,0,0,0
"POINT (11.058394162000070 49.460061730000064)",Unfall 161119 (2020) Kat:3, Licht: 1,161119,3,5,0,03,19,2,0,1,1,1,0,0,0,0
"POINT (11.031088506000060 49.422091196000054)",Unfall 161121 (2020) Kat:3, Licht: 0,161121,3,3,0,03,09,5,0,0,0,1,0,0,0,1