WKT,Name,OBJECTID,UKATEGORIE,UTYP1,UART,UMONAT,USTUNDE,UWOCHENTAG,STRZUSTAND,ULICHTVERH,ISTRAD,ISTPKW,ISTFUSS,ISTKRAD,ISTGKFZ,ISTSONSTIG
"POINT (11.074451340000053 49.446820995000053)",Unfall 161146 (2020) Kat:3, Licht: 0,161146,3,6,2,03,15,3,0,0,0,1,0,0,0,0
"POINT (11.071080896000069 49.408274531000075)",Unfall 161200 (2020) Kat:3, Licht: 0,161200,3,6,2,04,15,5,0,0,0,1,0,0,0,0
"POINT (11.072588694000046 49.440143481000064)",Unfall 161209 (2020) Kat:3, Licht: 0,161209,3,7,6,04,19,1,0,0,0,1,1,0,0,0
"POINT (11.120410404000040 49.443071200000077)",Unfall 161219 (2020) Kat:3, Licht: 0,161219,3,7,6,03,17,1,0,0,0,1,1,0,0,0
"POINT (11.070528853000042 49.452131081000061)",Unfall 161235 (2020) Kat:3, Licht: 2,161235,3,7,1,04,21,5,0,2,1,0,0,1,0,0
"POINT (10.999023637000050 49.432310890000053)",Unfall 161237 (2020) Kat:3, Licht: 0,161237,3,3,5,03,13,3,0,0,0,1,0,0,0,0
"POINT (11.081147796000039 49.451564638000036)",Unfall 161258 (2020) Kat:3, Licht: 0,161258,3,3,5,04,11,4,0,0,0,1,0,0,0,0
"POINT (11.070192046000045 49.460860422000053)",Unfall 161261 (2020) Kat:3, Licht: 2,161261,3,3,5,03,22,6,0,2,0,1,0,0,0,0
"POINT (11.071257826000021 49.466807923000033)",Unfall 161267 (2020) Kat:2, Licht: 0,161267,2,1,0,03,07,6,0,0,1,0,0,0,0,0
"POINT (11.143189824000046 49.459399071000064)",Unfall 161299 (2020) Kat:3, Licht: 0,161299,3,6,2,03,10,2,0,0,1,1,0,0,0,0
"POINT (11.126194694000048 49.463448406000055)",Unfall 161364 (2020) Kat:3, Licht: 0,161364,3,3,5,04,14,4,0,0,1,1,0,0,0,0
"POINT (11.155754601000069 49.403128499000047)",Unfall 161366 (2020) Kat:3, Licht: 2,161366,3,6,2,03,21,2,0,2,0,1,0,0,1,0
"POINT (11.071155176000048 49.454938015000039)",Unfall 161369 (2020) Kat:3, Licht: 0,161369,3,3,6,03,15,7,0,0,1,0,1,0,0,0
"POINT (11.021792096000070 49.460195589000080)",Unfall 161373 (2020) Kat:3, Licht: 0,161373,3,3,5,03,13,5,0,0,0,1,0,0,0,0
"POINT (11.096267876000070 49.431645202000027)",Unfall 161379 (2020) Kat:3, Licht: 0,161379,3,3,5,04,15,1,0,0,1,1,0,0,0,0
"POINT (11.026048786000047 49.464928486000076)",Unfall 161420 (2020) Kat:3, Licht: 1,161420,3,3,5,04,19,4,0,1,1,1,0,0,0,0
"POINT (11.082377219000023 49.464320670000063)",Unfall 161432 (2020) Kat:3, Licht: 0,161432,3,2,4,04,16,5,0,0,1,1,0,0,0,0
"POINT (11.067208337000068 49.439792814000043)",Unfall 161455 (2020) Kat:2, Licht: 0,161455,2,7,0,04,14,3,0,0,0,0,0,0,0,1
"POINT (11.080514556000026 49.445845261000045)",Unfall 161462 (2020) Kat:3, Licht: 0,161462,3,2,5,04,14,3,0,0,1,1,0,0,0,0
"POINT (11.037781618000054 49.466375677000030)",Unfall 161463 (2020) Kat:3, Licht: 0,161463,3,1,1,04,13,3,0,0,0,1,0,0,0,0
"POINT (11.064200747000029 49.446717090000050)",Unfall 161465 (2020) Kat:3, Licht: 0,161465,3,4,6,04,16,3,0,0,1,0,1,0,0,0
"POINT (11.115533948000063 49.404445789000079)",Unfall 161467 (2020) Kat:3, Licht: 0,161467,3,7,6,04,18,7,0,0,0,1,1,0,0,0
"POINT (11.074521385000025 49.454279573000065)",Unfall 161468 (2020) Kat:3, Licht: 0,161468,3,1,0,04,19,3,0,0,1,0,0,0,0,0
"POINT (11.135945598000035 49.453405800000041)",Unfall 161475 (2020) Kat:2, Licht: 0,161475,2,1,0,04,16,6,0,0,1,0,0,0,0,0
"POINT (11.026827737000076 49.431362550000074)",Unfall 161482 (2020) Kat:3, Licht: 0,161482,3,2,4,04,12,4,0,0,0,1,0,0,0,0
"POINT (11.094992081000044 49.443157535000068)",Unfall 161525 (2020) Kat:2, Licht: 0,161525,2,2,5,04,12,4,0,0,0,1,0,1,0,0
"POINT (11.054546447000064 49.460994347000053)",Unfall 161539 (2020) Kat:3, Licht: 0,161539,3,4,6,04,11,5,0,0,0,1,1,0,0,0
"POINT (11.104993559000036 49.443255857000054)",Unfall 161577 (2020) Kat:3, Licht: 0,161577,3,4,6,04,10,4,0,0,1,0,1,0,0,0
"POINT (11.035974797000051 49.453386674000058)",Unfall 161583 (2020) Kat:3, Licht: 2,161583,3,6,2,04,20,6,0,2,1,1,0,0,0,0
"POINT (11.050886858000069 49.437392275000036)",Unfall 161606 (2020) Kat:3, Licht: 2,161606,3,3,5,04,21,5,0,2,0,1,0,0,0,0
"POINT (11.023352497000076 49.394274801000051)",Unfall 161630 (2020) Kat:2, Licht: 0,161630,2,7,0,04,16,4,0,0,1,0,0,0,0,0
"POINT (11.079844559000037 49.451987724000048)",Unfall 161634 (2020) Kat:3, Licht: 0,161634,3,7,1,04,17,2,0,0,1,1,0,0,0,0
"POINT (11.087567965000062 49.441211472000077)",Unfall 161643 (2020) Kat:3, Licht: 0,161643,3,1,0,04,16,5,0,0,1,0,0,0,0,0
"POINT (11.061379753000040 49.427916006000032)",Unfall 161667 (2020) Kat:3, Licht: 0,161667,3,3,5,04,07,5,0,0,1,1,0,0,0,0
"POINT (11.061204506000024 49.459470880000026)",Unfall 161669 (2020) Kat:2, Licht: 0,161669,2,1,0,04,16,5,0,0,1,0,0,0,0,0
"POINT (11.135891211000057 49.453456200000062)",Unfall 161671 (2020) Kat:3, Licht: 0,161671,3,1,0,04,15,5,0,0,1,0,0,0,0,0
"POINT (11.081548925000050 49.467830928000069)",Unfall 161672 (2020) Kat:3, Licht: 0,161672,3,5,1,04,11,5,0,0,1,0,0,0,0,1
"POINT (11.055580976000044 49.475192354000058)",Unfall 161675 (2020) Kat:3, Licht: 0,161675,3,3,5,04,08,5,0,0,1,1,0,0,0,0
"POINT (11.119838657000059 49.410301823000054)",Unfall 161696 (2020) Kat:3, Licht: 0,161696,3,2,1,04,12,6,0,0,0,1,0,0,0,0
"POINT (11.093913986000075 49.452995931000032)",Unfall 161700 (2020) Kat:3, Licht: 0,161700,3,3,5,04,18,6,0,0,0,1,0,1,0,0
"POINT (11.059885058000077 49.449420503000056)",Unfall 161704 (2020) Kat:2, Licht: 0,161704,2,3,5,04,16,6,0,0,1,1,0,0,0,0
"POINT (11.131664391000072 49.419552381000074)",Unfall 161708 (2020) Kat:3, Licht: 2,161708,3,1,0,04,02,7,0,2,1,0,0,0,0,0
"POINT (11.055343374000074 49.452130436000061)",Unfall 161711 (2020) Kat:3, Licht: 0,161711,3,2,6,04,12,6,0,0,0,1,1,0,0,0
"POINT (11.092604366000046 49.461507434000055)",Unfall 161715 (2020) Kat:3, Licht: 0,161715,3,1,0,04,15,6,0,0,0,0,0,0,0,1
"POINT (11.035327258000052 49.460198784000056)",Unfall 161794 (2020) Kat:3, Licht: 0,161794,3,3,5,04,16,3,0,0,1,1,0,0,0,0
"POINT (11.123174166000069 49.408868273000053)",Unfall 161795 (2020) Kat:3, Licht: 0,161795,3,3,5,04,17,3,0,0,0,1,0,0,0,0
"POINT (11.116623905000040 49.472269353000058)",Unfall 161833 (2020) Kat:2, Licht: 0,161833,2,1,0,04,13,2,0,0,1,0,0,0,0,0
"POINT (11.141436513000031 49.450883182000041)",Unfall 161835 (2020) Kat:3, Licht: 0,161835,3,1,0,04,11,2,0,0,1,0,0,0,0,0
"POINT (11.067248928000026 49.445754049000072)",Unfall 161836 (2020) Kat:3, Licht: 0,161836,3,3,5,04,14,2,0,0,1,1,0,0,0,0
"POINT (11.089178651000054 49.457660963000080)",Unfall 161882 (2020) Kat:3, Licht: 0,161882,3,3,4,04,15,1,0,0,0,1,0,1,0,0
"POINT (11.053149291000068 49.348351543000035)",Unfall 161884 (2020) Kat:3, Licht: 0,161884,3,1,0,04,15,1,0,0,1,0,0,0,0,0
"POINT (11.164778726000065 49.407571256000040)",Unfall 161885 (2020) Kat:2, Licht: 0,161885,2,1,0,04,16,1,0,0,1,0,0,0,0,0
"POINT (11.135135945000059 49.454217317000030)",Unfall 161888 (2020) Kat:3, Licht: 0,161888,3,1,0,04,14,1,0,0,1,0,0,0,0,0
"POINT (11.040556090000052 49.436199520000059)",Unfall 161926 (2020) Kat:3, Licht: 0,161926,3,4,6,04,13,5,0,0,0,1,1,0,0,0
"POINT (11.063914398000065 49.386157643000047)",Unfall 161941 (2020) Kat:3, Licht: 0,161941,3,1,0,04,17,1,0,0,1,0,0,0,0,0
"POINT (11.104818610000052 49.443092035000063)",Unfall 161951 (2020) Kat:3, Licht: 0,161951,3,2,5,04,15,5,0,0,1,1,0,0,0,0
"POINT (11.099363805000053 49.443074693000028)",Unfall 161953 (2020) Kat:3, Licht: 0,161953,3,1,0,04,15,4,0,0,1,0,0,0,0,0
"POINT (10.999402709000037 49.448307502000034)",Unfall 161976 (2020) Kat:3, Licht: 0,161976,3,7,3,04,12,2,0,0,0,1,0,0,0,0
"POINT (11.103894053000033 49.450577279000072)",Unfall 162005 (2020) Kat:3, Licht: 0,162005,3,2,5,04,12,5,0,0,1,1,0,0,0,0
"POINT (11.078267211000025 49.453733782000029)",Unfall 162011 (2020) Kat:3, Licht: 0,162011,3,1,0,04,17,3,0,0,1,0,0,0,0,0
"POINT (11.103311185000052 49.489605461000053)",Unfall 162013 (2020) Kat:3, Licht: 0,162013,3,3,5,04,10,3,0,0,0,1,0,0,0,1
"POINT (11.132136605000028 49.405346974000054)",Unfall 162018 (2020) Kat:2, Licht: 0,162018,2,2,5,04,10,3,0,0,0,1,0,0,0,1
"POINT (11.022787927000024 49.433951641000078)",Unfall 162021 (2020) Kat:3, Licht: 0,162021,3,3,0,04,07,4,0,0,1,0,0,0,0,0
"POINT (11.112767534000056 49.404030149000050)",Unfall 162023 (2020) Kat:3, Licht: 0,162023,3,6,3,04,15,3,0,0,0,1,0,0,0,0
"POINT (11.171394557000042 49.410591695000051)",Unfall 162030 (2020) Kat:3, Licht: 0,162030,3,6,0,04,19,2,0,0,1,0,0,0,0,0
"POINT (11.105374961000052 49.424706771000047)",Unfall 162047 (2020) Kat:3, Licht: 0,162047,3,3,5,04,14,1,0,0,1,1,0,0,0,0
"POINT (11.034906193000040 49.467156196000076)",Unfall 162060 (2020) Kat:3, Licht: 0,162060,3,6,2,04,15,5,0,0,1,1,0,0,0,0
"POINT (11.001269949000061 49.449352675000057)",Unfall 162063 (2020) Kat:3, Licht: 0,162063,3,6,2,04,14,4,0,0,0,1,0,0,0,0
"POINT (11.092138697000053 49.468464767000057)",Unfall 162074 (2020) Kat:3, Licht: 0,162074,3,2,3,04,10,4,0,0,1,0,0,0,0,0
"POINT (11.086600041000054 49.453136325000060)",Unfall 162084 (2020) Kat:3, Licht: 0,162084,3,3,5,04,14,2,0,0,1,1,0,0,0,0
"POINT (11.059853967000038 49.450915904000055)",Unfall 162113 (2020) Kat:3, Licht: 0,162113,3,3,5,04,18,5,0,0,1,1,0,0,0,0
"POINT (11.025559227000031 49.470457794000026)",Unfall 162115 (2020) Kat:3, Licht: 0,162115,3,3,5,04,10,4,0,0,0,1,0,1,0,0
"POINT (11.089174566000054 49.445054502000062)",Unfall 162152 (2020) Kat:3, Licht: 0,162152,3,1,0,04,10,2,0,0,1,0,0,0,0,0
"POINT (11.105412804000025 49.424700365000035)",Unfall 162155 (2020) Kat:3, Licht: 0,162155,3,3,5,04,11,1,0,0,1,1,0,0,0,0
"POINT (11.114054700000054 49.481972147000079)",Unfall 162179 (2020) Kat:3, Licht: 0,162179,3,1,0,04,13,4,0,0,1,1,0,0,0,0
"POINT (11.079783059000022 49.415605617000040)",Unfall 162189 (2020) Kat:3, Licht: 0,162189,3,1,0,04,14,2,0,0,1,0,0,0,0,0
"POINT (11.032045002000075 49.458827745000065)",Unfall 162228 (2020) Kat:3, Licht: 0,162228,3,3,5,04,19,1,0,0,1,1,0,0,0,0
"POINT (11.119820213000025 49.443164976000048)",Unfall 162232 (2020) Kat:3, Licht: 0,162232,3,2,5,04,18,7,0,0,1,1,0,0,0,0
"POINT (11.088305299000069 49.464382519000026)",Unfall 162242 (2020) Kat:3, Licht: 0,162242,3,3,5,04,15,2,0,0,0,1,0,0,0,0
"POINT (11.023602739000069 49.462700413000050)",Unfall 162275 (2020) Kat:2, Licht: 0,162275,2,3,5,04,10,1,0,0,0,1,0,1,0,0
"POINT (11.020324999000024 49.487484989000052)",Unfall 162279 (2020) Kat:1, Licht: 0,162279,1,3,5,04,15,7,0,0,1,1,0,0,0,0
"POINT (11.016009170000075 49.453751013000044)",Unfall 162302 (2020) Kat:3, Licht: 0,162302,3,2,4,04,19,6,0,0,0,1,0,0,0,0
"POINT (11.062992866000059 49.457092218000071)",Unfall 162327 (2020) Kat:3, Licht: 0,162327,3,6,4,04,16,1,0,0,1,0,0,0,0,0
"POINT (11.066008237000062 49.385866929000031)",Unfall 162331 (2020) Kat:2, Licht: 0,162331,2,1,6,04,15,1,0,0,1,0,1,0,0,0
"POINT (11.065550155000039 49.460888720000071)",Unfall 162345 (2020) Kat:3, Licht: 0,162345,3,3,5,04,15,2,0,0,1,1,0,0,0,0
"POINT (11.091406084000027 49.436486600000080)",Unfall 162346 (2020) Kat:3, Licht: 0,162346,3,1,0,04,16,7,0,0,1,0,0,0,0,0
"POINT (11.115470048000077 49.436886452000067)",Unfall 162380 (2020) Kat:2, Licht: 0,162380,2,1,0,04,17,1,0,0,1,0,0,0,0,0
"POINT (11.098586046000037 49.459266142000047)",Unfall 162385 (2020) Kat:2, Licht: 2,162385,2,1,0,04,21,7,0,2,1,0,0,0,0,0
"POINT (11.084682861000033 49.455757485000049)",Unfall 162418 (2020) Kat:3, Licht: 0,162418,3,7,1,04,17,1,0,0,1,1,0,0,0,0
"POINT (11.070854234000024 49.403759938000064)",Unfall 162428 (2020) Kat:3, Licht: 0,162428,3,1,0,04,15,1,0,0,1,0,0,0,0,0
"POINT (11.089753879000057 49.441729710000061)",Unfall 162432 (2020) Kat:3, Licht: 0,162432,3,1,0,04,11,7,0,0,1,0,0,0,0,0
"POINT (11.071446951000041 49.474869915000056)",Unfall 162453 (2020) Kat:3, Licht: 0,162453,3,1,8,05,13,2,0,0,1,0,0,0,0,0
"POINT (11.050878919000070 49.445963548000066)",Unfall 162455 (2020) Kat:3, Licht: 0,162455,3,7,0,05,13,2,0,0,0,1,1,0,0,0
"POINT (11.053817469000023 49.447787243000050)",Unfall 162457 (2020) Kat:3, Licht: 0,162457,3,4,6,05,11,2,0,0,0,1,1,0,0,0
"POINT (11.072639903000038 49.473920354000029)",Unfall 162459 (2020) Kat:3, Licht: 0,162459,3,6,2,05,14,2,0,0,0,1,0,0,0,0
"POINT (11.106776400000058 49.417330507000031)",Unfall 162460 (2020) Kat:3, Licht: 0,162460,3,1,6,05,14,2,0,0,1,0,1,0,0,0
"POINT (11.110824915000023 49.476244911000038)",Unfall 162519 (2020) Kat:3, Licht: 0,162519,3,1,8,05,12,1,0,0,1,0,0,0,0,0
"POINT (11.109091171000046 49.444762218000051)",Unfall 162557 (2020) Kat:3, Licht: 0,162557,3,3,0,05,09,7,0,0,0,0,0,1,0,1
"POINT (11.070853677000059 49.407768798000063)",Unfall 162559 (2020) Kat:2, Licht: 0,162559,2,3,5,05,10,7,0,0,0,1,0,0,0,0
"POINT (11.003618561000053 49.450013525000031)",Unfall 162562 (2020) Kat:3, Licht: 0,162562,3,6,2,05,13,7,0,0,0,1,0,0,0,0
"POINT (10.999620918000062 49.446388100000036)",Unfall 162608 (2020) Kat:3, Licht: 0,162608,3,1,8,05,13,6,0,0,0,1,0,0,0,0
"POINT (11.138527476000036 49.414836371000035)",Unfall 162658 (2020) Kat:3, Licht: 0,162658,3,3,5,04,17,5,0,0,0,1,0,1,0,0
"POINT (11.071963090000054 49.476009552000050)",Unfall 162660 (2020) Kat:3, Licht: 0,162660,3,3,0,04,10,5,0,0,1,1,0,0,0,0
"POINT (11.101140068000063 49.459747560000039)",Unfall 162662 (2020) Kat:3, Licht: 0,162662,3,2,5,04,09,5,1,0,1,1,0,0,0,0
"POINT (11.108949786000039 49.451850533000027)",Unfall 162664 (2020) Kat:3, Licht: 0,162664,3,6,2,04,18,5,0,0,0,1,0,0,0,0
"POINT (11.079301460000067 49.441482962000066)",Unfall 162666 (2020) Kat:3, Licht: 0,162666,3,7,6,04,10,5,0,0,1,0,1,0,0,0
"POINT (11.172656015000030 49.403968007000060)",Unfall 162681 (2020) Kat:3, Licht: 0,162681,3,3,5,04,16,3,0,0,1,1,0,0,0,0
"POINT (11.078245169000070 49.460919303000026)",Unfall 162709 (2020) Kat:3, Licht: 0,162709,3,5,2,05,18,4,0,0,0,1,0,0,0,0
"POINT (11.124887937000040 49.409874851000041)",Unfall 162711 (2020) Kat:3, Licht: 0,162711,3,3,5,05,18,4,0,0,0,1,0,1,0,0
"POINT (11.089643736000028 49.447822108000025)",Unfall 162720 (2020) Kat:3, Licht: 0,162720,3,6,2,05,16,4,0,0,0,1,0,0,0,0
"POINT (11.085428641000021 49.460936402000073)",Unfall 162763 (2020) Kat:3, Licht: 0,162763,3,3,0,05,14,5,0,0,1,1,0,0,0,0
"POINT (11.087460498000041 49.438733423000031)",Unfall 162766 (2020) Kat:2, Licht: 0,162766,2,1,0,05,10,6,0,0,1,0,0,0,0,0
"POINT (11.014687779000042 49.453750700000057)",Unfall 162773 (2020) Kat:3, Licht: 0,162773,3,2,4,05,13,6,0,0,0,1,0,1,0,0
"POINT (11.022468583000034 49.454280839000035)",Unfall 162800 (2020) Kat:3, Licht: 0,162800,3,6,1,05,19,5,0,0,1,0,0,0,0,1
"POINT (11.058416691000048 49.446822527000052)",Unfall 162872 (2020) Kat:3, Licht: 0,162872,3,6,2,05,18,5,0,0,0,1,0,1,0,0
"POINT (11.131331992000071 49.438042930000051)",Unfall 162875 (2020) Kat:3, Licht: 0,162875,3,3,0,05,12,6,0,0,1,1,0,0,0,0
"POINT (11.071648412000059 49.457059902000026)",Unfall 162908 (2020) Kat:2, Licht: 2,162908,2,7,0,05,21,5,0,2,1,0,0,0,0,0
"POINT (11.071219998000061 49.430557350000072)",Unfall 162920 (2020) Kat:2, Licht: 0,162920,2,2,5,05,08,5,0,0,1,1,0,0,0,0
"POINT (11.078249904000074 49.455753562000041)",Unfall 162938 (2020) Kat:3, Licht: 0,162938,3,1,0,05,16,3,0,0,1,0,0,0,0,0
"POINT (11.085018034000029 49.422029719000079)",Unfall 162940 (2020) Kat:3, Licht: 0,162940,3,3,5,05,15,3,0,0,1,1,0,0,0,0
"POINT (11.253550284000028 49.436045774000036)",Unfall 162946 (2020) Kat:3, Licht: 0,162946,3,6,2,05,17,3,0,0,0,1,0,0,0,0
"POINT (11.088263547000054 49.473421834000078)",Unfall 162954 (2020) Kat:3, Licht: 0,162954,3,2,5,05,06,3,0,0,1,1,0,0,0,0
"POINT (11.055848100000048 49.439749822000067)",Unfall 162955 (2020) Kat:3, Licht: 0,162955,3,6,5,05,20,5,0,0,1,1,0,0,0,0
"POINT (11.162865397000076 49.466392322000047)",Unfall 162958 (2020) Kat:2, Licht: 0,162958,2,3,5,05,14,6,0,0,1,1,0,0,0,0
"POINT (11.066748728000050 49.431302073000040)",Unfall 163040 (2020) Kat:3, Licht: 0,163040,3,2,5,05,11,2,1,0,1,1,0,0,0,0
"POINT (11.081424451000032 49.470186981000040)",Unfall 163042 (2020) Kat:3, Licht: 0,163042,3,3,5,05,14,2,1,0,0,1,0,0,0,0
"POINT (11.092516813000032 49.461536624000075)",Unfall 163044 (2020) Kat:3, Licht: 0,163044,3,2,5,05,18,2,1,0,0,1,0,0,0,0
"POINT (11.099147877000064 49.463098918000071)",Unfall 163058 (2020) Kat:3, Licht: 0,163058,3,2,4,05,18,4,0,0,1,1,0,0,0,0
"POINT (11.102893264000045 49.459737697000037)",Unfall 163071 (2020) Kat:3, Licht: 0,163071,3,7,5,05,10,4,0,0,0,1,0,0,0,1
"POINT (11.097208918000035 49.444829734000052)",Unfall 163072 (2020) Kat:3, Licht: 0,163072,3,3,5,05,13,4,0,0,1,1,0,0,0,0
"POINT (11.041569075000041 49.407722806000038)",Unfall 163074 (2020) Kat:3, Licht: 0,163074,3,6,2,05,13,4,0,0,0,1,0,0,0,1
"POINT (11.063166374000048 49.425285834000078)",Unfall 163081 (2020) Kat:3, Licht: 0,163081,3,3,5,05,16,4,0,0,1,1,0,0,0,0
"POINT (11.042125574000067 49.455162306000034)",Unfall 163083 (2020) Kat:3, Licht: 0,163083,3,3,5,05,19,4,1,0,1,1,0,0,0,0
"POINT (11.043537817000072 49.494889291000050)",Unfall 163085 (2020) Kat:2, Licht: 0,163085,2,6,4,05,15,4,0,0,1,1,0,0,0,0
"POINT (11.070654044000037 49.432834437000054)",Unfall 163092 (2020) Kat:3, Licht: 0,163092,3,7,1,05,19,4,1,0,0,1,0,0,0,1
"POINT (11.092179750000071 49.461578929000041)",Unfall 163110 (2020) Kat:3, Licht: 0,163110,3,6,0,05,16,1,1,0,1,0,0,0,0,0
"POINT (11.079931126000076 49.431605096000055)",Unfall 163111 (2020) Kat:3, Licht: 0,163111,3,2,3,05,16,5,0,0,1,0,0,0,0,0
"POINT (11.052454309000041 49.443177426000034)",Unfall 163112 (2020) Kat:3, Licht: 0,163112,3,2,0,05,15,1,1,0,1,1,0,0,0,0
"POINT (11.055397697000046 49.439466601000049)",Unfall 163113 (2020) Kat:3, Licht: 0,163113,3,3,0,05,12,1,0,0,0,1,0,1,0,0
"POINT (11.097109322000051 49.443107383000040)",Unfall 163128 (2020) Kat:2, Licht: 0,163128,2,1,8,05,12,5,0,0,0,1,0,0,0,0
"POINT (11.083938561000025 49.442207561000032)",Unfall 163152 (2020) Kat:3, Licht: 2,163152,3,1,0,05,21,5,0,2,1,0,0,0,0,0
"POINT (11.081691104000072 49.455802293000033)",Unfall 163192 (2020) Kat:3, Licht: 0,163192,3,7,1,05,15,7,0,0,0,1,0,0,0,0
"POINT (11.096445697000036 49.407027174000063)",Unfall 163193 (2020) Kat:2, Licht: 0,163193,2,6,2,05,13,7,0,0,0,0,0,1,0,0
"POINT (11.083211639000069 49.449888739000073)",Unfall 163195 (2020) Kat:3, Licht: 0,163195,3,6,2,05,14,7,0,0,0,1,0,0,0,0
"POINT (11.125349993000043 49.440774058000045)",Unfall 163226 (2020) Kat:3, Licht: 0,163226,3,7,1,05,18,1,0,0,1,1,0,0,0,0
"POINT (11.058707153000057 49.450069138000060)",Unfall 163230 (2020) Kat:3, Licht: 0,163230,3,7,0,05,13,2,0,0,1,0,1,0,0,0
"POINT (11.119454508000047 49.410634712000046)",Unfall 163233 (2020) Kat:3, Licht: 0,163233,3,5,5,05,14,2,0,0,1,1,0,0,0,0
"POINT (11.060423609000054 49.459631944000080)",Unfall 163275 (2020) Kat:3, Licht: 0,163275,3,2,4,05,19,1,0,0,0,1,0,1,0,0
"POINT (11.063340061000076 49.446386348000033)",Unfall 163283 (2020) Kat:3, Licht: 0,163283,3,7,1,05,19,2,0,0,1,0,0,1,0,0
"POINT (11.095742540000060 49.458589973000073)",Unfall 163320 (2020) Kat:2, Licht: 0,163320,2,2,5,05,16,2,0,0,1,1,0,0,0,0
"POINT (11.086596383000028 49.449946346000047)",Unfall 163333 (2020) Kat:3, Licht: 0,163333,3,5,1,05,07,2,0,0,1,1,0,0,0,0
"POINT (11.076062608000029 49.441135429000042)",Unfall 163382 (2020) Kat:2, Licht: 0,163382,2,7,0,05,17,1,0,0,1,1,0,0,0,0
"POINT (11.108324410000023 49.505373412000040)",Unfall 163387 (2020) Kat:3, Licht: 0,163387,3,3,5,05,17,7,0,0,1,0,0,0,0,1
"POINT (11.143559624000034 49.412931664000041)",Unfall 163391 (2020) Kat:2, Licht: 0,163391,2,1,0,05,18,2,0,0,1,0,0,0,0,0
"POINT (11.076177925000025 49.432453265000049)",Unfall 163394 (2020) Kat:3, Licht: 0,163394,3,6,2,05,08,6,0,0,0,1,0,0,0,0
"POINT (11.075865804000046 49.462459677000027)",Unfall 163396 (2020) Kat:3, Licht: 0,163396,3,3,5,05,07,6,0,0,1,0,0,0,0,0
"POINT (11.069433952000054 49.447271737000051)",Unfall 163401 (2020) Kat:3, Licht: 0,163401,3,6,2,05,13,6,0,0,0,1,0,0,0,0
"POINT (11.131047083000055 49.419294356000080)",Unfall 163404 (2020) Kat:3, Licht: 0,163404,3,6,3,05,19,6,0,0,1,0,0,0,0,0
"POINT (11.136562076000075 49.454778286000078)",Unfall 163406 (2020) Kat:3, Licht: 0,163406,3,1,0,05,18,6,0,0,1,0,0,0,0,0
"POINT (11.119433049000065 49.410653360000026)",Unfall 163410 (2020) Kat:3, Licht: 0,163410,3,7,1,05,11,7,0,0,1,1,0,0,0,0
"POINT (11.097535641000036 49.445779231000074)",Unfall 163428 (2020) Kat:2, Licht: 0,163428,2,2,5,05,13,2,0,0,1,1,0,0,0,0
"POINT (11.027237746000026 49.466303034000077)",Unfall 163440 (2020) Kat:2, Licht: 0,163440,2,3,5,05,20,2,0,0,1,1,0,0,0,0
"POINT (11.089379289000021 49.436590709000029)",Unfall 163469 (2020) Kat:2, Licht: 0,163469,2,1,0,05,12,7,0,0,1,0,0,0,0,0
"POINT (11.102525257000025 49.474655747000043)",Unfall 163622 (2020) Kat:3, Licht: 0,163622,3,1,0,05,16,5,0,0,1,0,0,0,0,0
"POINT (11.108370634000039 49.406103264000080)",Unfall 163632 (2020) Kat:3, Licht: 0,163632,3,3,5,05,07,3,0,0,0,1,0,0,0,1
"POINT (11.055823744000065 49.469423450000079)",Unfall 163633 (2020) Kat:3, Licht: 0,163633,3,3,5,05,17,5,0,0,1,1,0,0,0,0
"POINT (11.081006217000038 49.455817893000074)",Unfall 163638 (2020) Kat:2, Licht: 0,163638,2,2,3,05,12,3,0,0,1,0,0,1,0,0
"POINT (11.090027291000069 49.459057202000054)",Unfall 163640 (2020) Kat:2, Licht: 0,163640,2,5,1,05,09,3,0,0,1,1,0,0,0,0
"POINT (11.063823258000070 49.458612732000063)",Unfall 163641 (2020) Kat:3, Licht: 0,163641,3,7,1,05,19,4,0,0,0,1,0,0,0,0
"POINT (11.088652483000033 49.466057555000077)",Unfall 163642 (2020) Kat:3, Licht: 0,163642,3,4,6,05,13,3,0,0,0,1,1,0,0,0
"POINT (11.086892294000052 49.436653463000027)",Unfall 163643 (2020) Kat:2, Licht: 1,163643,2,7,1,05,20,4,0,1,0,1,0,1,0,0
"POINT (11.052133521000030 49.439644317000045)",Unfall 163647 (2020) Kat:3, Licht: 0,163647,3,3,0,05,20,3,0,0,1,1,0,0,0,0
"POINT (11.100522724000029 49.455845799000031)",Unfall 163672 (2020) Kat:3, Licht: 0,163672,3,1,0,05,16,5,0,0,1,0,0,0,0,0
"POINT (11.047236614000042 49.423726791000036)",Unfall 163676 (2020) Kat:3, Licht: 0,163676,3,1,8,05,18,5,0,0,1,0,0,0,0,0
"POINT (11.076072723000038 49.455474304000063)",Unfall 163684 (2020) Kat:3, Licht: 2,163684,3,1,0,05,23,5,0,2,1,0,0,0,0,0
"POINT (11.056177900000023 49.353912012000080)",Unfall 163723 (2020) Kat:3, Licht: 0,163723,3,1,0,05,19,5,0,0,1,1,0,0,0,0