WKT,Name,OBJECTID,UKATEGORIE,UTYP1,UART,UMONAT,USTUNDE,UWOCHENTAG,STRZUSTAND,ULICHTVERH,ISTRAD,ISTPKW,ISTFUSS,ISTKRAD,ISTGKFZ,ISTSONSTIG
"POINT (11.053413485000021 49.445226393000041)",Unfall 163745 (2020) Kat:3, Licht: 0,163745,3,6,2,05,18,2,0,0,0,1,0,0,1,0
"POINT (11.065099555000074 49.416685827000038)",Unfall 163778 (2020) Kat:3, Licht: 0,163778,3,1,0,05,16,1,0,0,1,0,0,0,0,0
"POINT (11.012098494000043 49.448807926000029)",Unfall 163780 (2020) Kat:2, Licht: 0,163780,2,1,0,05,15,7,1,0,1,0,0,0,0,0
"POINT (11.019959542000038 49.453450727000074)",Unfall 163806 (2020) Kat:3, Licht: 0,163806,3,6,5,05,08,3,0,0,1,0,0,0,0,0
"POINT (11.053386430000046 49.445210447000079)",Unfall 163853 (2020) Kat:3, Licht: 0,163853,3,6,2,05,18,2,0,0,0,1,0,0,1,0
"POINT (11.007341346000032 49.522734871000068)",Unfall 163854 (2020) Kat:3, Licht: 0,163854,3,3,5,05,17,6,0,0,1,1,0,0,0,0
"POINT (11.053106088000050 49.451949027000069)",Unfall 163861 (2020) Kat:2, Licht: 0,163861,2,3,5,05,18,6,0,0,1,1,0,0,0,0
"POINT (11.070022271000028 49.464890754000066)",Unfall 163865 (2020) Kat:3, Licht: 0,163865,3,1,0,05,14,6,0,0,1,0,0,0,0,0
"POINT (11.125318680000021 49.464301195000075)",Unfall 163868 (2020) Kat:3, Licht: 0,163868,3,6,0,05,19,6,0,0,1,1,0,0,0,0
"POINT (11.035041829000022 49.449031663000028)",Unfall 163888 (2020) Kat:3, Licht: 0,163888,3,3,5,05,10,1,0,0,0,1,0,0,0,0
"POINT (11.081795083000031 49.439100648000078)",Unfall 163907 (2020) Kat:3, Licht: 0,163907,3,7,1,05,10,2,0,0,1,0,0,0,1,0
"POINT (11.082861971000057 49.440567817000044)",Unfall 163916 (2020) Kat:3, Licht: 0,163916,3,6,2,05,18,3,0,0,1,1,0,0,0,0
"POINT (11.096834040000033 49.465857076000077)",Unfall 163959 (2020) Kat:3, Licht: 0,163959,3,6,2,05,15,7,1,0,0,1,0,0,0,0
"POINT (11.022035586000072 49.516078196000080)",Unfall 163967 (2020) Kat:3, Licht: 0,163967,3,3,5,05,09,3,0,0,0,1,0,0,0,0
"POINT (11.104261285000064 49.486924124000041)",Unfall 164005 (2020) Kat:3, Licht: 0,164005,3,3,5,05,17,7,0,0,1,1,0,0,0,0
"POINT (11.092018071000041 49.444338810000033)",Unfall 164040 (2020) Kat:3, Licht: 0,164040,3,3,5,05,18,1,0,0,1,1,0,0,0,0
"POINT (11.094820272000049 49.443094752000036)",Unfall 164094 (2020) Kat:3, Licht: 0,164094,3,6,0,05,13,6,0,0,0,1,0,0,0,0
"POINT (11.036450069000068 49.433880081000041)",Unfall 164097 (2020) Kat:2, Licht: 0,164097,2,3,5,05,15,6,0,0,1,1,0,0,0,0
"POINT (11.049072106000040 49.408285455000055)",Unfall 164100 (2020) Kat:3, Licht: 0,164100,3,6,2,05,06,6,0,0,0,1,0,1,0,0
"POINT (11.132134025000028 49.405345882000063)",Unfall 164103 (2020) Kat:3, Licht: 0,164103,3,2,0,05,19,6,0,0,0,1,0,0,0,1
"POINT (11.029731097000024 49.396895695000069)",Unfall 164148 (2020) Kat:3, Licht: 0,164148,3,1,0,05,11,1,0,0,1,0,0,0,0,0
"POINT (11.142442793000043 49.459240497000053)",Unfall 164173 (2020) Kat:3, Licht: 0,164173,3,1,7,05,16,4,0,0,1,0,0,0,0,0
"POINT (11.083193281000035 49.436320585000033)",Unfall 164179 (2020) Kat:2, Licht: 0,164179,2,3,5,05,06,4,0,0,0,1,0,0,0,0
"POINT (11.082579962000068 49.419582588000026)",Unfall 164186 (2020) Kat:3, Licht: 0,164186,3,6,2,05,16,4,0,0,0,1,0,0,0,0
"POINT (11.172932613000057 49.465734000000054)",Unfall 164188 (2020) Kat:3, Licht: 0,164188,3,4,6,05,13,4,0,0,1,0,1,0,0,0
"POINT (11.080842448000055 49.443754655000077)",Unfall 164194 (2020) Kat:3, Licht: 0,164194,3,1,0,05,16,4,0,0,1,0,0,0,0,0
"POINT (11.067646887000024 49.450024141000029)",Unfall 164198 (2020) Kat:3, Licht: 0,164198,3,7,1,05,17,4,0,0,1,1,0,0,0,0
"POINT (11.003228898000032 49.450514058000067)",Unfall 164202 (2020) Kat:3, Licht: 0,164202,3,3,5,05,15,7,0,0,0,1,0,0,0,0
"POINT (11.095745700000066 49.458579681000060)",Unfall 164217 (2020) Kat:3, Licht: 0,164217,3,2,4,05,15,5,0,0,0,1,0,0,0,0
"POINT (11.139242039000067 49.415260781000029)",Unfall 164218 (2020) Kat:3, Licht: 0,164218,3,2,5,05,19,5,0,0,0,1,0,0,0,0
"POINT (11.060504377000029 49.484403107000048)",Unfall 164220 (2020) Kat:2, Licht: 0,164220,2,1,0,05,13,5,0,0,1,0,0,0,0,0
"POINT (11.081583738000063 49.417977448000045)",Unfall 164221 (2020) Kat:3, Licht: 0,164221,3,6,2,05,15,5,0,0,0,1,0,0,0,0
"POINT (11.072654523000040 49.409406657000034)",Unfall 164253 (2020) Kat:3, Licht: 2,164253,3,6,2,05,23,1,0,2,0,1,0,0,0,0
"POINT (11.105614646000049 49.443879118000041)",Unfall 164259 (2020) Kat:3, Licht: 0,164259,3,1,0,05,13,7,0,0,1,0,0,0,0,0
"POINT (11.055674998000029 49.450998133000041)",Unfall 164262 (2020) Kat:2, Licht: 0,164262,2,1,0,05,15,7,0,0,0,0,0,1,0,0
"POINT (11.069579851000071 49.458302340000046)",Unfall 164287 (2020) Kat:3, Licht: 2,164287,3,7,0,06,22,2,0,2,1,1,0,0,0,0
"POINT (11.067889485000023 49.436710405000042)",Unfall 164293 (2020) Kat:3, Licht: 0,164293,3,2,4,06,15,2,0,0,1,1,0,0,0,0
"POINT (11.052631496000060 49.433982098000058)",Unfall 164296 (2020) Kat:3, Licht: 0,164296,3,5,1,06,12,4,0,0,1,1,0,0,0,0
"POINT (11.068628701000023 49.425558555000066)",Unfall 164321 (2020) Kat:3, Licht: 0,164321,3,3,5,06,18,3,0,0,0,1,0,0,0,0
"POINT (11.086729527000045 49.443676537000044)",Unfall 164334 (2020) Kat:3, Licht: 0,164334,3,1,0,06,17,3,0,0,1,0,0,0,0,0
"POINT (11.107935975000032 49.472891288000028)",Unfall 164372 (2020) Kat:3, Licht: 0,164372,3,2,6,06,09,3,0,0,0,1,1,0,0,0
"POINT (11.142674636000038 49.459281063000049)",Unfall 164406 (2020) Kat:3, Licht: 0,164406,3,2,3,06,18,4,0,0,1,0,0,0,0,0
"POINT (11.081485470000075 49.458489397000051)",Unfall 164428 (2020) Kat:2, Licht: 0,164428,2,1,0,06,15,3,0,0,1,0,0,0,0,0
"POINT (11.105486269000039 49.477987856000027)",Unfall 164442 (2020) Kat:3, Licht: 0,164442,3,3,5,06,19,3,0,0,1,0,0,0,0,0
"POINT (11.057901578000042 49.460207346000061)",Unfall 164480 (2020) Kat:3, Licht: 0,164480,3,1,0,06,19,3,0,0,1,0,0,0,0,0
"POINT (11.107925322000028 49.466201024000043)",Unfall 164490 (2020) Kat:3, Licht: 0,164490,3,7,5,06,12,3,0,0,1,1,0,0,0,0
"POINT (11.066812991000063 49.450072958000078)",Unfall 164509 (2020) Kat:3, Licht: 0,164509,3,7,0,06,10,4,0,0,1,0,0,0,0,0
"POINT (11.032522770000071 49.421643566000057)",Unfall 164528 (2020) Kat:3, Licht: 0,164528,3,4,6,06,08,3,0,0,0,1,1,0,0,0
"POINT (11.008340477000047 49.445895785000062)",Unfall 164544 (2020) Kat:3, Licht: 0,164544,3,2,5,06,17,2,0,0,0,1,0,0,0,0
"POINT (11.092844693000075 49.446369545000039)",Unfall 164547 (2020) Kat:3, Licht: 0,164547,3,6,3,06,14,2,0,0,0,1,0,0,0,1
"POINT (11.061477357000058 49.445852947000049)",Unfall 164548 (2020) Kat:3, Licht: 0,164548,3,1,0,06,07,2,0,0,1,0,0,0,0,0
"POINT (11.063366109000071 49.454133093000053)",Unfall 164550 (2020) Kat:3, Licht: 0,164550,3,1,0,06,19,2,0,0,1,0,0,0,0,0
"POINT (11.077032343000042 49.448709740000027)",Unfall 164556 (2020) Kat:3, Licht: 1,164556,3,1,0,06,18,5,1,1,0,0,0,1,0,0
"POINT (11.081897124000022 49.440397233000056)",Unfall 164559 (2020) Kat:3, Licht: 2,164559,3,2,5,06,21,5,1,2,0,1,0,0,0,0
"POINT (11.064705753000055 49.440174296000066)",Unfall 164629 (2020) Kat:3, Licht: 2,164629,3,3,5,06,21,3,1,2,0,1,0,0,0,0
"POINT (11.018273696000051 49.457860286000027)",Unfall 164651 (2020) Kat:3, Licht: 0,164651,3,3,5,06,19,7,0,0,1,1,0,0,0,0
"POINT (11.185335016000067 49.425163944000076)",Unfall 164652 (2020) Kat:3, Licht: 0,164652,3,3,5,06,12,7,0,0,1,1,0,0,0,0
"POINT (11.129286880000052 49.430502819000026)",Unfall 164707 (2020) Kat:3, Licht: 0,164707,3,2,5,06,16,6,1,0,0,1,0,0,0,1
"POINT (11.132110881000074 49.405336094000063)",Unfall 164709 (2020) Kat:3, Licht: 0,164709,3,2,5,06,13,6,0,0,0,1,0,0,0,1
"POINT (11.087222580000059 49.453819336000038)",Unfall 164710 (2020) Kat:3, Licht: 0,164710,3,7,6,06,09,6,1,0,1,0,1,0,0,0
"POINT (11.086597994000044 49.447235197000055)",Unfall 164711 (2020) Kat:3, Licht: 0,164711,3,6,1,06,15,6,1,0,0,1,0,0,0,1
"POINT (11.045692218000056 49.428926140000044)",Unfall 164713 (2020) Kat:3, Licht: 0,164713,3,1,0,06,07,6,0,0,1,0,0,0,0,0
"POINT (11.054354747000048 49.463634805000027)",Unfall 164715 (2020) Kat:3, Licht: 0,164715,3,3,0,06,11,6,0,0,0,1,0,1,0,0
"POINT (11.085984311000061 49.370554907000042)",Unfall 164789 (2020) Kat:3, Licht: 0,164789,3,1,0,06,14,5,0,0,1,0,0,0,0,0
"POINT (11.022260842000037 49.388257778000082)",Unfall 164890 (2020) Kat:2, Licht: 0,164890,2,1,0,06,18,5,0,0,1,0,0,0,0,0
"POINT (11.047248897000031 49.396886550000033)",Unfall 164903 (2020) Kat:3, Licht: 0,164903,3,3,5,06,15,6,0,0,0,1,0,0,1,0
"POINT (11.050080410000021 49.439467340000078)",Unfall 164905 (2020) Kat:3, Licht: 0,164905,3,3,5,06,17,6,0,0,1,0,0,0,0,1
"POINT (11.089055007000070 49.436612895000053)",Unfall 164912 (2020) Kat:3, Licht: 0,164912,3,6,2,06,17,6,0,0,0,1,0,0,0,0
"POINT (11.023573344000056 49.454840787000080)",Unfall 164914 (2020) Kat:3, Licht: 0,164914,3,1,0,06,17,4,0,0,1,0,0,0,0,0
"POINT (11.137144474000024 49.402127021000069)",Unfall 164915 (2020) Kat:3, Licht: 0,164915,3,7,0,06,10,6,0,0,0,0,1,1,0,0
"POINT (11.020299021000028 49.459390753000037)",Unfall 164918 (2020) Kat:3, Licht: 0,164918,3,6,2,06,14,6,0,0,0,1,0,0,0,0
"POINT (11.068896559000052 49.417221476000066)",Unfall 164924 (2020) Kat:3, Licht: 0,164924,3,3,5,06,20,6,0,0,1,1,0,0,0,0
"POINT (11.058851615000037 49.450023821000059)",Unfall 164935 (2020) Kat:3, Licht: 0,164935,3,6,6,06,19,6,0,0,1,0,1,0,0,0
"POINT (11.092451564000044 49.442314535000037)",Unfall 164940 (2020) Kat:3, Licht: 0,164940,3,1,0,06,09,6,0,0,0,0,0,0,0,1
"POINT (11.028516344000025 49.381182957000078)",Unfall 164941 (2020) Kat:3, Licht: 0,164941,3,1,0,06,10,5,1,0,1,0,0,0,0,0
"POINT (11.172627460000058 49.464416741000036)",Unfall 164994 (2020) Kat:3, Licht: 0,164994,3,1,5,06,20,5,0,0,1,1,0,0,0,0
"POINT (11.086216096000044 49.435814499000060)",Unfall 165038 (2020) Kat:2, Licht: 0,165038,2,2,6,06,10,4,0,0,0,1,1,0,0,0
"POINT (11.039071551000063 49.457643213000040)",Unfall 165074 (2020) Kat:3, Licht: 0,165074,3,7,1,06,14,1,1,0,0,1,0,0,0,1
"POINT (11.063383640000040 49.424207002000060)",Unfall 165075 (2020) Kat:3, Licht: 0,165075,3,3,5,06,18,4,0,0,1,1,0,0,0,0
"POINT (11.092370270000060 49.461256676000062)",Unfall 165080 (2020) Kat:3, Licht: 0,165080,3,7,0,06,13,2,1,0,0,1,0,0,0,0
"POINT (11.079683295000052 49.415348038000047)",Unfall 165083 (2020) Kat:2, Licht: 2,165083,2,1,0,06,21,3,0,2,1,0,0,0,0,0
"POINT (11.154576660000032 49.465295551000054)",Unfall 165086 (2020) Kat:3, Licht: 0,165086,3,7,1,06,17,1,1,0,0,1,0,0,0,0
"POINT (11.107445208000058 49.439740282000059)",Unfall 165116 (2020) Kat:3, Licht: 0,165116,3,3,5,06,18,2,0,0,0,1,0,1,1,0
"POINT (11.036723693000056 49.412655225000037)",Unfall 165132 (2020) Kat:3, Licht: 0,165132,3,7,1,06,14,3,0,0,0,1,0,0,0,0
"POINT (11.068392273000029 49.444520757000078)",Unfall 165140 (2020) Kat:3, Licht: 0,165140,3,6,2,06,14,4,0,0,0,1,0,0,0,0
"POINT (11.068837127000052 49.445346176000044)",Unfall 165169 (2020) Kat:3, Licht: 0,165169,3,6,0,06,10,7,0,0,0,1,0,1,0,0
"POINT (11.083372333000057 49.447345510000048)",Unfall 165170 (2020) Kat:3, Licht: 0,165170,3,1,0,06,12,2,1,0,1,0,0,0,0,0
"POINT (11.101581636000049 49.474669667000057)",Unfall 165174 (2020) Kat:3, Licht: 0,165174,3,3,5,06,20,7,0,0,1,0,0,1,0,0
"POINT (11.093805562000057 49.442320944000073)",Unfall 165179 (2020) Kat:3, Licht: 0,165179,3,1,0,06,13,7,0,0,1,0,0,0,0,0
"POINT (11.107478629000070 49.484788086000037)",Unfall 165189 (2020) Kat:3, Licht: 0,165189,3,6,2,06,15,3,0,0,0,1,0,0,0,0
"POINT (11.050208763000057 49.461672940000028)",Unfall 165193 (2020) Kat:3, Licht: 0,165193,3,7,0,06,13,4,0,0,0,0,1,0,0,1
"POINT (11.022791134000045 49.433950030000062)",Unfall 165223 (2020) Kat:3, Licht: 0,165223,3,1,0,06,18,2,1,0,0,0,0,1,0,0
"POINT (11.079721875000075 49.455844934000027)",Unfall 165231 (2020) Kat:3, Licht: 0,165231,3,7,0,06,17,4,0,0,0,0,0,0,0,1
"POINT (11.081582134000030 49.441349160000073)",Unfall 165240 (2020) Kat:3, Licht: 0,165240,3,6,2,06,17,3,0,0,0,1,0,0,0,0
"POINT (11.032775871000069 49.421250885000063)",Unfall 165273 (2020) Kat:3, Licht: 0,165273,3,6,2,06,16,2,1,0,0,1,1,0,0,0
"POINT (11.096265166000023 49.451883682000073)",Unfall 165288 (2020) Kat:3, Licht: 0,165288,3,6,2,06,17,3,0,0,0,1,0,0,0,0
"POINT (11.052749230000074 49.400703676000035)",Unfall 165371 (2020) Kat:3, Licht: 0,165371,3,1,0,06,11,6,0,0,1,0,0,0,0,0
"POINT (11.042976686000031 49.420491540000057)",Unfall 165373 (2020) Kat:3, Licht: 0,165373,3,3,5,06,18,6,0,0,1,0,0,0,0,0
"POINT (11.076540785000077 49.439701895000042)",Unfall 165375 (2020) Kat:2, Licht: 0,165375,2,1,0,06,14,6,0,0,1,0,0,0,0,0
"POINT (11.102864649000026 49.474619617000030)",Unfall 165376 (2020) Kat:3, Licht: 0,165376,3,2,4,06,12,6,0,0,0,1,0,0,0,0
"POINT (11.088681679000047 49.466002639000067)",Unfall 165378 (2020) Kat:3, Licht: 0,165378,3,3,5,06,12,6,0,0,0,1,0,1,0,0
"POINT (11.062270747000071 49.454326704000039)",Unfall 165380 (2020) Kat:3, Licht: 0,165380,3,1,6,06,09,6,0,0,0,0,1,1,0,0
"POINT (11.175287053000034 49.413575075000040)",Unfall 165382 (2020) Kat:2, Licht: 0,165382,2,3,6,06,17,6,0,0,0,0,1,0,1,0
"POINT (11.058759173000055 49.443229319000068)",Unfall 165492 (2020) Kat:3, Licht: 0,165492,3,3,0,06,14,1,0,0,0,1,0,0,0,0
"POINT (11.071126858000071 49.468890828000042)",Unfall 165500 (2020) Kat:2, Licht: 0,165500,2,1,0,06,09,1,0,0,1,0,0,0,0,0
"POINT (11.036527205000027 49.471783071000061)",Unfall 165502 (2020) Kat:3, Licht: 0,165502,3,1,0,06,17,5,0,0,1,0,0,0,0,0
"POINT (11.058659096000042 49.459989384000039)",Unfall 165504 (2020) Kat:3, Licht: 2,165504,3,3,0,06,22,5,0,2,1,1,0,0,0,0
"POINT (11.088930987000026 49.444800498000063)",Unfall 165505 (2020) Kat:3, Licht: 0,165505,3,7,0,06,18,7,1,0,1,0,0,0,0,0
"POINT (11.046569577000071 49.432575552000060)",Unfall 165506 (2020) Kat:3, Licht: 0,165506,3,3,5,06,07,5,0,0,1,1,0,0,0,0
"POINT (11.006796148000035 49.425607063000029)",Unfall 165508 (2020) Kat:3, Licht: 0,165508,3,7,0,06,18,7,0,0,1,0,0,0,0,0
"POINT (11.121111343000052 49.433769738000080)",Unfall 165538 (2020) Kat:3, Licht: 2,165538,3,7,2,06,21,1,0,2,0,1,0,1,0,0
"POINT (11.074563501000057 49.437971206000043)",Unfall 165562 (2020) Kat:3, Licht: 2,165562,3,3,5,06,22,4,0,2,0,1,0,0,0,0
"POINT (11.036240209000027 49.513422949000073)",Unfall 165614 (2020) Kat:3, Licht: 0,165614,3,1,0,06,17,3,0,0,1,0,0,0,0,0
"POINT (11.082167328000025 49.463385646000063)",Unfall 165616 (2020) Kat:3, Licht: 0,165616,3,3,4,06,08,4,0,0,1,1,0,0,0,0
"POINT (11.006498820000047 49.433996335000074)",Unfall 165650 (2020) Kat:3, Licht: 0,165650,3,1,0,06,17,3,0,0,1,0,0,0,0,0
"POINT (11.072416192000048 49.433628669000029)",Unfall 165665 (2020) Kat:3, Licht: 0,165665,3,1,0,06,05,3,0,0,1,0,0,0,0,0
"POINT (11.092035964000047 49.433432355000036)",Unfall 165667 (2020) Kat:3, Licht: 0,165667,3,1,0,06,08,4,0,0,1,0,0,0,0,0
"POINT (11.079018223000048 49.442369735000057)",Unfall 165712 (2020) Kat:3, Licht: 0,165712,3,1,0,06,07,2,0,0,1,0,0,0,0,0
"POINT (11.048550287000069 49.441432241000030)",Unfall 165714 (2020) Kat:3, Licht: 1,165714,3,3,5,06,21,2,0,1,1,1,0,0,0,0
"POINT (11.081172200000026 49.452834502000030)",Unfall 165717 (2020) Kat:3, Licht: 0,165717,3,6,4,06,17,2,0,0,1,0,0,0,0,0
"POINT (11.062937039000076 49.449426044000063)",Unfall 165720 (2020) Kat:3, Licht: 0,165720,3,3,5,06,10,3,0,0,1,1,0,0,0,0
"POINT (11.105016377000027 49.484102078000035)",Unfall 165721 (2020) Kat:2, Licht: 0,165721,2,2,5,06,07,2,0,0,1,1,0,0,0,0
"POINT (11.046491594000031 49.442197343000032)",Unfall 165726 (2020) Kat:3, Licht: 0,165726,3,1,0,06,14,2,0,0,1,0,0,0,0,0
"POINT (11.037418881000065 49.382907323000040)",Unfall 165729 (2020) Kat:3, Licht: 0,165729,3,1,0,06,16,2,0,0,1,0,0,0,0,0
"POINT (11.089542810000069 49.457672544000047)",Unfall 165770 (2020) Kat:3, Licht: 0,165770,3,1,0,06,16,3,0,0,1,0,0,0,0,0
"POINT (11.064142693000065 49.446687994000058)",Unfall 165772 (2020) Kat:3, Licht: 0,165772,3,3,5,06,12,4,0,0,1,0,0,0,0,0
"POINT (11.137168221000024 49.462772006000080)",Unfall 165806 (2020) Kat:3, Licht: 0,165806,3,4,6,06,17,3,0,0,0,0,1,0,0,1
"POINT (11.101358184000048 49.428881198000056)",Unfall 165901 (2020) Kat:3, Licht: 0,165901,3,3,5,06,16,7,1,0,1,1,0,0,0,0
"POINT (11.085633327000039 49.450285049000058)",Unfall 165911 (2020) Kat:3, Licht: 2,165911,3,3,5,06,23,7,0,2,0,1,0,0,0,0
"POINT (11.080191968000065 49.446651094000060)",Unfall 165924 (2020) Kat:2, Licht: 0,165924,2,1,0,06,11,5,0,0,1,0,0,0,0,0
"POINT (11.081421861000024 49.449050062000026)",Unfall 165930 (2020) Kat:2, Licht: 0,165930,2,1,0,06,15,5,0,0,1,0,0,0,0,0
"POINT (11.114999788000034 49.466294455000082)",Unfall 165933 (2020) Kat:2, Licht: 0,165933,2,7,1,06,07,5,0,0,1,1,0,0,0,0
"POINT (11.045573585000056 49.454184595000072)",Unfall 165936 (2020) Kat:3, Licht: 2,165936,3,3,5,06,22,5,0,2,1,1,0,0,0,0
"POINT (11.147006476000058 49.398817310000027)",Unfall 165942 (2020) Kat:3, Licht: 0,165942,3,2,4,06,17,5,0,0,0,1,0,1,0,0
"POINT (11.099246455000070 49.443078976000038)",Unfall 165943 (2020) Kat:3, Licht: 0,165943,3,2,3,06,20,7,0,0,1,1,0,0,0,0
"POINT (11.117752976000077 49.480920340000068)",Unfall 165946 (2020) Kat:3, Licht: 0,165946,3,3,5,06,15,6,0,0,0,1,0,0,0,0
"POINT (11.081059295000045 49.430947580000065)",Unfall 165947 (2020) Kat:3, Licht: 0,165947,3,6,3,06,14,5,0,0,0,1,0,0,0,0
"POINT (11.081352581000033 49.401398025000049)",Unfall 165948 (2020) Kat:3, Licht: 0,165948,3,6,4,06,13,6,0,0,1,0,0,0,0,0
"POINT (11.069186046000027 49.452750619000028)",Unfall 165949 (2020) Kat:3, Licht: 0,165949,3,6,2,06,15,6,0,0,0,1,0,0,0,0
"POINT (11.069425482000042 49.452567682000051)",Unfall 165951 (2020) Kat:3, Licht: 0,165951,3,2,3,06,15,6,0,0,1,1,0,0,0,0
"POINT (11.103797360000044 49.450730889000056)",Unfall 165952 (2020) Kat:3, Licht: 2,165952,3,3,5,06,23,6,0,2,1,0,0,1,0,0
"POINT (11.011510370000053 49.431280649000030)",Unfall 165955 (2020) Kat:3, Licht: 0,165955,3,1,0,06,11,7,0,0,1,0,0,0,0,0
"POINT (11.080215243000055 49.431835206000073)",Unfall 165967 (2020) Kat:3, Licht: 0,165967,3,1,0,06,16,7,1,0,1,0,0,0,0,0
"POINT (11.134038484000030 49.404511690000049)",Unfall 166005 (2020) Kat:3, Licht: 2,166005,3,3,5,06,00,7,0,2,0,1,0,0,0,0
"POINT (11.078533450000066 49.463294606000034)",Unfall 166080 (2020) Kat:3, Licht: 0,166080,3,3,5,07,09,4,0,0,1,1,0,0,0,0
"POINT (11.129724424000074 49.475084164000066)",Unfall 166082 (2020) Kat:3, Licht: 0,166082,3,1,0,06,16,2,0,0,1,0,0,0,0,0
"POINT (11.047430974000065 49.423457181000060)",Unfall 166116 (2020) Kat:3, Licht: 0,166116,3,1,0,06,17,3,1,0,1,0,0,0,0,0
"POINT (11.083663546000025 49.460734201000037)",Unfall 166130 (2020) Kat:3, Licht: 0,166130,3,6,2,06,12,3,0,0,1,1,0,0,0,0
"POINT (11.065049563000059 49.447198881000077)",Unfall 166143 (2020) Kat:3, Licht: 0,166143,3,1,0,07,09,4,0,0,1,0,0,0,0,0
"POINT (11.083711923000067 49.456008136000037)",Unfall 166145 (2020) Kat:3, Licht: 2,166145,3,1,0,06,23,2,0,2,1,0,0,0,0,0
"POINT (11.076408644000026 49.493380106000075)",Unfall 166154 (2020) Kat:3, Licht: 0,166154,3,1,0,06,16,1,1,0,1,0,0,0,0,0
"POINT (11.047828002000074 49.441579282000077)",Unfall 166164 (2020) Kat:3, Licht: 0,166164,3,7,0,06,19,2,0,0,0,1,0,0,0,0
"POINT (11.022634320000066 49.433951985000078)",Unfall 166165 (2020) Kat:2, Licht: 0,166165,2,1,0,06,12,3,0,0,1,0,0,0,0,0
"POINT (11.111231072000066 49.391424860000029)",Unfall 166184 (2020) Kat:2, Licht: 0,166184,2,5,0,07,13,4,0,0,1,1,0,0,0,0
"POINT (11.031601895000051 49.473634613000058)",Unfall 166195 (2020) Kat:3, Licht: 0,166195,3,6,2,07,14,4,0,0,0,1,0,0,0,0
"POINT (11.045281885000065 49.454378953000059)",Unfall 166198 (2020) Kat:3, Licht: 0,166198,3,4,6,06,10,2,0,0,0,1,1,0,0,0
"POINT (11.018038815000068 49.455287590000069)",Unfall 166222 (2020) Kat:2, Licht: 0,166222,2,1,0,06,11,3,0,0,1,0,0,0,0,0
"POINT (11.089025743000036 49.447640300000046)",Unfall 166223 (2020) Kat:3, Licht: 0,166223,3,3,5,06,15,3,0,0,0,0,0,1,0,1
"POINT (11.050603590000037 49.433171408000078)",Unfall 166236 (2020) Kat:3, Licht: 0,166236,3,1,6,07,10,4,0,0,0,0,1,0,1,0
"POINT (11.043024525000021 49.447267471000032)",Unfall 166239 (2020) Kat:3, Licht: 0,166239,3,3,5,06,16,2,0,0,1,1,0,0,0,0
"POINT (11.095698289000040 49.445856440000057)",Unfall 166275 (2020) Kat:3, Licht: 0,166275,3,6,2,06,07,3,0,0,0,1,0,0,0,1
"POINT (11.089276915000028 49.456914814000072)",Unfall 166288 (2020) Kat:2, Licht: 0,166288,2,7,0,06,15,3,0,0,0,0,0,0,0,1
"POINT (11.068363084000055 49.468416081000044)",Unfall 166291 (2020) Kat:3, Licht: 0,166291,3,1,0,07,19,4,0,0,1,0,0,0,0,0
"POINT (11.131663702000026 49.473235914000043)",Unfall 166302 (2020) Kat:3, Licht: 0,166302,3,6,2,07,06,4,0,0,0,1,0,0,0,0
"POINT (11.082232030000057 49.460928357000057)",Unfall 166304 (2020) Kat:3, Licht: 0,166304,3,2,6,06,16,2,0,0,0,1,1,0,0,0
"POINT (11.067699461000075 49.450348310000038)",Unfall 166323 (2020) Kat:3, Licht: 0,166323,3,1,0,06,15,3,0,0,1,0,0,0,0,0
"POINT (11.034707378000064 49.490932046000069)",Unfall 166365 (2020) Kat:3, Licht: 0,166365,3,6,3,07,13,7,0,0,1,0,0,0,0,1
"POINT (11.065313887000059 49.441377435000049)",Unfall 166450 (2020) Kat:3, Licht: 0,166450,3,2,3,07,12,5,0,0,0,1,0,1,0,0
"POINT (11.138086848000057 49.414614311000037)",Unfall 166451 (2020) Kat:3, Licht: 0,166451,3,3,5,07,16,5,0,0,1,1,0,0,0,0
"POINT (11.077719216000048 49.460896592000040)",Unfall 166454 (2020) Kat:3, Licht: 0,166454,3,1,0,07,12,5,1,0,1,0,0,0,0,0
"POINT (11.061290552000060 49.447208852000074)",Unfall 166457 (2020) Kat:3, Licht: 0,166457,3,2,3,07,17,5,0,0,0,1,0,1,0,0
"POINT (11.074870332000046 49.445148704000076)",Unfall 166459 (2020) Kat:3, Licht: 0,166459,3,3,5,07,05,5,1,0,0,1,0,1,0,0
"POINT (11.099234061000061 49.443358387000046)",Unfall 166498 (2020) Kat:3, Licht: 0,166498,3,6,2,07,17,6,0,0,1,0,0,0,0,0
"POINT (11.105156652000062 49.484204938000062)",Unfall 166500 (2020) Kat:3, Licht: 0,166500,3,3,5,07,20,6,0,0,1,1,0,0,0,0
"POINT (11.063667706000047 49.446515832000046)",Unfall 166505 (2020) Kat:3, Licht: 0,166505,3,1,0,07,18,6,0,0,1,0,0,0,0,0