WKT,Name,OBJECTID,UKATEGORIE,UTYP1,UART,UMONAT,USTUNDE,UWOCHENTAG,STRZUSTAND,ULICHTVERH,ISTRAD,ISTPKW,ISTFUSS,ISTKRAD,ISTGKFZ,ISTSONSTIG
"POINT (11.012101040000061 49.448811021000040)",Unfall 166634 (2020) Kat:3, Licht: 2,166634,3,6,2,07,01,1,0,2,0,1,0,0,0,0
"POINT (11.120263145000024 49.430180107000069)",Unfall 166644 (2020) Kat:3, Licht: 0,166644,3,1,0,07,12,2,0,0,0,0,0,1,0,0
"POINT (11.057561253000074 49.446893564000050)",Unfall 166695 (2020) Kat:3, Licht: 0,166695,3,3,5,07,19,2,0,0,1,1,0,0,0,0
"POINT (11.106895434000023 49.437659401000076)",Unfall 166741 (2020) Kat:3, Licht: 0,166741,3,1,0,07,14,1,0,0,1,0,0,0,0,0
"POINT (11.084652553000069 49.406518322000068)",Unfall 166750 (2020) Kat:3, Licht: 0,166750,3,2,0,07,14,2,0,0,1,0,0,0,0,0
"POINT (11.104286231000060 49.444840466000073)",Unfall 166802 (2020) Kat:3, Licht: 0,166802,3,7,6,07,15,2,0,0,1,0,1,0,0,0
"POINT (11.027237746000026 49.466303034000077)",Unfall 166835 (2020) Kat:3, Licht: 0,166835,3,3,5,07,14,7,0,0,1,0,0,0,0,0
"POINT (11.102893264000045 49.459737697000037)",Unfall 166838 (2020) Kat:3, Licht: 0,166838,3,7,3,07,15,7,0,0,0,1,0,0,0,1
"POINT (11.132737912000039 49.426882346000070)",Unfall 166842 (2020) Kat:3, Licht: 0,166842,3,1,0,07,14,1,0,0,1,0,0,0,0,0
"POINT (11.058318655000051 49.460082348000071)",Unfall 166845 (2020) Kat:3, Licht: 0,166845,3,7,2,07,12,7,0,0,0,1,0,1,0,0
"POINT (11.087020860000052 49.463415849000057)",Unfall 166852 (2020) Kat:3, Licht: 0,166852,3,3,5,07,10,2,0,0,1,1,0,0,0,0
"POINT (11.040946692000034 49.409644368000045)",Unfall 166855 (2020) Kat:3, Licht: 0,166855,3,3,5,07,12,7,0,0,1,1,0,0,0,0
"POINT (11.077704087000029 49.463609473000076)",Unfall 166882 (2020) Kat:3, Licht: 0,166882,3,4,6,07,16,5,0,0,0,1,1,0,0,0
"POINT (11.076638618000061 49.452416703000040)",Unfall 166885 (2020) Kat:3, Licht: 0,166885,3,1,6,07,07,5,0,0,0,1,1,0,0,0
"POINT (11.020294508000063 49.487480685000037)",Unfall 167039 (2020) Kat:3, Licht: 0,167039,3,6,3,07,17,4,0,0,0,1,0,1,0,0
"POINT (11.084865108000031 49.462512966000077)",Unfall 167041 (2020) Kat:3, Licht: 0,167041,3,6,5,07,16,4,1,0,0,1,0,1,0,0
"POINT (11.096293026000069 49.465310538000040)",Unfall 167042 (2020) Kat:3, Licht: 0,167042,3,6,3,07,17,4,1,0,1,1,0,0,0,0
"POINT (11.071942582000077 49.447089758000061)",Unfall 167043 (2020) Kat:3, Licht: 2,167043,3,6,2,07,22,3,0,2,0,1,0,1,0,0
"POINT (11.014240348000044 49.530374311000060)",Unfall 167044 (2020) Kat:3, Licht: 0,167044,3,3,5,07,15,4,0,0,1,0,0,1,0,0
"POINT (11.052367331000028 49.438559582000039)",Unfall 167045 (2020) Kat:3, Licht: 0,167045,3,3,5,07,19,3,0,0,1,1,0,0,0,0
"POINT (11.110795722000034 49.440717026000073)",Unfall 167047 (2020) Kat:3, Licht: 2,167047,3,1,0,07,22,4,1,2,1,0,0,0,0,0
"POINT (11.072504391000052 49.464898246000075)",Unfall 167052 (2020) Kat:3, Licht: 0,167052,3,3,5,07,10,3,0,0,0,0,0,1,0,1
"POINT (11.033720589000040 49.452489447000062)",Unfall 167063 (2020) Kat:3, Licht: 0,167063,3,4,6,07,18,3,0,0,0,1,1,0,0,0
"POINT (11.040587845000061 49.440724897000052)",Unfall 167069 (2020) Kat:2, Licht: 0,167069,2,3,5,07,06,3,0,0,0,1,0,1,0,0
"POINT (11.055590700000039 49.475257505000059)",Unfall 167071 (2020) Kat:3, Licht: 0,167071,3,2,5,07,08,3,0,0,1,1,0,0,0,0
"POINT (11.064142693000065 49.446687994000058)",Unfall 167073 (2020) Kat:3, Licht: 0,167073,3,7,0,07,17,3,0,0,1,1,0,0,0,0
"POINT (11.070132635000050 49.464615771000069)",Unfall 167075 (2020) Kat:3, Licht: 0,167075,3,3,5,07,12,3,0,0,0,1,0,1,0,0
"POINT (11.132921124000063 49.461359451000078)",Unfall 167080 (2020) Kat:3, Licht: 0,167080,3,1,0,07,13,3,0,0,1,0,0,0,1,0
"POINT (11.047709273000066 49.407756579000079)",Unfall 167180 (2020) Kat:2, Licht: 0,167180,2,1,0,07,16,6,0,0,1,0,0,0,0,0
"POINT (11.092257450000034 49.452368121000063)",Unfall 167183 (2020) Kat:2, Licht: 0,167183,2,1,0,07,18,6,0,0,0,0,0,0,0,1
"POINT (11.097695553000051 49.445879900000079)",Unfall 167190 (2020) Kat:3, Licht: 0,167190,3,2,5,07,12,6,0,0,1,1,0,0,0,0
"POINT (11.082287956000073 49.460928129000081)",Unfall 167193 (2020) Kat:3, Licht: 0,167193,3,6,2,07,06,6,0,0,0,1,0,0,0,0
"POINT (11.084614818000034 49.452558141000054)",Unfall 167197 (2020) Kat:2, Licht: 0,167197,2,7,6,07,15,6,0,0,1,0,1,0,0,0
"POINT (11.086662105000073 49.440015375000030)",Unfall 167201 (2020) Kat:3, Licht: 0,167201,3,2,4,07,07,6,0,0,1,1,0,0,0,0
"POINT (11.081309685000065 49.442230210000048)",Unfall 167209 (2020) Kat:3, Licht: 0,167209,3,6,1,07,14,6,0,0,0,1,0,0,0,0
"POINT (11.119143500000064 49.476910246000045)",Unfall 167235 (2020) Kat:3, Licht: 0,167235,3,1,9,07,20,7,0,0,1,0,0,0,0,0
"POINT (11.120607942000049 49.462903853000057)",Unfall 167306 (2020) Kat:2, Licht: 2,167306,2,7,0,07,00,1,0,2,1,0,0,0,0,0
"POINT (11.084291067000038 49.451318635000064)",Unfall 167338 (2020) Kat:2, Licht: 0,167338,2,1,8,07,20,7,0,0,1,0,0,0,0,0
"POINT (11.082697835000033 49.444120073000079)",Unfall 167382 (2020) Kat:3, Licht: 0,167382,3,7,7,07,16,3,0,0,1,0,0,0,0,0
"POINT (11.125324623000040 49.443761452000047)",Unfall 167384 (2020) Kat:2, Licht: 0,167384,2,1,0,07,14,3,0,0,1,0,0,0,0,0
"POINT (11.064719084000046 49.441218962000050)",Unfall 167385 (2020) Kat:3, Licht: 0,167385,3,1,0,07,17,3,0,0,1,0,0,0,0,0
"POINT (11.081442962000040 49.446660166000072)",Unfall 167386 (2020) Kat:3, Licht: 0,167386,3,1,0,07,19,3,0,0,0,0,0,1,0,0
"POINT (11.083437569000068 49.447294458000044)",Unfall 167389 (2020) Kat:3, Licht: 0,167389,3,7,1,07,18,3,0,0,0,1,0,0,0,0
"POINT (11.059814251000034 49.464637389000075)",Unfall 167495 (2020) Kat:2, Licht: 0,167495,2,7,0,07,19,4,0,0,1,0,0,0,0,0
"POINT (11.017499801000042 49.456571113000052)",Unfall 167508 (2020) Kat:3, Licht: 0,167508,3,3,5,07,10,4,1,0,0,1,0,0,0,0
"POINT (11.132865753000033 49.405262509000067)",Unfall 167573 (2020) Kat:3, Licht: 0,167573,3,3,5,07,13,2,0,0,1,1,0,0,0,0
"POINT (11.096673884000040 49.432841673000041)",Unfall 167575 (2020) Kat:3, Licht: 0,167575,3,3,5,07,16,2,0,0,1,0,0,0,0,1
"POINT (11.091283494000038 49.441921795000042)",Unfall 167576 (2020) Kat:3, Licht: 0,167576,3,5,1,07,14,2,0,0,1,1,0,0,0,0
"POINT (11.083118828000067 49.460185886000033)",Unfall 167579 (2020) Kat:3, Licht: 0,167579,3,3,5,07,17,2,0,0,1,1,0,0,0,0
"POINT (11.068213748000062 49.447353435000082)",Unfall 167581 (2020) Kat:3, Licht: 0,167581,3,3,5,07,07,2,0,0,1,1,0,0,0,0
"POINT (11.096529425000028 49.437841501000037)",Unfall 167583 (2020) Kat:3, Licht: 0,167583,3,3,5,07,17,2,0,0,1,1,0,0,0,0
"POINT (11.100242476000062 49.459558198000082)",Unfall 167584 (2020) Kat:3, Licht: 2,167584,3,1,0,07,22,2,0,2,0,1,0,0,0,0
"POINT (11.048958504000041 49.434831185000064)",Unfall 167586 (2020) Kat:2, Licht: 0,167586,2,1,0,07,08,2,0,0,1,0,0,0,0,0
"POINT (11.089258281000070 49.447232220000046)",Unfall 167628 (2020) Kat:3, Licht: 2,167628,3,1,0,07,23,7,0,2,1,0,0,0,0,0
"POINT (11.053574304000051 49.454859350000049)",Unfall 167637 (2020) Kat:2, Licht: 0,167637,2,5,0,07,13,1,0,0,1,1,0,0,0,0
"POINT (11.074558157000070 49.454632167000057)",Unfall 167671 (2020) Kat:3, Licht: 1,167671,3,4,6,07,20,6,0,1,1,1,1,0,0,0
"POINT (11.059191839000050 49.459847677000027)",Unfall 167720 (2020) Kat:3, Licht: 0,167720,3,1,0,07,15,7,0,0,1,0,0,0,0,0
"POINT (11.121308360000057 49.438824933000035)",Unfall 167728 (2020) Kat:3, Licht: 0,167728,3,1,0,07,17,7,0,0,1,0,0,0,0,0
"POINT (11.088610081000070 49.457862067000065)",Unfall 167730 (2020) Kat:3, Licht: 0,167730,3,1,0,07,14,7,0,0,1,0,0,0,0,0
"POINT (11.103789520000021 49.443066468000040)",Unfall 167731 (2020) Kat:3, Licht: 0,167731,3,1,0,07,16,7,0,0,0,0,0,1,0,0
"POINT (11.049678087000075 49.364407666000034)",Unfall 167740 (2020) Kat:3, Licht: 0,167740,3,1,0,07,17,7,0,0,1,0,0,0,0,0
"POINT (11.071626108000032 49.433469372000047)",Unfall 167741 (2020) Kat:2, Licht: 2,167741,2,1,0,07,23,1,0,2,1,0,0,0,0,0
"POINT (11.067847719000042 49.457399757000076)",Unfall 167758 (2020) Kat:3, Licht: 0,167758,3,1,0,07,15,5,1,0,1,0,0,0,0,0
"POINT (11.078725206000058 49.454090526000073)",Unfall 167762 (2020) Kat:2, Licht: 0,167762,2,1,0,07,14,5,1,0,1,0,0,0,0,0
"POINT (11.071923201000061 49.461712458000079)",Unfall 167770 (2020) Kat:3, Licht: 0,167770,3,7,9,07,11,5,0,0,0,1,0,0,0,0
"POINT (11.205633841000065 49.419565655000042)",Unfall 167772 (2020) Kat:3, Licht: 0,167772,3,1,0,07,19,7,0,0,1,0,0,0,0,0
"POINT (11.133547925000073 49.424828389000027)",Unfall 167778 (2020) Kat:3, Licht: 0,167778,3,2,5,07,13,6,0,0,0,1,0,1,0,0
"POINT (11.075203284000054 49.454308155000035)",Unfall 167785 (2020) Kat:3, Licht: 0,167785,3,6,2,07,15,7,0,0,1,0,0,0,0,0
"POINT (11.111517729000070 49.440006435000043)",Unfall 167808 (2020) Kat:3, Licht: 0,167808,3,2,5,07,08,1,0,0,0,1,0,0,0,0
"POINT (11.049669343000062 49.364405853000051)",Unfall 167829 (2020) Kat:2, Licht: 0,167829,2,1,0,07,06,6,1,0,1,0,0,0,0,0
"POINT (11.117035388000033 49.480568460000029)",Unfall 167857 (2020) Kat:3, Licht: 0,167857,3,3,5,07,16,6,0,0,1,1,0,0,0,0
"POINT (11.076151960000061 49.451889895000079)",Unfall 167861 (2020) Kat:3, Licht: 0,167861,3,7,6,07,18,6,0,0,0,1,1,0,0,0
"POINT (11.101386841000021 49.443233171000031)",Unfall 167864 (2020) Kat:3, Licht: 0,167864,3,4,6,07,09,6,0,0,0,1,1,0,0,0
"POINT (11.118527802000074 49.446242697000059)",Unfall 167867 (2020) Kat:3, Licht: 0,167867,3,1,0,07,14,6,0,0,1,0,0,0,0,0
"POINT (11.124197072000072 49.467869591000067)",Unfall 167871 (2020) Kat:3, Licht: 0,167871,3,5,1,07,14,6,0,0,1,1,0,0,0,0
"POINT (11.046661873000062 49.432882814000038)",Unfall 167882 (2020) Kat:3, Licht: 0,167882,3,7,1,07,14,6,0,0,1,1,0,0,0,0
"POINT (11.057890272000066 49.434713064000050)",Unfall 167896 (2020) Kat:3, Licht: 0,167896,3,3,5,07,09,2,0,0,0,1,0,1,0,0
"POINT (11.047312700000077 49.442281826000055)",Unfall 167901 (2020) Kat:3, Licht: 0,167901,3,6,2,07,08,2,0,0,0,1,0,0,0,0
"POINT (11.091406084000027 49.436486600000080)",Unfall 167927 (2020) Kat:3, Licht: 2,167927,3,7,0,07,22,4,0,2,0,0,0,0,0,1
"POINT (11.083182057000045 49.447558762000028)",Unfall 167978 (2020) Kat:3, Licht: 0,167978,3,6,0,07,13,4,0,0,0,1,0,0,0,0
"POINT (11.065408310000066 49.448514954000075)",Unfall 167991 (2020) Kat:3, Licht: 0,167991,3,6,2,07,10,4,0,0,0,1,0,0,0,0
"POINT (11.097320135000075 49.449343850000048)",Unfall 168031 (2020) Kat:3, Licht: 0,168031,3,6,0,07,15,4,0,0,0,1,0,1,0,0
"POINT (11.041647242000067 49.457487777000040)",Unfall 168037 (2020) Kat:3, Licht: 0,168037,3,3,4,07,17,3,0,0,1,1,0,0,0,0
"POINT (11.130518277000021 49.449548096000058)",Unfall 168081 (2020) Kat:3, Licht: 0,168081,3,3,0,07,13,4,0,0,1,0,0,0,0,0
"POINT (11.079891070000031 49.493775647000064)",Unfall 168132 (2020) Kat:3, Licht: 0,168132,3,1,0,07,18,4,0,0,1,0,0,0,0,0
"POINT (11.045039185000064 49.451356217000068)",Unfall 168176 (2020) Kat:3, Licht: 0,168176,3,3,5,07,20,6,0,0,1,1,0,0,0,0
"POINT (11.106117145000042 49.475470870000038)",Unfall 168188 (2020) Kat:3, Licht: 0,168188,3,1,0,07,07,6,0,0,1,0,0,0,0,0
"POINT (11.089984163000054 49.441472621000059)",Unfall 168224 (2020) Kat:3, Licht: 0,168224,3,1,0,07,18,6,0,0,0,0,0,1,0,0
"POINT (11.038923740000030 49.402895154000078)",Unfall 168279 (2020) Kat:2, Licht: 0,168279,2,1,9,07,14,6,0,0,0,0,0,1,0,0
"POINT (11.106118253000034 49.445755891000033)",Unfall 168330 (2020) Kat:2, Licht: 0,168330,2,3,5,07,17,5,0,0,1,1,0,0,0,0
"POINT (11.124338010000031 49.442958268000041)",Unfall 168333 (2020) Kat:3, Licht: 0,168333,3,3,5,07,16,5,0,0,1,1,0,0,0,0
"POINT (11.014852022000071 49.452300107000042)",Unfall 168334 (2020) Kat:3, Licht: 0,168334,3,3,5,07,15,6,0,0,1,1,0,0,0,0
"POINT (11.089558881000073 49.441921298000068)",Unfall 168339 (2020) Kat:2, Licht: 0,168339,2,7,6,07,12,5,0,0,0,0,1,0,0,1
"POINT (11.168191986000068 49.469860902000050)",Unfall 168352 (2020) Kat:2, Licht: 0,168352,2,1,4,07,20,5,0,0,1,0,0,0,0,0
"POINT (11.099958262000030 49.459538797000050)",Unfall 168358 (2020) Kat:3, Licht: 0,168358,3,2,5,07,19,5,0,0,0,1,0,0,0,0
"POINT (11.058534823000059 49.448707381000077)",Unfall 168359 (2020) Kat:3, Licht: 0,168359,3,3,5,07,20,5,0,0,0,1,0,0,0,0
"POINT (11.026301194000041 49.421298128000046)",Unfall 168362 (2020) Kat:3, Licht: 0,168362,3,1,0,07,15,5,0,0,1,0,0,0,0,0
"POINT (11.074584541000036 49.446810102000029)",Unfall 168365 (2020) Kat:2, Licht: 2,168365,2,6,3,07,00,5,0,2,1,1,0,0,0,0
"POINT (11.065922603000047 49.386480656000060)",Unfall 168385 (2020) Kat:3, Licht: 0,168385,3,7,7,07,19,6,0,0,1,0,0,0,0,1
"POINT (11.085847974000046 49.444514264000077)",Unfall 168421 (2020) Kat:2, Licht: 0,168421,2,1,0,07,10,3,0,0,1,0,0,0,0,0
"POINT (11.041951255000072 49.453723144000037)",Unfall 168423 (2020) Kat:3, Licht: 0,168423,3,1,0,07,14,3,0,0,1,0,0,0,0,0
"POINT (11.119181689000072 49.414933065000071)",Unfall 168440 (2020) Kat:3, Licht: 0,168440,3,3,5,07,07,2,0,0,0,1,0,0,0,0
"POINT (11.110449799000037 49.500030284000047)",Unfall 168473 (2020) Kat:3, Licht: 0,168473,3,3,5,07,11,3,0,0,0,0,0,1,1,0
"POINT (11.080323188000023 49.448463307000054)",Unfall 168475 (2020) Kat:3, Licht: 0,168475,3,7,2,07,12,3,0,0,0,1,0,0,0,0
"POINT (11.097581780000041 49.448040580000054)",Unfall 168516 (2020) Kat:3, Licht: 0,168516,3,1,0,07,18,3,0,0,1,0,0,0,0,0
"POINT (11.130715727000052 49.461500756000078)",Unfall 168552 (2020) Kat:3, Licht: 0,168552,3,2,0,07,13,2,0,0,1,0,0,0,0,1
"POINT (11.191037978000054 49.426082825000037)",Unfall 168586 (2020) Kat:3, Licht: 0,168586,3,3,5,07,14,3,0,0,1,0,0,0,0,1
"POINT (11.083120953000048 49.449826313000074)",Unfall 168588 (2020) Kat:3, Licht: 0,168588,3,3,5,07,15,3,0,0,0,1,0,0,0,0
"POINT (11.074925833000066 49.459458584000060)",Unfall 168614 (2020) Kat:3, Licht: 2,168614,3,1,0,07,01,1,0,2,1,0,0,0,0,0
"POINT (11.017949356000031 49.425105939000048)",Unfall 168643 (2020) Kat:3, Licht: 0,168643,3,7,0,07,16,2,0,0,1,0,0,0,0,0
"POINT (11.010839743000076 49.527493740000068)",Unfall 168651 (2020) Kat:3, Licht: 0,168651,3,1,0,07,08,7,0,0,1,0,0,0,0,0
"POINT (11.115300639000054 49.412963793000074)",Unfall 168653 (2020) Kat:3, Licht: 0,168653,3,2,5,07,12,7,0,0,1,1,0,0,0,0
"POINT (11.144605042000023 49.452046384000028)",Unfall 168663 (2020) Kat:2, Licht: 0,168663,2,1,0,07,12,7,0,0,1,0,0,0,0,0
"POINT (11.077146183000025 49.451866705000043)",Unfall 168754 (2020) Kat:3, Licht: 0,168754,3,6,2,07,08,6,0,0,1,1,0,0,0,0
"POINT (11.082743968000045 49.419599522000055)",Unfall 168784 (2020) Kat:3, Licht: 0,168784,3,6,2,07,16,5,0,0,0,1,0,0,0,0
"POINT (11.044661933000043 49.454615526000055)",Unfall 168795 (2020) Kat:3, Licht: 0,168795,3,2,5,07,08,4,0,0,1,1,0,0,0,0
"POINT (11.085824226000057 49.445509748000063)",Unfall 168797 (2020) Kat:3, Licht: 0,168797,3,1,0,07,12,4,0,0,1,0,0,0,0,0
"POINT (11.053524664000065 49.403680953000048)",Unfall 168817 (2020) Kat:3, Licht: 0,168817,3,3,5,07,14,5,0,0,0,1,0,0,0,0
"POINT (11.081880088000048 49.418459893000033)",Unfall 168831 (2020) Kat:3, Licht: 0,168831,3,6,2,07,16,5,0,0,0,1,0,0,0,0
"POINT (11.080207178000023 49.448544265000066)",Unfall 168843 (2020) Kat:3, Licht: 0,168843,3,7,1,07,08,5,0,0,1,1,0,0,0,0
"POINT (11.097791502000064 49.449101893000034)",Unfall 168867 (2020) Kat:2, Licht: 2,168867,2,6,0,07,22,6,0,2,1,0,0,0,0,0
"POINT (11.082232030000057 49.460928357000057)",Unfall 168885 (2020) Kat:3, Licht: 0,168885,3,2,3,07,19,5,0,0,1,1,0,0,0,0
"POINT (11.093463724000060 49.461096033000047)",Unfall 168888 (2020) Kat:3, Licht: 0,168888,3,7,6,07,08,5,0,0,1,0,1,0,0,0
"POINT (11.066896649000057 49.466892162000079)",Unfall 168897 (2020) Kat:3, Licht: 0,168897,3,5,1,07,18,5,0,0,1,1,0,0,0,0
"POINT (11.140442183000062 49.450855660000059)",Unfall 168918 (2020) Kat:3, Licht: 0,168918,3,1,8,07,10,6,0,0,1,1,0,0,0,0
"POINT (11.135469899000043 49.482571050000047)",Unfall 168953 (2020) Kat:3, Licht: 0,168953,3,4,6,08,16,3,0,0,0,1,1,0,0,0
"POINT (11.053697755000030 49.451524758000062)",Unfall 168958 (2020) Kat:2, Licht: 0,168958,2,7,5,08,12,7,0,0,0,1,0,1,0,0
"POINT (11.019050559000050 49.431460410000057)",Unfall 168960 (2020) Kat:3, Licht: 2,168960,3,2,7,08,22,7,1,2,0,1,0,0,0,0
"POINT (11.138335317000042 49.401683702000071)",Unfall 168966 (2020) Kat:3, Licht: 0,168966,3,3,5,08,13,7,0,0,0,1,0,0,0,0
"POINT (11.117866552000066 49.413128288000053)",Unfall 168968 (2020) Kat:3, Licht: 0,168968,3,1,0,08,17,1,1,0,1,0,0,0,0,0
"POINT (11.127099844000043 49.430065561000049)",Unfall 168969 (2020) Kat:3, Licht: 2,168969,3,1,0,08,22,7,1,2,1,0,0,0,0,0
"POINT (11.067970820000028 49.434364270000060)",Unfall 168974 (2020) Kat:3, Licht: 0,168974,3,1,6,08,20,7,0,0,0,1,1,0,0,1
"POINT (11.068665116000034 49.444469255000058)",Unfall 168979 (2020) Kat:3, Licht: 0,168979,3,6,2,08,19,7,0,0,0,1,0,1,0,0
"POINT (11.072924225000065 49.439196194000033)",Unfall 168982 (2020) Kat:3, Licht: 0,168982,3,6,0,08,13,4,0,0,0,1,0,1,0,0
"POINT (11.096587594000027 49.437539941000068)",Unfall 169032 (2020) Kat:3, Licht: 0,169032,3,3,5,08,08,4,0,0,1,1,0,0,0,0
"POINT (11.031689420000021 49.380738900000040)",Unfall 169038 (2020) Kat:2, Licht: 0,169038,2,1,0,08,17,2,0,0,1,0,0,0,0,0
"POINT (11.077750311000045 49.454196999000033)",Unfall 169043 (2020) Kat:3, Licht: 0,169043,3,1,6,08,20,3,0,0,1,0,1,0,0,0
"POINT (11.127491110000051 49.465259256000081)",Unfall 169075 (2020) Kat:3, Licht: 0,169075,3,6,4,08,17,4,0,0,1,0,0,0,0,0
"POINT (11.090932751000025 49.441803312000047)",Unfall 169080 (2020) Kat:2, Licht: 0,169080,2,1,0,08,15,1,1,0,0,0,0,0,0,1
"POINT (11.050824693000038 49.442120232000036)",Unfall 169088 (2020) Kat:3, Licht: 0,169088,3,2,5,08,19,4,0,0,1,1,0,0,0,0
"POINT (11.106144016000030 49.443244469000035)",Unfall 169110 (2020) Kat:3, Licht: 2,169110,3,6,2,08,21,2,0,2,0,1,0,0,0,0
"POINT (11.097664249000047 49.443175234000080)",Unfall 169134 (2020) Kat:2, Licht: 0,169134,2,1,0,08,16,1,1,0,1,0,0,0,0,0
"POINT (11.081968736000022 49.484324938000043)",Unfall 169145 (2020) Kat:2, Licht: 0,169145,2,2,3,08,13,4,0,0,1,1,0,0,0,0
"POINT (11.086271916000044 49.453569697000034)",Unfall 169185 (2020) Kat:2, Licht: 0,169185,2,7,0,08,16,4,0,0,1,0,0,0,0,1
"POINT (11.099263849000067 49.459394431000078)",Unfall 169199 (2020) Kat:3, Licht: 0,169199,3,1,0,08,11,4,0,0,1,0,0,0,0,0
"POINT (11.066270042000042 49.448203581000030)",Unfall 169204 (2020) Kat:3, Licht: 0,169204,3,7,0,08,20,2,0,0,1,0,0,0,0,0
"POINT (11.103041083000051 49.458437847000027)",Unfall 169333 (2020) Kat:3, Licht: 0,169333,3,7,0,08,16,5,0,0,0,0,0,1,0,0
"POINT (11.091995616000077 49.460654947000080)",Unfall 169335 (2020) Kat:3, Licht: 2,169335,3,3,5,08,22,5,0,2,1,0,0,0,0,0
"POINT (11.035592480000048 49.448745306000035)",Unfall 169429 (2020) Kat:3, Licht: 0,169429,3,2,4,08,17,6,0,0,0,1,0,0,0,0
"POINT (11.015918781000039 49.453624427000079)",Unfall 169432 (2020) Kat:3, Licht: 0,169432,3,2,5,08,10,6,0,0,0,1,0,0,0,0
"POINT (11.082275784000046 49.458191596000063)",Unfall 169434 (2020) Kat:3, Licht: 0,169434,3,1,0,08,16,6,0,0,0,0,0,0,0,1
"POINT (11.074482301000046 49.453362554000080)",Unfall 169439 (2020) Kat:3, Licht: 0,169439,3,2,0,08,14,6,0,0,1,0,0,1,0,0
"POINT (11.011269253000023 49.463867244000028)",Unfall 169442 (2020) Kat:3, Licht: 0,169442,3,6,2,08,13,6,0,0,0,1,0,0,0,0
"POINT (11.022399843000073 49.453057852000029)",Unfall 169446 (2020) Kat:3, Licht: 2,169446,3,3,5,08,04,6,0,2,0,1,0,0,0,1
"POINT (11.041381386000069 49.420968596000080)",Unfall 169450 (2020) Kat:3, Licht: 2,169450,3,1,0,08,23,6,0,2,0,0,0,0,0,1
"POINT (11.054215402000068 49.348775147000026)",Unfall 169453 (2020) Kat:3, Licht: 2,169453,3,1,0,08,21,6,0,2,1,0,0,0,0,0
"POINT (11.068843015000027 49.455643112000075)",Unfall 169473 (2020) Kat:3, Licht: 2,169473,3,6,2,08,04,2,0,2,1,1,0,0,0,0
"POINT (11.067440367000074 49.450222015000065)",Unfall 169522 (2020) Kat:3, Licht: 0,169522,3,1,0,08,17,2,0,0,1,0,0,0,0,0
"POINT (11.009193467000046 49.454149645000030)",Unfall 169549 (2020) Kat:3, Licht: 1,169549,3,3,5,08,05,3,0,1,1,1,0,0,0,0
"POINT (11.108548782000071 49.444998356000042)",Unfall 169560 (2020) Kat:3, Licht: 0,169560,3,6,2,08,11,2,0,0,0,1,0,1,0,0
"POINT (11.045129643000053 49.469366593000075)",Unfall 169622 (2020) Kat:2, Licht: 0,169622,2,1,0,08,13,1,0,0,1,0,0,0,0,0
"POINT (11.074482605000071 49.453451014000052)",Unfall 169629 (2020) Kat:3, Licht: 2,169629,3,6,2,08,04,2,0,2,1,1,0,0,0,0
"POINT (11.028104118000044 49.467896656000050)",Unfall 169670 (2020) Kat:3, Licht: 0,169670,3,1,0,08,17,2,0,0,1,0,0,0,0,0
"POINT (11.091341097000054 49.461559400000056)",Unfall 169706 (2020) Kat:2, Licht: 0,169706,2,1,0,08,16,3,0,0,1,0,0,0,0,0
"POINT (11.091161906000025 49.461555655000041)",Unfall 169827 (2020) Kat:3, Licht: 2,169827,3,7,1,08,01,7,0,2,0,1,0,0,0,0
"POINT (11.066302253000060 49.461857125000051)",Unfall 169842 (2020) Kat:3, Licht: 0,169842,3,7,1,08,16,4,0,0,1,1,0,0,0,0
"POINT (11.061971295000035 49.447425012000053)",Unfall 169906 (2020) Kat:3, Licht: 0,169906,3,1,0,08,15,5,1,0,0,0,0,1,0,0
"POINT (11.065803085000027 49.385767223000073)",Unfall 169908 (2020) Kat:2, Licht: 0,169908,2,1,0,08,18,5,1,0,1,0,0,0,0,0
"POINT (11.094206040000074 49.463304982000068)",Unfall 169910 (2020) Kat:3, Licht: 0,169910,3,1,0,08,15,5,1,0,1,0,0,0,0,0
"POINT (11.044559579000065 49.454613568000070)",Unfall 169912 (2020) Kat:3, Licht: 0,169912,3,6,2,08,14,5,1,0,0,1,0,0,0,0
"POINT (11.085739404000037 49.447267653000040)",Unfall 169986 (2020) Kat:3, Licht: 2,169986,3,7,0,08,05,7,0,2,1,0,0,0,0,0
"POINT (11.074924279000072 49.467500926000071)",Unfall 169988 (2020) Kat:3, Licht: 0,169988,3,7,0,08,14,4,0,0,1,1,0,0,0,0
"POINT (11.075028294000049 49.442432539000038)",Unfall 169993 (2020) Kat:2, Licht: 0,169993,2,1,0,08,16,3,0,0,0,0,0,1,0,0
"POINT (11.117487273000052 49.455472167000039)",Unfall 170030 (2020) Kat:3, Licht: 0,170030,3,1,9,08,19,2,0,0,0,1,1,0,0,0
"POINT (11.078161151000074 49.413132611000037)",Unfall 170039 (2020) Kat:3, Licht: 0,170039,3,6,2,08,08,4,0,0,0,1,0,0,0,0
"POINT (11.081601783000053 49.471384651000051)",Unfall 170044 (2020) Kat:3, Licht: 0,170044,3,2,4,08,10,3,0,0,1,1,0,0,0,0