WKT,Name,OBJECTID,UKATEGORIE,UTYP1,UART,UMONAT,USTUNDE,UWOCHENTAG,STRZUSTAND,ULICHTVERH,ISTRAD,ISTPKW,ISTFUSS,ISTKRAD,ISTGKFZ,ISTSONSTIG
"POINT (11.110756155000047 49.452615958000081)",Unfall 170083 (2020) Kat:3, Licht: 0,170083,3,6,3,08,14,2,0,0,0,1,0,0,0,0
"POINT (11.089345399000024 49.457549480000068)",Unfall 170096 (2020) Kat:3, Licht: 0,170096,3,6,2,08,15,1,0,0,0,1,0,0,0,0
"POINT (11.105656074000024 49.480467143000055)",Unfall 170097 (2020) Kat:3, Licht: 0,170097,3,6,2,08,07,3,0,0,0,1,0,0,0,0
"POINT (11.053815076000035 49.441895486000078)",Unfall 170099 (2020) Kat:3, Licht: 2,170099,3,1,0,08,22,1,0,2,1,0,0,0,0,0
"POINT (11.047486684000035 49.453828235000060)",Unfall 170102 (2020) Kat:3, Licht: 2,170102,3,3,5,08,22,1,0,2,1,1,0,0,0,0
"POINT (11.103790535000030 49.450536064000062)",Unfall 170108 (2020) Kat:3, Licht: 0,170108,3,2,5,08,16,1,0,0,1,1,0,0,0,0
"POINT (11.081966827000031 49.447552293000058)",Unfall 170111 (2020) Kat:3, Licht: 2,170111,3,6,3,08,20,3,0,2,0,1,0,0,0,0
"POINT (11.084995022000044 49.449630138000032)",Unfall 170136 (2020) Kat:3, Licht: 0,170136,3,7,3,08,07,2,0,0,0,1,0,0,0,0
"POINT (11.071275126000046 49.462849730000073)",Unfall 170146 (2020) Kat:3, Licht: 0,170146,3,6,2,08,18,4,0,0,0,1,0,1,0,0
"POINT (11.080859805000046 49.450891794000029)",Unfall 170151 (2020) Kat:3, Licht: 0,170151,3,2,5,08,12,3,0,0,1,1,0,0,0,0
"POINT (11.123200780000047 49.407734473000062)",Unfall 170187 (2020) Kat:3, Licht: 0,170187,3,3,0,08,18,2,0,0,1,1,0,0,0,0
"POINT (11.092675400000076 49.442390989000046)",Unfall 170190 (2020) Kat:3, Licht: 0,170190,3,6,0,08,18,2,0,0,1,1,0,0,0,0
"POINT (11.097571423000034 49.437753903000043)",Unfall 170199 (2020) Kat:3, Licht: 2,170199,3,7,0,08,23,3,1,2,1,0,0,0,0,0
"POINT (11.055967979000059 49.443144138000036)",Unfall 170238 (2020) Kat:3, Licht: 0,170238,3,6,3,08,10,2,0,0,0,1,0,1,0,0
"POINT (11.089980800000035 49.465674053000043)",Unfall 170274 (2020) Kat:3, Licht: 0,170274,3,3,5,08,12,7,1,0,0,1,0,0,0,0
"POINT (11.081553480000025 49.467795742000078)",Unfall 170277 (2020) Kat:3, Licht: 0,170277,3,6,2,08,10,7,1,0,0,1,0,0,0,0
"POINT (11.090294531000040 49.439456477000078)",Unfall 170279 (2020) Kat:3, Licht: 0,170279,3,3,5,08,16,7,0,0,0,1,0,0,0,0
"POINT (11.069553301000042 49.450952172000029)",Unfall 170300 (2020) Kat:3, Licht: 2,170300,3,1,0,08,23,1,0,2,0,0,0,0,0,1
"POINT (11.052693327000043 49.443119510000031)",Unfall 170314 (2020) Kat:3, Licht: 2,170314,3,6,2,08,01,1,0,2,0,1,0,0,0,0
"POINT (11.057880333000071 49.454611426000042)",Unfall 170317 (2020) Kat:3, Licht: 2,170317,3,2,4,08,23,5,0,2,1,1,0,0,0,0
"POINT (11.073565503000054 49.371632374000058)",Unfall 170321 (2020) Kat:3, Licht: 2,170321,3,1,6,08,02,5,1,2,0,1,1,0,0,0
"POINT (11.081549144000064 49.443981515000075)",Unfall 170326 (2020) Kat:3, Licht: 0,170326,3,2,4,08,19,5,0,0,1,1,0,0,0,0
"POINT (11.037148272000024 49.439364060000059)",Unfall 170330 (2020) Kat:3, Licht: 0,170330,3,6,3,08,17,5,0,0,0,1,0,1,0,0
"POINT (11.083620401000076 49.447317504000068)",Unfall 170351 (2020) Kat:2, Licht: 0,170351,2,4,6,08,13,1,0,0,0,1,1,0,0,0
"POINT (11.067012316000046 49.451226781000059)",Unfall 170391 (2020) Kat:3, Licht: 2,170391,3,6,2,08,22,6,0,2,0,1,0,0,0,0
"POINT (11.073362960000054 49.454337961000078)",Unfall 170393 (2020) Kat:3, Licht: 0,170393,3,3,5,08,20,6,0,0,1,0,0,0,0,0
"POINT (11.048585498000023 49.441402681000056)",Unfall 170395 (2020) Kat:3, Licht: 0,170395,3,3,5,08,08,6,0,0,1,1,0,0,0,0
"POINT (11.008563346000074 49.445858888000032)",Unfall 170397 (2020) Kat:3, Licht: 0,170397,3,2,5,08,08,6,0,0,1,1,0,0,0,0
"POINT (11.029961958000058 49.469141425000032)",Unfall 170399 (2020) Kat:3, Licht: 0,170399,3,7,0,08,15,6,0,0,0,1,0,1,0,0
"POINT (11.127274264000050 49.466758674000062)",Unfall 170401 (2020) Kat:2, Licht: 0,170401,2,1,0,08,13,6,0,0,1,0,0,0,0,0
"POINT (11.088756803000024 49.455676116000063)",Unfall 170402 (2020) Kat:3, Licht: 0,170402,3,1,0,08,07,6,0,0,1,0,0,0,0,0
"POINT (11.133479798000053 49.456171923000056)",Unfall 170404 (2020) Kat:3, Licht: 0,170404,3,1,0,08,07,6,0,0,1,0,0,0,0,0
"POINT (11.082293915000037 49.441375594000078)",Unfall 170420 (2020) Kat:3, Licht: 2,170420,3,1,0,08,04,1,0,2,1,0,0,0,0,0
"POINT (11.048665214000039 49.438720920000037)",Unfall 170457 (2020) Kat:3, Licht: 0,170457,3,4,6,08,19,1,0,0,0,0,1,0,0,1
"POINT (11.004902163000054 49.441459538000061)",Unfall 170505 (2020) Kat:3, Licht: 2,170505,3,5,1,08,05,1,0,2,1,1,0,0,0,0
"POINT (11.086624182000037 49.441977097000063)",Unfall 170529 (2020) Kat:3, Licht: 0,170529,3,3,5,08,06,5,0,0,0,1,0,0,0,0
"POINT (11.077650400000039 49.439877161000027)",Unfall 170542 (2020) Kat:1, Licht: 2,170542,1,4,6,08,23,3,0,2,0,1,1,0,0,0
"POINT (11.073999225000023 49.439301191000027)",Unfall 170590 (2020) Kat:3, Licht: 0,170590,3,3,5,08,17,4,0,0,1,1,0,0,0,0
"POINT (11.072729983000045 49.446858472000031)",Unfall 170595 (2020) Kat:3, Licht: 0,170595,3,3,5,08,11,4,0,0,1,1,0,0,0,0
"POINT (11.097751243000062 49.444500214000072)",Unfall 170599 (2020) Kat:3, Licht: 0,170599,3,7,6,08,08,4,0,0,1,1,1,0,0,0
"POINT (11.060246084000028 49.459612186000072)",Unfall 170637 (2020) Kat:3, Licht: 0,170637,3,6,2,08,17,5,0,0,0,1,0,0,0,0
"POINT (11.104976338000029 49.485767872000054)",Unfall 170650 (2020) Kat:2, Licht: 0,170650,2,6,4,08,16,3,0,0,1,0,1,0,0,0
"POINT (11.089160163000031 49.445004183000037)",Unfall 170662 (2020) Kat:3, Licht: 0,170662,3,7,0,08,09,2,0,0,1,0,0,0,0,0
"POINT (11.082979302000069 49.447197315000039)",Unfall 170700 (2020) Kat:3, Licht: 0,170700,3,3,5,08,13,3,0,0,1,1,0,0,0,0
"POINT (11.098639074000062 49.431596310000032)",Unfall 170772 (2020) Kat:3, Licht: 0,170772,3,7,5,09,10,3,1,0,0,1,0,0,0,0
"POINT (11.063198496000041 49.460825091000061)",Unfall 170794 (2020) Kat:3, Licht: 0,170794,3,3,5,08,11,2,0,0,0,1,0,0,0,0
"POINT (11.059022100000050 49.446772589000034)",Unfall 170822 (2020) Kat:3, Licht: 0,170822,3,1,0,09,09,3,1,0,0,1,0,0,0,0
"POINT (11.084986732000061 49.449620281000080)",Unfall 170845 (2020) Kat:3, Licht: 0,170845,3,6,2,08,10,2,0,0,0,1,0,0,0,0
"POINT (11.106934580000029 49.470483794000074)",Unfall 170860 (2020) Kat:2, Licht: 0,170860,2,3,5,08,11,6,0,0,0,1,0,0,0,1
"POINT (11.102512280000042 49.474656127000060)",Unfall 170864 (2020) Kat:3, Licht: 0,170864,3,2,4,08,09,6,0,0,0,1,0,0,0,0
"POINT (11.012559382000063 49.427377767000053)",Unfall 170865 (2020) Kat:3, Licht: 0,170865,3,3,3,08,15,7,0,0,0,1,0,0,0,0
"POINT (11.072832983000069 49.437667640000029)",Unfall 170873 (2020) Kat:3, Licht: 0,170873,3,7,0,08,15,6,1,0,1,0,0,0,0,1
"POINT (11.034514699000056 49.449073357000032)",Unfall 170874 (2020) Kat:3, Licht: 0,170874,3,7,3,09,08,3,1,0,0,1,0,0,0,0
"POINT (11.048808460000032 49.442165404000036)",Unfall 170902 (2020) Kat:3, Licht: 0,170902,3,7,0,08,12,2,1,0,1,0,0,1,0,1
"POINT (11.009894091000035 49.456591204000063)",Unfall 170906 (2020) Kat:2, Licht: 2,170906,2,1,8,08,22,6,1,2,0,1,0,0,0,0
"POINT (11.132189072000074 49.405369164000035)",Unfall 170920 (2020) Kat:3, Licht: 0,170920,3,3,5,08,17,7,0,0,0,1,0,0,0,0
"POINT (11.018964394000022 49.470814349000079)",Unfall 170931 (2020) Kat:3, Licht: 0,170931,3,3,5,09,16,3,1,0,0,1,0,1,0,0
"POINT (11.084083704000022 49.448508719000074)",Unfall 170955 (2020) Kat:3, Licht: 0,170955,3,5,1,08,13,2,0,0,1,1,0,0,0,0
"POINT (11.071878565000077 49.447030695000080)",Unfall 170970 (2020) Kat:2, Licht: 2,170970,2,2,6,08,20,1,1,2,0,1,1,0,0,0
"POINT (11.073654444000056 49.372252095000078)",Unfall 170975 (2020) Kat:3, Licht: 0,170975,3,6,5,08,15,7,1,0,0,1,0,0,0,0
"POINT (11.040910581000048 49.434662354000068)",Unfall 170983 (2020) Kat:3, Licht: 1,170983,3,6,2,09,05,3,0,1,1,1,0,0,0,0
"POINT (11.048938350000071 49.408352049000030)",Unfall 171008 (2020) Kat:3, Licht: 0,171008,3,2,4,08,16,2,0,0,0,1,0,0,0,0
"POINT (11.085741572000074 49.466100840000081)",Unfall 171019 (2020) Kat:3, Licht: 0,171019,3,4,6,08,18,2,0,0,0,1,1,0,0,0
"POINT (11.059720069000036 49.459716846000049)",Unfall 171024 (2020) Kat:3, Licht: 0,171024,3,1,0,08,12,7,0,0,1,0,0,0,0,0
"POINT (11.067354660000035 49.435152352000046)",Unfall 171032 (2020) Kat:3, Licht: 0,171032,3,7,0,09,17,3,1,0,0,0,0,0,0,1
"POINT (11.083256820000031 49.455652788000066)",Unfall 171087 (2020) Kat:3, Licht: 0,171087,3,1,0,09,12,6,0,0,1,0,0,0,0,0
"POINT (11.055601452000076 49.461335511000073)",Unfall 171088 (2020) Kat:3, Licht: 0,171088,3,6,3,09,19,6,0,0,0,1,1,1,0,0
"POINT (11.075058095000031 49.434301241000071)",Unfall 171090 (2020) Kat:3, Licht: 0,171090,3,6,0,09,09,6,0,0,1,1,0,0,0,0
"POINT (11.061917119000043 49.451602058000049)",Unfall 171092 (2020) Kat:3, Licht: 0,171092,3,7,1,09,14,6,0,0,1,1,0,0,0,0
"POINT (11.086538520000033 49.447235205000027)",Unfall 171094 (2020) Kat:3, Licht: 0,171094,3,7,5,09,18,6,0,0,0,1,0,1,0,0
"POINT (11.072826489000022 49.460866085000077)",Unfall 171096 (2020) Kat:2, Licht: 1,171096,2,7,1,09,20,6,0,1,1,1,0,0,0,0
"POINT (11.098128332000044 49.445892727000057)",Unfall 171112 (2020) Kat:3, Licht: 0,171112,3,6,1,09,13,7,0,0,0,1,0,1,0,0
"POINT (11.071726915000056 49.454750789000059)",Unfall 171115 (2020) Kat:3, Licht: 0,171115,3,1,0,09,15,4,0,0,1,0,0,0,0,0
"POINT (11.056101026000022 49.349718726000049)",Unfall 171117 (2020) Kat:3, Licht: 0,171117,3,3,5,09,16,4,0,0,0,1,0,0,0,0
"POINT (11.039211146000071 49.466383113000063)",Unfall 171123 (2020) Kat:3, Licht: 0,171123,3,6,2,09,15,4,0,0,0,1,0,0,0,0
"POINT (11.079913665000049 49.415595913000061)",Unfall 171126 (2020) Kat:3, Licht: 0,171126,3,6,2,09,11,4,0,0,0,1,0,1,0,0
"POINT (11.078416911000033 49.451973642000041)",Unfall 171135 (2020) Kat:3, Licht: 0,171135,3,7,0,09,15,4,0,0,1,1,0,0,0,0
"POINT (11.087057766000044 49.453717410000081)",Unfall 171165 (2020) Kat:3, Licht: 0,171165,3,6,3,09,14,7,0,0,0,1,0,1,0,0
"POINT (11.135926750000067 49.453423267000062)",Unfall 171237 (2020) Kat:2, Licht: 0,171237,2,1,0,09,15,5,0,0,1,0,0,0,0,0
"POINT (11.075797392000027 49.443906404000074)",Unfall 171238 (2020) Kat:3, Licht: 0,171238,3,6,2,09,15,5,0,0,0,1,0,0,0,0
"POINT (11.099148949000039 49.443425569000055)",Unfall 171270 (2020) Kat:3, Licht: 0,171270,3,6,2,09,18,7,0,0,0,1,0,0,0,0
"POINT (11.105024073000038 49.485020891000033)",Unfall 171311 (2020) Kat:3, Licht: 0,171311,3,1,0,09,09,4,0,0,1,0,0,0,0,0
"POINT (11.043027344000052 49.441524374000039)",Unfall 171324 (2020) Kat:3, Licht: 0,171324,3,6,2,09,12,2,0,0,0,1,0,0,0,0
"POINT (11.043299877000038 49.434958930000050)",Unfall 171325 (2020) Kat:3, Licht: 0,171325,3,3,5,09,11,3,0,0,0,1,0,0,0,0
"POINT (11.055201479000061 49.349159915000030)",Unfall 171339 (2020) Kat:3, Licht: 0,171339,3,1,0,09,15,2,0,0,1,0,0,0,0,0
"POINT (11.048950217000026 49.408430080000073)",Unfall 171365 (2020) Kat:3, Licht: 0,171365,3,6,4,09,07,4,0,0,1,0,0,0,0,0
"POINT (11.057162297000048 49.446936332000064)",Unfall 171396 (2020) Kat:3, Licht: 0,171396,3,3,5,09,18,3,0,0,0,1,0,1,0,0
"POINT (11.032632546000059 49.449491735000038)",Unfall 171397 (2020) Kat:3, Licht: 0,171397,3,5,1,09,10,4,0,0,1,1,0,0,0,0
"POINT (11.171371585000031 49.462841052000044)",Unfall 171438 (2020) Kat:3, Licht: 0,171438,3,3,5,09,10,3,0,0,0,1,0,0,0,0
"POINT (11.048950066000032 49.408429085000080)",Unfall 171452 (2020) Kat:3, Licht: 1,171452,3,6,2,09,19,3,0,1,0,1,0,0,0,0
"POINT (11.059282657000040 49.449965178000070)",Unfall 171478 (2020) Kat:2, Licht: 2,171478,2,2,5,09,20,4,0,2,1,1,0,0,0,0
"POINT (11.091437714000051 49.436521713000047)",Unfall 171509 (2020) Kat:3, Licht: 0,171509,3,3,5,09,16,3,0,0,1,0,0,1,0,0
"POINT (11.115851226000075 49.454713777000052)",Unfall 171510 (2020) Kat:2, Licht: 0,171510,2,6,3,09,09,4,0,0,0,0,0,1,0,1
"POINT (11.069198033000021 49.457115870000052)",Unfall 171560 (2020) Kat:3, Licht: 0,171560,3,2,3,09,10,3,0,0,0,1,0,1,0,0
"POINT (11.087126703000024 49.445744788000070)",Unfall 171561 (2020) Kat:3, Licht: 0,171561,3,6,2,09,17,4,0,0,0,1,0,1,0,0
"POINT (11.124767222000060 49.443202582000026)",Unfall 171597 (2020) Kat:3, Licht: 0,171597,3,1,0,09,11,5,1,0,1,0,0,0,0,0
"POINT (11.057888562000073 49.434717895000063)",Unfall 171667 (2020) Kat:3, Licht: 0,171667,3,2,5,09,19,7,0,0,1,1,0,0,0,0
"POINT (11.080389112000034 49.440203816000064)",Unfall 171673 (2020) Kat:3, Licht: 2,171673,3,3,5,09,21,7,0,2,1,1,0,0,0,0
"POINT (11.135347653000053 49.453959913000062)",Unfall 171675 (2020) Kat:3, Licht: 0,171675,3,7,0,09,17,7,0,0,1,0,0,0,0,0
"POINT (11.078494031000048 49.460930049000069)",Unfall 171691 (2020) Kat:2, Licht: 0,171691,2,7,0,09,12,6,0,0,1,0,0,0,0,0
"POINT (11.133140629000025 49.400252048000027)",Unfall 171693 (2020) Kat:3, Licht: 0,171693,3,1,0,09,16,6,0,0,0,0,0,1,0,0
"POINT (11.130323726000029 49.399018171000080)",Unfall 171695 (2020) Kat:3, Licht: 0,171695,3,3,5,09,12,6,0,0,1,1,0,0,0,0
"POINT (11.139388938000025 49.415303453000035)",Unfall 171697 (2020) Kat:3, Licht: 0,171697,3,7,3,09,08,6,0,0,0,1,0,0,0,1
"POINT (11.074868948000073 49.449094991000038)",Unfall 171699 (2020) Kat:3, Licht: 0,171699,3,7,3,09,19,6,0,0,1,1,0,0,0,0
"POINT (11.077215003000049 49.448123867000049)",Unfall 171823 (2020) Kat:2, Licht: 2,171823,2,4,6,09,02,7,0,2,0,1,1,0,0,0
"POINT (11.022750471000052 49.433970467000051)",Unfall 171840 (2020) Kat:2, Licht: 2,171840,2,3,5,09,04,2,0,2,0,1,0,0,1,0
"POINT (11.089214475000063 49.445225397000058)",Unfall 171843 (2020) Kat:3, Licht: 0,171843,3,6,2,09,15,2,0,0,0,1,0,0,0,1
"POINT (11.067589475000034 49.484604903000047)",Unfall 171866 (2020) Kat:3, Licht: 0,171866,3,1,2,09,10,3,0,0,0,1,0,0,0,0
"POINT (11.087858366000034 49.450302775000068)",Unfall 171880 (2020) Kat:3, Licht: 0,171880,3,1,6,09,18,2,0,0,1,0,1,0,0,0
"POINT (11.058991622000065 49.459898581000061)",Unfall 171892 (2020) Kat:2, Licht: 2,171892,2,1,0,09,19,2,0,2,1,0,0,0,0,0
"POINT (11.073879952000027 49.464263917000039)",Unfall 171910 (2020) Kat:3, Licht: 0,171910,3,3,5,09,18,1,0,0,0,1,0,0,0,0
"POINT (11.077936591000025 49.454207869000072)",Unfall 171914 (2020) Kat:3, Licht: 0,171914,3,6,3,09,14,1,0,0,1,1,0,0,0,1
"POINT (11.100439967000057 49.459584145000065)",Unfall 171922 (2020) Kat:3, Licht: 0,171922,3,1,0,09,11,1,0,0,1,0,0,0,0,0
"POINT (11.104913173000057 49.484182937000071)",Unfall 171942 (2020) Kat:3, Licht: 0,171942,3,2,5,09,10,2,0,0,1,0,0,0,1,0
"POINT (11.072343922000073 49.460860016000026)",Unfall 171945 (2020) Kat:3, Licht: 0,171945,3,6,3,09,07,2,0,0,1,1,0,0,0,0
"POINT (11.149847658000056 49.402276205000078)",Unfall 171956 (2020) Kat:2, Licht: 0,171956,2,1,0,09,15,1,0,0,1,0,0,0,0,0
"POINT (11.122301554000046 49.432233908000057)",Unfall 171966 (2020) Kat:3, Licht: 2,171966,3,6,2,09,22,1,0,2,0,1,0,0,0,0
"POINT (11.089142151000033 49.461389873000030)",Unfall 171970 (2020) Kat:2, Licht: 0,171970,2,3,5,09,07,3,0,0,0,1,0,1,0,0
"POINT (11.015921144000060 49.430655439000077)",Unfall 171978 (2020) Kat:3, Licht: 2,171978,3,1,0,09,03,1,0,2,1,0,0,0,0,0
"POINT (11.131624092000038 49.428069833000052)",Unfall 171998 (2020) Kat:3, Licht: 2,171998,3,2,5,09,01,2,0,2,0,1,0,0,0,0
"POINT (11.080720066000026 49.440286793000041)",Unfall 172007 (2020) Kat:3, Licht: 0,172007,3,4,0,09,13,2,0,0,0,0,1,0,0,1
"POINT (11.047485605000077 49.519904903000054)",Unfall 172034 (2020) Kat:3, Licht: 0,172034,3,7,5,09,14,2,0,0,0,1,0,1,0,0
"POINT (11.049298819000057 49.423478484000043)",Unfall 172045 (2020) Kat:2, Licht: 0,172045,2,3,5,09,12,2,0,0,0,1,0,1,0,0
"POINT (11.079248065000058 49.437949695000043)",Unfall 172122 (2020) Kat:3, Licht: 0,172122,3,1,0,09,18,6,0,0,1,0,0,0,0,0
"POINT (11.088941628000043 49.447721265000041)",Unfall 172155 (2020) Kat:3, Licht: 0,172155,3,3,5,09,14,4,0,0,0,1,0,1,0,0
"POINT (11.071333377000030 49.408291618000078)",Unfall 172156 (2020) Kat:3, Licht: 0,172156,3,3,5,09,13,4,0,0,0,1,0,0,0,1
"POINT (11.046785700000044 49.464869252000028)",Unfall 172158 (2020) Kat:3, Licht: 0,172158,3,7,5,09,15,4,0,0,0,1,0,0,0,0
"POINT (11.053006683000035 49.482877514000052)",Unfall 172160 (2020) Kat:3, Licht: 0,172160,3,3,5,09,16,4,0,0,0,1,0,0,0,1
"POINT (11.081073958000047 49.441219535000073)",Unfall 172162 (2020) Kat:3, Licht: 0,172162,3,1,0,09,12,4,0,0,1,0,0,0,0,0
"POINT (11.082123933000048 49.441354406000073)",Unfall 172163 (2020) Kat:3, Licht: 0,172163,3,6,2,09,09,4,0,0,1,1,0,0,0,0
"POINT (11.084495184000048 49.436526751000031)",Unfall 172164 (2020) Kat:3, Licht: 0,172164,3,1,0,09,15,4,0,0,1,0,0,0,0,0
"POINT (11.063371134000022 49.424221398000043)",Unfall 172174 (2020) Kat:3, Licht: 0,172174,3,3,5,09,12,6,0,0,1,1,0,0,0,0
"POINT (11.132842747000041 49.472719795000046)",Unfall 172229 (2020) Kat:3, Licht: 0,172229,3,2,5,09,11,6,0,0,1,1,0,0,0,0
"POINT (11.119076045000043 49.414879229000064)",Unfall 172241 (2020) Kat:3, Licht: 2,172241,3,3,5,09,20,5,0,2,0,1,0,0,0,0
"POINT (11.052985448000072 49.451799852000079)",Unfall 172243 (2020) Kat:3, Licht: 2,172243,3,3,5,09,20,5,0,2,1,0,0,0,0,0
"POINT (11.080356588000029 49.446665623000058)",Unfall 172284 (2020) Kat:3, Licht: 0,172284,3,1,0,09,15,6,0,0,1,0,0,0,0,0
"POINT (11.104926929000044 49.460253233000060)",Unfall 172329 (2020) Kat:3, Licht: 0,172329,3,6,3,09,15,3,0,0,0,1,0,1,0,0
"POINT (11.070828862000042 49.473822760000076)",Unfall 172331 (2020) Kat:3, Licht: 0,172331,3,1,6,09,18,3,0,0,1,0,1,0,0,0
"POINT (11.066506629000060 49.447443742000075)",Unfall 172332 (2020) Kat:3, Licht: 0,172332,3,5,1,09,13,6,0,0,0,1,0,1,0,0
"POINT (11.133577076000051 49.459472735000077)",Unfall 172334 (2020) Kat:3, Licht: 0,172334,3,7,1,09,13,3,0,0,1,0,0,0,0,0
"POINT (11.072827317000076 49.457923519000076)",Unfall 172335 (2020) Kat:2, Licht: 0,172335,2,6,5,09,16,3,0,0,1,0,0,0,0,0
"POINT (11.078651906000061 49.414161093000075)",Unfall 172337 (2020) Kat:3, Licht: 0,172337,3,6,3,09,11,3,0,0,0,1,0,1,0,0
"POINT (11.074590980000039 49.436461129000065)",Unfall 172351 (2020) Kat:3, Licht: 2,172351,3,1,7,09,04,2,0,2,0,1,0,0,0,0
"POINT (11.090899946000036 49.437386663000041)",Unfall 172374 (2020) Kat:3, Licht: 0,172374,3,1,0,09,15,7,0,0,1,0,0,0,0,0
"POINT (11.069298804000027 49.452758832000029)",Unfall 172400 (2020) Kat:3, Licht: 0,172400,3,2,5,09,13,2,0,0,1,1,0,0,0,0
"POINT (11.017201525000075 49.469567860000041)",Unfall 172404 (2020) Kat:3, Licht: 0,172404,3,4,6,09,16,2,0,0,0,1,1,0,0,0
"POINT (11.128339787000073 49.429602975000080)",Unfall 172418 (2020) Kat:3, Licht: 2,172418,3,7,1,09,01,1,0,2,0,1,1,1,0,0
"POINT (11.047209706000046 49.423730176000049)",Unfall 172454 (2020) Kat:3, Licht: 0,172454,3,6,4,09,10,2,0,0,0,1,0,0,0,0
"POINT (11.077637569000046 49.439919068000052)",Unfall 172480 (2020) Kat:3, Licht: 0,172480,3,6,3,09,16,7,0,0,0,1,0,1,0,0
"POINT (11.054360214000042 49.440722092000044)",Unfall 172506 (2020) Kat:3, Licht: 0,172506,3,6,2,09,15,2,0,0,0,0,0,0,0,1
"POINT (11.091551174000074 49.436430225000038)",Unfall 172560 (2020) Kat:3, Licht: 0,172560,3,2,5,09,12,2,0,0,0,1,0,0,0,0
"POINT (11.085558509000066 49.425069913000073)",Unfall 172569 (2020) Kat:2, Licht: 0,172569,2,3,5,09,15,7,0,0,1,0,0,0,0,0
"POINT (11.066553527000053 49.450942054000052)",Unfall 172572 (2020) Kat:3, Licht: 0,172572,3,1,0,09,12,2,0,0,0,0,0,1,0,0
"POINT (11.080866893000064 49.460933742000066)",Unfall 172665 (2020) Kat:3, Licht: 1,172665,3,3,5,09,18,6,1,1,0,1,0,0,0,0
"POINT (11.077588419000051 49.473901784000077)",Unfall 172666 (2020) Kat:3, Licht: 0,172666,3,6,2,09,15,4,0,0,0,1,0,0,0,0
"POINT (11.099453045000075 49.443185536000044)",Unfall 172668 (2020) Kat:2, Licht: 0,172668,2,1,0,09,11,4,1,0,0,0,0,1,0,0
"POINT (11.089009019000059 49.455676283000059)",Unfall 172670 (2020) Kat:3, Licht: 0,172670,3,6,2,09,11,4,1,0,0,1,0,0,0,0
"POINT (11.040728461000072 49.466381229000035)",Unfall 172671 (2020) Kat:3, Licht: 0,172671,3,6,2,09,14,4,0,0,0,1,0,0,0,1
"POINT (11.108467555000061 49.444359790000078)",Unfall 172758 (2020) Kat:2, Licht: 0,172758,2,7,0,09,17,5,0,0,1,1,0,0,0,0
"POINT (11.257361460000027 49.415698183000075)",Unfall 172760 (2020) Kat:3, Licht: 2,172760,3,1,8,09,20,5,0,2,0,1,0,0,0,0
"POINT (11.070377325000038 49.456123395000077)",Unfall 172762 (2020) Kat:2, Licht: 0,172762,2,4,6,09,15,5,0,0,1,1,1,0,0,0
"POINT (11.068602530000021 49.457247963000043)",Unfall 172767 (2020) Kat:3, Licht: 0,172767,3,1,0,09,09,5,0,0,1,0,0,0,0,0
"POINT (11.087314069000058 49.457349744000055)",Unfall 172773 (2020) Kat:2, Licht: 0,172773,2,5,6,09,13,5,0,0,0,1,1,0,0,0
"POINT (11.104694872000039 49.471800472000041)",Unfall 172775 (2020) Kat:2, Licht: 0,172775,2,3,5,09,13,5,0,0,1,1,0,0,0,0
"POINT (11.070553839000070 49.433323796000082)",Unfall 172781 (2020) Kat:3, Licht: 0,172781,3,3,5,09,15,5,0,0,1,1,0,0,0,0
"POINT (11.055759314000056 49.445406873000081)",Unfall 172785 (2020) Kat:3, Licht: 0,172785,3,6,0,09,07,3,0,0,1,0,0,0,0,0
"POINT (11.070650560000047 49.456690143000060)",Unfall 172787 (2020) Kat:3, Licht: 0,172787,3,6,2,09,08,3,0,0,0,1,0,1,0,0
"POINT (11.135640818000070 49.413349768000046)",Unfall 172788 (2020) Kat:3, Licht: 0,172788,3,1,0,09,11,3,0,0,1,0,0,0,0,0
"POINT (11.071168541000077 49.456817927000031)",Unfall 172790 (2020) Kat:3, Licht: 0,172790,3,7,0,09,08,3,0,0,1,0,0,0,0,0
"POINT (11.030181989000027 49.405530673000044)",Unfall 172791 (2020) Kat:3, Licht: 0,172791,3,7,1,09,17,3,0,0,1,1,0,0,0,0
"POINT (11.170712787000070 49.405615294000029)",Unfall 172794 (2020) Kat:3, Licht: 0,172794,3,3,5,09,09,3,0,0,0,1,0,0,1,0
"POINT (11.069566902000076 49.450954199000080)",Unfall 172821 (2020) Kat:3, Licht: 0,172821,3,3,5,09,15,6,0,0,0,1,0,1,0,0
"POINT (11.080592880000040 49.446056165000073)",Unfall 172855 (2020) Kat:2, Licht: 0,172855,2,1,0,09,17,1,0,0,0,0,0,1,0,0
"POINT (11.122500008000031 49.405140194000069)",Unfall 172860 (2020) Kat:3, Licht: 0,172860,3,7,1,09,15,2,0,0,0,1,0,0,0,0
"POINT (11.019290994000073 49.471117925000044)",Unfall 172884 (2020) Kat:3, Licht: 0,172884,3,6,3,09,17,4,0,0,1,1,0,0,0,0
"POINT (11.166690247000076 49.464623913000025)",Unfall 172900 (2020) Kat:3, Licht: 0,172900,3,3,5,09,07,2,0,0,0,1,0,0,0,0