WKT,Name,OBJECTID,UKATEGORIE,UTYP1,UART,UMONAT,USTUNDE,UWOCHENTAG,STRZUSTAND,ULICHTVERH,ISTRAD,ISTPKW,ISTFUSS,ISTKRAD,ISTGKFZ,ISTSONSTIG
"POINT (11.066988306000042 49.435194754000065)",Unfall 175479 (2020) Kat:3, Licht: 0,175479,3,6,2,11,14,6,0,0,0,1,0,0,0,0
"POINT (11.070506392000027 49.408143282000026)",Unfall 175494 (2020) Kat:3, Licht: 0,175494,3,1,2,11,07,2,1,0,0,1,0,0,0,0
"POINT (11.075514811000062 49.451875903000030)",Unfall 175524 (2020) Kat:3, Licht: 0,175524,3,1,0,11,13,5,0,0,0,0,0,1,0,0
"POINT (11.089343846000077 49.457538690000035)",Unfall 175601 (2020) Kat:3, Licht: 2,175601,3,6,2,11,21,7,0,2,0,1,0,0,0,0
"POINT (11.101251243000036 49.466002873000036)",Unfall 175635 (2020) Kat:2, Licht: 0,175635,2,6,3,11,12,5,1,0,1,1,0,0,0,0
"POINT (11.070590483000046 49.463633028000061)",Unfall 175691 (2020) Kat:3, Licht: 0,175691,3,7,0,11,14,5,0,0,1,0,0,0,0,0
"POINT (11.080604843000060 49.460934054000063)",Unfall 175713 (2020) Kat:3, Licht: 2,175713,3,5,4,11,19,7,0,2,1,1,0,0,0,0
"POINT (11.078094371000077 49.439938797000082)",Unfall 175727 (2020) Kat:3, Licht: 0,175727,3,1,0,11,13,2,1,0,0,0,0,1,0,0
"POINT (11.088948096000024 49.461419403000036)",Unfall 175730 (2020) Kat:3, Licht: 2,175730,3,6,2,11,23,6,0,2,0,1,0,0,0,0
"POINT (11.083466478000048 49.440734923000036)",Unfall 175752 (2020) Kat:3, Licht: 2,175752,3,7,5,12,16,4,0,2,0,1,0,0,0,0
"POINT (11.048104516000024 49.400384109000072)",Unfall 175806 (2020) Kat:3, Licht: 0,175806,3,3,5,11,08,2,0,0,0,1,0,0,1,0
"POINT (11.102198701000077 49.483999125000025)",Unfall 175808 (2020) Kat:3, Licht: 1,175808,3,2,4,11,17,2,0,1,1,1,0,0,0,0
"POINT (11.044744225000045 49.442109054000071)",Unfall 175809 (2020) Kat:3, Licht: 1,175809,3,6,2,11,16,2,0,1,0,1,0,0,0,0
"POINT (11.082679925000036 49.419822618000069)",Unfall 175810 (2020) Kat:3, Licht: 2,175810,3,3,5,12,05,6,1,2,1,1,0,0,0,0
"POINT (11.093086097000025 49.453204070000027)",Unfall 175883 (2020) Kat:3, Licht: 2,175883,3,7,1,11,20,7,0,2,1,1,0,0,0,0
"POINT (11.137920470000040 49.401405105000038)",Unfall 175885 (2020) Kat:3, Licht: 2,175885,3,6,2,11,19,7,0,2,0,1,0,0,0,0
"POINT (11.053175865000071 49.452035309000053)",Unfall 175952 (2020) Kat:3, Licht: 1,175952,3,7,0,11,16,6,0,1,1,1,0,0,0,0
"POINT (11.103771413000061 49.474451587000033)",Unfall 175953 (2020) Kat:3, Licht: 0,175953,3,6,2,11,12,6,0,0,0,1,0,0,0,0
"POINT (11.097708859000022 49.445880294000062)",Unfall 175954 (2020) Kat:3, Licht: 0,175954,3,2,0,11,13,6,0,0,1,0,0,1,0,0
"POINT (11.068717456000059 49.446119872000054)",Unfall 175956 (2020) Kat:3, Licht: 2,175956,3,1,8,11,01,6,2,2,0,1,0,0,0,0
"POINT (11.066824991000033 49.447810344000061)",Unfall 175958 (2020) Kat:3, Licht: 0,175958,3,6,1,11,15,6,0,0,0,0,0,1,1,0
"POINT (11.102596140000060 49.457684950000044)",Unfall 175966 (2020) Kat:3, Licht: 0,175966,3,1,0,12,15,5,1,0,1,0,0,0,0,0
"POINT (11.074374681000052 49.434135172000026)",Unfall 175967 (2020) Kat:3, Licht: 2,175967,3,6,2,12,17,3,1,2,0,1,0,0,0,0
"POINT (11.041888065000023 49.455508085000076)",Unfall 175968 (2020) Kat:3, Licht: 1,175968,3,6,2,12,07,3,1,1,0,1,0,0,0,0
"POINT (11.120539066000049 49.474653143000069)",Unfall 175970 (2020) Kat:3, Licht: 2,175970,3,6,2,12,06,3,2,2,0,1,0,0,0,0
"POINT (11.181996668000068 49.425043493000032)",Unfall 175975 (2020) Kat:3, Licht: 2,175975,3,3,5,12,16,3,2,2,0,1,0,0,0,1
"POINT (11.056445867000036 49.450789512000028)",Unfall 176046 (2020) Kat:2, Licht: 2,176046,2,1,7,12,06,6,0,2,0,0,0,1,0,0
"POINT (11.048946463000050 49.408405398000070)",Unfall 176051 (2020) Kat:2, Licht: 2,176051,2,1,6,12,22,7,1,2,0,0,1,0,0,1
"POINT (11.089117454000075 49.424250379000057)",Unfall 176060 (2020) Kat:3, Licht: 2,176060,3,7,6,12,18,7,0,2,0,1,1,0,0,0
"POINT (11.048945565000054 49.408399493000047)",Unfall 176062 (2020) Kat:2, Licht: 2,176062,2,7,0,12,22,7,1,2,1,0,0,0,0,0
"POINT (11.047885162000057 49.433854555000039)",Unfall 176071 (2020) Kat:3, Licht: 0,176071,3,2,1,12,12,7,0,0,0,1,0,0,0,0
"POINT (11.070650436000051 49.452255478000041)",Unfall 176083 (2020) Kat:3, Licht: 0,176083,3,1,0,12,12,7,1,0,1,0,0,0,0,0
"POINT (11.089513040000043 49.456693015000042)",Unfall 176085 (2020) Kat:3, Licht: 2,176085,3,2,4,12,20,7,0,2,1,1,0,0,0,0
"POINT (11.053914887000076 49.440486351000061)",Unfall 176092 (2020) Kat:3, Licht: 2,176092,3,6,2,12,19,4,1,2,0,1,0,0,0,0
"POINT (11.133960982000076 49.401640540000074)",Unfall 176145 (2020) Kat:3, Licht: 0,176145,3,6,2,12,11,5,0,0,1,0,0,0,0,1
"POINT (11.097392057000036 49.449693401000047)",Unfall 176203 (2020) Kat:3, Licht: 2,176203,3,6,2,12,06,4,1,2,0,1,0,0,0,0
"POINT (11.018243123000047 49.457817117000047)",Unfall 176232 (2020) Kat:3, Licht: 1,176232,3,3,0,12,16,3,1,1,1,1,0,0,0,0
"POINT (11.068981200000053 49.467296486000066)",Unfall 176244 (2020) Kat:3, Licht: 2,176244,3,3,5,12,16,2,1,2,0,1,0,1,0,0
"POINT (11.097448568000061 49.444793511000057)",Unfall 176247 (2020) Kat:3, Licht: 2,176247,3,3,5,12,05,7,1,2,0,1,0,0,0,0
"POINT (11.081953998000074 49.440445946000068)",Unfall 176268 (2020) Kat:3, Licht: 2,176268,3,2,4,12,17,4,1,2,0,1,0,0,0,0
"POINT (11.083269096000038 49.449981764000029)",Unfall 176272 (2020) Kat:3, Licht: 0,176272,3,6,2,12,13,3,0,0,0,1,0,0,0,0
"POINT (11.085623105000025 49.463518493000038)",Unfall 176289 (2020) Kat:3, Licht: 2,176289,3,4,6,12,19,3,1,2,0,1,1,0,0,0
"POINT (11.095641122000075 49.460501419000082)",Unfall 176297 (2020) Kat:3, Licht: 0,176297,3,3,5,12,15,1,0,0,0,1,0,0,0,0
"POINT (11.069553301000042 49.450952172000029)",Unfall 176338 (2020) Kat:3, Licht: 0,176338,3,3,5,12,08,3,0,0,1,1,0,0,0,0
"POINT (11.144337404000055 49.412699456000041)",Unfall 176345 (2020) Kat:3, Licht: 0,176345,3,3,5,12,13,2,0,0,0,1,0,0,0,0
"POINT (11.100015619000033 49.438491802000044)",Unfall 176347 (2020) Kat:3, Licht: 0,176347,3,1,0,12,10,2,1,0,1,0,0,0,0,0
"POINT (11.019585843000073 49.469082005000075)",Unfall 176369 (2020) Kat:3, Licht: 0,176369,3,7,6,12,15,6,1,0,0,0,1,0,0,1
"POINT (11.057838282000034 49.454685314000074)",Unfall 176408 (2020) Kat:3, Licht: 0,176408,3,6,2,12,11,5,0,0,0,1,0,0,0,0
"POINT (11.164162181000052 49.407217510000066)",Unfall 176441 (2020) Kat:3, Licht: 0,176441,3,3,5,12,13,3,0,0,0,1,0,0,0,0
"POINT (11.063371734000043 49.424220709000053)",Unfall 176536 (2020) Kat:3, Licht: 2,176536,3,3,5,12,17,5,1,2,1,1,0,0,0,0
"POINT (11.060746795000057 49.345784232000028)",Unfall 176560 (2020) Kat:3, Licht: 0,176560,3,2,5,12,12,4,0,0,0,1,0,0,0,0
"POINT (11.056454870000039 49.460845915000050)",Unfall 176561 (2020) Kat:3, Licht: 0,176561,3,7,1,12,12,4,0,0,1,1,0,0,0,0
"POINT (11.067998793000072 49.441375996000033)",Unfall 176586 (2020) Kat:3, Licht: 2,176586,3,6,2,12,17,3,1,2,0,1,0,0,0,0
"POINT (11.025739480000027 49.516547687000070)",Unfall 176591 (2020) Kat:3, Licht: 0,176591,3,6,0,12,15,3,0,0,1,1,0,0,0,0
"POINT (11.011496321000038 49.447916072000055)",Unfall 176594 (2020) Kat:3, Licht: 1,176594,3,6,2,12,15,3,1,1,0,1,0,0,0,0
"POINT (11.039881750000063 49.458851338000045)",Unfall 176644 (2020) Kat:3, Licht: 0,176644,3,3,5,12,13,2,0,0,0,1,0,0,0,0
"POINT (11.062164530000075 49.352381137000066)",Unfall 176679 (2020) Kat:2, Licht: 0,176679,2,1,0,12,13,7,0,0,1,0,0,0,0,0
"POINT (11.068484486000045 49.444779664000066)",Unfall 176710 (2020) Kat:3, Licht: 0,176710,3,3,5,12,12,5,1,0,0,1,0,0,0,0
"POINT (11.049462807000054 49.435999086000038)",Unfall 176759 (2020) Kat:3, Licht: 2,176759,3,2,6,12,17,4,1,2,0,1,1,0,0,0
"POINT (11.103684425000040 49.450591301000031)",Unfall 176760 (2020) Kat:2, Licht: 2,176760,2,2,5,12,06,4,1,2,0,1,0,1,0,0
"POINT (11.151353533000076 49.406902584000079)",Unfall 176761 (2020) Kat:3, Licht: 0,176761,3,3,5,12,10,4,1,0,0,1,0,0,0,0
"POINT (11.088484196000024 49.441337941000029)",Unfall 176763 (2020) Kat:3, Licht: 0,176763,3,2,0,12,13,2,1,0,0,1,0,1,0,0
"POINT (11.133879348000050 49.453283416000033)",Unfall 176764 (2020) Kat:3, Licht: 0,176764,3,6,2,12,14,2,1,0,0,1,0,0,0,0
"POINT (11.044942290000051 49.429834795000033)",Unfall 87316 (2021) Kat:2, Licht: 2,87316,2,3,5,01,05,4,1,2,1,1,0,0,0,0
"POINT (11.035934686000076 49.446968884000057)",Unfall 87384 (2021) Kat:2, Licht: 1,87384,2,6,0,01,07,2,2,1,1,0,0,0,0,0
"POINT (11.093678788000034 49.430553649000046)",Unfall 87392 (2021) Kat:3, Licht: 0,87392,3,6,1,01,09,6,0,0,0,1,0,0,0,0
"POINT (11.094779051000046 49.470049549000066)",Unfall 87398 (2021) Kat:3, Licht: 0,87398,3,2,4,01,08,2,0,0,1,1,0,0,0,0
"POINT (11.036164950000057 49.448035551000032)",Unfall 87412 (2021) Kat:2, Licht: 0,87412,2,1,0,01,08,6,1,0,1,0,0,0,0,0
"POINT (11.022658020000051 49.461655422000035)",Unfall 87436 (2021) Kat:3, Licht: 2,87436,3,6,2,01,17,3,1,2,0,1,0,0,0,0
"POINT (11.004759626000066 49.439977809000027)",Unfall 87507 (2021) Kat:3, Licht: 0,87507,3,6,3,01,10,6,0,0,0,1,0,0,0,0
"POINT (11.035190098000044 49.406781474000070)",Unfall 87631 (2021) Kat:3, Licht: 2,87631,3,6,2,01,17,1,2,2,0,1,0,0,0,0
"POINT (11.071022792000065 49.469613246000051)",Unfall 87669 (2021) Kat:3, Licht: 0,87669,3,6,0,01,13,2,0,0,0,0,0,1,0,1
"POINT (11.118758669000044 49.455485482000029)",Unfall 87677 (2021) Kat:3, Licht: 0,87677,3,6,2,01,16,6,0,0,0,1,0,0,0,0
"POINT (11.049972438000054 49.407298492000052)",Unfall 87749 (2021) Kat:3, Licht: 0,87749,3,1,8,01,13,7,0,0,0,1,0,0,0,0
"POINT (11.137533157000064 49.461937575000036)",Unfall 87821 (2021) Kat:3, Licht: 2,87821,3,4,6,01,19,7,1,2,1,0,1,0,0,0
"POINT (11.012279413000044 49.465390291000062)",Unfall 87849 (2021) Kat:3, Licht: 2,87849,3,3,5,01,18,3,0,2,1,1,0,0,0,0
"POINT (11.071405128000038 49.469606534000036)",Unfall 87948 (2021) Kat:3, Licht: 0,87948,3,6,2,01,15,6,0,0,0,1,0,0,0,0
"POINT (11.063278070000024 49.428200560000050)",Unfall 88011 (2021) Kat:3, Licht: 2,88011,3,3,5,01,19,4,1,2,0,1,0,0,0,0
"POINT (11.035424749000072 49.407849426000041)",Unfall 88166 (2021) Kat:3, Licht: 0,88166,3,5,1,01,11,2,0,0,0,1,0,0,1,0
"POINT (11.060827060000065 49.480349668000031)",Unfall 88203 (2021) Kat:3, Licht: 0,88203,3,1,6,01,14,3,1,0,1,0,1,0,0,0
"POINT (11.034193145000074 49.410490900000070)",Unfall 88251 (2021) Kat:3, Licht: 2,88251,3,2,4,01,16,3,1,2,0,1,0,0,0,0
"POINT (11.090372484000056 49.429751788000033)",Unfall 88428 (2021) Kat:3, Licht: 2,88428,3,3,5,01,20,2,1,2,0,1,0,0,0,1
"POINT (11.063526833000026 49.428158704000055)",Unfall 88486 (2021) Kat:3, Licht: 0,88486,3,6,3,01,11,4,1,0,0,1,0,0,1,0
"POINT (11.125207928000066 49.466780313000072)",Unfall 88633 (2021) Kat:3, Licht: 1,88633,3,6,2,01,16,3,1,1,0,1,0,0,0,0
"POINT (11.033867192000059 49.513840409000068)",Unfall 88679 (2021) Kat:3, Licht: 0,88679,3,1,9,01,09,3,2,0,0,1,0,0,0,0
"POINT (11.035637628000075 49.421285259000058)",Unfall 88710 (2021) Kat:3, Licht: 0,88710,3,6,3,01,11,6,0,0,0,1,0,0,0,1
"POINT (11.023257658000034 49.461595594000073)",Unfall 88716 (2021) Kat:3, Licht: 0,88716,3,6,2,02,08,2,1,0,0,1,0,1,0,0
"POINT (11.076238338000053 49.430556934000037)",Unfall 88733 (2021) Kat:3, Licht: 2,88733,3,7,8,02,20,3,2,2,0,1,0,0,0,0
"POINT (11.119817000000069 49.437070998000081)",Unfall 88766 (2021) Kat:2, Licht: 0,88766,2,7,7,02,16,6,0,0,1,0,0,0,0,0
"POINT (11.051872204000063 49.446319773000027)",Unfall 88843 (2021) Kat:3, Licht: 0,88843,3,6,3,02,15,5,0,0,0,1,0,0,1,0
"POINT (10.997961731000032 49.434468064000043)",Unfall 88901 (2021) Kat:3, Licht: 0,88901,3,2,3,02,14,5,0,0,0,1,0,0,0,0
"POINT (11.047499724000033 49.460328380000078)",Unfall 88922 (2021) Kat:3, Licht: 2,88922,3,7,0,02,18,5,0,2,1,0,0,0,0,0
"POINT (11.035801421000031 49.440855503000080)",Unfall 88926 (2021) Kat:3, Licht: 0,88926,3,7,2,02,07,2,0,0,0,1,0,0,0,1
"POINT (11.081446987000049 49.469431880000059)",Unfall 88931 (2021) Kat:3, Licht: 0,88931,3,1,2,02,14,4,2,0,0,1,0,0,0,0
"POINT (11.131372290000058 49.459901223000031)",Unfall 88939 (2021) Kat:2, Licht: 0,88939,2,2,6,02,13,3,1,0,0,1,1,0,0,0
"POINT (11.127282595000054 49.467637628000034)",Unfall 88941 (2021) Kat:3, Licht: 0,88941,3,7,0,02,14,6,0,0,0,1,0,0,0,0
"POINT (11.112503242000059 49.414221623000060)",Unfall 89017 (2021) Kat:3, Licht: 2,89017,3,1,9,02,22,5,0,2,0,1,0,0,0,0
"POINT (11.074460526000053 49.430150138000045)",Unfall 89031 (2021) Kat:3, Licht: 0,89031,3,1,0,02,07,6,0,0,0,0,0,1,0,0
"POINT (11.125592295000047 49.466913627000054)",Unfall 89129 (2021) Kat:3, Licht: 0,89129,3,3,5,02,07,4,1,0,1,1,0,0,0,0
"POINT (11.096372960000053 49.431243568000070)",Unfall 89195 (2021) Kat:2, Licht: 2,89195,2,2,6,02,19,7,1,2,0,1,1,0,0,0
"POINT (11.065285507000056 49.426001742000039)",Unfall 89255 (2021) Kat:3, Licht: 0,89255,3,3,5,02,13,3,0,0,1,1,0,0,0,0
"POINT (11.067896853000036 49.469677024000077)",Unfall 89281 (2021) Kat:3, Licht: 0,89281,3,6,2,02,07,6,0,0,1,1,0,0,0,0
"POINT (11.035393884000030 49.407569673000069)",Unfall 89335 (2021) Kat:3, Licht: 1,89335,3,1,0,02,16,2,1,1,1,0,0,0,0,0
"POINT (11.065034576000073 49.427933174000032)",Unfall 89349 (2021) Kat:3, Licht: 2,89349,3,6,3,02,18,7,0,2,0,1,0,0,0,0
"POINT (11.012547356000027 49.465434188000074)",Unfall 89366 (2021) Kat:3, Licht: 2,89366,3,3,5,02,18,5,0,2,0,1,0,0,0,0
"POINT (11.050859169000034 49.462990739000077)",Unfall 89437 (2021) Kat:3, Licht: 0,89437,3,6,5,02,13,3,0,0,0,1,0,0,0,1
"POINT (11.152827807000051 49.416250536000064)",Unfall 89443 (2021) Kat:2, Licht: 1,89443,2,2,5,02,18,7,0,1,0,1,0,0,1,0
"POINT (11.107864774000063 49.432886311000061)",Unfall 89503 (2021) Kat:3, Licht: 0,89503,3,1,0,02,14,5,0,0,0,0,0,1,0,0
"POINT (11.058512251000025 49.352396620000036)",Unfall 89531 (2021) Kat:2, Licht: 0,89531,2,3,4,02,08,4,1,0,1,1,0,0,0,0
"POINT (11.065710622000040 49.427889511000046)",Unfall 89567 (2021) Kat:3, Licht: 2,89567,3,3,5,02,17,2,1,2,1,1,0,0,0,0
"POINT (11.107332378000024 49.418202504000078)",Unfall 89569 (2021) Kat:3, Licht: 0,89569,3,6,2,02,14,1,1,0,0,1,0,0,0,0
"POINT (11.081566237000061 49.430361821000076)",Unfall 89590 (2021) Kat:3, Licht: 2,89590,3,6,2,02,18,2,2,2,0,1,0,0,0,1
"POINT (11.038002593000044 49.451711910000029)",Unfall 89613 (2021) Kat:3, Licht: 2,89613,3,3,5,02,18,5,1,2,1,1,0,0,0,0
"POINT (11.072261306000030 49.339925940000057)",Unfall 89686 (2021) Kat:2, Licht: 2,89686,2,6,3,02,19,2,0,2,0,1,0,0,1,0
"POINT (11.012695501000053 49.465380666000044)",Unfall 89767 (2021) Kat:3, Licht: 1,89767,3,6,2,02,05,5,0,1,1,0,0,0,0,0
"POINT (11.100716792000071 49.465239409000048)",Unfall 89784 (2021) Kat:2, Licht: 0,89784,2,2,6,02,09,6,0,0,0,1,1,0,0,0
"POINT (11.037675383000021 49.397523374000059)",Unfall 89791 (2021) Kat:3, Licht: 2,89791,3,3,0,02,20,6,0,2,0,1,0,0,0,1
"POINT (11.044897735000063 49.458658697000033)",Unfall 89793 (2021) Kat:3, Licht: 2,89793,3,2,4,02,21,1,0,2,0,1,0,0,0,0
"POINT (11.093453939000028 49.430501382000045)",Unfall 89879 (2021) Kat:3, Licht: 0,89879,3,6,2,02,07,2,2,0,0,1,0,0,0,0
"POINT (11.052354755000067 49.446142421000047)",Unfall 89927 (2021) Kat:3, Licht: 2,89927,3,1,7,02,21,2,1,2,0,1,0,0,0,0
"POINT (11.032613778000041 49.387897239000040)",Unfall 89975 (2021) Kat:3, Licht: 0,89975,3,6,2,03,09,2,0,0,0,1,0,0,0,0
"POINT (11.100722603000065 49.465394461000074)",Unfall 90029 (2021) Kat:3, Licht: 0,90029,3,4,6,03,11,3,0,0,0,0,1,0,0,1
"POINT (11.012648306000074 49.465253833000077)",Unfall 90038 (2021) Kat:3, Licht: 0,90038,3,3,5,03,15,3,0,0,0,1,0,0,0,0
"POINT (11.032974087000071 49.530168564000064)",Unfall 90137 (2021) Kat:3, Licht: 0,90137,3,6,2,03,05,2,0,0,0,1,0,1,0,0
"POINT (11.117629053000030 49.402743235000059)",Unfall 90145 (2021) Kat:2, Licht: 0,90145,2,1,9,03,13,2,0,0,0,1,0,0,0,0
"POINT (11.042177604000074 49.426990733000082)",Unfall 90260 (2021) Kat:2, Licht: 2,90260,2,7,6,04,21,6,0,2,0,1,1,0,0,0
"POINT (11.121304032000069 49.485110537000025)",Unfall 90284 (2021) Kat:3, Licht: 0,90284,3,6,2,03,08,2,0,0,0,1,0,0,0,0
"POINT (11.085650128000054 49.396673247000081)",Unfall 90291 (2021) Kat:3, Licht: 2,90291,3,1,7,03,02,6,1,2,0,0,0,1,0,0
"POINT (11.119920691000061 49.400820459000045)",Unfall 90448 (2021) Kat:3, Licht: 0,90448,3,2,5,03,18,4,0,0,1,1,0,0,0,0
"POINT (11.097838546000048 49.467046705000030)",Unfall 90512 (2021) Kat:3, Licht: 0,90512,3,6,2,03,13,4,0,0,0,1,0,0,0,0
"POINT (11.104637617000037 49.462262639000073)",Unfall 90522 (2021) Kat:3, Licht: 2,90522,3,1,0,03,19,2,0,2,1,0,0,0,0,0
"POINT (11.072115478000057 49.343340551000040)",Unfall 90553 (2021) Kat:3, Licht: 0,90553,3,1,5,03,15,4,0,0,0,1,0,0,0,0
"POINT (11.037567100000047 49.397939467000072)",Unfall 90570 (2021) Kat:3, Licht: 0,90570,3,2,5,03,19,2,0,0,1,1,0,0,0,0
"POINT (11.205397809000033 49.419937781000044)",Unfall 90604 (2021) Kat:2, Licht: 0,90604,2,6,2,03,15,4,0,0,0,1,0,1,0,0
"POINT (11.036313810000024 49.448667642000032)",Unfall 90636 (2021) Kat:3, Licht: 0,90636,3,6,1,04,10,4,0,0,0,1,0,0,0,0
"POINT (11.067464579000045 49.422342418000028)",Unfall 90655 (2021) Kat:3, Licht: 1,90655,3,7,0,03,04,6,0,1,0,0,0,1,1,0
"POINT (11.038044674000048 49.434550247000061)",Unfall 90793 (2021) Kat:3, Licht: 0,90793,3,6,2,03,12,2,0,0,0,1,0,0,0,0
"POINT (11.058152991000043 49.442862707000074)",Unfall 90806 (2021) Kat:3, Licht: 1,90806,3,3,5,02,06,1,0,1,0,1,0,0,0,0
"POINT (11.116746805000048 49.392865699000026)",Unfall 90808 (2021) Kat:3, Licht: 0,90808,3,6,2,04,15,4,1,0,0,1,0,0,0,0
"POINT (11.036344523000025 49.448763020000058)",Unfall 90816 (2021) Kat:3, Licht: 2,90816,3,6,2,03,21,3,0,2,0,1,0,0,0,0
"POINT (11.103195700000072 49.431379258000050)",Unfall 90839 (2021) Kat:3, Licht: 2,90839,3,3,5,04,21,5,0,2,0,1,0,0,0,1
"POINT (11.116572898000072 49.391678155000079)",Unfall 90842 (2021) Kat:3, Licht: 0,90842,3,1,2,03,10,4,0,0,0,1,0,0,0,0
"POINT (11.076791450000030 49.341911170000060)",Unfall 90860 (2021) Kat:1, Licht: 0,90860,1,7,2,03,11,1,0,0,0,1,0,0,0,0
"POINT (11.036043250000034 49.420213810000064)",Unfall 90865 (2021) Kat:3, Licht: 2,90865,3,6,2,03,18,5,0,2,0,1,0,0,0,0
"POINT (11.024534521000021 49.461171931000081)",Unfall 90922 (2021) Kat:3, Licht: 0,90922,3,7,0,03,12,6,0,0,0,0,0,0,0,1
"POINT (11.109108422000077 49.478373333000036)",Unfall 91001 (2021) Kat:2, Licht: 2,91001,2,3,5,03,20,4,0,2,1,1,0,0,0,0
"POINT (11.103480185000024 49.429211841000040)",Unfall 91087 (2021) Kat:3, Licht: 0,91087,3,6,2,03,09,4,0,0,0,1,0,0,0,0
"POINT (11.120008447000032 49.436982666000063)",Unfall 91130 (2021) Kat:3, Licht: 0,91130,3,7,0,03,16,3,0,0,1,0,0,0,0,0
"POINT (11.035692460000064 49.445192952000070)",Unfall 91164 (2021) Kat:3, Licht: 0,91164,3,7,1,03,16,6,0,0,1,0,0,0,0,1
"POINT (11.114557098000034 49.392984456000079)",Unfall 91188 (2021) Kat:3, Licht: 0,91188,3,1,2,04,15,4,0,0,0,0,0,0,1,1
"POINT (11.098595561000025 49.431195963000050)",Unfall 91337 (2021) Kat:2, Licht: 0,91337,2,1,0,03,12,3,0,0,1,0,0,0,0,0
"POINT (11.024423069000022 49.461067553000078)",Unfall 91348 (2021) Kat:3, Licht: 0,91348,3,6,2,03,15,6,0,0,0,1,0,0,0,0
"POINT (11.095871556000077 49.431102454000040)",Unfall 91383 (2021) Kat:3, Licht: 0,91383,3,6,2,04,11,5,0,0,0,1,0,0,0,0
"POINT (11.030173567000077 49.441596086000061)",Unfall 91390 (2021) Kat:3, Licht: 0,91390,3,7,0,03,12,4,0,0,1,0,0,0,0,0
"POINT (11.079240539000068 49.414538615000026)",Unfall 91455 (2021) Kat:3, Licht: 0,91455,3,6,2,03,13,7,0,0,0,1,0,0,0,0
"POINT (11.019643502000065 49.462832364000064)",Unfall 91477 (2021) Kat:3, Licht: 0,91477,3,6,2,03,16,2,0,0,0,1,0,0,1,0
"POINT (11.121344638000039 49.456714143000056)",Unfall 91495 (2021) Kat:3, Licht: 0,91495,3,1,0,04,15,2,0,0,1,0,0,0,0,0
"POINT (11.058979082000064 49.484120391000033)",Unfall 91556 (2021) Kat:2, Licht: 0,91556,2,7,0,03,15,4,0,0,0,0,0,0,0,1
"POINT (11.054822994000062 49.444554062000066)",Unfall 91603 (2021) Kat:3, Licht: 2,91603,3,3,5,03,05,3,0,2,0,1,0,0,0,0
"POINT (11.096643921000066 49.431253192000042)",Unfall 91606 (2021) Kat:3, Licht: 2,91606,3,6,2,04,20,6,0,2,0,1,0,1,0,0
"POINT (11.099629908000054 49.355959408000047)",Unfall 91655 (2021) Kat:3, Licht: 0,91655,3,6,4,03,13,5,0,0,0,1,0,0,1,0
"POINT (11.166159831000073 49.404806999000073)",Unfall 91663 (2021) Kat:3, Licht: 0,91663,3,5,1,03,14,6,1,0,0,1,0,0,0,1
"POINT (11.124455869000030 49.435023886000067)",Unfall 91667 (2021) Kat:3, Licht: 0,91667,3,6,3,03,13,6,0,0,0,1,0,1,0,0
"POINT (11.107455456000025 49.432745132000036)",Unfall 91683 (2021) Kat:3, Licht: 0,91683,3,6,2,03,12,7,0,0,0,1,0,0,0,0
"POINT (11.048631412000077 49.447462917000053)",Unfall 91688 (2021) Kat:3, Licht: 0,91688,3,6,2,03,08,2,0,0,0,1,0,0,1,0
"POINT (11.058166755000059 49.442852205000065)",Unfall 91695 (2021) Kat:3, Licht: 0,91695,3,2,3,02,13,7,0,0,0,1,0,0,0,0
"POINT (11.048640894000073 49.365544291000049)",Unfall 91738 (2021) Kat:3, Licht: 0,91738,3,7,0,03,18,2,0,0,0,0,0,0,0,1
"POINT (11.061941045000026 49.428418165000039)",Unfall 91806 (2021) Kat:3, Licht: 0,91806,3,6,2,04,13,4,0,0,0,1,0,0,0,0
"POINT (11.116827859000068 49.457979697000042)",Unfall 91817 (2021) Kat:3, Licht: 0,91817,3,1,0,03,13,2,1,0,1,0,0,0,0,0
"POINT (11.116240459000039 49.458444362000080)",Unfall 92071 (2021) Kat:3, Licht: 0,92071,3,6,4,05,11,1,0,0,0,1,0,0,0,0
"POINT (11.139701361000050 49.472286834000045)",Unfall 92076 (2021) Kat:2, Licht: 0,92076,2,1,9,04,12,3,0,0,1,1,0,0,0,0
"POINT (11.104949897000040 49.461635798000032)",Unfall 92170 (2021) Kat:3, Licht: 0,92170,3,3,5,05,14,7,1,0,0,1,0,0,0,0
"POINT (11.096606751000024 49.431251872000075)",Unfall 92194 (2021) Kat:2, Licht: 0,92194,2,1,6,05,17,1,0,0,1,0,1,0,0,0
"POINT (11.029382184000042 49.379065205000074)",Unfall 92289 (2021) Kat:3, Licht: 0,92289,3,3,3,05,07,6,1,0,0,1,0,0,0,1
"POINT (11.103852449000044 49.474464361000059)",Unfall 92312 (2021) Kat:3, Licht: 0,92312,3,3,5,05,07,5,0,0,0,1,0,0,0,0
"POINT (11.037554262000072 49.397984982000025)",Unfall 92340 (2021) Kat:3, Licht: 0,92340,3,6,2,04,11,6,0,0,0,1,0,0,1,0
"POINT (11.034922497000025 49.457767018000027)",Unfall 92350 (2021) Kat:2, Licht: 0,92350,2,2,5,04,12,6,0,0,0,1,0,0,0,1