WKT,Name,OBJECTID,UKATEGORIE,UTYP1,UART,UMONAT,USTUNDE,UWOCHENTAG,STRZUSTAND,ULICHTVERH,ISTRAD,ISTPKW,ISTFUSS,ISTKRAD,ISTGKFZ,ISTSONSTIG
"POINT (11.019562317000066 49.462717961000067)",Unfall 92357 (2021) Kat:3, Licht: 2,92357,3,2,5,05,20,2,0,2,0,1,0,0,0,1
"POINT (11.105886594000026 49.460622977000071)",Unfall 92402 (2021) Kat:3, Licht: 0,92402,3,6,2,05,05,3,0,0,0,0,0,1,0,1
"POINT (11.038183449000030 49.434174506000033)",Unfall 92414 (2021) Kat:3, Licht: 0,92414,3,1,0,05,16,7,0,0,1,0,0,0,0,0
"POINT (11.125300540000069 49.489296151000076)",Unfall 92429 (2021) Kat:3, Licht: 0,92429,3,6,2,05,10,2,0,0,0,1,0,0,0,0
"POINT (11.118052185000067 49.456117586000062)",Unfall 92486 (2021) Kat:3, Licht: 0,92486,3,6,2,04,09,5,0,0,0,1,0,0,0,0
"POINT (10.994239666000055 49.437403495000069)",Unfall 92634 (2021) Kat:3, Licht: 2,92634,3,2,5,04,21,1,0,2,0,1,0,0,0,0
"POINT (11.056089803000077 49.466504580000048)",Unfall 92638 (2021) Kat:3, Licht: 1,92638,3,3,5,04,20,7,0,1,1,1,0,0,0,0
"POINT (11.037566617000039 49.397941180000032)",Unfall 92648 (2021) Kat:3, Licht: 0,92648,3,2,4,05,17,5,1,0,0,1,0,1,0,1
"POINT (11.078918578000071 49.415060756000059)",Unfall 92704 (2021) Kat:3, Licht: 2,92704,3,7,0,05,21,2,0,2,1,0,0,0,0,0
"POINT (11.116577957000061 49.435953082000026)",Unfall 92730 (2021) Kat:2, Licht: 0,92730,2,3,5,05,14,2,0,0,1,1,0,0,0,0
"POINT (11.079198591000022 49.414587074000053)",Unfall 92780 (2021) Kat:3, Licht: 0,92780,3,6,2,05,08,4,0,0,0,1,0,0,0,0
"POINT (11.103823541000054 49.474356862000036)",Unfall 92846 (2021) Kat:3, Licht: 0,92846,3,6,2,05,11,1,0,0,0,1,0,0,1,0
"POINT (11.034673769000051 49.457706516000030)",Unfall 92873 (2021) Kat:3, Licht: 0,92873,3,2,0,04,11,6,0,0,0,1,0,0,0,1
"POINT (11.118546576000028 49.437657463000050)",Unfall 92893 (2021) Kat:3, Licht: 0,92893,3,6,2,04,10,4,0,0,0,1,0,0,0,0
"POINT (11.100975335000044 49.470241778000059)",Unfall 92901 (2021) Kat:3, Licht: 0,92901,3,7,0,05,13,7,0,0,1,0,1,0,0,0
"POINT (11.023177397000040 49.461481144000061)",Unfall 92907 (2021) Kat:3, Licht: 0,92907,3,6,5,04,09,6,0,0,1,1,0,0,0,0
"POINT (11.132906877000039 49.460816562000048)",Unfall 92952 (2021) Kat:3, Licht: 0,92952,3,6,3,05,11,3,1,0,0,1,0,0,0,0
"POINT (11.021104365000042 49.522226789000058)",Unfall 92976 (2021) Kat:3, Licht: 0,92976,3,2,0,04,17,4,0,0,1,1,0,0,0,0
"POINT (11.038840053000058 49.424556765000034)",Unfall 93056 (2021) Kat:3, Licht: 0,93056,3,6,2,04,13,3,0,0,0,1,0,0,1,0
"POINT (11.076845507000030 49.469467351000048)",Unfall 93100 (2021) Kat:3, Licht: 0,93100,3,1,4,05,08,4,1,0,0,1,0,0,0,0
"POINT (11.147147738000058 49.464031317000035)",Unfall 93176 (2021) Kat:3, Licht: 0,93176,3,2,5,04,15,6,1,0,0,1,0,0,0,0
"POINT (11.103226404000054 49.464030328000035)",Unfall 93232 (2021) Kat:2, Licht: 0,93232,2,2,6,04,11,6,0,0,0,1,1,0,0,0
"POINT (11.118621194000070 49.455389031000038)",Unfall 93242 (2021) Kat:3, Licht: 2,93242,3,4,0,04,22,4,0,2,0,1,1,0,0,0
"POINT (11.103975740000067 49.431541519000064)",Unfall 93286 (2021) Kat:3, Licht: 0,93286,3,7,0,05,08,6,0,0,1,0,0,0,0,0
"POINT (11.066499653000051 49.355719493000038)",Unfall 93302 (2021) Kat:3, Licht: 0,93302,3,3,5,05,10,6,0,0,1,1,0,0,0,0
"POINT (11.042192196000030 49.456756422000069)",Unfall 93365 (2021) Kat:3, Licht: 0,93365,3,6,2,04,07,4,0,0,0,1,0,0,0,0
"POINT (11.152842336000049 49.416237258000081)",Unfall 93381 (2021) Kat:3, Licht: 0,93381,3,2,5,05,12,5,0,0,0,1,0,0,0,0
"POINT (11.076752709000061 49.371069157000079)",Unfall 93389 (2021) Kat:3, Licht: 0,93389,3,3,5,05,13,3,0,0,1,1,0,0,0,0
"POINT (11.057738016000030 49.350014566000027)",Unfall 93408 (2021) Kat:3, Licht: 0,93408,3,6,2,04,17,6,0,0,0,1,0,0,0,1
"POINT (11.085790983000038 49.397377402000075)",Unfall 93464 (2021) Kat:3, Licht: 0,93464,3,1,0,05,08,3,0,0,1,0,0,0,0,0
"POINT (11.037643939000077 49.422903620000056)",Unfall 93473 (2021) Kat:2, Licht: 2,93473,2,7,6,05,01,4,1,2,0,1,1,0,0,0
"POINT (11.066441941000051 49.355675897000026)",Unfall 93497 (2021) Kat:3, Licht: 0,93497,3,1,0,05,20,2,0,0,0,1,0,0,0,0
"POINT (11.065716737000059 49.428016830000047)",Unfall 93509 (2021) Kat:3, Licht: 0,93509,3,3,6,04,16,2,1,0,0,1,1,0,0,0
"POINT (11.116632202000062 49.396279319000030)",Unfall 93551 (2021) Kat:3, Licht: 2,93551,3,1,8,04,03,5,0,2,0,1,0,0,0,0
"POINT (11.078259465000031 49.430570219000060)",Unfall 93653 (2021) Kat:3, Licht: 0,93653,3,6,2,05,17,2,0,0,0,1,0,0,0,0
"POINT (11.065726481000070 49.413168270000028)",Unfall 93656 (2021) Kat:3, Licht: 0,93656,3,6,1,05,16,3,0,0,0,1,0,0,0,0
"POINT (11.069625367000071 49.469499630000030)",Unfall 93681 (2021) Kat:3, Licht: 0,93681,3,6,3,05,15,2,0,0,0,1,0,0,1,0
"POINT (11.012305204000029 49.465380298000071)",Unfall 93755 (2021) Kat:3, Licht: 0,93755,3,3,5,04,07,4,0,0,0,1,0,0,0,1
"POINT (11.136157306000030 49.472312973000044)",Unfall 93850 (2021) Kat:3, Licht: 0,93850,3,6,2,05,14,1,1,0,0,1,0,0,0,0
"POINT (11.049184082000068 49.364325757000074)",Unfall 93853 (2021) Kat:3, Licht: 0,93853,3,1,0,04,17,4,0,0,1,0,0,0,0,0
"POINT (11.103382883000052 49.431530611000028)",Unfall 93889 (2021) Kat:3, Licht: 0,93889,3,7,2,04,18,7,0,0,1,0,0,0,0,1
"POINT (11.081535326000051 49.469555129000071)",Unfall 93915 (2021) Kat:3, Licht: 0,93915,3,2,4,05,12,1,1,0,0,1,0,1,0,0
"POINT (11.036360700000046 49.419384688000036)",Unfall 93925 (2021) Kat:3, Licht: 0,93925,3,6,2,05,17,5,1,0,0,1,0,0,0,0
"POINT (11.037991751000050 49.434262350000040)",Unfall 93926 (2021) Kat:2, Licht: 0,93926,2,7,0,05,11,4,1,0,0,0,0,0,0,1
"POINT (11.103448914000069 49.431416381000076)",Unfall 93957 (2021) Kat:3, Licht: 0,93957,3,1,5,04,07,6,0,0,1,0,0,0,0,1
"POINT (11.118620629000077 49.455643323000061)",Unfall 93978 (2021) Kat:3, Licht: 0,93978,3,6,2,05,05,4,0,0,0,1,0,0,0,0
"POINT (11.113467186000037 49.409769989000040)",Unfall 94015 (2021) Kat:2, Licht: 0,94015,2,6,3,05,14,2,0,0,1,0,0,0,0,0
"POINT (11.016135936000069 49.439927545000046)",Unfall 94037 (2021) Kat:2, Licht: 0,94037,2,1,9,05,17,1,0,0,1,0,0,0,0,0
"POINT (11.079377036000039 49.414380930000050)",Unfall 94066 (2021) Kat:3, Licht: 0,94066,3,2,5,04,06,5,0,0,1,1,0,0,0,0
"POINT (11.112076935000061 49.459816758000045)",Unfall 94081 (2021) Kat:3, Licht: 0,94081,3,6,2,05,15,5,0,0,0,1,0,0,0,0
"POINT (11.061378421000029 49.466904309000029)",Unfall 94124 (2021) Kat:3, Licht: 0,94124,3,2,5,04,06,3,0,0,1,1,0,0,0,0
"POINT (11.120917001000066 49.465411717000052)",Unfall 94135 (2021) Kat:3, Licht: 0,94135,3,2,5,05,15,3,1,0,0,1,0,0,0,1
"POINT (11.135068405000027 49.471888698000043)",Unfall 94184 (2021) Kat:3, Licht: 0,94184,3,6,2,04,07,4,0,0,0,1,0,0,0,0
"POINT (11.132584401000031 49.460611958000072)",Unfall 94220 (2021) Kat:3, Licht: 0,94220,3,2,5,05,09,3,0,0,0,1,0,0,0,0
"POINT (11.041218936000064 49.455715559000055)",Unfall 94240 (2021) Kat:2, Licht: 0,94240,2,2,4,04,20,6,0,0,1,1,0,0,0,0
"POINT (11.105886775000045 49.460501286000067)",Unfall 94302 (2021) Kat:2, Licht: 0,94302,2,3,5,05,12,7,0,0,0,1,0,1,0,0
"POINT (11.116873352000027 49.457939704000069)",Unfall 94318 (2021) Kat:3, Licht: 0,94318,3,3,5,04,17,7,0,0,1,0,0,0,0,0
"POINT (11.104076129000077 49.431574218000037)",Unfall 94396 (2021) Kat:2, Licht: 0,94396,2,6,3,05,15,2,0,0,0,1,0,1,0,0
"POINT (11.122341328000061 49.457004557000062)",Unfall 94410 (2021) Kat:2, Licht: 0,94410,2,6,3,05,18,3,0,0,0,1,0,0,0,0
"POINT (11.032508366000059 49.523310130000027)",Unfall 94455 (2021) Kat:3, Licht: 0,94455,3,6,2,04,13,6,0,0,0,1,0,0,0,0
"POINT (11.032256850000067 49.458633219000035)",Unfall 94559 (2021) Kat:3, Licht: 2,94559,3,6,0,04,20,5,0,2,0,1,0,0,0,1
"POINT (11.116409201000067 49.435808763000068)",Unfall 94578 (2021) Kat:3, Licht: 0,94578,3,6,4,06,13,5,0,0,1,0,0,0,0,0
"POINT (11.152834375000054 49.416244534000043)",Unfall 94648 (2021) Kat:3, Licht: 0,94648,3,2,5,05,13,1,0,0,1,1,0,0,0,0
"POINT (11.045174709000037 49.458845870000061)",Unfall 94677 (2021) Kat:3, Licht: 0,94677,3,6,3,06,09,4,0,0,1,0,0,0,1,0
"POINT (11.063860701000067 49.467886360000080)",Unfall 94797 (2021) Kat:3, Licht: 2,94797,3,7,8,05,01,7,0,2,0,1,0,0,0,0
"POINT (11.062928011000054 49.436266271000079)",Unfall 94834 (2021) Kat:3, Licht: 0,94834,3,6,2,05,13,1,0,0,0,1,0,0,0,0
"POINT (10.994247483000038 49.437394446000042)",Unfall 94909 (2021) Kat:2, Licht: 0,94909,2,2,3,06,08,3,0,0,1,0,0,0,1,0
"POINT (11.079312475000052 49.414602305000074)",Unfall 94922 (2021) Kat:3, Licht: 0,94922,3,6,2,06,16,4,0,0,0,1,0,0,0,1
"POINT (11.045435145000056 49.368791057000067)",Unfall 95007 (2021) Kat:3, Licht: 0,95007,3,3,5,06,21,5,0,0,1,1,0,0,0,0
"POINT (11.075734807000060 49.430391381000049)",Unfall 95080 (2021) Kat:3, Licht: 0,95080,3,7,0,06,13,6,0,0,0,0,1,0,0,1
"POINT (11.060786402000076 49.479978956000082)",Unfall 95156 (2021) Kat:3, Licht: 0,95156,3,2,3,06,17,3,0,0,1,1,0,0,0,0
"POINT (11.113103736000028 49.412323024000045)",Unfall 95200 (2021) Kat:3, Licht: 0,95200,3,2,5,05,17,2,0,0,1,1,0,0,0,0
"POINT (11.044931841000050 49.458681464000051)",Unfall 95203 (2021) Kat:3, Licht: 0,95203,3,1,0,06,12,5,0,0,1,0,0,0,0,0
"POINT (11.072252535000075 49.339921562000029)",Unfall 95219 (2021) Kat:2, Licht: 0,95219,2,6,2,06,14,2,0,0,0,1,0,0,1,0
"POINT (11.085607732000028 49.469598430000076)",Unfall 95273 (2021) Kat:2, Licht: 0,95273,2,1,0,06,17,4,0,0,1,0,0,0,0,0
"POINT (11.040122174000032 49.454431806000059)",Unfall 95287 (2021) Kat:3, Licht: 0,95287,3,6,2,06,13,2,0,0,0,1,0,0,0,1
"POINT (11.033664189000035 49.453302520000079)",Unfall 95314 (2021) Kat:3, Licht: 0,95314,3,6,2,05,10,2,0,0,0,1,0,0,0,0
"POINT (11.116729108000072 49.392810337000071)",Unfall 95322 (2021) Kat:3, Licht: 0,95322,3,3,5,06,13,3,0,0,0,1,0,0,0,0
"POINT (11.075077675000045 49.469556640000064)",Unfall 95342 (2021) Kat:3, Licht: 0,95342,3,2,5,05,16,2,0,0,1,1,0,0,0,0
"POINT (11.053638195000076 49.520504353000035)",Unfall 95416 (2021) Kat:3, Licht: 0,95416,3,6,0,06,10,5,0,0,1,0,0,0,0,0
"POINT (11.084033098000077 49.429697617000045)",Unfall 95421 (2021) Kat:3, Licht: 0,95421,3,7,5,06,19,4,0,0,0,1,0,1,0,0
"POINT (11.053650976000029 49.520506769000065)",Unfall 95449 (2021) Kat:3, Licht: 0,95449,3,1,0,06,10,5,0,0,1,0,0,0,0,0
"POINT (11.086878343000024 49.403610598000057)",Unfall 95596 (2021) Kat:2, Licht: 0,95596,2,1,0,06,13,6,0,0,1,0,0,0,0,0
"POINT (11.019427715000063 49.462765075000050)",Unfall 95601 (2021) Kat:3, Licht: 0,95601,3,3,5,05,08,2,0,0,1,1,0,0,0,0
"POINT (11.099436446000027 49.468704406000029)",Unfall 95650 (2021) Kat:3, Licht: 0,95650,3,2,5,06,15,3,0,0,1,1,0,0,0,0
"POINT (11.066614634000075 49.375526123000043)",Unfall 95694 (2021) Kat:2, Licht: 0,95694,2,1,0,06,08,6,1,0,1,0,0,0,0,0
"POINT (10.998625879000031 49.438047540000071)",Unfall 95737 (2021) Kat:3, Licht: 0,95737,3,3,5,06,11,6,0,0,0,1,0,0,0,0
"POINT (11.056652201000077 49.443684233000056)",Unfall 95743 (2021) Kat:3, Licht: 0,95743,3,6,2,05,07,2,0,0,0,1,0,0,0,0
"POINT (11.012429815000075 49.465332764000038)",Unfall 95760 (2021) Kat:2, Licht: 0,95760,2,3,4,05,10,2,0,0,1,0,0,0,1,0
"POINT (11.104902203000051 49.461693627000045)",Unfall 95763 (2021) Kat:3, Licht: 0,95763,3,2,5,06,09,5,0,0,1,1,0,0,0,0
"POINT (11.098272666000071 49.366797208000037)",Unfall 95769 (2021) Kat:3, Licht: 0,95769,3,2,5,06,14,4,0,0,0,1,0,1,0,0
"POINT (11.103402327000026 49.472791714000039)",Unfall 95784 (2021) Kat:3, Licht: 0,95784,3,3,5,06,12,6,0,0,1,1,0,0,0,0
"POINT (11.081351930000039 49.430253867000033)",Unfall 95838 (2021) Kat:3, Licht: 0,95838,3,2,5,07,10,6,0,0,0,0,0,1,1,0
"POINT (11.114866591000066 49.403412021000065)",Unfall 95894 (2021) Kat:3, Licht: 0,95894,3,2,0,06,18,1,0,0,1,1,0,0,0,0
"POINT (11.109354026000062 49.461454324000044)",Unfall 95929 (2021) Kat:3, Licht: 0,95929,3,2,5,06,07,4,0,0,1,1,0,0,0,0
"POINT (11.128759638000076 49.458769458000063)",Unfall 95934 (2021) Kat:3, Licht: 0,95934,3,6,3,06,15,2,0,0,0,1,0,0,0,1
"POINT (11.095252159000040 49.469526878000067)",Unfall 95983 (2021) Kat:3, Licht: 0,95983,3,6,2,06,15,3,0,0,0,1,0,0,0,0
"POINT (11.058961093000050 49.443139189000078)",Unfall 95989 (2021) Kat:3, Licht: 0,95989,3,6,2,06,17,4,0,0,0,1,0,0,0,0
"POINT (11.068290039000033 49.469480549000082)",Unfall 96020 (2021) Kat:3, Licht: 0,96020,3,6,2,06,07,3,0,0,0,1,0,0,0,1
"POINT (11.106086415000050 49.460697472000049)",Unfall 96040 (2021) Kat:3, Licht: 0,96040,3,1,0,07,11,5,1,0,1,0,0,0,0,0
"POINT (11.039956960000040 49.425587835000044)",Unfall 96054 (2021) Kat:3, Licht: 0,96054,3,6,2,06,19,7,0,0,0,1,0,0,0,0
"POINT (11.056760107000059 49.466629218000037)",Unfall 96095 (2021) Kat:2, Licht: 0,96095,2,1,0,06,12,2,0,0,0,0,0,1,0,0
"POINT (11.038174351000066 49.395422171000064)",Unfall 96147 (2021) Kat:3, Licht: 0,96147,3,6,2,06,19,5,0,0,0,1,0,1,0,0
"POINT (11.153623251000056 49.423088306000068)",Unfall 96190 (2021) Kat:3, Licht: 2,96190,3,1,8,07,01,6,0,2,0,1,0,0,0,0
"POINT (11.105543095000030 49.432075707000081)",Unfall 96233 (2021) Kat:3, Licht: 0,96233,3,6,2,07,19,6,0,0,0,1,0,0,0,0
"POINT (11.112699193000026 49.434486058000061)",Unfall 96368 (2021) Kat:3, Licht: 0,96368,3,6,2,06,13,7,0,0,0,1,0,0,0,0
"POINT (11.063444365000066 49.428172743000061)",Unfall 96420 (2021) Kat:2, Licht: 0,96420,2,7,0,06,13,1,0,0,0,1,0,1,0,0
"POINT (11.049924459000067 49.461969213000032)",Unfall 96423 (2021) Kat:3, Licht: 0,96423,3,6,0,06,10,5,0,0,0,1,0,0,1,0
"POINT (11.097744085000045 49.367596923000065)",Unfall 96528 (2021) Kat:3, Licht: 0,96528,3,1,0,06,07,3,1,0,1,0,0,0,0,0
"POINT (11.017993363000073 49.420118926000043)",Unfall 96559 (2021) Kat:3, Licht: 0,96559,3,2,5,06,20,2,0,0,1,1,0,0,0,0
"POINT (11.089777286000071 49.429625926000028)",Unfall 96588 (2021) Kat:3, Licht: 0,96588,3,6,2,06,17,5,0,0,0,1,0,0,0,0
"POINT (11.128460525000037 49.458701504000032)",Unfall 96591 (2021) Kat:3, Licht: 0,96591,3,7,0,06,13,6,1,0,0,0,0,0,0,1
"POINT (11.085355664000076 49.395171322000067)",Unfall 96622 (2021) Kat:3, Licht: 0,96622,3,1,2,07,15,5,0,0,0,1,0,0,0,0
"POINT (11.040188179000040 49.425737063000042)",Unfall 96723 (2021) Kat:3, Licht: 0,96723,3,6,2,06,17,4,0,0,0,1,0,0,0,0
"POINT (11.120876807000059 49.456575300000054)",Unfall 96736 (2021) Kat:3, Licht: 0,96736,3,7,5,06,11,5,0,0,0,1,0,1,0,0
"POINT (11.103331530000048 49.431522436000080)",Unfall 96737 (2021) Kat:3, Licht: 0,96737,3,1,0,06,10,3,0,0,0,0,0,1,0,0
"POINT (11.130905858000062 49.459652468000058)",Unfall 96782 (2021) Kat:3, Licht: 0,96782,3,6,2,06,09,6,0,0,0,1,0,0,1,0
"POINT (11.125617224000052 49.466924358000028)",Unfall 96801 (2021) Kat:3, Licht: 0,96801,3,2,5,06,12,5,0,0,1,1,0,0,0,0
"POINT (11.098033413000053 49.467023847000064)",Unfall 96847 (2021) Kat:3, Licht: 0,96847,3,7,0,06,09,4,1,0,1,0,0,0,0,1
"POINT (11.140104494000070 49.472235834000060)",Unfall 96849 (2021) Kat:2, Licht: 0,96849,2,6,3,06,07,2,0,0,1,0,0,1,0,0
"POINT (11.065515151000056 49.427599034000082)",Unfall 96852 (2021) Kat:3, Licht: 0,96852,3,6,0,06,12,2,0,0,1,1,0,0,0,0
"POINT (11.035678073000042 49.445015475000048)",Unfall 96864 (2021) Kat:3, Licht: 0,96864,3,1,0,06,10,7,0,0,0,0,0,0,0,1
"POINT (11.169353059000059 49.468818666000061)",Unfall 96867 (2021) Kat:3, Licht: 0,96867,3,6,4,06,13,4,0,0,0,1,0,0,0,0
"POINT (11.121323856000060 49.442863596000052)",Unfall 96961 (2021) Kat:3, Licht: 0,96961,3,2,5,06,15,3,0,0,0,1,0,0,1,0
"POINT (11.035042607000037 49.405932414000063)",Unfall 97001 (2021) Kat:3, Licht: 0,97001,3,3,5,06,18,6,0,0,1,1,0,0,0,0
"POINT (11.125580488000026 49.466908544000034)",Unfall 97026 (2021) Kat:3, Licht: 1,97026,3,2,5,06,22,5,0,1,1,0,0,0,0,1
"POINT (11.071024525000041 49.429520120000063)",Unfall 97045 (2021) Kat:3, Licht: 0,97045,3,6,3,06,15,6,0,0,0,1,0,1,0,0
"POINT (11.081731815000069 49.469423321000079)",Unfall 97070 (2021) Kat:3, Licht: 0,97070,3,7,2,06,15,3,0,0,1,1,0,0,0,0
"POINT (11.121296935000032 49.442800266000063)",Unfall 97140 (2021) Kat:3, Licht: 0,97140,3,6,1,06,20,3,0,0,0,1,0,0,0,0
"POINT (11.111310434000075 49.479286981000030)",Unfall 97154 (2021) Kat:3, Licht: 0,97154,3,2,5,06,17,5,0,0,1,1,0,0,0,0
"POINT (11.096869564000031 49.431134270000030)",Unfall 97170 (2021) Kat:3, Licht: 2,97170,3,1,0,06,23,7,0,2,0,0,0,0,0,1
"POINT (11.063536520000071 49.426923203000058)",Unfall 97191 (2021) Kat:3, Licht: 0,97191,3,6,2,07,08,5,1,0,0,1,0,0,0,0
"POINT (11.118431123000050 49.455606843000055)",Unfall 97197 (2021) Kat:3, Licht: 0,97197,3,6,2,06,08,3,1,0,0,1,0,0,0,0
"POINT (11.088561005000031 49.470201337000049)",Unfall 97339 (2021) Kat:3, Licht: 0,97339,3,2,5,06,10,6,0,0,0,1,0,0,0,0
"POINT (11.003709675000039 49.438665541000034)",Unfall 97340 (2021) Kat:3, Licht: 2,97340,3,6,2,06,21,3,0,2,0,1,0,0,0,0
"POINT (11.036349899000072 49.439165750000029)",Unfall 97344 (2021) Kat:3, Licht: 1,97344,3,1,9,06,21,1,0,1,0,1,0,0,0,0
"POINT (11.058965613000055 49.428891434000036)",Unfall 97452 (2021) Kat:3, Licht: 0,97452,3,3,5,06,10,7,0,0,1,1,0,0,0,0
"POINT (11.068322211000066 49.469356368000035)",Unfall 97467 (2021) Kat:2, Licht: 0,97467,2,2,3,06,13,3,0,0,1,0,0,0,1,0
"POINT (11.138821013000040 49.472484797000050)",Unfall 97524 (2021) Kat:3, Licht: 0,97524,3,6,4,06,15,7,0,0,1,0,0,0,0,0
"POINT (11.042009635000056 49.430087044000061)",Unfall 97539 (2021) Kat:3, Licht: 0,97539,3,1,0,06,13,7,0,0,0,0,0,0,0,1
"POINT (11.058729314000061 49.484194797000043)",Unfall 97629 (2021) Kat:3, Licht: 0,97629,3,3,5,06,16,2,0,0,0,1,0,1,0,0
"POINT (11.021853778000036 49.461930951000056)",Unfall 97663 (2021) Kat:3, Licht: 0,97663,3,4,6,07,17,6,0,0,0,1,1,0,0,0
"POINT (11.036628212000039 49.421967800000061)",Unfall 97682 (2021) Kat:3, Licht: 0,97682,3,6,2,07,10,7,0,0,0,1,0,0,0,0
"POINT (11.054206728000054 49.354531518000044)",Unfall 97707 (2021) Kat:3, Licht: 2,97707,3,1,0,07,22,1,0,2,1,0,0,0,0,0
"POINT (11.092803688000060 49.430234011000039)",Unfall 97718 (2021) Kat:2, Licht: 0,97718,2,1,0,07,20,4,1,0,0,0,0,1,0,0
"POINT (11.102586905000067 49.464312320000033)",Unfall 97731 (2021) Kat:2, Licht: 0,97731,2,7,0,07,16,5,0,0,1,1,0,0,0,0
"POINT (11.032989829000030 49.530572025000026)",Unfall 97746 (2021) Kat:3, Licht: 0,97746,3,1,8,07,15,5,0,0,1,0,0,0,0,0
"POINT (10.995039498000040 49.436693557000069)",Unfall 97750 (2021) Kat:3, Licht: 0,97750,3,1,0,07,13,5,0,0,1,0,0,0,0,0
"POINT (11.116588903000036 49.435750042000052)",Unfall 97757 (2021) Kat:3, Licht: 0,97757,3,6,2,07,17,7,0,0,0,1,0,0,0,0
"POINT (11.020709221000061 49.462463257000081)",Unfall 97861 (2021) Kat:3, Licht: 0,97861,3,1,0,07,05,5,0,0,1,0,0,0,0,0
"POINT (11.062904540000034 49.436705732000064)",Unfall 97950 (2021) Kat:3, Licht: 0,97950,3,6,2,07,14,6,0,0,0,1,0,1,0,1
"POINT (11.124948722000056 49.488750678000031)",Unfall 98002 (2021) Kat:3, Licht: 0,98002,3,6,2,07,15,3,0,0,0,1,0,1,0,0
"POINT (11.073280135000061 49.385238970000046)",Unfall 98027 (2021) Kat:2, Licht: 0,98027,2,4,6,07,13,5,0,0,0,1,1,0,0,0
"POINT (11.058518068000069 49.466547593000030)",Unfall 98044 (2021) Kat:3, Licht: 0,98044,3,6,2,07,14,5,0,0,0,1,0,0,0,0
"POINT (11.120310082000060 49.465198841000074)",Unfall 98064 (2021) Kat:3, Licht: 2,98064,3,1,0,07,00,7,0,2,0,1,0,0,0,0
"POINT (11.036963853000032 49.450152144000072)",Unfall 98224 (2021) Kat:3, Licht: 0,98224,3,6,2,07,16,6,1,0,0,1,0,0,1,0
"POINT (11.058977425000023 49.442465461000040)",Unfall 98253 (2021) Kat:3, Licht: 0,98253,3,3,5,07,16,3,0,0,1,1,0,0,0,0
"POINT (11.103424766000046 49.472881574000041)",Unfall 98261 (2021) Kat:3, Licht: 0,98261,3,2,5,07,17,5,0,0,1,1,0,0,0,0
"POINT (11.034401209000066 49.420869034000077)",Unfall 98291 (2021) Kat:3, Licht: 0,98291,3,7,0,07,15,4,0,0,1,0,0,0,0,0
"POINT (11.040959336000071 49.455800442000054)",Unfall 98297 (2021) Kat:3, Licht: 0,98297,3,2,5,07,16,3,0,0,1,1,0,0,0,0
"POINT (11.085076995000065 49.469510316000026)",Unfall 98410 (2021) Kat:2, Licht: 0,98410,2,6,0,07,17,3,0,0,1,0,0,0,1,0
"POINT (11.034792593000077 49.413600120000069)",Unfall 98425 (2021) Kat:3, Licht: 0,98425,3,6,0,07,08,3,0,0,0,1,0,0,0,1
"POINT (11.113054105000060 49.412562565000030)",Unfall 98456 (2021) Kat:2, Licht: 0,98456,2,4,6,07,07,4,1,0,0,1,1,0,0,0
"POINT (11.046546994000039 49.459722293000027)",Unfall 98530 (2021) Kat:3, Licht: 0,98530,3,6,2,07,16,5,0,0,0,1,0,0,0,0
"POINT (11.132303096000044 49.460441917000026)",Unfall 98597 (2021) Kat:2, Licht: 0,98597,2,6,3,07,14,6,0,0,0,1,0,1,0,0
"POINT (11.035271961000035 49.403141932000040)",Unfall 98719 (2021) Kat:3, Licht: 0,98719,3,6,2,07,16,2,0,0,0,1,0,0,0,0
"POINT (11.033651459000055 49.453307787000028)",Unfall 98751 (2021) Kat:3, Licht: 0,98751,3,6,2,07,14,4,0,0,0,1,0,0,0,0
"POINT (11.115705398000046 49.435323620000077)",Unfall 98817 (2021) Kat:3, Licht: 0,98817,3,6,2,07,18,7,0,0,0,1,0,1,0,0
"POINT (11.024133185000039 49.461305095000057)",Unfall 98881 (2021) Kat:3, Licht: 0,98881,3,3,5,07,08,5,0,0,1,1,0,0,0,0
"POINT (11.038187956000058 49.451977142000032)",Unfall 98902 (2021) Kat:3, Licht: 0,98902,3,6,2,07,06,5,0,0,0,1,0,0,0,0
"POINT (11.070799782000051 49.469616688000031)",Unfall 98956 (2021) Kat:3, Licht: 0,98956,3,3,5,07,14,4,0,0,1,1,0,0,0,0
"POINT (11.035991406000051 49.440935981000052)",Unfall 99016 (2021) Kat:3, Licht: 0,99016,3,2,4,07,20,7,0,0,0,1,0,0,0,0
"POINT (11.044595514000036 49.429951753000068)",Unfall 99071 (2021) Kat:3, Licht: 0,99071,3,2,6,07,15,6,0,0,0,1,1,0,0,0
"POINT (11.015801229000033 49.522788559000048)",Unfall 99081 (2021) Kat:3, Licht: 0,99081,3,4,6,07,12,2,0,0,0,1,1,0,0,0
"POINT (11.143250317000025 49.427963731000034)",Unfall 99136 (2021) Kat:3, Licht: 0,99136,3,6,2,07,08,4,1,0,0,1,0,1,0,0
"POINT (11.104889476000039 49.424663440000074)",Unfall 99163 (2021) Kat:3, Licht: 0,99163,3,6,2,07,10,5,1,0,0,1,0,0,0,0
"POINT (11.114103529000033 49.406900562000033)",Unfall 99176 (2021) Kat:3, Licht: 0,99176,3,1,0,07,11,5,0,0,1,0,0,0,0,0
"POINT (11.096579597000073 49.431123943000046)",Unfall 99201 (2021) Kat:3, Licht: 1,99201,3,6,4,07,21,7,0,1,1,0,0,0,0,0
"POINT (11.112260321000065 49.459811646000048)",Unfall 99276 (2021) Kat:2, Licht: 0,99276,2,1,0,07,09,2,0,0,1,0,0,0,0,0