WKT,Name,OBJECTID,UKATEGORIE,UTYP1,UART,UMONAT,USTUNDE,UWOCHENTAG,STRZUSTAND,ULICHTVERH,ISTRAD,ISTPKW,ISTFUSS,ISTKRAD,ISTGKFZ,ISTSONSTIG
"POINT (11.055451719000075 49.444879638000032)",Unfall 99278 (2021) Kat:3, Licht: 0,99278,3,6,2,07,19,5,0,0,0,1,0,0,0,0
"POINT (11.012428316000069 49.465333306000048)",Unfall 99319 (2021) Kat:3, Licht: 0,99319,3,3,5,07,18,7,0,0,0,1,0,1,0,0
"POINT (11.063605272000075 49.428145294000046)",Unfall 99487 (2021) Kat:3, Licht: 0,99487,3,6,2,07,08,4,0,0,0,1,0,0,0,0
"POINT (11.082930967000038 49.410595246000071)",Unfall 99492 (2021) Kat:3, Licht: 0,99492,3,1,0,07,11,5,0,0,0,0,0,0,0,1
"POINT (11.034856308000030 49.457788256000072)",Unfall 99558 (2021) Kat:3, Licht: 0,99558,3,2,5,07,16,6,1,0,0,1,0,1,0,0
"POINT (11.051406782000072 49.463258134000057)",Unfall 99576 (2021) Kat:3, Licht: 0,99576,3,2,5,07,16,6,0,0,0,1,0,0,0,0
"POINT (11.067680233000033 49.417128591000051)",Unfall 99627 (2021) Kat:3, Licht: 0,99627,3,6,2,07,13,7,0,0,0,1,0,0,0,0
"POINT (10.994096175000038 49.437335694000069)",Unfall 99650 (2021) Kat:3, Licht: 0,99650,3,6,2,07,19,7,0,0,0,1,0,0,0,0
"POINT (11.061530113000060 49.466958301000034)",Unfall 99707 (2021) Kat:3, Licht: 0,99707,3,2,5,07,18,2,0,0,1,1,0,0,0,0
"POINT (11.050273751000077 49.361886450000043)",Unfall 99804 (2021) Kat:3, Licht: 1,99804,3,3,5,07,20,4,0,1,0,1,0,0,0,1
"POINT (11.027662307000071 49.420601831000056)",Unfall 99830 (2021) Kat:3, Licht: 0,99830,3,6,2,07,08,3,0,0,0,1,0,0,0,0
"POINT (11.102746323000076 49.431329983000069)",Unfall 99859 (2021) Kat:3, Licht: 0,99859,3,3,5,07,19,4,0,0,1,1,0,0,0,0
"POINT (11.048009727000021 49.519883628000059)",Unfall 99967 (2021) Kat:3, Licht: 0,99967,3,2,0,07,15,1,0,0,0,0,0,1,0,0
"POINT (11.058058937000055 49.442934471000058)",Unfall 100011 (2021) Kat:3, Licht: 0,100011,3,6,2,07,15,6,0,0,0,1,0,0,0,0
"POINT (11.101000018000036 49.470034765000037)",Unfall 100012 (2021) Kat:3, Licht: 0,100012,3,1,0,07,18,2,0,0,0,0,0,0,0,1
"POINT (11.036269626000035 49.448492717000079)",Unfall 100014 (2021) Kat:3, Licht: 0,100014,3,2,0,07,10,7,0,0,0,1,0,0,0,0
"POINT (11.159759779000069 49.420920738000063)",Unfall 100093 (2021) Kat:3, Licht: 0,100093,3,3,5,07,14,6,0,0,0,1,0,0,1,0
"POINT (11.038258119000034 49.456685747000051)",Unfall 100115 (2021) Kat:3, Licht: 0,100115,3,2,5,07,10,2,0,0,1,1,0,0,0,0
"POINT (11.033666242000038 49.458030095000026)",Unfall 100122 (2021) Kat:3, Licht: 0,100122,3,1,0,07,11,5,0,0,0,0,0,0,0,1
"POINT (11.065464159000044 49.428014470000051)",Unfall 100132 (2021) Kat:3, Licht: 1,100132,3,2,3,07,21,2,0,1,1,1,0,0,0,0
"POINT (11.127839484000049 49.393633344000079)",Unfall 100205 (2021) Kat:3, Licht: 0,100205,3,6,2,08,17,6,0,0,1,1,0,0,0,0
"POINT (11.012370027000031 49.465355180000074)",Unfall 100209 (2021) Kat:3, Licht: 0,100209,3,6,2,08,16,1,0,0,0,1,0,0,0,0
"POINT (11.023357177000037 49.461421454000060)",Unfall 100211 (2021) Kat:3, Licht: 0,100211,3,2,5,08,12,5,0,0,1,1,0,0,0,0
"POINT (11.035797258000059 49.440955501000076)",Unfall 100220 (2021) Kat:3, Licht: 0,100220,3,1,0,08,09,3,0,0,0,0,0,1,0,0
"POINT (11.125189054000032 49.466774174000079)",Unfall 100283 (2021) Kat:3, Licht: 0,100283,3,1,0,08,15,7,1,0,1,0,0,0,0,0
"POINT (11.105988585000034 49.460661386000027)",Unfall 100297 (2021) Kat:3, Licht: 0,100297,3,2,5,08,10,5,0,0,0,1,0,0,0,0
"POINT (11.116120953000063 49.435640527000032)",Unfall 100382 (2021) Kat:3, Licht: 0,100382,3,6,3,08,06,4,0,0,0,1,0,1,0,0
"POINT (11.104335389000028 49.475897448000069)",Unfall 100422 (2021) Kat:3, Licht: 2,100422,3,6,0,08,22,4,1,2,0,1,0,0,0,0
"POINT (11.065390352000065 49.425546466000071)",Unfall 100468 (2021) Kat:3, Licht: 0,100468,3,1,0,08,16,5,0,0,0,0,0,1,0,0
"POINT (11.097934890000033 49.466947520000076)",Unfall 100487 (2021) Kat:3, Licht: 2,100487,3,2,6,08,22,3,1,2,0,1,1,0,0,0
"POINT (11.131299139000021 49.432529008000074)",Unfall 100496 (2021) Kat:1, Licht: 0,100496,1,1,5,08,16,7,0,0,1,1,0,0,0,0
"POINT (11.123634042000049 49.435367400000075)",Unfall 100497 (2021) Kat:3, Licht: 0,100497,3,2,4,08,17,3,0,0,1,1,0,0,0,0
"POINT (11.040820942000039 49.455054738000058)",Unfall 100505 (2021) Kat:3, Licht: 0,100505,3,6,3,08,11,5,0,0,0,1,0,0,0,0
"POINT (11.043487515000038 49.428415856000072)",Unfall 100522 (2021) Kat:3, Licht: 0,100522,3,4,6,08,14,3,1,0,1,0,1,0,0,0
"POINT (11.118212509000045 49.455865162000066)",Unfall 100573 (2021) Kat:3, Licht: 2,100573,3,6,2,08,21,4,0,2,0,1,0,0,0,0
"POINT (11.042462854000064 49.456955379000078)",Unfall 100640 (2021) Kat:2, Licht: 0,100640,2,4,6,08,13,2,0,0,0,0,1,0,1,0
"POINT (11.102870989000053 49.472172171000068)",Unfall 100651 (2021) Kat:3, Licht: 0,100651,3,1,0,08,13,5,0,0,0,0,0,0,0,1
"POINT (11.035994281000058 49.440814023000030)",Unfall 100703 (2021) Kat:3, Licht: 0,100703,3,3,5,08,08,7,0,0,1,1,0,0,0,0
"POINT (10.994144430000063 49.437356148000049)",Unfall 100734 (2021) Kat:3, Licht: 0,100734,3,6,2,08,09,3,0,0,0,1,0,0,1,0
"POINT (11.075325815000042 49.469561951000060)",Unfall 100798 (2021) Kat:3, Licht: 2,100798,3,7,6,08,23,5,1,2,0,0,1,0,0,1
"POINT (11.033193303000076 49.530652675000056)",Unfall 100814 (2021) Kat:3, Licht: 0,100814,3,7,0,08,10,5,0,0,0,0,0,1,0,0
"POINT (10.992731218000074 49.436694190000026)",Unfall 100822 (2021) Kat:3, Licht: 0,100822,3,1,0,08,11,3,0,0,1,0,0,0,0,0
"POINT (11.112288087000024 49.479798682000080)",Unfall 100858 (2021) Kat:3, Licht: 0,100858,3,3,5,08,14,6,0,0,1,1,0,0,0,0
"POINT (11.067376009000043 49.377849179000066)",Unfall 100999 (2021) Kat:2, Licht: 0,100999,2,1,0,08,10,3,0,0,0,1,0,0,0,0
"POINT (11.143700757000033 49.463374703000056)",Unfall 101007 (2021) Kat:3, Licht: 0,101007,3,4,6,08,13,7,0,0,0,1,1,0,0,0
"POINT (11.088377589000061 49.394586514000082)",Unfall 101049 (2021) Kat:3, Licht: 0,101049,3,1,2,08,14,5,0,0,0,1,0,0,1,0
"POINT (11.038196258000028 49.433939666000072)",Unfall 101076 (2021) Kat:3, Licht: 0,101076,3,6,2,08,14,7,1,0,0,1,0,0,0,0
"POINT (11.105886594000026 49.460622977000071)",Unfall 101086 (2021) Kat:3, Licht: 0,101086,3,7,0,08,17,4,1,0,0,1,0,1,0,0
"POINT (11.058232694000026 49.442803353000045)",Unfall 101127 (2021) Kat:2, Licht: 0,101127,2,6,3,08,10,3,0,0,0,1,0,1,0,0
"POINT (11.134223461000033 49.471537605000037)",Unfall 101144 (2021) Kat:3, Licht: 0,101144,3,1,0,08,18,1,1,0,0,0,0,1,0,0
"POINT (11.066626231000043 49.423460042000045)",Unfall 101145 (2021) Kat:3, Licht: 0,101145,3,6,1,08,12,4,0,0,0,1,0,0,0,0
"POINT (11.094377725000072 49.470386466000036)",Unfall 101169 (2021) Kat:3, Licht: 0,101169,3,6,2,08,14,3,0,0,0,1,0,0,0,0
"POINT (11.049212717000046 49.364260798000032)",Unfall 101200 (2021) Kat:3, Licht: 0,101200,3,2,0,08,17,5,0,0,0,1,0,0,0,1
"POINT (11.099405027000046 49.374188349000065)",Unfall 101213 (2021) Kat:3, Licht: 0,101213,3,1,9,08,16,6,0,0,0,1,0,0,0,0
"POINT (11.175860810000074 49.399380135000058)",Unfall 101217 (2021) Kat:3, Licht: 0,101217,3,6,2,08,11,5,0,0,0,1,0,0,0,0
"POINT (11.033115253000062 49.420612750000032)",Unfall 101251 (2021) Kat:2, Licht: 0,101251,2,2,5,08,11,6,0,0,1,1,0,0,0,0
"POINT (11.176860143000056 49.391695002000063)",Unfall 101311 (2021) Kat:3, Licht: 0,101311,3,6,3,08,16,6,0,0,0,1,0,0,1,0
"POINT (11.096440554000026 49.431245969000031)",Unfall 101341 (2021) Kat:2, Licht: 2,101341,2,6,2,08,22,3,0,2,1,0,0,0,0,0
"POINT (11.103396289000045 49.431408666000038)",Unfall 101377 (2021) Kat:2, Licht: 2,101377,2,2,3,08,21,3,0,2,1,1,0,0,0,0
"POINT (11.062928051000029 49.436265275000039)",Unfall 101434 (2021) Kat:1, Licht: 2,101434,1,7,6,08,02,3,0,2,0,0,1,0,1,0
"POINT (11.035352992000071 49.402886386000034)",Unfall 101458 (2021) Kat:3, Licht: 2,101458,3,6,4,08,21,5,0,2,1,0,0,0,0,0
"POINT (11.106020855000054 49.383266094000078)",Unfall 101495 (2021) Kat:3, Licht: 0,101495,3,7,0,09,19,7,0,0,1,1,0,0,0,0
"POINT (11.048280961000046 49.366163437000068)",Unfall 101573 (2021) Kat:3, Licht: 0,101573,3,6,1,09,18,4,0,0,0,1,0,0,0,0
"POINT (11.016999207000026 49.463804011000036)",Unfall 101574 (2021) Kat:3, Licht: 0,101574,3,2,5,09,17,5,0,0,0,1,0,0,0,0
"POINT (11.035987306000038 49.439386831000036)",Unfall 101657 (2021) Kat:3, Licht: 0,101657,3,6,2,09,16,4,0,0,0,1,0,0,0,0
"POINT (11.046159859000056 49.459474996000040)",Unfall 101682 (2021) Kat:3, Licht: 1,101682,3,1,0,09,19,1,0,1,1,0,0,0,0,0
"POINT (11.062610072000041 49.428311113000063)",Unfall 101687 (2021) Kat:3, Licht: 0,101687,3,6,3,08,10,7,0,0,0,1,0,1,0,0
"POINT (11.041766758000051 49.456380001000070)",Unfall 101701 (2021) Kat:3, Licht: 0,101701,3,7,3,08,15,3,0,0,0,1,0,0,0,1
"POINT (11.176755731000071 49.391687875000059)",Unfall 101710 (2021) Kat:3, Licht: 0,101710,3,6,3,08,12,1,0,0,0,1,0,0,0,0
"POINT (11.055132964000052 49.445017568000026)",Unfall 101884 (2021) Kat:3, Licht: 1,101884,3,6,2,09,19,3,0,1,0,1,0,0,0,0
"POINT (11.103047033000053 49.463980429000060)",Unfall 101907 (2021) Kat:3, Licht: 2,101907,3,2,4,09,21,3,0,2,1,1,0,0,0,0
"POINT (11.015254219000042 49.441214563000074)",Unfall 101970 (2021) Kat:3, Licht: 0,101970,3,6,0,09,17,4,0,0,0,1,0,0,0,0
"POINT (11.107253054000068 49.461049971000079)",Unfall 102042 (2021) Kat:3, Licht: 0,102042,3,3,5,09,11,4,0,0,0,1,0,1,0,0
"POINT (11.114460948000044 49.406195328000081)",Unfall 102043 (2021) Kat:3, Licht: 0,102043,3,6,2,09,19,5,0,0,0,1,0,0,0,0
"POINT (11.158453952000059 49.419091004000052)",Unfall 102062 (2021) Kat:3, Licht: 1,102062,3,1,8,09,19,1,0,1,0,0,0,0,0,1
"POINT (11.012449266000033 49.465325737000057)",Unfall 102140 (2021) Kat:3, Licht: 1,102140,3,2,5,09,20,7,0,1,0,1,0,0,0,0
"POINT (11.201387305000026 49.417734124000049)",Unfall 102145 (2021) Kat:3, Licht: 2,102145,3,1,8,08,03,2,1,2,0,0,0,0,1,0
"POINT (11.048022469000045 49.460669095000071)",Unfall 102166 (2021) Kat:3, Licht: 0,102166,3,1,6,08,17,2,1,0,1,0,1,0,0,0
"POINT (11.135827400000039 49.461637414000052)",Unfall 102221 (2021) Kat:3, Licht: 0,102221,3,2,5,08,11,5,0,0,1,1,0,0,0,0
"POINT (11.130210456000043 49.432907393000050)",Unfall 102232 (2021) Kat:2, Licht: 0,102232,2,2,4,08,11,7,0,0,0,1,0,1,0,0
"POINT (11.098012302000029 49.394780949000051)",Unfall 102270 (2021) Kat:3, Licht: 0,102270,3,6,2,09,15,4,0,0,0,1,0,1,0,0
"POINT (11.067330160000040 49.420486801000038)",Unfall 102283 (2021) Kat:3, Licht: 0,102283,3,6,3,09,15,2,0,0,0,1,0,1,0,0
"POINT (11.062919133000037 49.440703069000051)",Unfall 102327 (2021) Kat:3, Licht: 2,102327,3,3,4,09,22,4,0,2,0,1,0,0,0,0
"POINT (11.005826348000028 49.523296373000051)",Unfall 102357 (2021) Kat:3, Licht: 2,102357,3,1,9,08,22,4,0,2,0,1,0,0,0,0
"POINT (11.106252518000076 49.394969865000064)",Unfall 102364 (2021) Kat:3, Licht: 0,102364,3,1,0,08,19,6,0,0,0,0,0,1,0,0
"POINT (11.035054347000028 49.405070286000068)",Unfall 102365 (2021) Kat:3, Licht: 0,102365,3,3,6,09,18,2,0,0,1,0,1,0,0,0
"POINT (11.185357559000067 49.393154287000073)",Unfall 102423 (2021) Kat:3, Licht: 2,102423,3,1,8,08,22,1,1,2,0,1,0,0,0,0
"POINT (11.040862168000046 49.455107977000068)",Unfall 102454 (2021) Kat:3, Licht: 2,102454,3,1,0,09,21,6,0,2,1,0,0,0,0,0
"POINT (11.173406546000024 49.390703900000062)",Unfall 102458 (2021) Kat:3, Licht: 0,102458,3,1,9,08,15,2,1,0,0,0,0,1,0,0
"POINT (11.119990075000032 49.465063737000037)",Unfall 102593 (2021) Kat:3, Licht: 2,102593,3,1,0,08,21,6,0,2,1,0,0,0,0,0
"POINT (11.040199915000073 49.454254868000078)",Unfall 102778 (2021) Kat:3, Licht: 0,102778,3,2,4,09,09,4,0,0,0,1,0,0,0,0
"POINT (11.047506799000075 49.430052354000054)",Unfall 102779 (2021) Kat:3, Licht: 0,102779,3,2,4,09,17,5,0,0,0,1,0,1,0,0
"POINT (11.096399298000051 49.431244504000063)",Unfall 102795 (2021) Kat:3, Licht: 0,102795,3,2,5,08,13,3,0,0,1,1,0,0,0,0
"POINT (11.121243712000023 49.442687915000079)",Unfall 102898 (2021) Kat:3, Licht: 0,102898,3,7,0,08,08,2,0,0,0,0,1,0,0,1
"POINT (11.063453011000036 49.475752743000044)",Unfall 103016 (2021) Kat:3, Licht: 0,103016,3,6,1,08,15,6,0,0,0,1,0,0,0,0
"POINT (11.058299155000043 49.442755996000074)",Unfall 103062 (2021) Kat:2, Licht: 0,103062,2,7,0,08,17,3,0,0,0,0,0,0,0,1
"POINT (11.044076822000022 49.369936887000051)",Unfall 103076 (2021) Kat:3, Licht: 0,103076,3,6,2,09,10,2,0,0,0,1,0,0,0,0
"POINT (11.073270801000035 49.402678746000049)",Unfall 103234 (2021) Kat:3, Licht: 2,103234,3,6,3,08,05,2,0,2,0,1,0,0,0,1
"POINT (11.102831503000061 49.471887592000030)",Unfall 103290 (2021) Kat:3, Licht: 0,103290,3,2,5,09,16,2,0,0,1,1,0,0,0,0
"POINT (11.064218202000063 49.474595239000053)",Unfall 103449 (2021) Kat:3, Licht: 0,103449,3,1,0,10,11,2,0,0,1,0,0,0,0,0
"POINT (11.038189140000043 49.434301068000082)",Unfall 103452 (2021) Kat:3, Licht: 0,103452,3,6,2,10,10,6,0,0,0,1,0,0,0,0
"POINT (11.035868904000040 49.444984560000080)",Unfall 103473 (2021) Kat:3, Licht: 0,103473,3,1,0,09,08,4,0,0,1,0,0,0,0,0
"POINT (11.108195591000026 49.461232444000075)",Unfall 103475 (2021) Kat:3, Licht: 0,103475,3,1,0,10,07,3,1,0,0,0,0,1,0,0
"POINT (11.104290239000022 49.475811042000032)",Unfall 103550 (2021) Kat:3, Licht: 0,103550,3,3,5,09,14,6,0,0,1,1,0,0,0,0
"POINT (11.036756903000025 49.438603114000045)",Unfall 103557 (2021) Kat:3, Licht: 0,103557,3,6,2,10,15,1,0,0,0,1,0,0,0,0
"POINT (11.003511096000068 49.438644473000068)",Unfall 103587 (2021) Kat:3, Licht: 0,103587,3,6,1,09,17,7,0,0,0,1,0,0,0,0
"POINT (11.067872930000021 49.469721992000075)",Unfall 103602 (2021) Kat:2, Licht: 0,103602,2,2,5,09,07,5,0,0,1,1,0,0,0,0
"POINT (11.022459002000062 49.461723606000078)",Unfall 103617 (2021) Kat:3, Licht: 0,103617,3,6,2,10,17,3,1,0,0,1,0,0,0,0
"POINT (11.024963413000023 49.460888141000055)",Unfall 103718 (2021) Kat:3, Licht: 0,103718,3,1,0,10,12,7,0,0,1,0,0,0,0,0
"POINT (11.077187404000028 49.369511493000061)",Unfall 103721 (2021) Kat:3, Licht: 0,103721,3,6,2,10,15,3,0,0,0,1,0,0,0,0
"POINT (11.035918434000052 49.445515908000061)",Unfall 103724 (2021) Kat:3, Licht: 0,103724,3,6,3,10,15,7,0,0,1,0,0,0,0,0
"POINT (11.041222813000047 49.455573708000031)",Unfall 103784 (2021) Kat:3, Licht: 0,103784,3,3,4,09,09,2,0,0,1,1,0,0,0,0
"POINT (11.071279589000028 49.407607753000036)",Unfall 103792 (2021) Kat:3, Licht: 0,103792,3,6,3,09,15,4,0,0,0,1,0,0,1,0
"POINT (11.160225345000072 49.411783993000029)",Unfall 103812 (2021) Kat:3, Licht: 0,103812,3,6,2,10,11,2,0,0,0,1,0,0,0,0
"POINT (11.035797278000075 49.440955215000031)",Unfall 103838 (2021) Kat:3, Licht: 2,103838,3,2,3,10,19,2,0,2,1,1,0,0,0,0
"POINT (11.099800745000039 49.350010955000073)",Unfall 103934 (2021) Kat:3, Licht: 2,103934,3,6,3,10,19,7,0,2,0,1,0,0,0,0
"POINT (11.073423748000039 49.430022881000070)",Unfall 103966 (2021) Kat:3, Licht: 2,103966,3,6,3,10,06,4,0,2,1,1,0,0,0,0
"POINT (11.160215512000036 49.411793502000080)",Unfall 104021 (2021) Kat:3, Licht: 0,104021,3,6,1,10,13,2,0,0,0,1,0,0,1,0
"POINT (11.124706690000039 49.434919044000026)",Unfall 104033 (2021) Kat:3, Licht: 0,104033,3,3,5,09,12,7,0,0,1,1,0,0,0,0
"POINT (11.042392600000028 49.427125682000053)",Unfall 104056 (2021) Kat:3, Licht: 0,104056,3,2,5,10,12,4,0,0,0,1,0,0,0,0
"POINT (11.105228874000034 49.461294290000069)",Unfall 104062 (2021) Kat:3, Licht: 0,104062,3,6,2,10,11,7,0,0,0,1,0,0,0,0
"POINT (11.040047062000042 49.454335873000048)",Unfall 104098 (2021) Kat:3, Licht: 2,104098,3,2,4,10,22,5,1,2,0,1,0,1,0,0
"POINT (11.135474892000047 49.431031548000078)",Unfall 104132 (2021) Kat:3, Licht: 0,104132,3,6,4,09,17,3,0,0,1,0,0,0,0,0
"POINT (11.177800852000075 49.398405561000061)",Unfall 104154 (2021) Kat:3, Licht: 0,104154,3,1,8,09,14,4,0,0,0,0,0,0,0,1
"POINT (11.109110627000064 49.459530386000040)",Unfall 104226 (2021) Kat:3, Licht: 0,104226,3,1,0,09,11,6,0,0,1,0,0,0,0,0
"POINT (11.115806223000050 49.391231094000034)",Unfall 104248 (2021) Kat:3, Licht: 0,104248,3,3,5,10,09,3,0,0,0,1,0,0,0,1
"POINT (11.042905474000065 49.427651872000069)",Unfall 104263 (2021) Kat:3, Licht: 0,104263,3,3,5,10,15,4,0,0,0,1,0,0,0,0
"POINT (11.028076875000068 49.441633607000028)",Unfall 104270 (2021) Kat:3, Licht: 0,104270,3,7,0,09,08,5,1,0,0,1,0,1,0,0
"POINT (11.127757083000063 49.393446104000077)",Unfall 104291 (2021) Kat:3, Licht: 0,104291,3,6,2,10,13,2,1,0,1,1,0,0,0,0
"POINT (11.034498752000047 49.375817836000067)",Unfall 104302 (2021) Kat:3, Licht: 0,104302,3,2,5,09,17,2,0,0,0,1,0,0,0,0
"POINT (11.147131385000023 49.464028114000030)",Unfall 104329 (2021) Kat:3, Licht: 2,104329,3,2,5,10,19,4,0,2,0,1,0,0,0,0
"POINT (11.012473214000067 49.465317086000027)",Unfall 104340 (2021) Kat:3, Licht: 1,104340,3,2,0,09,06,4,1,1,0,0,0,0,0,1
"POINT (11.074325771000076 49.430135277000034)",Unfall 104358 (2021) Kat:3, Licht: 0,104358,3,6,0,09,13,6,0,0,0,1,0,0,0,0
"POINT (11.037704981000047 49.422975806000068)",Unfall 104432 (2021) Kat:3, Licht: 2,104432,3,1,0,10,21,5,1,2,0,0,0,1,0,0
"POINT (11.054799933000027 49.444565492000038)",Unfall 104483 (2021) Kat:3, Licht: 2,104483,3,2,5,09,20,2,0,2,1,1,0,0,0,0
"POINT (11.038052067000024 49.436837448000063)",Unfall 104544 (2021) Kat:3, Licht: 0,104544,3,2,5,09,17,6,0,0,1,1,0,0,0,0
"POINT (11.169845145000068 49.468817632000025)",Unfall 104592 (2021) Kat:3, Licht: 0,104592,3,6,2,10,17,2,0,0,0,1,0,0,0,0
"POINT (11.133374864000075 49.431783243000041)",Unfall 104605 (2021) Kat:3, Licht: 2,104605,3,3,5,10,06,2,1,2,1,1,0,0,0,0
"POINT (11.041069162000042 49.455764485000032)",Unfall 104635 (2021) Kat:3, Licht: 2,104635,3,2,5,10,19,7,0,2,0,1,0,0,0,1
"POINT (11.037462663000042 49.398340261000044)",Unfall 104637 (2021) Kat:3, Licht: 0,104637,3,6,1,10,15,4,0,0,0,1,0,0,0,0
"POINT (11.041881357000022 49.456481398000051)",Unfall 104677 (2021) Kat:3, Licht: 0,104677,3,6,3,09,15,6,0,0,0,1,0,0,0,1
"POINT (11.088700292000055 49.470212359000072)",Unfall 104713 (2021) Kat:3, Licht: 2,104713,3,1,0,09,02,7,0,2,0,0,0,0,0,1
"POINT (11.045147400000076 49.429958008000028)",Unfall 104768 (2021) Kat:3, Licht: 2,104768,3,6,1,09,00,3,0,2,0,1,0,1,0,0
"POINT (11.044911341000045 49.458667780000042)",Unfall 104847 (2021) Kat:3, Licht: 0,104847,3,3,5,10,10,7,0,0,1,1,0,0,0,0
"POINT (11.063016264000055 49.434099494000066)",Unfall 104935 (2021) Kat:2, Licht: 0,104935,2,6,2,10,09,4,0,0,0,1,0,0,1,0
"POINT (11.103857001000051 49.474483450000037)",Unfall 104967 (2021) Kat:3, Licht: 0,104967,3,6,2,10,08,4,0,0,1,1,0,0,0,0
"POINT (11.008069247000037 49.425434769000049)",Unfall 104973 (2021) Kat:3, Licht: 2,104973,3,1,0,10,00,7,0,2,1,0,0,0,0,0
"POINT (11.074938977000045 49.469555078000042)",Unfall 105027 (2021) Kat:3, Licht: 0,105027,3,2,5,09,15,6,0,0,1,1,0,0,0,0
"POINT (11.044619029000046 49.429813565000075)",Unfall 105032 (2021) Kat:3, Licht: 0,105032,3,6,2,09,15,2,0,0,1,1,0,0,0,0
"POINT (11.105671532000031 49.420049683000059)",Unfall 105114 (2021) Kat:3, Licht: 0,105114,3,6,3,10,18,5,0,0,1,0,0,0,0,0
"POINT (11.099021546000074 49.468023745000039)",Unfall 105147 (2021) Kat:3, Licht: 0,105147,3,6,2,10,10,6,0,0,0,1,0,0,0,0
"POINT (11.107196680000072 49.461039057000050)",Unfall 105157 (2021) Kat:3, Licht: 0,105157,3,3,5,10,07,7,0,0,0,1,0,0,0,0
"POINT (11.016201892000026 49.439950600000031)",Unfall 105167 (2021) Kat:3, Licht: 0,105167,3,6,4,10,18,2,0,0,1,0,0,0,0,0
"POINT (11.082969858000070 49.410679978000076)",Unfall 105174 (2021) Kat:3, Licht: 0,105174,3,4,6,09,07,5,0,0,0,1,1,0,0,0
"POINT (11.192955373000075 49.420347136000032)",Unfall 105189 (2021) Kat:2, Licht: 0,105189,2,4,6,10,16,3,0,0,0,1,1,0,0,0
"POINT (11.088641639000059 49.470334194000031)",Unfall 105328 (2021) Kat:3, Licht: 0,105328,3,2,2,09,08,4,0,0,1,1,0,0,0,0
"POINT (11.072227441000052 49.343360020000034)",Unfall 105391 (2021) Kat:3, Licht: 0,105391,3,3,5,10,11,7,0,0,0,1,0,0,0,0
"POINT (11.061371464000047 49.466901833000065)",Unfall 105393 (2021) Kat:3, Licht: 0,105393,3,6,2,10,12,5,0,0,0,1,0,0,0,0
"POINT (11.058907178000027 49.484239615000035)",Unfall 105416 (2021) Kat:3, Licht: 0,105416,3,3,3,09,15,3,0,0,1,1,0,0,0,0
"POINT (11.182235975000026 49.392406887000050)",Unfall 105422 (2021) Kat:3, Licht: 2,105422,3,3,3,09,06,4,0,2,0,1,0,0,1,0
"POINT (11.040480677000062 49.430413547000057)",Unfall 105429 (2021) Kat:3, Licht: 0,105429,3,1,0,09,12,1,0,0,0,0,0,0,0,1
"POINT (11.027387927000063 49.420467534000068)",Unfall 105449 (2021) Kat:2, Licht: 0,105449,2,1,9,10,07,4,0,0,0,1,0,0,0,0
"POINT (11.052169161000052 49.445827146000056)",Unfall 105460 (2021) Kat:3, Licht: 0,105460,3,6,2,10,12,3,1,0,0,1,0,0,0,0
"POINT (11.105673102000026 49.461018244000059)",Unfall 105473 (2021) Kat:3, Licht: 2,105473,3,6,3,10,20,6,1,2,0,1,0,0,0,0
"POINT (11.058675572000027 49.443291310000063)",Unfall 105609 (2021) Kat:3, Licht: 0,105609,3,2,5,10,16,7,0,0,1,1,0,0,0,0
"POINT (11.135392739000054 49.472014156000057)",Unfall 105687 (2021) Kat:3, Licht: 0,105687,3,2,5,10,15,6,0,0,1,0,0,0,0,1
"POINT (11.113453450000065 49.459769664000078)",Unfall 105795 (2021) Kat:3, Licht: 0,105795,3,6,4,09,13,3,0,0,1,0,0,0,0,0
"POINT (11.067579613000021 49.469244059000061)",Unfall 105802 (2021) Kat:3, Licht: 0,105802,3,6,2,10,17,1,0,0,0,1,0,0,0,1
"POINT (11.062999373000025 49.434495238000068)",Unfall 105807 (2021) Kat:3, Licht: 0,105807,3,6,2,10,06,5,1,0,0,1,0,0,0,0
"POINT (11.113987606000023 49.459472372000050)",Unfall 105835 (2021) Kat:3, Licht: 0,105835,3,6,2,09,14,7,0,0,0,1,0,0,0,0
"POINT (11.104044372000033 49.475148096000055)",Unfall 105837 (2021) Kat:3, Licht: 0,105837,3,3,5,10,07,3,1,0,1,1,0,0,0,0
"POINT (11.130205631000024 49.432909070000051)",Unfall 105900 (2021) Kat:3, Licht: 1,105900,3,2,5,09,19,7,0,1,0,1,0,1,0,0
"POINT (11.101581555000053 49.470621228000027)",Unfall 105903 (2021) Kat:3, Licht: 0,105903,3,6,3,10,13,7,0,0,0,1,0,1,0,0
"POINT (11.033829179000065 49.420756767000057)",Unfall 105919 (2021) Kat:3, Licht: 2,105919,3,3,0,10,19,2,0,2,0,0,0,0,1,1
"POINT (11.119889401000023 49.437035149000053)",Unfall 105930 (2021) Kat:3, Licht: 0,105930,3,3,5,09,18,3,0,0,0,1,0,1,0,0
"POINT (11.033744621000039 49.519206071000042)",Unfall 105960 (2021) Kat:3, Licht: 0,105960,3,6,2,10,13,6,0,0,0,1,0,0,0,0