WKT,Name,OBJECTID,UKATEGORIE,UTYP1,UART,UMONAT,USTUNDE,UWOCHENTAG,STRZUSTAND,ULICHTVERH,ISTRAD,ISTPKW,ISTFUSS,ISTKRAD,ISTGKFZ,ISTSONSTIG
"POINT (11.202888661000031 49.419215208000026)",Unfall 106015 (2021) Kat:3, Licht: 0,106015,3,7,8,09,14,1,0,0,0,1,0,0,0,0
"POINT (11.084933506000027 49.429495002000067)",Unfall 106080 (2021) Kat:3, Licht: 2,106080,3,1,0,10,23,7,0,2,1,0,0,0,0,0
"POINT (11.007366173000037 49.523216943000079)",Unfall 106105 (2021) Kat:3, Licht: 0,106105,3,2,5,11,11,6,0,0,0,1,0,0,0,0
"POINT (11.067339953000044 49.416260762000036)",Unfall 106113 (2021) Kat:3, Licht: 2,106113,3,6,3,11,07,5,1,2,0,1,0,0,0,0
"POINT (11.053170630000068 49.445364122000058)",Unfall 106141 (2021) Kat:3, Licht: 0,106141,3,6,2,10,07,5,1,0,0,1,0,0,1,0
"POINT (11.041218936000064 49.455715559000055)",Unfall 106157 (2021) Kat:2, Licht: 0,106157,2,4,6,10,16,5,0,0,0,1,1,0,0,0
"POINT (11.159272292000026 49.420205510000073)",Unfall 106233 (2021) Kat:3, Licht: 0,106233,3,3,5,10,08,3,1,0,0,1,0,0,0,1
"POINT (11.103664674000072 49.474494957000047)",Unfall 106250 (2021) Kat:3, Licht: 0,106250,3,6,2,11,09,3,1,0,0,1,0,0,0,0
"POINT (11.076510314000075 49.341669456000034)",Unfall 106282 (2021) Kat:2, Licht: 1,106282,2,6,2,11,17,3,1,1,0,1,0,0,0,0
"POINT (11.039404212000022 49.456309969000074)",Unfall 106302 (2021) Kat:3, Licht: 2,106302,3,7,0,10,18,4,0,2,1,0,0,0,0,0
"POINT (11.124546579000025 49.457623260000048)",Unfall 106306 (2021) Kat:1, Licht: 2,106306,1,4,6,11,17,2,1,2,0,0,1,1,0,0
"POINT (11.055276056000025 49.444959501000028)",Unfall 106400 (2021) Kat:3, Licht: 0,106400,3,3,5,10,15,1,0,0,1,1,0,0,0,0
"POINT (11.063816284000040 49.372931381000058)",Unfall 106419 (2021) Kat:3, Licht: 0,106419,3,2,5,10,16,5,1,0,1,1,0,0,0,0
"POINT (11.066230317000077 49.414310377000049)",Unfall 106453 (2021) Kat:3, Licht: 2,106453,3,6,2,11,03,5,1,2,0,1,0,0,1,0
"POINT (11.035678658000052 49.445023338000055)",Unfall 106460 (2021) Kat:3, Licht: 0,106460,3,1,0,10,07,5,0,0,1,0,0,0,0,0
"POINT (11.016174117000048 49.470636796000065)",Unfall 106471 (2021) Kat:3, Licht: 2,106471,3,6,1,11,16,5,1,2,0,1,0,0,0,0
"POINT (11.125513513000044 49.466879712000036)",Unfall 106477 (2021) Kat:3, Licht: 0,106477,3,6,2,10,13,5,0,0,0,1,0,0,0,0
"POINT (11.104211243000066 49.381040899000027)",Unfall 106498 (2021) Kat:3, Licht: 0,106498,3,2,5,10,14,6,0,0,0,1,0,0,0,0
"POINT (11.026917756000046 49.441594984000062)",Unfall 106501 (2021) Kat:3, Licht: 2,106501,3,4,6,11,19,6,1,2,0,1,1,0,0,0
"POINT (11.037021506000031 49.449902670000029)",Unfall 106529 (2021) Kat:3, Licht: 0,106529,3,6,2,10,14,6,0,0,0,1,0,0,0,0
"POINT (11.044483096000022 49.429647005000049)",Unfall 106574 (2021) Kat:3, Licht: 0,106574,3,6,2,11,11,2,1,0,0,1,0,0,0,0
"POINT (11.036413289000052 49.439073171000075)",Unfall 106604 (2021) Kat:3, Licht: 0,106604,3,4,5,11,11,4,0,0,0,1,1,0,0,0
"POINT (11.036443829000063 49.417600434000065)",Unfall 106615 (2021) Kat:3, Licht: 2,106615,3,1,0,11,20,6,1,2,0,0,0,0,0,1
"POINT (11.027138404000027 49.455941267000071)",Unfall 106668 (2021) Kat:3, Licht: 1,106668,3,6,2,10,17,5,0,1,0,1,0,0,0,0
"POINT (11.185363507000034 49.393140652000056)",Unfall 106670 (2021) Kat:3, Licht: 2,106670,3,1,9,11,17,2,1,2,0,1,0,0,0,0
"POINT (11.117667824000023 49.437935358000061)",Unfall 106768 (2021) Kat:3, Licht: 2,106768,3,6,2,11,06,6,1,2,0,1,0,0,0,1
"POINT (11.102655104000064 49.471941013000048)",Unfall 106814 (2021) Kat:3, Licht: 0,106814,3,6,1,10,11,4,0,0,0,1,0,0,0,0
"POINT (11.036771600000066 49.449388805000069)",Unfall 106835 (2021) Kat:3, Licht: 0,106835,3,2,5,10,11,6,0,0,0,1,0,0,0,0
"POINT (11.067705974000035 49.470029881000073)",Unfall 106838 (2021) Kat:3, Licht: 2,106838,3,4,6,11,20,5,0,2,0,0,1,0,0,1
"POINT (11.103257969000026 49.431388387000027)",Unfall 106860 (2021) Kat:3, Licht: 0,106860,3,2,0,10,08,4,0,0,0,1,0,1,0,0
"POINT (11.027415246000032 49.420555739000065)",Unfall 106892 (2021) Kat:2, Licht: 0,106892,2,2,0,11,13,3,1,0,1,1,0,0,0,0
"POINT (11.037205861000075 49.509297931000049)",Unfall 106908 (2021) Kat:2, Licht: 2,106908,2,7,0,10,00,6,1,2,0,0,0,1,0,0
"POINT (11.058802894000053 49.443220620000034)",Unfall 106909 (2021) Kat:3, Licht: 0,106909,3,2,5,10,16,1,0,0,1,1,0,0,0,0
"POINT (11.100366456000074 49.465421370000058)",Unfall 106922 (2021) Kat:3, Licht: 0,106922,3,6,3,11,10,5,1,0,0,1,0,1,0,0
"POINT (11.079255455000066 49.414668653000035)",Unfall 106931 (2021) Kat:3, Licht: 0,106931,3,6,2,11,12,2,1,0,0,1,0,0,0,0
"POINT (11.072158569000067 49.343347442000038)",Unfall 106947 (2021) Kat:3, Licht: 0,106947,3,2,5,10,16,6,0,0,0,1,0,1,0,0
"POINT (11.131140674000051 49.459771657000033)",Unfall 106970 (2021) Kat:3, Licht: 0,106970,3,2,5,10,14,7,0,0,0,1,0,1,0,0
"POINT (11.074510133000047 49.400571471000035)",Unfall 106996 (2021) Kat:3, Licht: 0,106996,3,1,2,10,14,4,0,0,0,1,0,0,0,0
"POINT (11.118174914000065 49.464268245000028)",Unfall 107049 (2021) Kat:3, Licht: 2,107049,3,6,5,10,21,4,0,2,1,0,0,0,0,0
"POINT (11.033076850000043 49.420611787000041)",Unfall 107060 (2021) Kat:3, Licht: 0,107060,3,6,2,10,11,4,0,0,0,1,0,0,0,0
"POINT (11.065633664000075 49.427872261000061)",Unfall 107098 (2021) Kat:3, Licht: 0,107098,3,2,5,11,14,7,0,0,0,1,0,0,0,0
"POINT (11.117241836000062 49.391225202000044)",Unfall 107116 (2021) Kat:3, Licht: 0,107116,3,6,2,11,11,4,0,0,0,1,0,0,0,0
"POINT (11.039900019000072 49.425551237000036)",Unfall 107154 (2021) Kat:3, Licht: 0,107154,3,6,2,10,15,3,1,0,0,1,0,0,0,0
"POINT (11.073670416000027 49.402259091000076)",Unfall 107155 (2021) Kat:3, Licht: 0,107155,3,6,2,10,12,6,0,0,0,1,0,0,0,0
"POINT (11.071109716000024 49.469488532000071)",Unfall 107181 (2021) Kat:3, Licht: 2,107181,3,2,5,11,01,2,0,2,0,1,0,0,0,1
"POINT (11.035084924000046 49.452939784000080)",Unfall 107209 (2021) Kat:3, Licht: 2,107209,3,6,3,11,23,6,1,2,0,1,0,0,1,0
"POINT (10.997998770000038 49.434440611000070)",Unfall 107273 (2021) Kat:3, Licht: 2,107273,3,4,6,11,06,4,1,2,0,1,1,0,0,0
"POINT (11.073211673000060 49.403245859000037)",Unfall 107373 (2021) Kat:3, Licht: 0,107373,3,6,2,12,10,3,0,0,0,1,0,0,1,0
"POINT (11.119867809000027 49.437044668000055)",Unfall 107417 (2021) Kat:2, Licht: 0,107417,2,2,6,11,12,3,0,0,0,0,1,0,1,0
"POINT (11.080212593000056 49.469447335000041)",Unfall 107459 (2021) Kat:2, Licht: 2,107459,2,6,3,11,17,4,0,2,1,0,0,0,1,0
"POINT (11.032349721000060 49.532014520000075)",Unfall 107466 (2021) Kat:3, Licht: 0,107466,3,2,5,11,11,3,1,0,0,1,0,0,0,0
"POINT (11.083449731000030 49.429868731000056)",Unfall 107479 (2021) Kat:3, Licht: 2,107479,3,4,6,12,19,6,0,2,0,1,1,0,0,0
"POINT (11.122218204000035 49.436001685000065)",Unfall 107525 (2021) Kat:3, Licht: 0,107525,3,2,5,11,08,3,0,0,1,1,0,0,0,0
"POINT (11.081368957000052 49.469432914000038)",Unfall 107606 (2021) Kat:3, Licht: 0,107606,3,2,5,12,11,4,1,0,0,1,0,0,0,1
"POINT (11.055276056000025 49.444959501000028)",Unfall 107637 (2021) Kat:3, Licht: 2,107637,3,3,5,11,06,7,1,2,0,1,0,0,0,0
"POINT (11.052365145000067 49.446138603000065)",Unfall 107647 (2021) Kat:3, Licht: 2,107647,3,6,2,11,16,7,1,2,0,1,0,0,0,0
"POINT (11.074326579000058 49.400532123000062)",Unfall 107738 (2021) Kat:3, Licht: 0,107738,3,7,8,11,13,6,0,0,0,1,0,0,1,0
"POINT (11.106748138000057 49.459883107000053)",Unfall 107822 (2021) Kat:3, Licht: 2,107822,3,1,8,12,06,7,2,2,0,1,0,0,0,0
"POINT (11.037663310000028 49.397598351000056)",Unfall 107864 (2021) Kat:3, Licht: 0,107864,3,3,5,11,14,5,1,0,1,1,0,0,0,0
"POINT (11.062841257000059 49.438515817000052)",Unfall 107918 (2021) Kat:3, Licht: 2,107918,3,6,2,11,17,3,0,2,0,1,0,0,0,0
"POINT (11.038683271000025 49.452357796000058)",Unfall 107982 (2021) Kat:3, Licht: 0,107982,3,6,2,11,13,3,0,0,0,1,0,0,1,1
"POINT (11.118244660000073 49.391986160000044)",Unfall 108030 (2021) Kat:3, Licht: 0,108030,3,4,6,11,13,4,0,0,0,0,1,0,0,1
"POINT (11.044924979000029 49.458676884000056)",Unfall 108080 (2021) Kat:3, Licht: 1,108080,3,2,5,11,07,3,1,1,0,1,0,0,0,0
"POINT (11.121387391000042 49.443027259000075)",Unfall 108112 (2021) Kat:3, Licht: 2,108112,3,6,3,11,16,3,0,2,0,1,0,1,0,0
"POINT (11.067580074000034 49.417125955000074)",Unfall 108139 (2021) Kat:2, Licht: 2,108139,2,6,2,12,06,2,0,2,0,1,0,0,0,0
"POINT (11.110651483000026 49.433843075000027)",Unfall 108142 (2021) Kat:3, Licht: 0,108142,3,7,6,11,14,1,0,0,0,1,1,0,0,0
"POINT (11.036314662000052 49.419708606000029)",Unfall 108193 (2021) Kat:3, Licht: 2,108193,3,6,3,11,06,1,2,2,0,1,0,0,0,0
"POINT (11.119895609000025 49.400841628000080)",Unfall 108212 (2021) Kat:3, Licht: 2,108212,3,2,5,12,06,6,1,2,1,1,0,0,0,0
"POINT (11.124897339000029 49.434839352000040)",Unfall 108282 (2021) Kat:3, Licht: 0,108282,3,6,2,12,14,5,1,0,0,1,0,0,0,0
"POINT (11.078734616000077 49.342438795000078)",Unfall 108307 (2021) Kat:3, Licht: 2,108307,3,6,9,11,17,7,1,2,0,1,0,0,0,0
"POINT (11.163950853000074 49.390761549000047)",Unfall 108334 (2021) Kat:3, Licht: 0,108334,3,7,2,11,13,6,0,0,0,1,0,0,1,0
"POINT (11.109408032000033 49.417079190000038)",Unfall 108336 (2021) Kat:3, Licht: 0,108336,3,6,3,12,13,5,1,0,0,1,0,1,0,0
"POINT (11.040935496000031 49.374801253000044)",Unfall 108470 (2021) Kat:3, Licht: 2,108470,3,6,2,12,17,4,2,2,0,1,0,0,0,0
"POINT (11.051351210000064 49.463408761000039)",Unfall 108490 (2021) Kat:3, Licht: 0,108490,3,6,2,11,09,2,1,0,0,1,0,0,0,0
"POINT (11.064284313000030 49.428146475000062)",Unfall 108578 (2021) Kat:3, Licht: 2,108578,3,6,0,12,20,7,0,2,0,1,0,0,0,1
"POINT (11.082893801000068 49.344004556000073)",Unfall 108584 (2021) Kat:3, Licht: 0,108584,3,6,3,12,14,5,1,0,0,1,0,0,0,0
"POINT (11.117086610000058 49.436779226000056)",Unfall 108589 (2021) Kat:2, Licht: 2,108589,2,6,4,12,17,2,0,2,1,0,0,0,0,0
"POINT (11.111725182000043 49.358606952000059)",Unfall 108590 (2021) Kat:3, Licht: 2,108590,3,6,2,12,17,5,1,2,0,1,0,0,1,0
"POINT (11.121739165000065 49.452574692000042)",Unfall 108622 (2021) Kat:3, Licht: 2,108622,3,6,2,11,17,5,0,2,0,1,0,0,0,0
"POINT (11.036329462000026 49.448716248000039)",Unfall 108681 (2021) Kat:3, Licht: 0,108681,3,2,3,11,14,6,0,0,1,1,0,0,0,0
"POINT (11.086725239000032 49.429300287000046)",Unfall 108706 (2021) Kat:2, Licht: 2,108706,2,7,0,11,15,3,0,2,0,0,0,0,0,1
"POINT (11.048721650000061 49.365362274000063)",Unfall 108790 (2021) Kat:3, Licht: 0,108790,3,6,2,11,08,6,0,0,0,1,0,0,0,0
"POINT (11.019488222000064 49.462743896000063)",Unfall 108813 (2021) Kat:3, Licht: 2,108813,3,2,6,11,19,6,1,2,0,1,1,0,0,0
"POINT (11.116873134000059 49.393552484000054)",Unfall 108827 (2021) Kat:3, Licht: 2,108827,3,1,0,12,17,5,1,2,0,0,0,1,0,0
"POINT (11.107248209000034 49.459830116000035)",Unfall 108829 (2021) Kat:3, Licht: 0,108829,3,6,1,11,09,3,0,0,0,1,0,0,0,0
"POINT (11.131697046000056 49.432385374000035)",Unfall 108933 (2021) Kat:3, Licht: 2,108933,3,6,2,11,18,3,0,2,0,1,0,0,0,0
"POINT (11.067968740000026 49.469537719000073)",Unfall 109079 (2021) Kat:3, Licht: 2,109079,3,2,5,11,18,6,0,2,1,1,0,0,0,0
"POINT (11.096393460000058 49.431244296000045)",Unfall 109097 (2021) Kat:3, Licht: 2,109097,3,2,5,12,17,4,2,2,0,1,0,0,0,0
"POINT (11.114999248000061 49.403699946000074)",Unfall 109187 (2021) Kat:3, Licht: 2,109187,3,6,2,12,17,4,2,2,0,1,0,0,0,0
"POINT (11.179013974000043 49.397789690000081)",Unfall 109292 (2021) Kat:3, Licht: 2,109292,3,1,8,12,00,1,1,2,0,1,0,0,0,0
"POINT (11.058509373000049 49.466813994000063)",Unfall 109602 (2021) Kat:3, Licht: 0,109602,3,6,3,12,12,6,1,0,1,0,0,0,1,0
"POINT (11.043921068000031 49.428965317000063)",Unfall 109672 (2021) Kat:3, Licht: 0,109672,3,2,5,12,15,3,0,0,1,1,0,0,0,0
"POINT (11.036013125000068 49.446312379000062)",Unfall 109679 (2021) Kat:3, Licht: 2,109679,3,1,0,12,07,4,1,2,1,0,0,0,0,0
"POINT (11.018559081000035 49.419731008000042)",Unfall 109881 (2021) Kat:3, Licht: 2,109881,3,2,5,12,17,7,0,2,0,1,0,0,0,0
"POINT (11.034821803000057 49.413637665000067)",Unfall 109890 (2021) Kat:3, Licht: 2,109890,3,1,4,12,21,6,1,2,0,1,0,0,0,0
"POINT (11.115046329000052 49.403478818000053)",Unfall 109990 (2021) Kat:3, Licht: 2,109990,3,2,5,12,18,3,1,2,1,0,0,0,0,1
"POINT (11.033879866000063 49.513816381000026)",Unfall 110013 (2021) Kat:3, Licht: 0,110013,3,3,5,12,09,3,1,0,0,1,0,0,0,0
"POINT (11.038470384000050 49.435848741000029)",Unfall 110041 (2021) Kat:3, Licht: 2,110041,3,2,6,12,19,6,0,2,0,1,1,0,0,0
"POINT (10.992888929000060 49.539099116000045)",Unfall 110093 (2021) Kat:2, Licht: 0,110093,2,6,2,12,11,2,0,0,0,1,0,0,0,0
"POINT (11.103406096000072 49.472803281000040)",Unfall 110101 (2021) Kat:2, Licht: 2,110101,2,2,6,12,20,6,0,2,0,1,1,0,0,0
"POINT (11.122106672000029 49.456939428000055)",Unfall 110509 (2021) Kat:3, Licht: 1,110509,3,6,2,12,15,5,1,1,0,1,0,0,0,0
"POINT (11.108757559000026 49.459507418000044)",Unfall 110629 (2021) Kat:3, Licht: 0,110629,3,6,2,12,12,4,1,0,0,1,0,0,0,0
"POINT (11.007356714000025 49.523217247000048)",Unfall 110718 (2021) Kat:3, Licht: 1,110718,3,3,5,12,15,7,0,1,0,1,0,0,0,0
"POINT (11.104896720000056 49.424637411000049)",Unfall 110824 (2021) Kat:3, Licht: 0,110824,3,6,1,12,10,1,1,0,0,1,0,0,0,0
"POINT (11.126065181000058 49.458063074000052)",Unfall 110947 (2021) Kat:3, Licht: 0,110947,3,4,6,12,11,6,0,0,0,1,1,0,0,0
"POINT (11.091130767000038 49.394565908000061)",Unfall 111058 (2021) Kat:3, Licht: 0,111058,3,6,2,12,07,3,0,0,0,1,0,0,0,0
"POINT (11.156910741000047 49.466231901000072)",Unfall 111115 (2021) Kat:3, Licht: 0,111115,3,3,5,12,15,1,0,0,0,1,0,0,0,0
"POINT (11.169847344000061 49.402519584000061)",Unfall 111167 (2021) Kat:2, Licht: 0,111167,2,1,8,12,14,3,1,0,0,1,0,0,0,0
"POINT (11.173801446000027 49.415271051000047)",Unfall 111233 (2021) Kat:2, Licht: 0,111233,2,1,9,12,09,4,1,0,0,1,0,0,0,0
"POINT (11.041135358000076 49.455602114000044)",Unfall 111237 (2021) Kat:2, Licht: 0,111237,2,2,5,12,08,3,1,0,0,0,0,0,1,1
"POINT (11.035799690000033 49.421360969000034)",Unfall 111327 (2021) Kat:3, Licht: 2,111327,3,6,2,12,19,3,1,2,0,1,0,0,0,0
"POINT (11.055450358000030 49.444880257000079)",Unfall 111550 (2021) Kat:3, Licht: 2,111550,3,6,2,12,19,5,1,2,0,1,0,0,0,0
"POINT (11.122169556000074 49.446126322000055)",Unfall 111577 (2021) Kat:3, Licht: 2,111577,3,2,4,12,18,4,1,2,1,1,0,0,0,0
"POINT (11.083245952000027 49.410263335000081)",Unfall 111588 (2021) Kat:3, Licht: 0,111588,3,1,0,12,08,6,2,0,1,0,0,0,0,0
"POINT (11.072254776000023 49.339922681000075)",Unfall 111630 (2021) Kat:3, Licht: 0,111630,3,7,7,12,15,3,0,0,0,1,0,0,0,1
"POINT (11.037627244000021 49.422883876000071)",Unfall 111637 (2021) Kat:3, Licht: 0,111637,3,2,5,12,10,4,1,0,1,1,0,0,0,0
"POINT (11.130690133000030 49.432740677000027)",Unfall 111654 (2021) Kat:3, Licht: 0,111654,3,6,4,12,13,6,0,0,0,1,0,0,0,0
"POINT (11.036002038000049 49.440451769000049)",Unfall 111782 (2021) Kat:3, Licht: 0,111782,3,6,2,12,14,5,0,0,0,1,0,0,0,0
"POINT (11.052275990000055 49.493891753000071)",Unfall 111857 (2021) Kat:3, Licht: 2,111857,3,1,8,12,19,1,0,2,0,1,0,0,0,1
"POINT (11.186274719000039 49.393043417000058)",Unfall 111864 (2021) Kat:3, Licht: 2,111864,3,6,3,12,07,5,1,2,0,1,0,0,1,0
"POINT (11.032701760000066 49.420615697000073)",Unfall 111974 (2021) Kat:3, Licht: 2,111974,3,2,5,12,17,1,0,2,0,1,0,0,0,1
"POINT (11.041101723000054 49.455417336000039)",Unfall 111978 (2021) Kat:3, Licht: 1,111978,3,6,2,12,16,2,0,1,0,1,0,0,0,0
"POINT (11.012568988000055 49.465282487000081)",Unfall 112130 (2021) Kat:3, Licht: 2,112130,3,3,5,12,16,2,1,2,0,1,0,0,0,0
"POINT (11.085615811000025 49.394622547000040)",Unfall 112154 (2021) Kat:3, Licht: 0,112154,3,7,9,12,15,7,1,0,0,1,0,0,0,0
"POINT (11.056618418000028 49.389753748000032)",Unfall 190096 (2021) Kat:3, Licht: 0,190096,3,4,6,01,11,3,1,0,0,1,1,0,0,0
"POINT (11.088824088000024 49.447840756000062)",Unfall 190128 (2021) Kat:3, Licht: 0,190128,3,7,3,01,12,3,1,0,0,1,0,0,0,1
"POINT (11.003179058000057 49.450414213000045)",Unfall 190152 (2021) Kat:2, Licht: 2,190152,2,3,5,02,18,5,0,2,0,1,0,0,0,0
"POINT (11.020877017000032 49.419955910000056)",Unfall 190168 (2021) Kat:3, Licht: 0,190168,3,3,5,01,13,7,0,0,1,1,0,0,0,0
"POINT (11.081982513000071 49.459001746000069)",Unfall 190170 (2021) Kat:2, Licht: 2,190170,2,1,8,01,18,6,1,2,0,1,0,0,0,0
"POINT (11.075260812000067 49.462153759000046)",Unfall 190172 (2021) Kat:3, Licht: 0,190172,3,3,5,01,11,6,0,0,1,1,0,0,0,0
"POINT (11.092064933000074 49.436037778000070)",Unfall 190179 (2021) Kat:3, Licht: 0,190179,3,4,6,01,12,3,0,0,0,1,1,0,0,0
"POINT (11.071338869000044 49.445954600000050)",Unfall 190209 (2021) Kat:3, Licht: 0,190209,3,4,6,02,12,4,1,0,0,0,1,0,1,0
"POINT (11.078475360000027 49.455767970000068)",Unfall 190212 (2021) Kat:3, Licht: 0,190212,3,7,1,01,13,1,0,0,1,1,0,0,0,0
"POINT (11.037061164000022 49.456334502000061)",Unfall 190242 (2021) Kat:3, Licht: 0,190242,3,7,6,02,14,4,1,0,0,1,1,0,0,0
"POINT (11.097573490000059 49.445876282000029)",Unfall 190248 (2021) Kat:3, Licht: 0,190248,3,3,3,02,13,7,1,0,0,1,0,0,0,1
"POINT (11.059222416000068 49.449864149000064)",Unfall 190261 (2021) Kat:3, Licht: 2,190261,3,2,4,01,18,5,1,2,0,1,0,0,0,0
"POINT (11.131339749000063 49.404645869000035)",Unfall 190265 (2021) Kat:3, Licht: 1,190265,3,2,5,01,17,2,1,1,0,1,0,0,0,1
"POINT (11.172840759000053 49.412128855000049)",Unfall 190269 (2021) Kat:3, Licht: 0,190269,3,6,1,01,08,4,2,0,0,1,0,0,0,0
"POINT (11.085418948000040 49.424533987000075)",Unfall 190295 (2021) Kat:3, Licht: 1,190295,3,3,5,02,16,3,1,1,0,1,0,0,0,0
"POINT (11.067249801000060 49.437872810000044)",Unfall 190321 (2021) Kat:3, Licht: 2,190321,3,6,2,01,17,5,1,2,0,1,0,1,0,0
"POINT (11.054660874000035 49.461855274000072)",Unfall 190325 (2021) Kat:3, Licht: 0,190325,3,1,0,01,15,6,1,0,0,0,0,1,0,0
"POINT (11.058910514000047 49.442374973000028)",Unfall 190344 (2021) Kat:3, Licht: 1,190344,3,3,5,01,16,3,0,1,1,1,0,0,0,0
"POINT (11.104959513000040 49.446446263000041)",Unfall 190348 (2021) Kat:3, Licht: 2,190348,3,5,1,01,20,2,1,2,0,1,0,0,0,0
"POINT (11.072470732000056 49.445745004000059)",Unfall 190358 (2021) Kat:3, Licht: 1,190358,3,3,5,01,17,1,1,1,1,1,0,0,0,0
"POINT (11.093317169000045 49.442649248000066)",Unfall 190371 (2021) Kat:3, Licht: 2,190371,3,3,5,02,06,2,0,2,1,1,0,0,0,0
"POINT (11.090591689000064 49.438195719000078)",Unfall 190382 (2021) Kat:3, Licht: 2,190382,3,6,2,02,20,1,2,2,0,1,0,0,0,0
"POINT (11.076662075000058 49.446720043000028)",Unfall 190393 (2021) Kat:3, Licht: 0,190393,3,3,5,02,11,6,0,0,0,1,0,0,1,0
"POINT (11.092158469000026 49.446383190000063)",Unfall 190405 (2021) Kat:3, Licht: 0,190405,3,6,0,01,13,6,1,0,0,1,0,0,0,1
"POINT (11.066996888000062 49.438807197000074)",Unfall 190425 (2021) Kat:3, Licht: 0,190425,3,5,1,01,13,2,1,0,1,1,0,0,0,0
"POINT (11.047640691000026 49.433710432000055)",Unfall 190434 (2021) Kat:3, Licht: 0,190434,3,6,2,01,10,6,0,0,0,1,0,0,0,0
"POINT (11.115435793000074 49.412956774000065)",Unfall 190474 (2021) Kat:3, Licht: 0,190474,3,6,2,01,09,4,2,0,0,1,1,0,0,0
"POINT (11.016309711000076 49.454220370000030)",Unfall 190521 (2021) Kat:3, Licht: 2,190521,3,6,0,01,19,6,1,2,0,1,0,1,0,0
"POINT (11.055413352000073 49.439457928000081)",Unfall 190527 (2021) Kat:3, Licht: 2,190527,3,3,5,01,05,6,1,2,0,1,0,0,0,0
"POINT (11.050402104000057 49.449545037000064)",Unfall 190551 (2021) Kat:3, Licht: 0,190551,3,3,5,01,11,2,0,0,0,1,0,0,0,0
"POINT (11.078341182000031 49.446597453000038)",Unfall 190582 (2021) Kat:3, Licht: 2,190582,3,6,4,02,18,1,2,2,1,0,0,0,0,0
"POINT (11.068273186000056 49.447348108000028)",Unfall 190590 (2021) Kat:3, Licht: 2,190590,3,6,2,01,16,4,1,2,0,1,0,0,0,0
"POINT (11.066395417000024 49.458030065000059)",Unfall 190592 (2021) Kat:2, Licht: 0,190592,2,2,0,01,09,3,1,0,0,1,0,0,0,1
"POINT (11.016612391000024 49.455135390000066)",Unfall 190620 (2021) Kat:3, Licht: 0,190620,3,6,2,01,09,3,2,0,0,1,0,0,0,0
"POINT (10.997845789000053 49.447770330000026)",Unfall 190627 (2021) Kat:3, Licht: 2,190627,3,6,2,01,21,7,0,2,0,1,0,0,0,0
"POINT (11.070730441000023 49.407970727000077)",Unfall 190631 (2021) Kat:3, Licht: 2,190631,3,6,2,01,17,7,1,2,0,1,0,0,0,0
"POINT (11.057300986000030 49.442282430000034)",Unfall 190646 (2021) Kat:3, Licht: 2,190646,3,6,2,01,19,2,0,2,0,1,0,0,0,0
"POINT (11.135853901000075 49.403203856000061)",Unfall 190654 (2021) Kat:3, Licht: 0,190654,3,7,6,01,11,5,1,0,0,1,1,0,0,0
"POINT (11.091977001000032 49.446380132000058)",Unfall 190658 (2021) Kat:2, Licht: 2,190658,2,1,0,02,20,7,0,2,1,0,0,0,0,0
"POINT (11.070695481000030 49.475901911000051)",Unfall 190660 (2021) Kat:3, Licht: 0,190660,3,1,0,01,16,5,2,0,1,0,0,0,0,0
"POINT (11.110339079000028 49.493106739000041)",Unfall 190670 (2021) Kat:3, Licht: 2,190670,3,7,0,01,23,3,1,2,1,0,0,0,0,0
"POINT (11.102768282000056 49.438887285000078)",Unfall 190681 (2021) Kat:3, Licht: 2,190681,3,2,6,01,19,4,1,2,0,1,1,0,0,0
"POINT (11.095252065000068 49.464148969000064)",Unfall 190704 (2021) Kat:3, Licht: 0,190704,3,6,2,01,14,6,1,0,0,1,0,0,0,0
"POINT (11.133423143000073 49.411951457000043)",Unfall 190724 (2021) Kat:3, Licht: 2,190724,3,1,0,01,17,7,0,2,1,0,0,0,0,0
"POINT (11.086383595000029 49.452057959000058)",Unfall 190726 (2021) Kat:2, Licht: 2,190726,2,1,0,01,06,4,1,2,1,0,0,0,0,0
"POINT (11.005690430000072 49.443321610000055)",Unfall 190772 (2021) Kat:3, Licht: 0,190772,3,6,2,01,14,3,1,0,0,1,0,0,1,0
"POINT (11.084752494000043 49.449300376000053)",Unfall 190786 (2021) Kat:3, Licht: 0,190786,3,3,5,01,18,3,0,0,0,1,0,0,0,0
"POINT (11.069823229000065 49.407129716000043)",Unfall 190802 (2021) Kat:3, Licht: 0,190802,3,6,2,02,14,6,0,0,0,1,0,0,0,0
"POINT (11.096168711000075 49.431668436000052)",Unfall 190807 (2021) Kat:3, Licht: 0,190807,3,6,2,01,12,2,1,0,0,1,0,0,0,0
"POINT (11.035184309000044 49.449274926000044)",Unfall 190811 (2021) Kat:3, Licht: 0,190811,3,3,5,01,12,3,1,0,0,1,0,0,0,0
"POINT (11.025379143000066 49.376548108000065)",Unfall 190844 (2021) Kat:3, Licht: 0,190844,3,1,0,02,11,5,0,0,1,0,0,0,0,0
"POINT (11.072558115000049 49.437615635000043)",Unfall 190876 (2021) Kat:3, Licht: 0,190876,3,7,1,01,09,2,1,0,0,1,0,0,0,0