WKT,Name,OBJECTID,UKATEGORIE,UTYP1,UART,UMONAT,USTUNDE,UWOCHENTAG,STRZUSTAND,ULICHTVERH,ISTRAD,ISTPKW,ISTFUSS,ISTKRAD,ISTGKFZ,ISTSONSTIG
"POINT (11.037569240000039 49.470060515000057)",Unfall 190920 (2021) Kat:3, Licht: 2,190920,3,1,1,01,21,1,2,2,0,1,0,0,1,0
"POINT (11.092812210000034 49.461866062000070)",Unfall 190923 (2021) Kat:3, Licht: 0,190923,3,6,3,02,10,5,0,0,0,1,0,0,0,0
"POINT (11.019086228000049 49.431519607000041)",Unfall 190954 (2021) Kat:3, Licht: 0,190954,3,3,5,01,08,2,1,0,1,1,0,0,0,0
"POINT (11.057709055000032 49.450393601000030)",Unfall 190987 (2021) Kat:3, Licht: 2,190987,3,7,0,01,16,4,0,2,1,0,1,0,0,0
"POINT (11.069059614000025 49.466830316000028)",Unfall 190990 (2021) Kat:3, Licht: 0,190990,3,7,6,02,15,1,0,0,0,1,1,0,0,0
"POINT (11.045243285000026 49.435277919000043)",Unfall 190991 (2021) Kat:3, Licht: 0,190991,3,4,6,01,15,6,1,0,0,1,1,0,0,0
"POINT (11.088750733000040 49.447701360000053)",Unfall 190996 (2021) Kat:3, Licht: 2,190996,3,3,5,01,07,2,0,2,0,1,0,0,0,0
"POINT (11.089813605000074 49.440321502000074)",Unfall 191028 (2021) Kat:3, Licht: 0,191028,3,7,1,01,09,5,1,0,1,0,0,0,0,1
"POINT (11.114911745000029 49.454323501000033)",Unfall 191054 (2021) Kat:3, Licht: 1,191054,3,1,0,01,18,6,1,1,0,0,0,0,0,1
"POINT (11.139061236000032 49.415116072000046)",Unfall 191059 (2021) Kat:3, Licht: 0,191059,3,2,5,01,15,2,0,0,1,1,0,0,0,0
"POINT (11.080105403000061 49.456966553000029)",Unfall 191061 (2021) Kat:3, Licht: 0,191061,3,1,0,01,15,7,1,0,1,0,0,0,0,0
"POINT (11.080668731000060 49.446490470000072)",Unfall 191064 (2021) Kat:3, Licht: 1,191064,3,1,8,01,15,1,1,1,0,1,0,0,0,0
"POINT (11.042370954000035 49.440560331000029)",Unfall 191077 (2021) Kat:3, Licht: 0,191077,3,3,5,01,08,6,0,0,0,1,0,0,0,0
"POINT (11.048164251000060 49.352870736000057)",Unfall 191083 (2021) Kat:3, Licht: 0,191083,3,6,4,01,09,4,0,0,0,1,0,0,0,0
"POINT (11.045246019000047 49.435272055000041)",Unfall 191098 (2021) Kat:3, Licht: 0,191098,3,3,5,03,13,3,0,0,1,1,0,0,0,0
"POINT (11.072444524000048 49.433635300000049)",Unfall 191109 (2021) Kat:3, Licht: 0,191109,3,4,6,03,14,2,0,0,0,1,1,0,0,0
"POINT (11.085062939000068 49.440815501000031)",Unfall 191169 (2021) Kat:3, Licht: 0,191169,3,4,6,02,10,2,0,0,0,0,1,0,1,0
"POINT (11.036152868000045 49.480274839000060)",Unfall 191174 (2021) Kat:3, Licht: 2,191174,3,6,3,02,06,4,1,2,1,1,0,0,0,0
"POINT (11.073836060000076 49.439736519000064)",Unfall 191176 (2021) Kat:3, Licht: 0,191176,3,5,0,03,09,2,0,0,1,1,0,0,1,0
"POINT (11.049498970000059 49.440779967000026)",Unfall 191177 (2021) Kat:3, Licht: 0,191177,3,3,0,03,12,2,0,0,1,1,0,0,0,0
"POINT (11.019345000000044 49.431436893000068)",Unfall 191184 (2021) Kat:3, Licht: 0,191184,3,6,2,02,08,6,0,0,0,1,0,0,0,0
"POINT (11.134115987000030 49.404466159000037)",Unfall 191193 (2021) Kat:3, Licht: 2,191193,3,3,5,02,05,5,0,2,0,1,0,0,0,0
"POINT (11.081639352000025 49.447094753000044)",Unfall 191205 (2021) Kat:3, Licht: 0,191205,3,6,1,03,12,5,0,0,0,1,0,0,0,0
"POINT (11.116215445000023 49.465316742000027)",Unfall 191215 (2021) Kat:3, Licht: 0,191215,3,4,6,02,16,1,0,0,0,1,1,0,0,0
"POINT (11.048941952000064 49.408375737000028)",Unfall 191266 (2021) Kat:3, Licht: 0,191266,3,3,5,02,16,6,0,0,1,1,0,0,0,0
"POINT (11.079570780000040 49.415364633000081)",Unfall 191272 (2021) Kat:3, Licht: 0,191272,3,6,3,03,15,2,0,0,1,1,0,0,0,0
"POINT (11.102563830000065 49.438574154000037)",Unfall 191301 (2021) Kat:3, Licht: 0,191301,3,2,5,02,15,4,0,0,1,1,0,0,0,0
"POINT (11.053870726000071 49.406708382000033)",Unfall 191304 (2021) Kat:3, Licht: 2,191304,3,2,5,02,19,1,0,2,0,1,0,0,0,0
"POINT (11.082271253000044 49.436155172000042)",Unfall 191305 (2021) Kat:3, Licht: 0,191305,3,2,5,02,14,7,0,0,1,1,0,0,0,0
"POINT (11.079361025000026 49.449334908000026)",Unfall 191330 (2021) Kat:3, Licht: 0,191330,3,7,6,03,08,6,1,0,1,0,1,0,0,0
"POINT (11.080841953000061 49.443751691000045)",Unfall 191360 (2021) Kat:2, Licht: 0,191360,2,4,6,02,14,3,0,0,0,1,1,0,0,0
"POINT (11.043348610000066 49.442970940000066)",Unfall 191365 (2021) Kat:3, Licht: 2,191365,3,3,5,02,19,6,0,2,0,1,0,0,0,0
"POINT (11.120872508000048 49.447593836000067)",Unfall 191368 (2021) Kat:3, Licht: 2,191368,3,1,0,03,23,7,0,2,1,0,0,0,0,0
"POINT (11.167441400000030 49.411373788000049)",Unfall 191371 (2021) Kat:3, Licht: 2,191371,3,7,5,02,17,4,2,2,0,1,0,0,0,0
"POINT (11.073166535000041 49.409917009000026)",Unfall 191395 (2021) Kat:3, Licht: 0,191395,3,6,3,03,11,7,0,0,0,1,0,0,0,0
"POINT (11.045140654000022 49.442217950000042)",Unfall 191425 (2021) Kat:3, Licht: 0,191425,3,1,9,02,06,4,0,0,0,1,0,0,0,0
"POINT (11.067847051000058 49.439430751000032)",Unfall 191461 (2021) Kat:3, Licht: 2,191461,3,2,5,03,19,3,0,2,1,0,0,1,0,0
"POINT (11.124709221000046 49.409991571000035)",Unfall 191464 (2021) Kat:3, Licht: 0,191464,3,2,5,02,16,1,0,0,1,1,0,0,0,0
"POINT (11.015782938000029 49.453681801000073)",Unfall 191502 (2021) Kat:3, Licht: 0,191502,3,2,3,02,15,5,0,0,1,0,0,0,0,1
"POINT (11.060189208000054 49.435289463000061)",Unfall 191515 (2021) Kat:3, Licht: 0,191515,3,6,3,03,15,4,0,0,0,1,0,1,0,0
"POINT (11.053626986000040 49.403312478000032)",Unfall 191517 (2021) Kat:3, Licht: 0,191517,3,3,5,03,12,5,0,0,0,1,0,0,1,0
"POINT (11.136037705000035 49.403050348000079)",Unfall 191532 (2021) Kat:3, Licht: 2,191532,3,3,5,03,19,2,0,2,0,1,0,0,0,0
"POINT (11.058121858000050 49.423643060000074)",Unfall 191540 (2021) Kat:3, Licht: 1,191540,3,7,6,02,16,2,0,1,0,1,1,0,0,0
"POINT (11.111845200000062 49.453049918000033)",Unfall 191542 (2021) Kat:3, Licht: 0,191542,3,3,5,03,13,7,0,0,1,1,0,0,0,0
"POINT (11.099970901000063 49.438458373000060)",Unfall 191568 (2021) Kat:3, Licht: 0,191568,3,7,0,02,10,5,1,0,0,0,1,0,1,0
"POINT (11.122847646000025 49.441042656000036)",Unfall 191577 (2021) Kat:3, Licht: 0,191577,3,5,1,02,16,1,0,0,1,1,0,0,0,0
"POINT (11.086743700000056 49.441976392000072)",Unfall 191587 (2021) Kat:3, Licht: 0,191587,3,1,0,03,16,5,0,0,0,0,0,0,0,1
"POINT (11.066439700000046 49.447971647000031)",Unfall 191589 (2021) Kat:3, Licht: 0,191589,3,6,1,02,10,2,1,0,0,1,0,0,0,0
"POINT (11.049545523000063 49.435747978000052)",Unfall 191592 (2021) Kat:3, Licht: 0,191592,3,6,4,03,15,3,0,0,1,0,0,0,0,0
"POINT (11.060076304000063 49.435238667000078)",Unfall 191601 (2021) Kat:3, Licht: 2,191601,3,4,6,02,06,4,1,2,0,1,1,0,0,0
"POINT (11.173657596000055 49.396436567000080)",Unfall 191610 (2021) Kat:3, Licht: 2,191610,3,3,5,03,20,4,0,2,0,1,0,0,0,0
"POINT (11.124750398000060 49.409702427000070)",Unfall 191671 (2021) Kat:3, Licht: 0,191671,3,3,5,02,11,5,0,0,0,1,0,0,0,0
"POINT (11.071685582000043 49.473834577000048)",Unfall 191673 (2021) Kat:2, Licht: 0,191673,2,7,0,03,12,6,0,0,0,0,0,0,0,1
"POINT (11.079262889000063 49.454649991000053)",Unfall 191694 (2021) Kat:3, Licht: 2,191694,3,1,0,02,17,6,0,2,0,0,0,0,0,1
"POINT (11.079553311000041 49.415344801000060)",Unfall 191696 (2021) Kat:3, Licht: 0,191696,3,7,1,03,12,2,0,0,0,1,0,1,0,0
"POINT (11.063883419000035 49.473583907000034)",Unfall 191699 (2021) Kat:3, Licht: 0,191699,3,1,0,02,17,3,0,0,1,0,0,0,0,0
"POINT (11.129562569000029 49.459344105000071)",Unfall 191706 (2021) Kat:3, Licht: 0,191706,3,7,0,03,11,6,0,0,0,1,1,0,0,0
"POINT (11.067414576000033 49.406168022000031)",Unfall 191731 (2021) Kat:3, Licht: 0,191731,3,6,1,02,12,6,0,0,0,1,0,0,0,0
"POINT (11.118118921000075 49.401953201000026)",Unfall 191737 (2021) Kat:3, Licht: 0,191737,3,1,9,02,08,6,0,0,0,1,0,0,0,1
"POINT (11.011919479000028 49.448590335000063)",Unfall 191760 (2021) Kat:3, Licht: 0,191760,3,2,4,02,12,4,1,0,1,1,0,0,0,0
"POINT (11.070877085000063 49.457092663000026)",Unfall 191798 (2021) Kat:3, Licht: 2,191798,3,1,0,02,19,2,0,2,1,0,0,0,0,0
"POINT (11.073094683000022 49.458881260000055)",Unfall 191801 (2021) Kat:2, Licht: 0,191801,2,3,5,03,08,5,1,0,0,1,0,0,0,0
"POINT (11.108242033000067 49.441096716000061)",Unfall 191808 (2021) Kat:3, Licht: 0,191808,3,3,5,02,15,1,0,0,1,1,0,0,0,0
"POINT (11.083750407000025 49.433366048000039)",Unfall 191869 (2021) Kat:3, Licht: 1,191869,3,3,5,02,16,5,2,1,0,1,0,0,0,0
"POINT (11.131366401000037 49.404658326000060)",Unfall 191891 (2021) Kat:3, Licht: 2,191891,3,2,5,02,18,4,1,2,0,1,0,0,0,0
"POINT (11.055349424000042 49.458907708000027)",Unfall 191898 (2021) Kat:2, Licht: 0,191898,2,3,4,02,17,7,0,0,1,1,0,0,0,0
"POINT (11.090363791000073 49.439705884000034)",Unfall 191901 (2021) Kat:3, Licht: 2,191901,3,7,0,03,20,5,0,2,0,0,1,0,0,1
"POINT (11.081631271000049 49.458821109000041)",Unfall 191928 (2021) Kat:3, Licht: 1,191928,3,7,0,03,17,2,0,1,1,0,1,0,0,0
"POINT (11.079011674000071 49.414509282000040)",Unfall 191930 (2021) Kat:3, Licht: 2,191930,3,7,0,02,18,1,0,2,1,0,0,0,0,0
"POINT (11.071155109000074 49.475572011000054)",Unfall 191946 (2021) Kat:3, Licht: 0,191946,3,3,5,02,16,2,0,0,1,1,0,0,0,0
"POINT (11.103898739000044 49.487972711000054)",Unfall 191960 (2021) Kat:3, Licht: 0,191960,3,7,0,03,10,2,0,0,0,1,0,0,0,0
"POINT (11.095348795000064 49.464276753000036)",Unfall 191991 (2021) Kat:3, Licht: 2,191991,3,1,0,02,18,5,0,2,0,0,0,1,0,0
"POINT (11.061480730000028 49.433197665000080)",Unfall 191999 (2021) Kat:3, Licht: 0,191999,3,3,5,03,12,3,0,0,0,1,0,0,0,0
"POINT (11.062476110000034 49.386099238000043)",Unfall 192004 (2021) Kat:3, Licht: 0,192004,3,6,2,03,12,6,1,0,0,1,0,0,1,0
"POINT (11.095771209000077 49.458664818000045)",Unfall 192005 (2021) Kat:3, Licht: 2,192005,3,2,5,02,18,7,0,2,1,1,0,0,0,1
"POINT (11.063559329000043 49.448290281000027)",Unfall 192013 (2021) Kat:3, Licht: 0,192013,3,7,0,02,10,4,0,0,0,1,0,0,0,0
"POINT (11.098285667000027 49.444150674000070)",Unfall 192040 (2021) Kat:3, Licht: 0,192040,3,7,5,02,08,5,1,0,0,1,0,0,0,0
"POINT (11.013918605000072 49.428108862000045)",Unfall 192078 (2021) Kat:3, Licht: 1,192078,3,3,5,02,17,3,0,1,1,1,0,0,0,0
"POINT (11.075508067000044 49.455340005000039)",Unfall 192082 (2021) Kat:3, Licht: 2,192082,3,1,0,02,05,5,1,2,1,0,0,0,0,0
"POINT (11.082258358000047 49.451044415000069)",Unfall 192103 (2021) Kat:3, Licht: 0,192103,3,7,0,03,12,2,0,0,1,0,0,0,0,0
"POINT (11.083768531000032 49.447937679000063)",Unfall 192127 (2021) Kat:3, Licht: 2,192127,3,2,3,02,21,5,1,2,0,1,0,0,0,0
"POINT (11.019173079000041 49.431542946000036)",Unfall 192129 (2021) Kat:3, Licht: 0,192129,3,3,5,03,07,3,0,0,0,1,0,0,1,0
"POINT (11.098287236000033 49.444149235000054)",Unfall 192134 (2021) Kat:3, Licht: 2,192134,3,7,5,02,20,6,1,2,0,1,0,0,0,1
"POINT (11.070279695000067 49.455035192000025)",Unfall 192162 (2021) Kat:2, Licht: 2,192162,2,3,3,03,22,6,0,2,1,1,0,0,0,0
"POINT (11.027939621000030 49.467967754000028)",Unfall 192175 (2021) Kat:3, Licht: 0,192175,3,6,4,03,10,4,1,0,1,0,0,0,0,1
"POINT (11.018373804000021 49.453546161000077)",Unfall 192190 (2021) Kat:3, Licht: 0,192190,3,6,3,03,09,2,0,0,0,1,0,0,0,1
"POINT (11.067363249000039 49.457553766000046)",Unfall 192193 (2021) Kat:3, Licht: 0,192193,3,7,0,03,10,2,1,0,0,1,0,1,0,0
"POINT (11.075864724000041 49.411743405000038)",Unfall 192202 (2021) Kat:3, Licht: 0,192202,3,7,0,04,13,6,0,0,1,0,0,0,0,0
"POINT (11.010608777000073 49.458797529000037)",Unfall 192217 (2021) Kat:2, Licht: 0,192217,2,7,0,04,06,4,1,0,1,0,0,0,0,0
"POINT (11.082562676000066 49.437331938000057)",Unfall 192228 (2021) Kat:3, Licht: 0,192228,3,2,4,04,11,6,0,0,1,1,0,0,0,0
"POINT (11.037403142000073 49.382672107000076)",Unfall 192239 (2021) Kat:3, Licht: 0,192239,3,6,2,03,12,3,0,0,0,1,0,0,0,0
"POINT (11.061424852000073 49.459432806000052)",Unfall 192267 (2021) Kat:3, Licht: 1,192267,3,7,0,03,19,3,0,1,1,0,0,0,0,0
"POINT (11.163531262000049 49.406887599000072)",Unfall 192283 (2021) Kat:3, Licht: 0,192283,3,2,4,03,09,2,1,0,0,1,0,0,0,0
"POINT (11.089782934000027 49.436563091000039)",Unfall 192285 (2021) Kat:2, Licht: 0,192285,2,2,3,03,17,4,0,0,1,1,0,0,0,0
"POINT (11.031587374000026 49.467166230000032)",Unfall 192286 (2021) Kat:3, Licht: 0,192286,3,1,0,04,16,5,0,0,1,0,0,0,0,0
"POINT (11.129133371000023 49.474926652000079)",Unfall 192295 (2021) Kat:3, Licht: 1,192295,3,1,8,03,05,1,1,1,0,1,0,0,0,0
"POINT (11.132006626000077 49.404644632000043)",Unfall 192303 (2021) Kat:3, Licht: 0,192303,3,7,0,04,12,6,0,0,0,0,0,0,0,1
"POINT (11.100314127000047 49.443085791000044)",Unfall 192320 (2021) Kat:3, Licht: 2,192320,3,6,2,04,21,7,0,2,0,1,0,0,0,0
"POINT (11.112520072000052 49.466118031000065)",Unfall 192346 (2021) Kat:3, Licht: 0,192346,3,1,0,03,17,6,0,0,1,0,0,0,0,0
"POINT (11.048937356000067 49.464174346000050)",Unfall 192357 (2021) Kat:3, Licht: 0,192357,3,7,1,03,10,1,0,0,0,1,0,0,0,0
"POINT (11.131326081000054 49.404627921000042)",Unfall 192372 (2021) Kat:3, Licht: 0,192372,3,2,5,03,09,6,0,0,0,1,0,0,0,0
"POINT (11.066287509000063 49.448056932000043)",Unfall 192377 (2021) Kat:3, Licht: 0,192377,3,3,5,03,17,4,0,0,1,1,0,0,0,0
"POINT (11.063716106000072 49.473568260000036)",Unfall 192378 (2021) Kat:2, Licht: 0,192378,2,7,0,04,10,5,0,0,1,0,0,0,0,0
"POINT (11.135729271000059 49.403307694000034)",Unfall 192393 (2021) Kat:2, Licht: 0,192393,2,1,0,03,15,7,0,0,0,0,0,1,0,0
"POINT (11.093230897000069 49.442647893000071)",Unfall 192395 (2021) Kat:3, Licht: 0,192395,3,2,3,04,18,6,0,0,0,0,0,0,0,1
"POINT (11.072972979000042 49.459522951000054)",Unfall 192397 (2021) Kat:3, Licht: 0,192397,3,1,0,03,12,3,0,0,1,0,0,0,0,0
"POINT (11.067499040000030 49.479848966000077)",Unfall 192398 (2021) Kat:3, Licht: 0,192398,3,7,4,03,14,6,0,0,0,1,0,1,0,0
"POINT (11.054342841000050 49.444154251000043)",Unfall 192405 (2021) Kat:2, Licht: 0,192405,2,7,0,03,11,2,0,0,0,1,1,0,0,0
"POINT (11.094115900000077 49.458292176000043)",Unfall 192410 (2021) Kat:3, Licht: 0,192410,3,6,2,03,11,3,0,0,0,1,0,1,0,0
"POINT (11.067466218000050 49.437686208000059)",Unfall 192438 (2021) Kat:3, Licht: 0,192438,3,2,4,03,13,7,1,0,0,1,0,1,0,0
"POINT (11.050339522000058 49.492618940000057)",Unfall 192447 (2021) Kat:3, Licht: 0,192447,3,3,5,04,18,5,0,0,0,1,0,0,0,0
"POINT (11.087584797000034 49.439961925000034)",Unfall 192458 (2021) Kat:3, Licht: 1,192458,3,3,0,04,06,4,1,1,1,1,0,0,0,0
"POINT (11.096096711000030 49.456173266000064)",Unfall 192473 (2021) Kat:3, Licht: 0,192473,3,1,0,03,07,6,0,0,1,0,0,0,0,0
"POINT (11.086710883000023 49.428397111000038)",Unfall 192479 (2021) Kat:3, Licht: 0,192479,3,6,2,04,16,5,0,0,0,1,0,0,0,0
"POINT (11.084763094000039 49.420915515000047)",Unfall 192502 (2021) Kat:3, Licht: 2,192502,3,3,5,03,05,3,0,2,1,1,0,0,0,0
"POINT (11.102459671000076 49.461377343000038)",Unfall 192508 (2021) Kat:3, Licht: 0,192508,3,3,5,03,11,3,0,0,0,1,0,0,0,0
"POINT (11.034948806000045 49.467469173000040)",Unfall 192518 (2021) Kat:3, Licht: 2,192518,3,1,0,04,20,5,0,2,0,0,0,1,0,0
"POINT (11.032011026000021 49.473943363000046)",Unfall 192535 (2021) Kat:3, Licht: 2,192535,3,1,9,03,02,7,1,2,0,1,0,0,0,0
"POINT (11.048266810000030 49.516097129000059)",Unfall 192541 (2021) Kat:3, Licht: 0,192541,3,1,0,04,15,5,0,0,1,0,0,0,0,0
"POINT (11.086772768000060 49.428186675000063)",Unfall 192543 (2021) Kat:3, Licht: 2,192543,3,6,3,03,22,6,0,2,0,1,0,0,0,0
"POINT (11.065507604000061 49.427952355000059)",Unfall 192566 (2021) Kat:3, Licht: 0,192566,3,6,2,03,14,4,0,0,0,1,0,0,0,0
"POINT (11.077448078000032 49.438451860000043)",Unfall 192573 (2021) Kat:3, Licht: 0,192573,3,7,0,04,15,3,0,0,1,0,0,0,0,0
"POINT (11.065692804000037 49.462593368000057)",Unfall 192601 (2021) Kat:3, Licht: 0,192601,3,5,1,04,17,1,0,0,1,1,0,0,0,0
"POINT (11.077491494000071 49.456678031000081)",Unfall 192615 (2021) Kat:3, Licht: 0,192615,3,3,5,03,14,5,0,0,0,1,0,0,0,0
"POINT (11.119940826000061 49.400862558000028)",Unfall 192622 (2021) Kat:3, Licht: 0,192622,3,3,5,03,12,3,0,0,1,1,0,0,0,0
"POINT (11.082191041000044 49.484637359000033)",Unfall 192633 (2021) Kat:2, Licht: 0,192633,2,1,0,03,14,6,0,0,1,0,0,0,0,0
"POINT (11.031962568000040 49.467143480000061)",Unfall 192668 (2021) Kat:3, Licht: 0,192668,3,6,2,03,13,1,0,0,1,0,0,0,0,0
"POINT (11.054165975000046 49.440621553000028)",Unfall 192711 (2021) Kat:3, Licht: 0,192711,3,3,1,03,16,6,0,0,1,0,0,0,0,0
"POINT (11.044533081000054 49.439178483000035)",Unfall 192759 (2021) Kat:3, Licht: 0,192759,3,4,6,03,18,1,0,0,0,1,1,0,0,0
"POINT (11.061993076000022 49.447431904000041)",Unfall 192773 (2021) Kat:3, Licht: 0,192773,3,6,1,03,13,6,0,0,0,1,0,0,0,0
"POINT (11.067779305000045 49.457397164000042)",Unfall 192776 (2021) Kat:3, Licht: 0,192776,3,2,5,04,14,7,0,0,1,1,0,0,0,0
"POINT (11.041384730000061 49.434042119000026)",Unfall 192807 (2021) Kat:3, Licht: 0,192807,3,7,6,04,14,7,0,0,0,1,1,0,0,0
"POINT (11.074060908000035 49.439090373000056)",Unfall 192811 (2021) Kat:3, Licht: 0,192811,3,7,0,04,10,1,0,0,0,1,0,0,0,0
"POINT (11.102458921000050 49.480693594000059)",Unfall 192817 (2021) Kat:2, Licht: 0,192817,2,7,0,04,18,6,0,0,1,0,0,0,0,0
"POINT (11.081991899000059 49.447596515000043)",Unfall 192825 (2021) Kat:3, Licht: 2,192825,3,1,0,04,20,5,0,2,1,0,0,0,0,0
"POINT (11.088073538000060 49.438909177000028)",Unfall 192831 (2021) Kat:3, Licht: 0,192831,3,7,0,04,15,6,0,0,1,0,0,0,0,0
"POINT (11.089267448000044 49.455680791000077)",Unfall 192834 (2021) Kat:3, Licht: 0,192834,3,3,5,03,14,4,0,0,0,1,0,0,0,0
"POINT (11.059227107000027 49.449871886000039)",Unfall 192839 (2021) Kat:3, Licht: 0,192839,3,2,4,03,12,7,0,0,0,1,0,0,0,0
"POINT (11.118073571000025 49.440844903000027)",Unfall 192846 (2021) Kat:3, Licht: 0,192846,3,3,5,03,08,4,0,0,0,1,0,0,0,0
"POINT (11.060345735000055 49.446943115000067)",Unfall 192858 (2021) Kat:3, Licht: 0,192858,3,6,2,03,17,5,0,0,0,1,0,0,0,0
"POINT (11.049337458000025 49.435987728000043)",Unfall 192860 (2021) Kat:3, Licht: 0,192860,3,2,6,03,17,4,0,0,0,1,1,0,0,0
"POINT (11.105782571000077 49.478703961000065)",Unfall 192861 (2021) Kat:3, Licht: 0,192861,3,6,5,04,18,5,0,0,1,1,0,0,0,0
"POINT (11.088569767000024 49.457889680000051)",Unfall 192939 (2021) Kat:3, Licht: 0,192939,3,1,0,03,12,2,0,0,1,0,0,0,0,0
"POINT (11.081292715000075 49.442284357000062)",Unfall 192961 (2021) Kat:3, Licht: 0,192961,3,4,6,03,15,5,0,0,0,1,1,0,0,0
"POINT (11.068974121000053 49.440999805000047)",Unfall 192966 (2021) Kat:3, Licht: 0,192966,3,1,6,03,12,7,0,0,1,0,1,0,0,0
"POINT (11.063430528000026 49.448366240000041)",Unfall 192998 (2021) Kat:2, Licht: 0,192998,2,6,0,03,15,4,0,0,0,1,0,1,0,0
"POINT (11.104776374000039 49.460194123000065)",Unfall 193004 (2021) Kat:2, Licht: 0,193004,2,7,0,04,14,3,1,0,0,1,0,0,0,1
"POINT (11.045809591000022 49.466800157000080)",Unfall 193047 (2021) Kat:3, Licht: 2,193047,3,7,0,03,20,5,0,2,1,0,0,0,0,0
"POINT (11.089123467000036 49.442352293000056)",Unfall 193050 (2021) Kat:3, Licht: 1,193050,3,7,6,04,19,3,1,1,0,0,1,0,0,1
"POINT (11.037406207000060 49.441019758000039)",Unfall 193055 (2021) Kat:3, Licht: 0,193055,3,6,2,03,09,4,0,0,0,1,0,0,0,0
"POINT (11.063845377000064 49.349086506000049)",Unfall 193140 (2021) Kat:3, Licht: 0,193140,3,3,5,03,16,7,0,0,1,1,0,0,0,0
"POINT (11.078408528000068 49.455346052000039)",Unfall 193152 (2021) Kat:2, Licht: 2,193152,2,1,0,03,23,2,0,2,1,0,0,0,0,0
"POINT (11.051431854000043 49.438510453000049)",Unfall 193159 (2021) Kat:3, Licht: 0,193159,3,7,3,03,10,6,0,0,0,1,0,1,0,0
"POINT (10.997689218000062 49.447937588000059)",Unfall 193195 (2021) Kat:3, Licht: 0,193195,3,1,2,03,16,6,0,0,0,1,0,0,0,0
"POINT (11.087860980000073 49.461286115000064)",Unfall 193233 (2021) Kat:3, Licht: 0,193233,3,6,0,04,17,1,0,0,1,0,0,0,0,0
"POINT (11.068964732000040 49.467078212000047)",Unfall 193234 (2021) Kat:3, Licht: 0,193234,3,7,0,04,17,6,0,0,1,0,0,0,0,0
"POINT (11.011004629000070 49.528706886000066)",Unfall 193259 (2021) Kat:3, Licht: 0,193259,3,7,0,04,12,4,0,0,0,1,0,0,0,0
"POINT (11.021115811000072 49.453395064000063)",Unfall 193263 (2021) Kat:3, Licht: 0,193263,3,7,5,04,12,1,0,0,0,1,0,0,0,0
"POINT (11.097906113000022 49.470291082000074)",Unfall 193305 (2021) Kat:3, Licht: 0,193305,3,3,5,04,19,3,0,0,1,1,0,0,0,0
"POINT (11.111171590000026 49.452667068000039)",Unfall 193308 (2021) Kat:3, Licht: 0,193308,3,3,5,04,16,6,1,0,1,1,0,0,0,0
"POINT (11.132982432000063 49.475660195000046)",Unfall 193325 (2021) Kat:3, Licht: 2,193325,3,7,0,05,22,7,1,2,1,1,0,0,0,0
"POINT (11.074513274000026 49.454154004000031)",Unfall 193334 (2021) Kat:3, Licht: 0,193334,3,7,6,04,11,2,0,0,0,1,1,0,0,0
"POINT (11.059020936000024 49.445717873000035)",Unfall 193350 (2021) Kat:3, Licht: 0,193350,3,7,2,04,11,6,0,0,0,0,0,1,1,0
"POINT (11.109216965000030 49.511869926000031)",Unfall 193356 (2021) Kat:3, Licht: 0,193356,3,7,0,04,17,6,0,0,1,0,0,0,0,0
"POINT (11.015933042000029 49.453642242000058)",Unfall 193360 (2021) Kat:3, Licht: 0,193360,3,2,4,04,06,4,0,0,0,1,0,0,0,0
"POINT (11.128515920000041 49.445850612000072)",Unfall 193367 (2021) Kat:3, Licht: 0,193367,3,7,0,04,14,3,0,0,0,0,0,1,0,0
"POINT (11.080547864000039 49.416175980000048)",Unfall 193371 (2021) Kat:2, Licht: 0,193371,2,1,0,04,17,3,1,0,1,0,0,0,0,0
"POINT (11.081930736000061 49.447820695000075)",Unfall 193380 (2021) Kat:3, Licht: 2,193380,3,2,4,04,20,1,0,2,0,1,0,0,0,1
"POINT (11.097457641000062 49.445122145000028)",Unfall 193385 (2021) Kat:2, Licht: 0,193385,2,4,6,04,17,6,0,0,1,0,1,0,0,0
"POINT (11.045059376000040 49.442265719000034)",Unfall 193387 (2021) Kat:3, Licht: 0,193387,3,4,6,04,18,5,0,0,0,1,1,0,0,0
"POINT (11.071560827000042 49.473832516000073)",Unfall 193392 (2021) Kat:3, Licht: 1,193392,3,3,5,04,05,7,0,1,0,1,0,0,0,0
"POINT (11.040381495000076 49.447555858000044)",Unfall 193408 (2021) Kat:3, Licht: 1,193408,3,1,0,05,20,3,0,1,0,0,0,0,0,1
"POINT (11.018295583000054 49.453461332000074)",Unfall 193410 (2021) Kat:3, Licht: 0,193410,3,3,5,04,14,4,0,0,0,1,0,0,0,1
"POINT (11.054124108000053 49.451602002000072)",Unfall 193420 (2021) Kat:3, Licht: 0,193420,3,3,5,05,11,3,0,0,1,1,0,0,0,0
"POINT (10.996844723000038 49.437944104000053)",Unfall 193421 (2021) Kat:3, Licht: 0,193421,3,6,2,04,16,2,0,0,0,1,0,0,0,0