WKT,Name,OBJECTID,UKATEGORIE,UTYP1,UART,UMONAT,USTUNDE,UWOCHENTAG,STRZUSTAND,ULICHTVERH,ISTRAD,ISTPKW,ISTFUSS,ISTKRAD,ISTGKFZ,ISTSONSTIG
"POINT (11.063358049000044 49.448388799000043)",Unfall 193423 (2021) Kat:3, Licht: 0,193423,3,6,1,04,13,5,0,0,0,1,0,0,0,0
"POINT (11.122197434000043 49.435909966000054)",Unfall 193458 (2021) Kat:3, Licht: 0,193458,3,2,4,04,09,3,0,0,1,1,0,0,0,0
"POINT (11.077330781000057 49.463256813000044)",Unfall 193483 (2021) Kat:3, Licht: 0,193483,3,3,5,04,08,2,0,0,0,1,0,0,0,0
"POINT (11.028642112000057 49.469444485000054)",Unfall 193487 (2021) Kat:3, Licht: 0,193487,3,2,5,04,12,7,0,0,1,1,0,0,0,0
"POINT (11.097413949000043 49.375845040000058)",Unfall 193489 (2021) Kat:3, Licht: 0,193489,3,7,6,04,13,3,0,0,1,0,1,0,0,0
"POINT (11.068460041000037 49.463063811000040)",Unfall 193504 (2021) Kat:3, Licht: 0,193504,3,3,5,04,15,4,0,0,1,1,0,0,0,0
"POINT (11.075299065000024 49.440411465000068)",Unfall 193506 (2021) Kat:2, Licht: 0,193506,2,7,0,04,13,3,0,0,1,0,0,0,0,0
"POINT (11.124145058000067 49.417632410000067)",Unfall 193541 (2021) Kat:3, Licht: 0,193541,3,2,0,05,16,1,0,0,1,0,0,0,0,0
"POINT (11.079034193000041 49.460938031000069)",Unfall 193545 (2021) Kat:3, Licht: 0,193545,3,3,5,04,10,5,0,0,0,1,0,0,0,0
"POINT (11.060916202000044 49.459517396000081)",Unfall 193554 (2021) Kat:3, Licht: 0,193554,3,7,0,04,18,6,0,0,1,0,0,0,0,0
"POINT (11.048011527000028 49.453461201000039)",Unfall 193627 (2021) Kat:3, Licht: 0,193627,3,6,2,04,10,2,1,0,0,1,0,0,0,0
"POINT (11.082823439000038 49.449898016000077)",Unfall 193634 (2021) Kat:3, Licht: 0,193634,3,6,2,04,19,1,0,0,0,1,0,0,0,0
"POINT (11.119903011000076 49.474492632000079)",Unfall 193657 (2021) Kat:3, Licht: 0,193657,3,3,5,04,18,2,0,0,1,1,0,0,0,0
"POINT (11.168441473000030 49.463344091000067)",Unfall 193659 (2021) Kat:2, Licht: 0,193659,2,1,8,04,18,5,0,0,0,1,0,0,0,0
"POINT (11.082848213000034 49.419952992000049)",Unfall 193708 (2021) Kat:3, Licht: 0,193708,3,3,0,04,18,6,1,0,1,1,0,0,0,0
"POINT (11.012162136000029 49.448887254000056)",Unfall 193710 (2021) Kat:3, Licht: 0,193710,3,6,3,04,10,7,0,0,0,1,0,0,1,0
"POINT (11.082532460000039 49.441405327000041)",Unfall 193716 (2021) Kat:3, Licht: 0,193716,3,3,5,04,14,6,0,0,0,1,0,0,0,1
"POINT (11.092271350000033 49.436530576000052)",Unfall 193721 (2021) Kat:3, Licht: 1,193721,3,7,1,04,20,7,1,1,1,1,0,0,0,0
"POINT (11.049068965000060 49.518131389000075)",Unfall 193770 (2021) Kat:3, Licht: 0,193770,3,7,0,04,08,3,0,0,0,1,0,0,0,0
"POINT (11.099676350000038 49.455297209000037)",Unfall 193799 (2021) Kat:3, Licht: 0,193799,3,1,0,04,18,6,1,0,1,0,0,0,0,0
"POINT (11.059808544000077 49.449441438000065)",Unfall 193853 (2021) Kat:3, Licht: 2,193853,3,2,5,04,21,7,0,2,1,1,0,0,0,0
"POINT (11.145417129000066 49.399216467000031)",Unfall 193854 (2021) Kat:3, Licht: 0,193854,3,7,5,04,16,6,0,0,1,1,0,0,0,0
"POINT (11.057843087000037 49.450353216000053)",Unfall 193861 (2021) Kat:3, Licht: 0,193861,3,3,5,04,09,5,0,0,1,1,0,0,0,0
"POINT (11.025137090000044 49.452292766000028)",Unfall 193921 (2021) Kat:3, Licht: 0,193921,3,6,2,04,07,6,0,0,0,1,0,0,0,0
"POINT (11.082041234000030 49.488723303000029)",Unfall 193947 (2021) Kat:3, Licht: 0,193947,3,6,2,04,15,2,1,0,0,1,0,0,0,0
"POINT (11.067661082000029 49.451669655000046)",Unfall 193981 (2021) Kat:3, Licht: 0,193981,3,4,6,04,17,3,0,0,1,0,1,0,0,0
"POINT (11.070482422000055 49.455085108000048)",Unfall 194019 (2021) Kat:3, Licht: 0,194019,3,3,5,04,16,4,0,0,1,1,0,0,0,0
"POINT (11.097479979000070 49.448875704000045)",Unfall 194035 (2021) Kat:2, Licht: 0,194035,2,7,5,04,11,5,0,0,0,1,0,1,0,0
"POINT (11.086101948000021 49.441016637000075)",Unfall 194040 (2021) Kat:3, Licht: 1,194040,3,6,2,04,18,1,0,1,0,1,0,1,0,0
"POINT (11.105684320000023 49.445540239000081)",Unfall 194062 (2021) Kat:2, Licht: 0,194062,2,1,0,04,15,1,0,0,0,0,0,1,0,0
"POINT (11.053666748000069 49.403307495000035)",Unfall 194065 (2021) Kat:3, Licht: 0,194065,3,2,5,04,19,4,0,0,1,0,0,0,0,1
"POINT (11.058944322000059 49.446840274000067)",Unfall 194067 (2021) Kat:3, Licht: 0,194067,3,3,5,04,17,3,0,0,1,1,0,0,0,0
"POINT (11.013458814000046 49.456966487000045)",Unfall 194069 (2021) Kat:3, Licht: 0,194069,3,3,5,04,17,2,0,0,0,1,0,0,0,0
"POINT (11.078388863000043 49.393305422000026)",Unfall 194085 (2021) Kat:3, Licht: 0,194085,3,1,0,04,18,1,0,0,1,0,0,0,0,0
"POINT (11.085603054000046 49.447273631000030)",Unfall 194090 (2021) Kat:3, Licht: 0,194090,3,6,2,04,17,2,0,0,1,1,0,0,0,0
"POINT (11.131433648000041 49.397739523000041)",Unfall 194111 (2021) Kat:2, Licht: 0,194111,2,4,6,04,11,1,0,0,0,1,1,0,0,0
"POINT (11.070836605000068 49.439094463000060)",Unfall 194141 (2021) Kat:3, Licht: 0,194141,3,6,2,04,10,2,0,0,0,1,0,0,0,0
"POINT (11.054622535000021 49.451174788000060)",Unfall 194171 (2021) Kat:3, Licht: 0,194171,3,6,2,04,13,7,0,0,0,1,0,0,0,0
"POINT (11.024747533000038 49.470750198000076)",Unfall 194193 (2021) Kat:3, Licht: 0,194193,3,2,4,04,18,5,0,0,1,1,0,0,0,0
"POINT (11.072845012000073 49.439184992000037)",Unfall 194211 (2021) Kat:3, Licht: 0,194211,3,3,5,04,16,6,1,0,1,1,0,0,0,0
"POINT (11.078788836000058 49.433315226000047)",Unfall 194222 (2021) Kat:3, Licht: 2,194222,3,3,5,04,21,7,0,2,0,1,0,0,0,0
"POINT (11.103825264000022 49.488389758000039)",Unfall 194238 (2021) Kat:3, Licht: 0,194238,3,6,2,05,07,3,0,0,0,1,0,0,0,0
"POINT (11.039862691000053 49.416590188000043)",Unfall 194250 (2021) Kat:3, Licht: 2,194250,3,3,5,04,20,4,0,2,1,1,0,0,0,0
"POINT (11.136396708000063 49.454709717000071)",Unfall 194256 (2021) Kat:3, Licht: 0,194256,3,5,3,05,11,7,0,0,1,1,0,0,0,0
"POINT (11.055142666000052 49.443732975000046)",Unfall 194288 (2021) Kat:3, Licht: 0,194288,3,4,6,05,18,4,1,0,0,0,1,0,0,1
"POINT (11.118607232000045 49.465460870000072)",Unfall 194338 (2021) Kat:2, Licht: 0,194338,2,3,5,05,17,7,0,0,0,1,1,0,0,0
"POINT (11.031053211000028 49.422096776000046)",Unfall 194339 (2021) Kat:3, Licht: 1,194339,3,7,0,05,21,2,0,1,0,0,1,0,0,1
"POINT (11.025292065000031 49.431891972000074)",Unfall 194354 (2021) Kat:3, Licht: 0,194354,3,5,5,05,10,3,0,0,0,1,0,1,0,0
"POINT (11.080352714000071 49.441124158000036)",Unfall 194372 (2021) Kat:3, Licht: 0,194372,3,4,6,05,19,6,0,0,0,0,1,0,0,1
"POINT (11.066506054000058 49.355758577000074)",Unfall 194416 (2021) Kat:2, Licht: 0,194416,2,2,5,05,12,3,1,0,1,1,0,0,0,0
"POINT (11.059887350000054 49.449419868000064)",Unfall 194434 (2021) Kat:3, Licht: 0,194434,3,3,5,05,18,7,0,0,0,1,0,0,0,1
"POINT (11.093078247000051 49.446347972000069)",Unfall 194435 (2021) Kat:3, Licht: 0,194435,3,1,0,05,11,2,1,0,0,0,0,1,0,0
"POINT (11.080556662000049 49.445853365000062)",Unfall 194439 (2021) Kat:2, Licht: 0,194439,2,2,3,05,19,3,0,0,1,1,0,0,0,0
"POINT (11.080901866000033 49.416888873000062)",Unfall 194454 (2021) Kat:3, Licht: 0,194454,3,6,2,05,17,5,1,0,0,1,0,0,0,0
"POINT (11.097878412000057 49.467900314000076)",Unfall 194456 (2021) Kat:3, Licht: 0,194456,3,3,5,05,16,7,0,0,0,1,0,0,0,0
"POINT (11.054693599000075 49.451146894000033)",Unfall 194479 (2021) Kat:3, Licht: 0,194479,3,2,4,05,19,2,0,0,0,1,0,0,0,0
"POINT (11.096631351000042 49.443108377000044)",Unfall 194505 (2021) Kat:3, Licht: 0,194505,3,6,3,05,16,4,0,0,0,1,0,0,1,1
"POINT (11.087137961000053 49.427009886000064)",Unfall 194547 (2021) Kat:3, Licht: 0,194547,3,7,7,05,07,3,0,0,1,1,1,0,0,0
"POINT (11.137195166000026 49.414159134000045)",Unfall 194586 (2021) Kat:3, Licht: 0,194586,3,3,5,05,15,4,0,0,0,1,0,0,0,1
"POINT (11.076049312000066 49.446701035000046)",Unfall 194609 (2021) Kat:3, Licht: 2,194609,3,6,3,05,23,5,1,2,0,0,1,0,0,1
"POINT (11.066863110000043 49.457099581000080)",Unfall 194611 (2021) Kat:3, Licht: 0,194611,3,1,0,05,16,2,0,0,0,0,0,0,0,1
"POINT (11.045378843000037 49.452629605000027)",Unfall 194648 (2021) Kat:3, Licht: 0,194648,3,4,6,05,15,3,0,0,0,1,1,0,0,0
"POINT (11.066315265000071 49.448032537000074)",Unfall 194654 (2021) Kat:3, Licht: 0,194654,3,6,3,05,09,6,0,0,0,1,0,0,0,0
"POINT (11.030974275000062 49.379728887000056)",Unfall 194669 (2021) Kat:3, Licht: 0,194669,3,3,5,05,13,4,1,0,0,1,0,0,0,0
"POINT (11.035188142000038 49.477285873000028)",Unfall 194678 (2021) Kat:3, Licht: 2,194678,3,1,8,05,21,3,0,2,0,1,0,0,0,0
"POINT (11.068482141000061 49.444757676000052)",Unfall 194707 (2021) Kat:3, Licht: 2,194707,3,3,5,05,22,4,1,2,0,1,0,0,0,0
"POINT (11.090740387000039 49.437806065000075)",Unfall 194722 (2021) Kat:3, Licht: 0,194722,3,6,2,05,18,6,0,0,0,1,0,1,0,0
"POINT (11.097292768000045 49.455452713000057)",Unfall 194734 (2021) Kat:3, Licht: 0,194734,3,7,0,05,19,2,0,0,1,0,0,0,0,0
"POINT (11.016463800000054 49.453651465000064)",Unfall 194742 (2021) Kat:3, Licht: 0,194742,3,6,2,05,16,4,1,0,0,1,0,0,0,0
"POINT (11.028821625000035 49.436735008000028)",Unfall 194754 (2021) Kat:3, Licht: 0,194754,3,3,5,05,19,6,0,0,0,1,0,1,0,0
"POINT (11.078376311000056 49.432849178000026)",Unfall 194763 (2021) Kat:2, Licht: 0,194763,2,7,0,05,18,2,1,0,1,0,0,0,0,0
"POINT (11.039988791000042 49.437016848000042)",Unfall 194783 (2021) Kat:2, Licht: 0,194783,2,3,5,05,16,5,1,0,0,1,0,1,0,0
"POINT (11.087620607000076 49.443756936000057)",Unfall 194839 (2021) Kat:3, Licht: 0,194839,3,3,5,05,15,4,1,0,1,0,1,0,0,0
"POINT (11.069054011000048 49.452715410000053)",Unfall 194885 (2021) Kat:3, Licht: 0,194885,3,6,3,05,15,4,1,0,0,1,0,1,0,0
"POINT (11.076586576000068 49.446662116000027)",Unfall 194890 (2021) Kat:3, Licht: 0,194890,3,6,2,05,14,6,0,0,0,1,0,1,0,0
"POINT (11.081360637000046 49.446633855000073)",Unfall 194938 (2021) Kat:3, Licht: 0,194938,3,6,2,05,17,6,0,0,0,1,0,0,0,0
"POINT (11.072046720000060 49.461439159000065)",Unfall 194944 (2021) Kat:3, Licht: 0,194944,3,6,2,05,14,3,0,0,0,1,0,1,0,0
"POINT (11.088874603000022 49.447809372000052)",Unfall 194973 (2021) Kat:3, Licht: 0,194973,3,3,5,05,14,5,1,0,1,1,0,0,0,0
"POINT (11.005660663000072 49.443493025000066)",Unfall 194984 (2021) Kat:3, Licht: 0,194984,3,3,5,05,14,2,0,0,1,1,0,0,0,0
"POINT (11.067752233000022 49.451807029000065)",Unfall 195002 (2021) Kat:3, Licht: 0,195002,3,6,2,05,11,7,0,0,0,1,0,1,0,0
"POINT (11.022234907000040 49.453110064000043)",Unfall 195009 (2021) Kat:3, Licht: 0,195009,3,2,4,05,08,4,0,0,0,1,0,0,0,0
"POINT (11.098741567000047 49.443747526000038)",Unfall 195061 (2021) Kat:3, Licht: 0,195061,3,2,0,05,11,6,0,0,1,1,0,0,0,0
"POINT (11.084375865000027 49.438503667000077)",Unfall 195073 (2021) Kat:3, Licht: 0,195073,3,1,1,05,18,5,1,0,1,1,0,0,0,0
"POINT (11.154171430000076 49.465603060000035)",Unfall 195075 (2021) Kat:3, Licht: 0,195075,3,6,2,05,18,6,0,0,0,1,0,0,0,0
"POINT (11.018781121000075 49.453518769000027)",Unfall 195081 (2021) Kat:3, Licht: 0,195081,3,6,2,05,17,4,1,0,0,1,0,0,0,0
"POINT (11.086166441000046 49.430543514000078)",Unfall 195083 (2021) Kat:3, Licht: 0,195083,3,3,5,05,06,2,0,0,0,0,0,0,0,1
"POINT (11.069470113000023 49.449048502000039)",Unfall 195104 (2021) Kat:3, Licht: 0,195104,3,6,4,05,15,5,0,0,0,1,0,0,0,1
"POINT (11.061659110000051 49.365501684000037)",Unfall 195155 (2021) Kat:2, Licht: 0,195155,2,3,5,05,08,2,0,0,0,1,0,0,0,0
"POINT (11.053595744000063 49.403604810000047)",Unfall 195160 (2021) Kat:2, Licht: 2,195160,2,3,0,05,21,2,1,2,0,0,0,1,1,0
"POINT (11.093784854000035 49.475067752000029)",Unfall 195162 (2021) Kat:3, Licht: 0,195162,3,3,5,05,15,6,0,0,1,1,0,0,0,0
"POINT (11.062446814000054 49.459175382000069)",Unfall 195183 (2021) Kat:3, Licht: 0,195183,3,7,0,05,15,7,1,0,1,0,0,0,0,0
"POINT (11.062616416000026 49.472251053000036)",Unfall 195200 (2021) Kat:3, Licht: 0,195200,3,2,4,05,11,3,0,0,1,1,0,0,0,0
"POINT (11.083224557000051 49.436423832000060)",Unfall 195214 (2021) Kat:2, Licht: 0,195214,2,2,0,05,13,4,1,0,0,0,0,1,0,0
"POINT (10.994485591000057 49.450343577000069)",Unfall 195227 (2021) Kat:3, Licht: 0,195227,3,6,2,05,08,3,0,0,0,1,0,0,0,1
"POINT (11.111613203000047 49.440095034000080)",Unfall 195243 (2021) Kat:3, Licht: 0,195243,3,3,0,05,08,4,0,0,1,1,0,0,0,0
"POINT (11.086467772000049 49.441063974000031)",Unfall 195253 (2021) Kat:2, Licht: 0,195253,2,1,1,05,19,5,1,0,0,1,0,0,0,1
"POINT (11.052301416000034 49.443299698000033)",Unfall 195276 (2021) Kat:2, Licht: 0,195276,2,7,0,05,16,3,0,0,1,0,0,0,0,0
"POINT (11.105739015000040 49.478548586000045)",Unfall 195280 (2021) Kat:3, Licht: 0,195280,3,7,0,05,13,5,0,0,1,0,0,0,0,0
"POINT (11.123183840000024 49.463434617000075)",Unfall 195291 (2021) Kat:3, Licht: 0,195291,3,3,5,05,07,4,1,0,0,1,0,0,0,0
"POINT (11.086296365000067 49.433373436000068)",Unfall 195306 (2021) Kat:3, Licht: 2,195306,3,7,0,06,23,7,1,2,1,0,0,0,0,0
"POINT (11.068188235000036 49.441783501000032)",Unfall 195312 (2021) Kat:3, Licht: 0,195312,3,2,4,06,09,3,0,0,0,1,0,0,0,0
"POINT (11.077364575000047 49.439835862000052)",Unfall 195320 (2021) Kat:3, Licht: 0,195320,3,7,0,06,14,5,0,0,1,0,0,0,0,0
"POINT (11.072675812000057 49.439161065000064)",Unfall 195328 (2021) Kat:3, Licht: 0,195328,3,7,5,05,11,7,0,0,1,1,0,0,0,0
"POINT (11.069650359000036 49.465584092000029)",Unfall 195372 (2021) Kat:3, Licht: 0,195372,3,2,3,06,15,5,1,0,1,1,0,0,0,0
"POINT (11.088382210000077 49.443414641000061)",Unfall 195374 (2021) Kat:3, Licht: 2,195374,3,5,0,05,21,7,0,2,1,1,0,0,0,0
"POINT (11.176117414000032 49.399368862000074)",Unfall 195401 (2021) Kat:3, Licht: 0,195401,3,6,0,05,11,2,0,0,0,1,0,1,0,0
"POINT (11.068465092000054 49.443585289000055)",Unfall 195438 (2021) Kat:3, Licht: 0,195438,3,6,0,06,17,3,1,0,0,1,0,1,0,0
"POINT (11.056146468000065 49.461023965000038)",Unfall 195447 (2021) Kat:3, Licht: 2,195447,3,1,1,05,23,6,0,2,1,1,0,0,0,0
"POINT (11.091580414000077 49.436471412000060)",Unfall 195449 (2021) Kat:3, Licht: 0,195449,3,6,2,06,16,4,0,0,0,1,0,0,0,0
"POINT (11.062129219000042 49.466111673000057)",Unfall 195460 (2021) Kat:3, Licht: 0,195460,3,2,5,06,10,5,0,0,1,1,0,0,0,0
"POINT (11.042318364000039 49.453630624000027)",Unfall 195469 (2021) Kat:3, Licht: 0,195469,3,3,5,06,14,7,0,0,1,1,0,0,0,0
"POINT (11.071377862000077 49.456774825000082)",Unfall 195514 (2021) Kat:2, Licht: 2,195514,2,7,0,06,21,6,0,2,1,0,0,0,0,0
"POINT (11.081509939000057 49.465330574000063)",Unfall 195523 (2021) Kat:2, Licht: 2,195523,2,7,1,06,00,3,0,2,0,1,0,1,0,0
"POINT (11.078312666000045 49.446598694000045)",Unfall 195537 (2021) Kat:3, Licht: 0,195537,3,1,4,05,19,7,0,0,1,0,0,0,0,0
"POINT (11.087510273000021 49.442087663000052)",Unfall 195549 (2021) Kat:3, Licht: 0,195549,3,1,0,06,18,3,1,0,1,0,0,0,0,0
"POINT (11.104290719000062 49.442790767000076)",Unfall 195555 (2021) Kat:3, Licht: 2,195555,3,7,7,06,00,7,0,2,0,0,0,1,0,0
"POINT (11.109321708000039 49.469276198000045)",Unfall 195572 (2021) Kat:3, Licht: 0,195572,3,3,5,06,18,5,0,0,1,1,0,0,0,0
"POINT (11.078004959000054 49.436816522000072)",Unfall 195616 (2021) Kat:3, Licht: 0,195616,3,2,5,05,14,2,0,0,0,1,0,0,0,0
"POINT (11.099004972000046 49.443539202000068)",Unfall 195622 (2021) Kat:3, Licht: 0,195622,3,2,0,06,09,5,0,0,1,1,0,0,0,0
"POINT (11.131976370000075 49.437765719000026)",Unfall 195666 (2021) Kat:3, Licht: 0,195666,3,4,6,05,15,2,0,0,1,0,1,0,0,0
"POINT (11.147983657000054 49.461155101000031)",Unfall 195679 (2021) Kat:2, Licht: 0,195679,2,3,5,06,15,6,0,0,1,1,0,0,0,0
"POINT (11.101795369000058 49.458374769000045)",Unfall 195681 (2021) Kat:2, Licht: 0,195681,2,7,0,06,10,7,0,0,1,0,0,0,0,0
"POINT (11.102294637000057 49.468107784000040)",Unfall 195711 (2021) Kat:3, Licht: 0,195711,3,3,0,06,07,4,0,0,0,1,0,0,0,1
"POINT (11.036982076000072 49.423330264000072)",Unfall 195727 (2021) Kat:3, Licht: 0,195727,3,6,2,06,16,3,1,0,0,1,0,0,0,0
"POINT (11.144181573000026 49.412720096000044)",Unfall 195736 (2021) Kat:3, Licht: 0,195736,3,1,5,06,09,4,1,0,0,1,0,0,0,0
"POINT (11.050808886000027 49.437114467000072)",Unfall 195748 (2021) Kat:3, Licht: 0,195748,3,6,3,06,14,5,0,0,1,1,0,0,0,0
"POINT (11.057156022000072 49.446936723000078)",Unfall 195753 (2021) Kat:2, Licht: 0,195753,2,1,0,06,19,6,0,0,1,0,0,0,0,0
"POINT (11.122426654000037 49.422098254000048)",Unfall 195762 (2021) Kat:3, Licht: 0,195762,3,7,0,06,10,3,1,0,0,0,0,1,0,1
"POINT (11.068037488000073 49.435102638000046)",Unfall 195769 (2021) Kat:3, Licht: 0,195769,3,2,4,06,13,6,0,0,0,1,0,0,0,0
"POINT (11.106047384000021 49.477334653000071)",Unfall 195796 (2021) Kat:3, Licht: 0,195796,3,6,3,06,08,3,0,0,1,0,0,0,1,0
"POINT (11.098079967000047 49.440621198000031)",Unfall 195803 (2021) Kat:3, Licht: 0,195803,3,7,0,05,18,1,0,0,1,0,0,0,0,0
"POINT (11.126577949000023 49.410584684000071)",Unfall 195817 (2021) Kat:3, Licht: 0,195817,3,1,0,06,15,6,0,0,1,0,0,0,0,0
"POINT (11.068591275000074 49.468277365000063)",Unfall 195820 (2021) Kat:3, Licht: 0,195820,3,4,6,06,08,7,0,0,1,0,1,0,0,0
"POINT (11.118970768000054 49.474459496000065)",Unfall 195836 (2021) Kat:3, Licht: 1,195836,3,1,0,06,21,4,0,1,1,0,0,0,0,0
"POINT (11.053535102000069 49.440289746000076)",Unfall 195841 (2021) Kat:3, Licht: 0,195841,3,6,4,05,16,2,0,0,1,0,0,0,0,0
"POINT (11.064651223000055 49.484542043000033)",Unfall 195869 (2021) Kat:3, Licht: 0,195869,3,6,2,05,18,2,0,0,0,1,0,1,0,0
"POINT (11.134210329000041 49.406274746000065)",Unfall 195872 (2021) Kat:3, Licht: 0,195872,3,7,0,06,17,5,0,0,1,0,0,0,0,0
"POINT (11.040266568000050 49.410304307000047)",Unfall 195900 (2021) Kat:3, Licht: 0,195900,3,4,0,06,07,5,0,0,0,0,1,0,0,1
"POINT (11.141415605000077 49.462360915000033)",Unfall 195953 (2021) Kat:3, Licht: 0,195953,3,6,4,06,16,6,0,0,1,1,0,0,0,0
"POINT (11.072638899000026 49.439155845000073)",Unfall 195956 (2021) Kat:3, Licht: 2,195956,3,1,0,06,20,7,1,2,0,0,0,1,0,0
"POINT (11.011918870000045 49.448589595000044)",Unfall 195959 (2021) Kat:3, Licht: 0,195959,3,2,5,06,16,4,0,0,1,1,0,0,0,0
"POINT (11.143709392000062 49.407994467000037)",Unfall 195960 (2021) Kat:3, Licht: 2,195960,3,1,0,05,03,6,0,2,0,0,0,0,0,1
"POINT (11.071409096000025 49.473830494000026)",Unfall 195971 (2021) Kat:3, Licht: 0,195971,3,3,5,06,18,4,0,0,1,0,0,1,0,0
"POINT (11.115791130000048 49.425671261000048)",Unfall 195976 (2021) Kat:3, Licht: 0,195976,3,1,6,05,18,7,0,0,1,0,1,0,0,0
"POINT (11.093786407000039 49.457804706000047)",Unfall 195978 (2021) Kat:2, Licht: 0,195978,2,4,6,05,07,1,0,0,0,0,1,0,0,1
"POINT (11.096566101000064 49.437475472000074)",Unfall 195993 (2021) Kat:2, Licht: 0,195993,2,1,0,06,10,7,0,0,1,0,0,0,0,0
"POINT (11.024746068000070 49.470750726000063)",Unfall 196008 (2021) Kat:3, Licht: 0,196008,3,3,1,05,19,6,0,0,1,1,0,0,0,0
"POINT (11.096828433000042 49.441045817000031)",Unfall 196028 (2021) Kat:3, Licht: 0,196028,3,3,5,06,13,6,0,0,1,1,0,0,0,0
"POINT (11.027237746000026 49.466303034000077)",Unfall 196066 (2021) Kat:3, Licht: 0,196066,3,3,5,06,07,6,0,0,1,0,0,0,0,0
"POINT (11.014990293000039 49.428821870000036)",Unfall 196120 (2021) Kat:3, Licht: 0,196120,3,6,2,05,11,2,0,0,0,1,0,0,0,0
"POINT (11.091157023000051 49.436493226000039)",Unfall 196125 (2021) Kat:3, Licht: 0,196125,3,1,3,05,18,6,0,0,1,0,0,1,0,0
"POINT (11.067138335000038 49.447335564000070)",Unfall 196171 (2021) Kat:3, Licht: 2,196171,3,6,4,06,22,7,0,2,1,0,0,0,0,1
"POINT (11.121257823000064 49.474767405000080)",Unfall 196176 (2021) Kat:3, Licht: 0,196176,3,3,4,06,14,4,0,0,1,1,0,0,0,0
"POINT (11.072417975000064 49.448950766000053)",Unfall 196191 (2021) Kat:3, Licht: 0,196191,3,3,5,05,16,1,0,0,0,1,0,1,0,0
"POINT (11.070668902000023 49.447178739000037)",Unfall 196207 (2021) Kat:2, Licht: 2,196207,2,7,0,05,21,1,0,2,1,0,0,0,0,0
"POINT (11.028688341000077 49.467963203000068)",Unfall 196212 (2021) Kat:3, Licht: 0,196212,3,7,0,06,18,7,0,0,1,0,0,0,0,0
"POINT (11.112056326000072 49.404839295000045)",Unfall 196257 (2021) Kat:3, Licht: 0,196257,3,1,0,06,18,7,0,0,1,0,0,0,0,0
"POINT (11.051721311000051 49.448997547000033)",Unfall 196271 (2021) Kat:3, Licht: 2,196271,3,1,1,06,23,5,0,2,1,1,0,0,0,0
"POINT (11.102909520000026 49.438683875000038)",Unfall 196279 (2021) Kat:3, Licht: 0,196279,3,2,5,05,15,2,0,0,1,1,0,0,0,0
"POINT (11.050076848000060 49.442129098000066)",Unfall 196293 (2021) Kat:3, Licht: 0,196293,3,7,0,06,14,6,0,0,1,0,0,0,0,1
"POINT (11.076515981000057 49.460771637000050)",Unfall 196341 (2021) Kat:2, Licht: 0,196341,2,1,0,06,18,5,1,0,1,0,0,0,0,0
"POINT (11.135957377000068 49.461241223000059)",Unfall 196367 (2021) Kat:2, Licht: 2,196367,2,1,0,06,16,3,0,2,1,0,0,0,0,0
"POINT (11.079996190000031 49.456642297000030)",Unfall 196373 (2021) Kat:3, Licht: 0,196373,3,7,0,06,10,6,0,0,1,0,0,0,0,0
"POINT (11.078210704000071 49.436861556000053)",Unfall 196443 (2021) Kat:3, Licht: 0,196443,3,1,0,06,13,3,0,0,1,0,0,0,0,0
"POINT (11.111249325000074 49.461814104000041)",Unfall 196480 (2021) Kat:3, Licht: 0,196480,3,6,0,06,07,4,0,0,1,0,0,0,0,0
"POINT (11.046012526000027 49.431594600000039)",Unfall 196493 (2021) Kat:3, Licht: 0,196493,3,3,5,06,15,2,0,0,1,1,0,0,0,0
"POINT (11.055906954000022 49.458266926000078)",Unfall 196507 (2021) Kat:3, Licht: 2,196507,3,7,1,06,23,3,0,2,1,1,0,0,0,0
"POINT (11.092031733000056 49.436063227000034)",Unfall 196514 (2021) Kat:3, Licht: 2,196514,3,1,0,06,01,7,0,2,0,0,0,0,0,1
"POINT (11.089641902000039 49.473423377000074)",Unfall 196555 (2021) Kat:3, Licht: 0,196555,3,1,0,06,18,3,0,0,0,0,0,0,0,1
"POINT (11.124890331000074 49.409957623000025)",Unfall 196579 (2021) Kat:3, Licht: 0,196579,3,6,2,06,07,2,0,0,0,1,0,0,0,0
"POINT (11.090457343000026 49.459440431000075)",Unfall 196602 (2021) Kat:3, Licht: 0,196602,3,2,5,06,13,6,0,0,1,1,0,0,0,0
"POINT (11.084407067000029 49.444146985000032)",Unfall 196603 (2021) Kat:3, Licht: 0,196603,3,6,5,06,10,2,0,0,0,1,0,0,0,0
"POINT (11.075489852000032 49.449071755000034)",Unfall 196658 (2021) Kat:3, Licht: 2,196658,3,7,0,06,01,1,0,2,0,0,0,0,0,1
"POINT (11.069439799000065 49.437869282000065)",Unfall 196690 (2021) Kat:3, Licht: 0,196690,3,3,5,06,16,3,0,0,0,1,0,0,0,0
"POINT (11.067067126000040 49.438414109000064)",Unfall 196694 (2021) Kat:3, Licht: 0,196694,3,3,5,06,07,4,0,0,0,1,0,0,0,1
"POINT (11.006478922000042 49.435657478000053)",Unfall 196706 (2021) Kat:3, Licht: 0,196706,3,6,3,06,15,3,0,0,0,0,0,1,1,0