WKT,Name,OBJECTID,UKATEGORIE,UTYP1,UART,UMONAT,USTUNDE,UWOCHENTAG,STRZUSTAND,ULICHTVERH,ISTRAD,ISTPKW,ISTFUSS,ISTKRAD,ISTGKFZ,ISTSONSTIG
"POINT (11.085634220000031 49.439823739000076)",Unfall 196766 (2021) Kat:3, Licht: 2,196766,3,3,5,06,22,5,0,2,1,1,0,0,0,0
"POINT (11.127981410000075 49.437942855000074)",Unfall 196784 (2021) Kat:3, Licht: 0,196784,3,1,1,06,20,4,0,0,0,1,0,1,0,0
"POINT (11.099509974000057 49.442257122000058)",Unfall 196811 (2021) Kat:3, Licht: 0,196811,3,7,0,06,16,3,0,0,1,0,0,0,0,0
"POINT (11.074489167000024 49.455377797000040)",Unfall 196813 (2021) Kat:3, Licht: 1,196813,3,1,0,06,21,3,0,1,1,0,0,0,0,0
"POINT (11.103574628000047 49.429137999000034)",Unfall 196820 (2021) Kat:3, Licht: 0,196820,3,7,9,06,06,6,0,0,0,1,0,1,0,0
"POINT (11.080980175000036 49.440320253000039)",Unfall 196850 (2021) Kat:2, Licht: 0,196850,2,7,0,06,12,4,0,0,0,0,0,0,0,1
"POINT (11.072926155000061 49.445564637000075)",Unfall 196852 (2021) Kat:3, Licht: 0,196852,3,1,0,06,11,1,1,0,0,0,0,0,0,1
"POINT (11.087541762000058 49.449652192000030)",Unfall 196857 (2021) Kat:3, Licht: 0,196857,3,3,5,06,18,4,0,0,1,1,0,0,0,0
"POINT (11.076218973000039 49.411978294000050)",Unfall 196901 (2021) Kat:3, Licht: 0,196901,3,6,2,06,07,2,0,0,0,1,0,0,0,0
"POINT (11.064891902000056 49.437410928000077)",Unfall 196903 (2021) Kat:3, Licht: 0,196903,3,1,0,06,09,4,0,0,1,0,0,0,0,0
"POINT (11.087837617000048 49.465155759000027)",Unfall 196919 (2021) Kat:3, Licht: 2,196919,3,1,0,06,21,5,0,2,1,0,0,0,0,0
"POINT (11.124724994000076 49.409721593000029)",Unfall 196929 (2021) Kat:3, Licht: 0,196929,3,3,5,06,09,4,0,0,0,1,0,0,0,0
"POINT (11.058591016000037 49.454563723000035)",Unfall 196946 (2021) Kat:3, Licht: 0,196946,3,6,4,06,16,4,0,0,1,0,0,0,0,0
"POINT (11.135615742000027 49.400364158000059)",Unfall 197016 (2021) Kat:3, Licht: 0,197016,3,1,6,06,15,2,0,0,0,1,1,0,0,0
"POINT (11.071203454000056 49.437358258000074)",Unfall 197018 (2021) Kat:2, Licht: 0,197018,2,6,2,06,16,4,0,0,1,1,0,0,0,0
"POINT (11.108276643000067 49.468612157000052)",Unfall 197066 (2021) Kat:3, Licht: 0,197066,3,6,1,06,15,3,0,0,0,1,0,0,0,0
"POINT (11.113144039000076 49.473642581000036)",Unfall 197090 (2021) Kat:2, Licht: 0,197090,2,1,0,06,19,4,0,0,1,0,0,0,0,0
"POINT (11.132430931000044 49.405178207000063)",Unfall 197094 (2021) Kat:3, Licht: 0,197094,3,2,5,06,17,4,0,0,0,1,0,0,0,1
"POINT (11.082344113000033 49.484505052000031)",Unfall 197131 (2021) Kat:3, Licht: 0,197131,3,3,0,06,16,7,0,0,1,0,0,0,0,1
"POINT (11.103249937000044 49.405655521000028)",Unfall 197133 (2021) Kat:2, Licht: 0,197133,2,1,0,06,10,5,0,0,1,0,0,0,0,0
"POINT (11.085494692000054 49.434153106000053)",Unfall 197168 (2021) Kat:3, Licht: 0,197168,3,5,1,06,18,1,0,0,1,1,0,0,0,0
"POINT (11.121108426000035 49.474718319000033)",Unfall 197178 (2021) Kat:3, Licht: 0,197178,3,1,0,06,15,1,0,0,0,0,0,1,0,0
"POINT (11.172266468000032 49.411794476000068)",Unfall 197196 (2021) Kat:3, Licht: 0,197196,3,3,5,06,18,4,0,0,1,1,0,0,0,0
"POINT (11.107945338000036 49.451462620000029)",Unfall 197197 (2021) Kat:3, Licht: 0,197197,3,6,2,06,07,2,0,0,0,1,0,1,0,0
"POINT (11.066680526000027 49.425548819000028)",Unfall 197204 (2021) Kat:3, Licht: 0,197204,3,3,5,06,11,2,0,0,0,1,0,0,0,1
"POINT (11.127762406000045 49.430867446000036)",Unfall 197220 (2021) Kat:3, Licht: 0,197220,3,1,0,06,17,6,0,0,1,0,0,0,0,0
"POINT (11.082234545000063 49.448035529000038)",Unfall 197223 (2021) Kat:3, Licht: 0,197223,3,6,6,06,17,4,0,0,0,1,1,0,0,0
"POINT (11.103795594000076 49.450708555000062)",Unfall 197226 (2021) Kat:3, Licht: 2,197226,3,3,5,06,23,1,1,2,0,1,0,0,0,0
"POINT (11.069445144000042 49.450937112000076)",Unfall 197266 (2021) Kat:3, Licht: 0,197266,3,6,5,06,17,2,0,0,0,1,0,1,0,0
"POINT (11.077260411000054 49.436663321000026)",Unfall 197297 (2021) Kat:3, Licht: 0,197297,3,2,5,06,07,3,0,0,1,1,0,1,0,0
"POINT (11.115063025000040 49.438732242000071)",Unfall 197305 (2021) Kat:2, Licht: 2,197305,2,1,0,06,01,7,0,2,1,0,0,0,0,0
"POINT (11.088838884000040 49.447831564000069)",Unfall 197315 (2021) Kat:3, Licht: 0,197315,3,6,0,06,10,2,0,0,0,1,0,1,0,0
"POINT (11.101276605000066 49.438657046000060)",Unfall 197317 (2021) Kat:2, Licht: 0,197317,2,3,5,06,12,4,0,0,0,1,0,0,0,1
"POINT (11.104425885000069 49.470526010000071)",Unfall 197322 (2021) Kat:3, Licht: 0,197322,3,6,2,06,18,3,0,0,1,0,0,0,0,0
"POINT (11.091463835000070 49.443673727000032)",Unfall 197334 (2021) Kat:3, Licht: 0,197334,3,6,2,06,17,5,0,0,1,1,0,0,0,0
"POINT (11.110771207000028 49.476248167000051)",Unfall 197422 (2021) Kat:3, Licht: 0,197422,3,7,1,06,17,3,0,0,1,1,0,0,0,1
"POINT (11.009689320000064 49.456741872000066)",Unfall 197454 (2021) Kat:3, Licht: 0,197454,3,2,5,06,07,5,0,0,0,1,0,0,0,0
"POINT (11.077915644000029 49.449046676000080)",Unfall 197487 (2021) Kat:3, Licht: 0,197487,3,1,5,07,20,1,1,0,0,1,0,0,0,1
"POINT (11.117158538000069 49.466717286000062)",Unfall 197498 (2021) Kat:2, Licht: 2,197498,2,1,0,06,00,1,0,2,1,0,0,0,0,0
"POINT (11.050276279000059 49.434959148000075)",Unfall 197500 (2021) Kat:3, Licht: 0,197500,3,4,6,06,16,3,0,0,0,1,1,0,0,0
"POINT (11.070901999000057 49.407501112000034)",Unfall 197519 (2021) Kat:3, Licht: 0,197519,3,6,2,07,16,2,0,0,0,1,0,0,1,0
"POINT (11.130248949000077 49.449209516000053)",Unfall 197530 (2021) Kat:3, Licht: 0,197530,3,3,5,07,16,5,0,0,1,1,0,0,0,0
"POINT (11.070642741000029 49.456842867000034)",Unfall 197535 (2021) Kat:3, Licht: 0,197535,3,7,0,06,07,3,0,0,1,0,1,0,0,0
"POINT (11.057632121000040 49.459131201000048)",Unfall 197549 (2021) Kat:3, Licht: 0,197549,3,3,5,06,07,4,1,0,0,1,0,0,0,0
"POINT (11.083075271000041 49.447225064000065)",Unfall 197551 (2021) Kat:3, Licht: 0,197551,3,7,0,07,14,3,0,0,1,0,0,0,0,1
"POINT (11.046489153000039 49.468617704000053)",Unfall 197584 (2021) Kat:3, Licht: 0,197584,3,6,2,06,15,4,0,0,1,0,0,0,0,0
"POINT (11.097084677000055 49.443107676000068)",Unfall 197620 (2021) Kat:2, Licht: 2,197620,2,6,1,07,01,1,0,2,0,1,0,0,0,0
"POINT (11.060935919000030 49.449085198000034)",Unfall 197645 (2021) Kat:2, Licht: 1,197645,2,1,0,07,20,2,0,1,1,0,0,0,0,0
"POINT (11.064171339000040 49.449167170000067)",Unfall 197654 (2021) Kat:3, Licht: 0,197654,3,1,9,07,12,6,0,0,1,0,0,0,0,0
"POINT (11.100777619000041 49.450531328000068)",Unfall 197661 (2021) Kat:3, Licht: 0,197661,3,3,3,07,17,3,0,0,0,1,0,0,0,1
"POINT (11.072753213000055 49.449772643000074)",Unfall 197684 (2021) Kat:3, Licht: 0,197684,3,1,6,06,12,2,0,0,0,0,1,1,0,0
"POINT (11.074822339000036 49.446354730000053)",Unfall 197685 (2021) Kat:3, Licht: 2,197685,3,1,8,07,22,7,0,2,0,0,0,0,0,1
"POINT (11.077726178000034 49.433255340000073)",Unfall 197692 (2021) Kat:3, Licht: 0,197692,3,2,2,07,14,2,0,0,0,1,0,1,0,0
"POINT (11.060649193000074 49.447027657000035)",Unfall 197694 (2021) Kat:3, Licht: 0,197694,3,6,2,07,19,1,1,0,0,1,0,0,0,0
"POINT (11.078441232000046 49.439922469000066)",Unfall 197706 (2021) Kat:3, Licht: 0,197706,3,3,5,06,18,4,0,0,0,1,0,0,0,0
"POINT (11.133156430000042 49.456778929000052)",Unfall 197713 (2021) Kat:3, Licht: 0,197713,3,1,0,07,20,4,0,0,1,0,0,0,0,0
"POINT (11.081480374000023 49.473674449000043)",Unfall 197714 (2021) Kat:3, Licht: 0,197714,3,6,2,06,08,7,0,0,0,1,0,0,0,1
"POINT (11.005992190000029 49.517326041000047)",Unfall 197731 (2021) Kat:2, Licht: 0,197731,2,6,4,06,12,5,0,0,0,1,0,1,0,0
"POINT (11.053725602000043 49.443716560000041)",Unfall 197741 (2021) Kat:3, Licht: 0,197741,3,4,2,06,14,7,0,0,0,1,1,0,0,0
"POINT (11.090052711000055 49.444453589000034)",Unfall 197760 (2021) Kat:3, Licht: 0,197760,3,4,6,07,07,3,0,0,0,1,1,0,0,0
"POINT (11.048851928000033 49.419711192000079)",Unfall 197778 (2021) Kat:3, Licht: 0,197778,3,6,3,07,14,2,0,0,0,1,0,0,0,0
"POINT (11.082838910000021 49.447034377000080)",Unfall 197792 (2021) Kat:3, Licht: 0,197792,3,2,0,07,08,4,1,0,1,1,0,0,0,0
"POINT (11.016202991000057 49.453661958000055)",Unfall 197808 (2021) Kat:3, Licht: 0,197808,3,2,2,06,14,6,0,0,0,1,0,0,0,0
"POINT (11.102437822000070 49.441027645000077)",Unfall 197831 (2021) Kat:3, Licht: 0,197831,3,3,0,06,19,5,1,0,1,1,0,0,0,0
"POINT (11.050920607000023 49.437387719000071)",Unfall 197844 (2021) Kat:3, Licht: 0,197844,3,3,5,07,15,7,0,0,0,1,0,1,0,0
"POINT (11.015971881000041 49.453694705000032)",Unfall 197850 (2021) Kat:3, Licht: 0,197850,3,3,5,06,13,7,0,0,0,1,0,0,0,0
"POINT (11.057809150000026 49.454617666000047)",Unfall 197879 (2021) Kat:2, Licht: 0,197879,2,6,1,06,15,3,0,0,0,1,0,0,0,0
"POINT (11.071162285000071 49.475576937000028)",Unfall 197891 (2021) Kat:3, Licht: 0,197891,3,3,5,06,16,2,0,0,1,0,0,0,0,0
"POINT (11.048267853000027 49.432703556000035)",Unfall 197915 (2021) Kat:3, Licht: 0,197915,3,4,6,06,18,4,0,0,0,1,1,0,0,0
"POINT (11.089668053000025 49.441814034000060)",Unfall 197917 (2021) Kat:2, Licht: 0,197917,2,4,6,07,16,3,0,0,0,0,1,0,0,1
"POINT (11.118289372000049 49.422865973000057)",Unfall 197935 (2021) Kat:3, Licht: 0,197935,3,1,6,07,17,4,1,0,1,0,1,0,0,0
"POINT (11.049330648000023 49.364337746000047)",Unfall 197947 (2021) Kat:3, Licht: 0,197947,3,7,6,06,15,7,0,0,1,0,1,0,0,0
"POINT (11.020909450000033 49.470253225000079)",Unfall 197948 (2021) Kat:3, Licht: 0,197948,3,7,6,07,17,2,0,0,0,1,1,0,0,0
"POINT (11.053875057000027 49.406736060000071)",Unfall 197958 (2021) Kat:3, Licht: 0,197958,3,2,5,07,05,5,1,0,0,1,0,0,0,0
"POINT (11.155824449000022 49.403162182000074)",Unfall 197964 (2021) Kat:2, Licht: 0,197964,2,1,0,06,18,3,1,0,1,0,0,0,0,0
"POINT (11.081700352000041 49.440985619000060)",Unfall 197972 (2021) Kat:3, Licht: 0,197972,3,7,3,07,07,5,1,0,0,1,0,0,0,1
"POINT (11.131725684000060 49.428052332000050)",Unfall 198015 (2021) Kat:3, Licht: 0,198015,3,3,5,06,09,6,0,0,0,1,0,0,0,0
"POINT (11.102436940000075 49.464838886000052)",Unfall 198049 (2021) Kat:2, Licht: 0,198049,2,1,0,06,16,1,0,0,1,0,0,0,0,0
"POINT (11.062684853000064 49.405672920000029)",Unfall 198057 (2021) Kat:3, Licht: 0,198057,3,2,5,07,18,4,0,0,0,1,0,0,1,0
"POINT (11.090769292000061 49.457720353000070)",Unfall 198070 (2021) Kat:2, Licht: 0,198070,2,1,0,07,18,7,0,0,0,0,0,0,0,1
"POINT (11.052575499000056 49.400390197000036)",Unfall 198116 (2021) Kat:3, Licht: 0,198116,3,3,0,07,13,2,0,0,0,0,0,0,0,1
"POINT (11.069384162000063 49.463310810000053)",Unfall 198132 (2021) Kat:3, Licht: 0,198132,3,6,2,06,12,5,0,0,0,1,0,1,0,0
"POINT (11.005728481000062 49.443380427000079)",Unfall 198134 (2021) Kat:3, Licht: 0,198134,3,3,5,07,15,3,0,0,0,1,0,0,0,0
"POINT (11.095279226000059 49.443107826000073)",Unfall 198140 (2021) Kat:3, Licht: 0,198140,3,1,0,06,10,7,0,0,1,0,0,0,0,0
"POINT (11.097671245000072 49.445879179000030)",Unfall 198143 (2021) Kat:3, Licht: 0,198143,3,1,5,06,06,2,0,0,0,1,0,0,0,0
"POINT (11.129923628000029 49.445120958000075)",Unfall 198144 (2021) Kat:2, Licht: 0,198144,2,1,0,07,17,7,0,0,1,0,0,0,0,0
"POINT (11.071842443000037 49.425396310000053)",Unfall 198158 (2021) Kat:3, Licht: 2,198158,3,7,0,06,05,5,0,2,0,0,1,0,0,1
"POINT (11.135833606000062 49.453509583000027)",Unfall 198168 (2021) Kat:3, Licht: 0,198168,3,1,0,06,09,4,1,0,1,0,0,0,0,0
"POINT (11.071545137000044 49.438719290000051)",Unfall 198169 (2021) Kat:3, Licht: 0,198169,3,7,0,06,15,3,0,0,1,0,0,1,0,0
"POINT (11.071033077000038 49.454970504000073)",Unfall 198171 (2021) Kat:3, Licht: 2,198171,3,1,0,07,00,1,0,2,0,0,0,0,0,1
"POINT (11.067554350000023 49.447236583000063)",Unfall 198178 (2021) Kat:3, Licht: 0,198178,3,6,3,07,17,5,0,0,0,1,0,0,0,1
"POINT (11.082795038000029 49.391979949000074)",Unfall 198184 (2021) Kat:3, Licht: 0,198184,3,1,3,07,17,3,0,0,1,0,0,0,0,0
"POINT (11.077982987000041 49.446615608000059)",Unfall 198219 (2021) Kat:3, Licht: 0,198219,3,6,2,06,14,6,0,0,0,1,0,0,0,0
"POINT (11.169976816000030 49.410422478000044)",Unfall 198267 (2021) Kat:3, Licht: 0,198267,3,3,0,07,11,7,0,0,0,1,0,1,0,0
"POINT (11.076467354000044 49.460434797000062)",Unfall 198274 (2021) Kat:2, Licht: 0,198274,2,3,5,07,07,2,0,0,0,1,0,0,0,0
"POINT (11.093107667000027 49.443814991000067)",Unfall 198315 (2021) Kat:3, Licht: 0,198315,3,1,1,07,08,7,0,0,0,1,0,0,0,1
"POINT (11.103795958000035 49.458482585000070)",Unfall 198319 (2021) Kat:3, Licht: 0,198319,3,7,1,07,13,6,0,0,1,0,0,0,1,0
"POINT (11.057984842000053 49.450434873000063)",Unfall 198329 (2021) Kat:3, Licht: 0,198329,3,3,5,06,17,5,1,0,1,1,0,0,0,0
"POINT (11.065476388000036 49.449672077000059)",Unfall 198339 (2021) Kat:3, Licht: 0,198339,3,3,6,06,12,4,0,0,0,0,1,0,0,1
"POINT (11.107543991000057 49.439823371000045)",Unfall 198341 (2021) Kat:3, Licht: 0,198341,3,1,0,07,08,3,0,0,1,0,0,0,0,0
"POINT (11.083883243000059 49.439476790000072)",Unfall 198346 (2021) Kat:3, Licht: 0,198346,3,4,6,07,08,4,1,0,0,1,1,0,0,0
"POINT (11.069961988000045 49.456929681000076)",Unfall 198349 (2021) Kat:2, Licht: 2,198349,2,7,1,06,00,2,0,2,1,1,0,0,0,0
"POINT (11.088966223000057 49.440192150000030)",Unfall 198359 (2021) Kat:3, Licht: 0,198359,3,4,6,07,18,4,0,0,1,0,1,0,0,0
"POINT (11.139331082000069 49.415338388000066)",Unfall 198380 (2021) Kat:3, Licht: 0,198380,3,2,5,07,15,5,1,0,0,1,0,0,0,0
"POINT (11.135851111000022 49.461554694000029)",Unfall 198388 (2021) Kat:2, Licht: 0,198388,2,3,5,06,13,3,0,0,0,1,0,0,0,1
"POINT (11.112319375000027 49.439623450000056)",Unfall 198390 (2021) Kat:3, Licht: 0,198390,3,7,0,06,20,6,1,0,0,1,0,0,0,0
"POINT (11.046941738000044 49.437673866000068)",Unfall 198401 (2021) Kat:2, Licht: 0,198401,2,3,5,07,12,7,0,0,0,1,0,1,0,0
"POINT (11.059570634000067 49.450436036000042)",Unfall 198412 (2021) Kat:3, Licht: 0,198412,3,1,0,07,19,1,1,0,1,0,0,0,0,0
"POINT (11.065903068000068 49.449674381000079)",Unfall 198431 (2021) Kat:3, Licht: 0,198431,3,2,5,06,18,5,1,0,1,1,0,0,0,0
"POINT (11.082704597000031 49.444014704000040)",Unfall 198438 (2021) Kat:3, Licht: 0,198438,3,3,5,07,06,4,1,0,0,1,0,0,0,0
"POINT (11.078430719000039 49.439955171000065)",Unfall 198440 (2021) Kat:2, Licht: 0,198440,2,2,6,06,18,3,1,0,0,0,1,0,0,1
"POINT (11.096740241000077 49.443108420000044)",Unfall 198442 (2021) Kat:3, Licht: 0,198442,3,1,0,06,19,6,0,0,1,0,0,0,0,0
"POINT (11.085802877000049 49.463772249000044)",Unfall 198452 (2021) Kat:3, Licht: 0,198452,3,4,6,07,18,7,0,0,0,1,1,0,0,0
"POINT (11.105197580000038 49.460359492000066)",Unfall 198465 (2021) Kat:3, Licht: 0,198465,3,6,2,06,09,5,0,0,0,1,0,0,0,0
"POINT (11.047946592000073 49.453491908000046)",Unfall 198467 (2021) Kat:3, Licht: 0,198467,3,6,1,07,16,3,0,0,0,1,0,0,0,0
"POINT (10.999449829000071 49.439514742000028)",Unfall 198486 (2021) Kat:3, Licht: 0,198486,3,1,0,07,12,7,0,0,1,0,0,0,0,0
"POINT (11.067928060000042 49.435085983000079)",Unfall 198499 (2021) Kat:3, Licht: 0,198499,3,2,5,07,19,4,0,0,0,1,0,0,0,0
"POINT (11.061696431000030 49.427725455000029)",Unfall 198518 (2021) Kat:3, Licht: 0,198518,3,2,4,07,07,2,0,0,0,1,0,1,0,0
"POINT (11.163425679000056 49.406836186000078)",Unfall 198522 (2021) Kat:3, Licht: 0,198522,3,2,5,07,10,7,0,0,1,1,0,0,0,0
"POINT (11.083154064000041 49.460221356000034)",Unfall 198529 (2021) Kat:3, Licht: 0,198529,3,7,5,07,13,5,0,0,1,1,0,0,0,0
"POINT (11.087205099000073 49.461202267000033)",Unfall 198559 (2021) Kat:3, Licht: 0,198559,3,6,2,07,15,4,0,0,0,1,0,0,0,0
"POINT (11.084699511000053 49.449247388000060)",Unfall 198571 (2021) Kat:2, Licht: 2,198571,2,3,5,07,23,3,0,2,0,1,0,0,0,0
"POINT (11.099501627000052 49.459437782000066)",Unfall 198575 (2021) Kat:3, Licht: 0,198575,3,6,3,07,19,5,0,0,0,1,0,1,0,0
"POINT (11.124013892000050 49.463585996000063)",Unfall 198577 (2021) Kat:3, Licht: 0,198577,3,4,6,07,11,7,0,0,0,1,1,0,0,0
"POINT (11.139347303000022 49.404818783000053)",Unfall 198595 (2021) Kat:3, Licht: 0,198595,3,4,6,07,11,4,0,0,0,1,1,0,0,0
"POINT (11.097978200000057 49.456535377000080)",Unfall 198629 (2021) Kat:3, Licht: 0,198629,3,3,5,07,11,3,0,0,0,1,0,0,0,0
"POINT (11.097026980000066 49.442992357000037)",Unfall 198657 (2021) Kat:3, Licht: 0,198657,3,3,0,07,11,5,0,0,0,1,0,0,0,1
"POINT (11.076144626000030 49.431344017000072)",Unfall 198682 (2021) Kat:3, Licht: 0,198682,3,1,0,07,06,5,0,0,0,0,0,1,0,0
"POINT (11.077518458000043 49.449040298000057)",Unfall 198684 (2021) Kat:3, Licht: 2,198684,3,1,0,07,00,1,0,2,1,0,0,0,0,0
"POINT (11.092468086000054 49.461592781000036)",Unfall 198690 (2021) Kat:3, Licht: 0,198690,3,1,0,07,17,6,0,0,1,0,0,0,0,0
"POINT (11.082145662000073 49.447865437000075)",Unfall 198709 (2021) Kat:3, Licht: 0,198709,3,3,4,07,19,5,0,0,1,1,0,0,0,0
"POINT (11.081350278000059 49.446462233000034)",Unfall 198715 (2021) Kat:3, Licht: 0,198715,3,7,6,07,09,5,0,0,1,0,1,0,0,0
"POINT (11.077087945000073 49.446687369000074)",Unfall 198742 (2021) Kat:3, Licht: 0,198742,3,2,5,07,13,2,0,0,0,1,0,0,0,0
"POINT (11.072241333000022 49.451371885000071)",Unfall 198756 (2021) Kat:3, Licht: 0,198756,3,6,3,07,18,7,0,0,1,1,0,0,0,0
"POINT (11.063669402000073 49.448451554000030)",Unfall 198759 (2021) Kat:3, Licht: 0,198759,3,4,6,07,14,4,0,0,0,0,1,1,0,0
"POINT (11.097479863000046 49.451897042000041)",Unfall 198764 (2021) Kat:3, Licht: 2,198764,3,1,0,07,02,5,0,2,0,0,0,0,0,1
"POINT (11.077973004000057 49.420241711000074)",Unfall 198780 (2021) Kat:2, Licht: 2,198780,2,1,0,07,03,7,0,2,1,0,0,0,0,0
"POINT (11.075064974000043 49.436634596000033)",Unfall 198786 (2021) Kat:3, Licht: 0,198786,3,1,0,07,07,3,1,0,0,0,0,0,0,1
"POINT (11.058908813000073 49.445724777000066)",Unfall 198796 (2021) Kat:3, Licht: 1,198796,3,7,6,07,04,1,0,1,0,1,1,0,0,0
"POINT (11.091757917000052 49.404682134000041)",Unfall 198829 (2021) Kat:3, Licht: 0,198829,3,3,5,07,05,6,0,0,0,1,0,0,0,0
"POINT (11.088790058000029 49.484796969000058)",Unfall 198836 (2021) Kat:3, Licht: 0,198836,3,6,2,07,14,7,0,0,0,1,0,0,0,0
"POINT (11.111618854000028 49.444572268000059)",Unfall 198844 (2021) Kat:2, Licht: 0,198844,2,3,5,07,17,5,0,0,1,1,0,0,0,0
"POINT (11.073183244000063 49.409933759000069)",Unfall 198845 (2021) Kat:3, Licht: 0,198845,3,1,0,07,13,3,0,0,0,0,0,0,0,1
"POINT (11.038407815000028 49.440710470000056)",Unfall 198897 (2021) Kat:3, Licht: 0,198897,3,1,0,07,15,5,0,0,1,0,0,0,0,0
"POINT (11.062498608000055 49.457184117000054)",Unfall 198911 (2021) Kat:3, Licht: 0,198911,3,1,0,07,16,2,0,0,1,0,0,0,0,0
"POINT (11.084224324000047 49.440756510000028)",Unfall 198926 (2021) Kat:3, Licht: 0,198926,3,3,1,07,14,4,0,0,0,1,0,0,0,0
"POINT (11.047005125000055 49.440767722000032)",Unfall 198927 (2021) Kat:3, Licht: 2,198927,3,7,1,07,23,1,0,2,1,1,0,0,0,0
"POINT (11.144192304000057 49.412656361000074)",Unfall 198953 (2021) Kat:3, Licht: 0,198953,3,7,5,07,07,4,1,0,1,1,0,0,0,0
"POINT (11.105013930000041 49.484227349000037)",Unfall 198955 (2021) Kat:3, Licht: 0,198955,3,2,5,07,18,2,0,0,0,1,0,1,0,0
"POINT (11.071155675000057 49.457180756000071)",Unfall 198957 (2021) Kat:2, Licht: 0,198957,2,1,0,07,15,2,0,0,1,0,0,0,0,0
"POINT (11.103118527000049 49.438678982000056)",Unfall 198961 (2021) Kat:2, Licht: 0,198961,2,2,5,07,17,7,0,0,1,1,0,0,0,0
"POINT (11.068969627000058 49.439447504000043)",Unfall 198973 (2021) Kat:3, Licht: 0,198973,3,4,6,07,19,5,0,0,1,0,1,0,0,0
"POINT (11.059094530000039 49.459872418000032)",Unfall 198989 (2021) Kat:3, Licht: 0,198989,3,1,6,07,14,4,0,0,1,0,1,0,0,0
"POINT (11.078727857000047 49.432656606000080)",Unfall 199002 (2021) Kat:2, Licht: 0,199002,2,7,0,07,13,4,0,0,0,1,0,0,0,0
"POINT (11.072729323000033 49.460864820000040)",Unfall 199018 (2021) Kat:3, Licht: 2,199018,3,7,1,07,23,5,0,2,1,1,0,0,0,0
"POINT (11.147631842000067 49.414938166000070)",Unfall 199038 (2021) Kat:3, Licht: 0,199038,3,3,5,07,14,4,0,0,0,1,0,0,0,0
"POINT (11.112465992000068 49.487090980000062)",Unfall 199055 (2021) Kat:3, Licht: 0,199055,3,2,5,07,09,5,0,0,1,1,0,0,0,0
"POINT (11.059001050000063 49.449668600000052)",Unfall 199060 (2021) Kat:3, Licht: 0,199060,3,6,1,07,18,7,0,0,0,1,0,0,0,0
"POINT (11.133496255000068 49.411990238000044)",Unfall 199067 (2021) Kat:3, Licht: 0,199067,3,3,5,07,06,3,0,0,1,1,0,0,0,0
"POINT (11.078498520000039 49.466755779000039)",Unfall 199071 (2021) Kat:3, Licht: 0,199071,3,3,5,07,12,3,0,0,1,1,0,0,0,0
"POINT (11.083341864000033 49.464320261000069)",Unfall 199104 (2021) Kat:3, Licht: 0,199104,3,7,1,07,18,2,0,0,1,1,0,0,0,0
"POINT (11.081726400000036 49.450131574000068)",Unfall 199109 (2021) Kat:3, Licht: 0,199109,3,7,5,07,17,5,0,0,1,1,0,0,0,0
"POINT (11.030359544000021 49.417195712000080)",Unfall 199121 (2021) Kat:3, Licht: 0,199121,3,4,6,07,15,2,0,0,0,1,1,0,0,0
"POINT (11.023118241000077 49.471337482000081)",Unfall 199147 (2021) Kat:2, Licht: 0,199147,2,7,0,07,10,7,0,0,0,0,0,0,0,1
"POINT (11.079834468000058 49.407691897000063)",Unfall 199167 (2021) Kat:3, Licht: 0,199167,3,5,3,07,12,6,0,0,1,1,0,0,0,0
"POINT (11.072482108000031 49.487854236000032)",Unfall 199168 (2021) Kat:3, Licht: 1,199168,3,1,0,07,20,2,0,1,1,0,0,0,0,0
"POINT (11.089613122000060 49.405730238000046)",Unfall 199171 (2021) Kat:2, Licht: 0,199171,2,1,9,07,19,7,0,0,0,1,0,0,0,0
"POINT (11.077041687000076 49.446691141000031)",Unfall 199178 (2021) Kat:3, Licht: 0,199178,3,4,6,07,09,3,0,0,1,1,1,0,0,0
"POINT (11.102920930000039 49.459601622000037)",Unfall 199191 (2021) Kat:2, Licht: 0,199191,2,2,5,07,17,3,1,0,1,1,0,0,0,0
"POINT (11.102914002000034 49.449826635000079)",Unfall 199227 (2021) Kat:3, Licht: 0,199227,3,3,5,07,17,3,1,0,1,1,0,0,0,0
"POINT (11.089518715000054 49.458556709000050)",Unfall 199268 (2021) Kat:3, Licht: 0,199268,3,6,3,07,07,2,0,0,0,1,0,0,0,0
"POINT (11.022287887000061 49.377219356000069)",Unfall 199275 (2021) Kat:3, Licht: 0,199275,3,4,6,07,12,5,0,0,0,1,1,0,0,0
"POINT (11.104547204000028 49.460219147000032)",Unfall 199276 (2021) Kat:3, Licht: 0,199276,3,3,5,07,20,4,0,0,1,0,0,0,0,1
"POINT (11.067286299000045 49.447315581000055)",Unfall 199298 (2021) Kat:3, Licht: 0,199298,3,7,6,07,17,2,0,0,0,0,1,0,0,1
"POINT (11.112542663000056 49.441209362000052)",Unfall 199316 (2021) Kat:3, Licht: 0,199316,3,1,0,07,20,2,0,0,0,0,0,0,0,1
"POINT (11.072024416000033 49.447084491000055)",Unfall 199318 (2021) Kat:3, Licht: 0,199318,3,7,6,07,16,2,0,0,0,0,1,0,0,1