WKT,Name,OBJECTID,UKATEGORIE,UTYP1,UART,UMONAT,USTUNDE,UWOCHENTAG,STRZUSTAND,ULICHTVERH,ISTRAD,ISTPKW,ISTFUSS,ISTKRAD,ISTGKFZ,ISTSONSTIG
"POINT (11.078740576000030 49.453350427000032)",Unfall 199332 (2021) Kat:3, Licht: 0,199332,3,1,0,07,12,5,0,0,1,0,0,0,0,0
"POINT (11.074390565000044 49.434065671000042)",Unfall 199345 (2021) Kat:3, Licht: 0,199345,3,3,5,07,15,2,0,0,0,1,0,0,0,0
"POINT (11.052095916000042 49.441803971000070)",Unfall 199356 (2021) Kat:3, Licht: 0,199356,3,3,5,07,17,3,0,0,1,1,0,0,0,0
"POINT (11.084664411000063 49.441696453000077)",Unfall 199363 (2021) Kat:3, Licht: 0,199363,3,3,5,07,12,1,1,0,0,1,0,0,0,0
"POINT (11.099963373000037 49.447594063000054)",Unfall 199367 (2021) Kat:3, Licht: 0,199367,3,6,2,07,19,5,0,0,1,1,0,0,0,0
"POINT (11.102046657000074 49.474646377000056)",Unfall 199379 (2021) Kat:3, Licht: 0,199379,3,7,1,07,20,6,0,0,1,1,0,0,0,0
"POINT (11.063245721000044 49.460061598000038)",Unfall 199395 (2021) Kat:3, Licht: 0,199395,3,3,5,07,16,2,0,0,1,1,0,0,0,0
"POINT (11.090688233000037 49.438326875000030)",Unfall 199407 (2021) Kat:3, Licht: 0,199407,3,3,5,07,16,7,0,0,0,1,0,0,0,0
"POINT (11.080878951000045 49.443774136000059)",Unfall 199434 (2021) Kat:3, Licht: 2,199434,3,3,5,07,21,7,0,2,0,1,0,0,0,0
"POINT (11.066547012000058 49.439679887000068)",Unfall 199439 (2021) Kat:3, Licht: 0,199439,3,5,1,07,10,3,0,0,0,1,0,0,0,1
"POINT (11.105096920000051 49.484198997000078)",Unfall 199440 (2021) Kat:3, Licht: 0,199440,3,2,5,07,16,3,0,0,0,1,0,1,0,0
"POINT (11.071699252000030 49.450330956000073)",Unfall 199459 (2021) Kat:3, Licht: 0,199459,3,1,6,07,16,7,0,0,0,0,1,0,0,1
"POINT (11.143268408000040 49.397099226000080)",Unfall 199496 (2021) Kat:3, Licht: 0,199496,3,1,1,07,11,5,0,0,0,1,0,0,0,1
"POINT (11.096048750000023 49.445659831000057)",Unfall 199500 (2021) Kat:3, Licht: 0,199500,3,1,0,07,13,5,0,0,1,0,0,0,0,0
"POINT (11.045424495000077 49.522504012000070)",Unfall 199502 (2021) Kat:3, Licht: 0,199502,3,2,0,07,20,1,0,0,1,1,0,0,0,0
"POINT (11.066636568000035 49.449849800000038)",Unfall 199512 (2021) Kat:3, Licht: 0,199512,3,1,0,07,17,2,0,0,0,0,0,0,0,1
"POINT (11.040851916000065 49.424818389000052)",Unfall 199518 (2021) Kat:2, Licht: 2,199518,2,1,0,07,21,1,0,2,0,0,0,0,0,1
"POINT (11.093864006000047 49.439185736000070)",Unfall 199536 (2021) Kat:3, Licht: 0,199536,3,3,5,07,17,3,0,0,0,1,0,0,0,1
"POINT (11.084300311000050 49.448781761000077)",Unfall 199549 (2021) Kat:2, Licht: 0,199549,2,4,6,07,14,5,0,0,0,1,1,0,0,0
"POINT (11.024930729000062 49.460804185000029)",Unfall 199560 (2021) Kat:3, Licht: 0,199560,3,3,5,07,07,6,0,0,1,1,0,0,0,0
"POINT (11.016490103000024 49.468969276000053)",Unfall 199580 (2021) Kat:3, Licht: 0,199580,3,6,0,07,13,4,1,0,1,0,0,0,0,0
"POINT (11.081435285000055 49.437705938000079)",Unfall 199592 (2021) Kat:2, Licht: 0,199592,2,1,0,07,16,5,0,0,0,0,0,0,0,1
"POINT (11.082586241000058 49.460905199000081)",Unfall 199641 (2021) Kat:3, Licht: 2,199641,3,1,0,08,23,5,1,2,1,0,0,0,0,0
"POINT (11.090947827000036 49.485997141000041)",Unfall 199679 (2021) Kat:3, Licht: 0,199679,3,1,0,07,15,1,0,0,1,0,0,0,0,0
"POINT (11.136973572000045 49.414046997000071)",Unfall 199690 (2021) Kat:3, Licht: 0,199690,3,2,5,07,07,6,0,0,1,0,0,0,0,1
"POINT (11.076760648000061 49.446712903000048)",Unfall 199699 (2021) Kat:3, Licht: 0,199699,3,6,2,07,16,4,0,0,1,0,0,0,0,1
"POINT (11.068496301000039 49.443399702000079)",Unfall 199766 (2021) Kat:3, Licht: 0,199766,3,6,6,07,20,7,0,0,1,0,1,0,0,0
"POINT (11.043567033000045 49.364121918000080)",Unfall 199772 (2021) Kat:3, Licht: 0,199772,3,3,5,07,07,3,0,0,1,1,0,0,0,0
"POINT (11.053580731000068 49.403548785000055)",Unfall 199781 (2021) Kat:3, Licht: 2,199781,3,6,2,07,20,4,1,2,0,1,0,0,1,0
"POINT (11.092412736000028 49.468760296000028)",Unfall 199802 (2021) Kat:3, Licht: 0,199802,3,6,3,07,15,1,0,0,1,0,0,0,0,0
"POINT (11.057695207000052 49.450397774000066)",Unfall 199841 (2021) Kat:3, Licht: 0,199841,3,1,0,07,07,6,1,0,0,0,0,1,0,0
"POINT (11.072223803000043 49.456114018000051)",Unfall 199849 (2021) Kat:3, Licht: 0,199849,3,1,0,07,10,7,0,0,1,0,0,0,0,0
"POINT (11.131370944000025 49.404660449000062)",Unfall 199870 (2021) Kat:3, Licht: 0,199870,3,2,5,08,18,1,1,0,0,1,0,0,0,0
"POINT (11.097566474000075 49.449948167000059)",Unfall 199871 (2021) Kat:3, Licht: 0,199871,3,6,2,07,15,5,0,0,0,1,0,0,0,0
"POINT (11.124226964000059 49.441581582000026)",Unfall 199874 (2021) Kat:3, Licht: 0,199874,3,2,5,07,19,7,0,0,1,1,0,0,0,0
"POINT (11.083902958000067 49.439480421000042)",Unfall 199875 (2021) Kat:3, Licht: 0,199875,3,3,5,08,17,3,0,0,1,1,0,0,0,0
"POINT (11.090053666000074 49.457690916000047)",Unfall 199899 (2021) Kat:3, Licht: 0,199899,3,7,0,07,14,4,0,0,0,1,0,0,0,0
"POINT (11.165860836000036 49.408075966000069)",Unfall 199907 (2021) Kat:3, Licht: 2,199907,3,1,1,08,04,2,0,2,0,1,0,0,0,0
"POINT (11.078706474000057 49.442013116000055)",Unfall 199924 (2021) Kat:2, Licht: 0,199924,2,4,6,07,14,6,0,0,0,1,1,0,0,0
"POINT (11.083717643000057 49.460788654000055)",Unfall 199943 (2021) Kat:3, Licht: 0,199943,3,1,0,07,18,6,0,0,1,0,0,0,0,0
"POINT (11.067461052000056 49.455686702000037)",Unfall 199944 (2021) Kat:3, Licht: 2,199944,3,7,0,07,00,7,0,2,1,0,0,0,0,0
"POINT (11.023187019000034 49.388621931000046)",Unfall 199949 (2021) Kat:3, Licht: 0,199949,3,2,5,08,13,2,0,0,0,1,0,0,0,0
"POINT (11.115258591000043 49.416367091000041)",Unfall 199981 (2021) Kat:2, Licht: 2,199981,2,1,0,07,02,1,0,2,1,0,0,0,0,0
"POINT (11.082609331000072 49.459613472000058)",Unfall 200007 (2021) Kat:3, Licht: 0,200007,3,6,4,07,19,5,0,0,1,0,0,0,0,0
"POINT (11.067944413000021 49.448898873000076)",Unfall 200051 (2021) Kat:3, Licht: 0,200051,3,4,6,07,15,7,1,0,1,0,1,0,0,0
"POINT (11.073862155000029 49.439989160000039)",Unfall 200053 (2021) Kat:3, Licht: 0,200053,3,3,5,07,15,4,0,0,0,1,0,0,0,0
"POINT (11.085505038000065 49.424864581000065)",Unfall 200124 (2021) Kat:3, Licht: 0,200124,3,3,5,08,15,2,0,0,0,1,0,0,0,1
"POINT (11.050451319000047 49.392933842000048)",Unfall 200138 (2021) Kat:3, Licht: 0,200138,3,6,0,07,10,2,0,0,1,1,0,0,0,0
"POINT (11.085085963000040 49.440775883000072)",Unfall 200150 (2021) Kat:3, Licht: 0,200150,3,6,2,07,10,3,0,0,1,1,0,0,0,0
"POINT (11.068232834000071 49.455652783000062)",Unfall 200216 (2021) Kat:3, Licht: 2,200216,3,1,0,07,00,7,0,2,0,0,0,0,0,1
"POINT (11.128842464000058 49.444065913000031)",Unfall 200218 (2021) Kat:2, Licht: 0,200218,2,3,5,07,19,1,0,0,1,0,0,0,0,0
"POINT (11.055949655000063 49.350243000000034)",Unfall 200221 (2021) Kat:3, Licht: 0,200221,3,1,0,07,15,7,1,0,1,0,0,0,0,0
"POINT (11.095664508000027 49.440601938000043)",Unfall 200223 (2021) Kat:3, Licht: 0,200223,3,1,1,07,14,3,0,0,1,1,0,0,0,0
"POINT (11.090003492000051 49.441547738000054)",Unfall 200237 (2021) Kat:2, Licht: 2,200237,2,1,0,07,23,6,0,2,1,0,0,0,0,0
"POINT (11.072728612000049 49.446852585000045)",Unfall 200278 (2021) Kat:3, Licht: 2,200278,3,3,5,08,00,4,0,2,0,1,0,0,0,1
"POINT (11.068221441000048 49.441839251000033)",Unfall 200287 (2021) Kat:3, Licht: 0,200287,3,1,0,07,09,5,0,0,0,1,1,0,1,0
"POINT (11.071702645000073 49.484626105000075)",Unfall 200289 (2021) Kat:3, Licht: 0,200289,3,6,2,07,16,6,0,0,0,1,0,0,0,0
"POINT (11.060094162000041 49.451715309000065)",Unfall 200292 (2021) Kat:3, Licht: 0,200292,3,3,4,08,08,3,0,0,1,1,0,0,0,0
"POINT (11.046147334000068 49.431571002000055)",Unfall 200324 (2021) Kat:3, Licht: 0,200324,3,2,5,08,17,2,0,0,1,1,0,0,0,0
"POINT (11.059981515000061 49.459659134000049)",Unfall 200337 (2021) Kat:2, Licht: 0,200337,2,2,6,07,13,5,0,0,0,1,1,0,0,0
"POINT (11.080244218000075 49.455837845000076)",Unfall 200358 (2021) Kat:3, Licht: 0,200358,3,5,1,07,11,6,0,0,1,1,0,0,0,0
"POINT (11.090716309000072 49.399252453000031)",Unfall 200365 (2021) Kat:3, Licht: 0,200365,3,3,5,07,11,6,0,0,0,1,0,0,0,1
"POINT (11.066005523000058 49.385947825000073)",Unfall 200389 (2021) Kat:2, Licht: 0,200389,2,1,0,07,13,7,0,0,1,0,0,0,0,0
"POINT (11.066345293000040 49.448013843000069)",Unfall 200410 (2021) Kat:3, Licht: 0,200410,3,6,2,07,16,5,0,0,0,1,0,0,0,0
"POINT (11.087822393000067 49.461281182000050)",Unfall 200416 (2021) Kat:3, Licht: 0,200416,3,1,0,08,12,5,1,0,0,0,0,1,0,0
"POINT (11.098141546000022 49.423152190000053)",Unfall 200418 (2021) Kat:3, Licht: 0,200418,3,1,0,07,16,7,0,0,1,0,0,0,0,0
"POINT (11.080386708000049 49.446664428000076)",Unfall 200424 (2021) Kat:3, Licht: 0,200424,3,6,2,07,16,3,0,0,1,0,0,0,0,1
"POINT (11.101034486000060 49.458529171000066)",Unfall 200456 (2021) Kat:3, Licht: 0,200456,3,7,5,07,14,5,0,0,1,1,0,0,0,0
"POINT (11.051076538000075 49.437650669000050)",Unfall 200469 (2021) Kat:3, Licht: 0,200469,3,6,2,07,18,4,0,0,0,1,0,0,0,0
"POINT (11.051273697000056 49.438254811000036)",Unfall 200496 (2021) Kat:2, Licht: 0,200496,2,3,0,07,08,6,0,0,1,0,1,0,0,0
"POINT (11.137534116000040 49.414332159000026)",Unfall 200502 (2021) Kat:3, Licht: 0,200502,3,3,5,07,17,2,0,0,1,1,0,0,0,0
"POINT (11.094703817000038 49.437055629000042)",Unfall 200503 (2021) Kat:2, Licht: 0,200503,2,1,1,07,06,6,0,0,0,1,0,1,0,0
"POINT (11.068070413000044 49.436151822000056)",Unfall 200552 (2021) Kat:3, Licht: 1,200552,3,2,5,08,21,1,1,1,0,1,0,0,0,1
"POINT (11.034195342000032 49.454367435000052)",Unfall 200555 (2021) Kat:3, Licht: 0,200555,3,1,0,07,11,2,1,0,1,0,0,0,0,0
"POINT (11.065390215000036 49.447709585000041)",Unfall 200557 (2021) Kat:3, Licht: 2,200557,3,6,1,07,23,7,1,2,0,1,0,1,0,0
"POINT (11.072514066000053 49.484667248000051)",Unfall 200588 (2021) Kat:3, Licht: 0,200588,3,3,5,08,12,5,0,0,0,1,0,0,0,0
"POINT (11.070442344000071 49.455092872000080)",Unfall 200625 (2021) Kat:3, Licht: 0,200625,3,6,2,08,14,2,0,0,0,1,0,0,0,0
"POINT (11.074161103000051 49.457390308000072)",Unfall 200658 (2021) Kat:2, Licht: 2,200658,2,1,0,08,21,2,0,2,1,0,0,0,0,0
"POINT (11.088700949000042 49.444046496000055)",Unfall 200704 (2021) Kat:3, Licht: 0,200704,3,7,1,08,18,7,0,0,1,1,0,0,0,0
"POINT (11.061407525000050 49.421241822000070)",Unfall 200705 (2021) Kat:3, Licht: 0,200705,3,1,0,08,11,6,0,0,0,0,0,0,1,0
"POINT (11.070378625000046 49.447134859000073)",Unfall 200768 (2021) Kat:3, Licht: 0,200768,3,6,3,08,13,7,0,0,0,1,0,0,0,0
"POINT (11.099185006000027 49.445951679000075)",Unfall 200824 (2021) Kat:3, Licht: 2,200824,3,3,5,08,01,4,0,2,0,1,0,0,0,0
"POINT (11.071260411000026 49.456914524000069)",Unfall 200847 (2021) Kat:3, Licht: 0,200847,3,1,0,08,13,5,0,0,1,0,0,0,0,0
"POINT (11.075497508000069 49.452313030000028)",Unfall 200852 (2021) Kat:2, Licht: 0,200852,2,1,0,08,17,1,0,0,0,0,0,0,0,1
"POINT (11.068889997000042 49.467273471000055)",Unfall 200947 (2021) Kat:3, Licht: 0,200947,3,1,0,08,19,1,1,0,1,0,0,0,0,0
"POINT (11.045875891000037 49.454181443000039)",Unfall 200998 (2021) Kat:2, Licht: 0,200998,2,6,3,08,11,6,0,0,0,1,0,1,0,0
"POINT (11.118012995000072 49.435987943000043)",Unfall 200999 (2021) Kat:2, Licht: 2,200999,2,1,0,08,01,1,0,2,0,0,0,0,0,1
"POINT (11.054963829000030 49.443832365000048)",Unfall 201000 (2021) Kat:2, Licht: 0,201000,2,7,6,08,07,3,0,0,0,1,1,0,0,0
"POINT (11.076501699000062 49.439814909000063)",Unfall 201015 (2021) Kat:3, Licht: 0,201015,3,1,0,08,08,6,1,0,0,0,0,0,0,1
"POINT (11.114828447000036 49.454356752000081)",Unfall 201023 (2021) Kat:3, Licht: 1,201023,3,1,0,08,20,1,1,1,1,0,0,0,0,0
"POINT (11.126140958000065 49.463401938000061)",Unfall 201024 (2021) Kat:2, Licht: 0,201024,2,1,0,08,17,3,0,0,0,0,0,1,0,0
"POINT (11.045319491000043 49.442315211000050)",Unfall 201057 (2021) Kat:3, Licht: 0,201057,3,2,4,08,17,4,0,0,0,1,0,0,0,0
"POINT (11.045793052000022 49.497723119000057)",Unfall 201088 (2021) Kat:3, Licht: 0,201088,3,1,0,08,15,7,0,0,1,0,0,0,0,0
"POINT (11.040246601000035 49.434448760000066)",Unfall 201098 (2021) Kat:3, Licht: 0,201098,3,1,0,08,19,7,0,0,0,0,0,1,0,0
"POINT (11.098737777000053 49.445914881000078)",Unfall 201105 (2021) Kat:2, Licht: 0,201105,2,1,0,08,15,4,0,0,1,0,0,0,0,0
"POINT (11.050134380000031 49.461698988000080)",Unfall 201112 (2021) Kat:2, Licht: 0,201112,2,7,0,08,13,5,0,0,0,0,0,0,0,1
"POINT (11.071740629000033 49.449608836000039)",Unfall 201131 (2021) Kat:3, Licht: 0,201131,3,3,5,08,14,6,0,0,0,1,0,0,0,1
"POINT (11.072956856000076 49.469631387000049)",Unfall 201136 (2021) Kat:2, Licht: 0,201136,2,3,6,08,10,5,0,0,0,0,1,0,0,1
"POINT (11.081499868000037 49.446678027000075)",Unfall 201179 (2021) Kat:3, Licht: 0,201179,3,1,0,08,13,2,0,0,0,1,0,0,0,0
"POINT (11.082678258000044 49.461260595000056)",Unfall 201203 (2021) Kat:2, Licht: 0,201203,2,1,1,08,16,2,0,0,1,1,0,0,0,0
"POINT (11.065723019000075 49.386272798000050)",Unfall 201224 (2021) Kat:3, Licht: 0,201224,3,1,0,08,15,1,0,0,1,0,0,0,0,0
"POINT (11.072523945000057 49.454255540000077)",Unfall 201245 (2021) Kat:3, Licht: 0,201245,3,6,4,08,12,4,0,0,1,1,0,0,0,0
"POINT (11.050019126000052 49.439072397000075)",Unfall 201250 (2021) Kat:3, Licht: 0,201250,3,7,6,08,16,2,0,0,1,0,1,0,0,0
"POINT (11.083365667000066 49.436346331000038)",Unfall 201252 (2021) Kat:3, Licht: 0,201252,3,1,0,08,10,6,1,0,0,0,0,1,0,0
"POINT (11.126873158000024 49.439736511000035)",Unfall 201264 (2021) Kat:3, Licht: 0,201264,3,1,1,08,14,5,0,0,0,1,0,0,0,1
"POINT (11.018637964000050 49.470672969000077)",Unfall 201269 (2021) Kat:3, Licht: 0,201269,3,6,2,08,14,6,0,0,0,1,0,0,0,0
"POINT (11.045262432000072 49.430566749000036)",Unfall 201347 (2021) Kat:3, Licht: 0,201347,3,7,1,08,10,3,0,0,0,1,0,1,0,0
"POINT (11.088412970000036 49.461287105000054)",Unfall 201378 (2021) Kat:3, Licht: 0,201378,3,2,5,08,14,4,0,0,1,1,0,0,0,0
"POINT (11.058339584000066 49.479464791000055)",Unfall 201379 (2021) Kat:3, Licht: 0,201379,3,7,1,08,10,6,0,0,0,1,0,0,0,0
"POINT (11.071554731000049 49.445901399000036)",Unfall 201383 (2021) Kat:3, Licht: 2,201383,3,1,0,08,02,7,0,2,0,0,0,0,0,1
"POINT (11.027818836000051 49.534287333000066)",Unfall 201398 (2021) Kat:3, Licht: 0,201398,3,1,0,08,12,7,0,0,1,0,0,0,0,0
"POINT (11.135167407000040 49.454126944000052)",Unfall 201408 (2021) Kat:2, Licht: 0,201408,2,1,0,08,10,7,0,0,1,0,0,0,0,0
"POINT (11.071697992000054 49.446942376000038)",Unfall 201433 (2021) Kat:3, Licht: 0,201433,3,1,2,08,10,6,1,0,1,1,0,0,0,0
"POINT (11.146909956000059 49.398912952000046)",Unfall 201440 (2021) Kat:2, Licht: 0,201440,2,3,5,08,15,6,0,0,1,1,0,0,0,0
"POINT (11.087317391000056 49.458824885000070)",Unfall 201461 (2021) Kat:3, Licht: 0,201461,3,7,1,08,08,7,0,0,1,1,0,0,0,0
"POINT (11.038930528000037 49.466434750000076)",Unfall 201462 (2021) Kat:2, Licht: 0,201462,2,3,5,08,14,5,0,0,1,1,0,0,0,0
"POINT (11.069953894000037 49.465217905000031)",Unfall 201464 (2021) Kat:2, Licht: 2,201464,2,1,0,08,23,7,0,2,1,0,0,0,0,0
"POINT (11.085297452000077 49.459636487000068)",Unfall 201510 (2021) Kat:3, Licht: 2,201510,3,1,0,08,23,7,0,2,0,0,0,0,0,1
"POINT (11.105831537000029 49.432529602000045)",Unfall 201537 (2021) Kat:3, Licht: 0,201537,3,3,5,08,10,1,0,0,1,0,0,0,0,1
"POINT (11.067753834000030 49.448818813000059)",Unfall 201561 (2021) Kat:3, Licht: 0,201561,3,7,1,08,14,4,0,0,0,1,0,0,0,1
"POINT (11.078606434000051 49.371508883000047)",Unfall 201562 (2021) Kat:3, Licht: 0,201562,3,2,5,08,19,3,0,0,0,1,0,1,0,0
"POINT (11.063439298000048 49.455972940000038)",Unfall 201602 (2021) Kat:3, Licht: 0,201602,3,6,6,08,07,2,0,0,1,0,1,0,0,0
"POINT (11.109058113000060 49.401255082000034)",Unfall 201617 (2021) Kat:3, Licht: 0,201617,3,3,5,08,09,7,0,0,0,1,0,0,0,0
"POINT (11.041356786000051 49.421925784000052)",Unfall 201624 (2021) Kat:3, Licht: 2,201624,3,6,2,08,03,6,0,2,0,1,0,0,0,0
"POINT (11.062770274000059 49.459082424000030)",Unfall 201625 (2021) Kat:3, Licht: 2,201625,3,7,1,08,00,1,0,2,0,1,1,0,0,0
"POINT (11.099713245000032 49.442932471000063)",Unfall 201627 (2021) Kat:3, Licht: 0,201627,3,2,5,08,07,3,0,0,1,1,0,0,0,0
"POINT (11.112176894000072 49.439606482000045)",Unfall 201637 (2021) Kat:3, Licht: 2,201637,3,3,5,08,23,5,0,2,0,1,0,0,0,1
"POINT (11.122213572000021 49.463244561000067)",Unfall 201649 (2021) Kat:3, Licht: 0,201649,3,1,0,08,12,1,0,0,1,0,0,0,0,0
"POINT (11.108106827000029 49.464482291000081)",Unfall 201698 (2021) Kat:3, Licht: 2,201698,3,1,0,08,20,2,0,2,1,0,0,0,0,0
"POINT (11.069789945000025 49.455673165000064)",Unfall 201705 (2021) Kat:2, Licht: 2,201705,2,1,6,08,21,6,1,2,1,0,1,0,0,0
"POINT (11.089420250000046 49.442058785000029)",Unfall 201707 (2021) Kat:3, Licht: 0,201707,3,1,0,09,18,4,0,0,1,0,0,0,0,0
"POINT (11.076531739000075 49.460754400000042)",Unfall 201749 (2021) Kat:3, Licht: 2,201749,3,1,0,09,21,3,0,2,1,0,0,0,0,0
"POINT (11.032208136000065 49.413074191000078)",Unfall 201750 (2021) Kat:3, Licht: 0,201750,3,7,0,08,15,6,0,0,0,1,0,0,0,0
"POINT (11.075927670000056 49.454407703000072)",Unfall 201767 (2021) Kat:3, Licht: 0,201767,3,3,5,09,16,6,0,0,1,1,0,0,0,0
"POINT (11.112409487000036 49.403768452000065)",Unfall 201786 (2021) Kat:3, Licht: 0,201786,3,1,0,09,17,3,0,0,1,0,0,0,0,0
"POINT (11.134261468000034 49.406288895000046)",Unfall 201787 (2021) Kat:3, Licht: 0,201787,3,6,3,08,16,5,0,0,0,1,0,0,0,1
"POINT (11.058293367000033 49.365420581000080)",Unfall 201802 (2021) Kat:2, Licht: 0,201802,2,6,2,08,19,3,0,0,1,1,0,0,0,0
"POINT (11.068754684000055 49.452379913000073)",Unfall 201814 (2021) Kat:3, Licht: 0,201814,3,3,4,09,12,5,0,0,0,1,0,0,0,1
"POINT (11.079655526000067 49.463602304000062)",Unfall 201819 (2021) Kat:3, Licht: 2,201819,3,1,0,09,21,6,0,2,1,0,0,0,0,0
"POINT (11.074851892000027 49.446670608000034)",Unfall 201820 (2021) Kat:3, Licht: 0,201820,3,2,5,09,08,4,0,0,0,1,0,0,0,1
"POINT (11.103790004000075 49.450554358000034)",Unfall 201859 (2021) Kat:3, Licht: 0,201859,3,2,5,09,16,4,0,0,1,1,0,0,0,0
"POINT (11.073080365000067 49.450461570000073)",Unfall 201900 (2021) Kat:3, Licht: 0,201900,3,4,6,09,16,6,0,0,0,0,1,0,0,1
"POINT (11.081299871000056 49.446614576000059)",Unfall 201920 (2021) Kat:2, Licht: 0,201920,2,6,2,09,19,3,0,0,1,0,0,0,0,0
"POINT (11.065244204000066 49.426004402000046)",Unfall 201936 (2021) Kat:2, Licht: 0,201936,2,1,0,08,18,6,1,0,1,0,0,0,0,0
"POINT (11.080562212000075 49.445854434000069)",Unfall 201948 (2021) Kat:2, Licht: 1,201948,2,1,0,09,21,4,0,1,1,0,0,0,0,0
"POINT (11.092477381000037 49.442323353000063)",Unfall 201951 (2021) Kat:3, Licht: 0,201951,3,7,1,09,09,6,0,0,1,1,0,0,0,0
"POINT (11.045354511000028 49.447230984000043)",Unfall 201964 (2021) Kat:3, Licht: 0,201964,3,6,3,09,17,7,0,0,0,1,0,0,0,0
"POINT (11.022300318000077 49.377733243000080)",Unfall 201974 (2021) Kat:2, Licht: 0,201974,2,2,3,09,12,4,0,0,1,0,0,0,0,1
"POINT (11.085004426000069 49.462693596000065)",Unfall 201981 (2021) Kat:3, Licht: 0,201981,3,1,0,09,15,5,0,0,0,0,0,0,0,1
"POINT (11.085610630000076 49.451999131000036)",Unfall 202017 (2021) Kat:2, Licht: 2,202017,2,6,4,09,01,1,0,2,1,0,0,0,0,1
"POINT (11.105014612000048 49.484280736000073)",Unfall 202027 (2021) Kat:3, Licht: 0,202027,3,6,2,08,09,2,1,0,0,0,0,0,0,1
"POINT (11.033114217000048 49.412813892000031)",Unfall 202031 (2021) Kat:3, Licht: 0,202031,3,1,0,09,13,5,0,0,0,0,0,0,0,1
"POINT (11.095793413000024 49.458424249000075)",Unfall 202059 (2021) Kat:3, Licht: 0,202059,3,7,6,09,13,2,0,0,0,0,1,0,0,1
"POINT (11.075100992000046 49.446770022000067)",Unfall 202074 (2021) Kat:3, Licht: 0,202074,3,3,5,08,11,3,0,0,0,1,0,0,0,1
"POINT (11.103790006000054 49.450554295000074)",Unfall 202080 (2021) Kat:3, Licht: 0,202080,3,2,5,09,16,6,0,0,0,1,0,1,0,0
"POINT (11.132218304000048 49.403368464000039)",Unfall 202090 (2021) Kat:2, Licht: 0,202090,2,3,5,09,18,6,0,0,0,1,0,0,0,0
"POINT (11.114126481000028 49.426993250000066)",Unfall 202094 (2021) Kat:2, Licht: 0,202094,2,1,0,08,13,2,1,0,1,0,0,0,0,0
"POINT (11.104194188000065 49.485960372000079)",Unfall 202119 (2021) Kat:3, Licht: 0,202119,3,7,1,08,06,3,0,0,0,1,0,1,0,0
"POINT (11.113338040000031 49.472513067000079)",Unfall 202121 (2021) Kat:3, Licht: 2,202121,3,3,5,09,06,2,0,2,1,1,0,0,0,0
"POINT (11.150807249000025 49.400728746000027)",Unfall 202148 (2021) Kat:3, Licht: 0,202148,3,3,5,09,15,1,0,0,1,1,0,0,0,0
"POINT (11.132370450000053 49.402265920000048)",Unfall 202180 (2021) Kat:3, Licht: 0,202180,3,1,0,09,18,7,0,0,1,0,0,0,0,0
"POINT (11.095839514000033 49.434580854000046)",Unfall 202195 (2021) Kat:3, Licht: 0,202195,3,1,0,08,16,4,0,0,1,0,0,0,0,0
"POINT (11.070669695000049 49.450578921000044)",Unfall 202197 (2021) Kat:3, Licht: 2,202197,3,7,0,09,21,3,0,2,0,0,0,0,0,1
"POINT (11.099289528000043 49.443077404000064)",Unfall 202214 (2021) Kat:3, Licht: 0,202214,3,1,0,09,06,6,0,0,0,0,0,0,0,1
"POINT (11.067205523000041 49.455728187000034)",Unfall 202220 (2021) Kat:3, Licht: 0,202220,3,4,6,09,10,2,0,0,0,0,1,0,1,0
"POINT (11.093597956000053 49.429371869000079)",Unfall 202241 (2021) Kat:3, Licht: 2,202241,3,1,0,09,23,5,0,2,1,0,0,0,0,0
"POINT (11.066911210000058 49.431253288000050)",Unfall 202268 (2021) Kat:3, Licht: 0,202268,3,2,5,09,11,6,0,0,0,0,0,0,0,1
"POINT (11.130839915000024 49.476705738000078)",Unfall 202290 (2021) Kat:3, Licht: 0,202290,3,1,0,09,16,4,0,0,1,0,0,0,0,0
"POINT (11.052900435000026 49.361455761000059)",Unfall 202292 (2021) Kat:3, Licht: 0,202292,3,1,4,09,12,5,0,0,1,1,0,0,0,0
"POINT (11.097570081000072 49.460315378000075)",Unfall 202311 (2021) Kat:3, Licht: 0,202311,3,2,0,08,10,6,0,0,1,0,0,1,0,0
"POINT (11.089966605000029 49.430481628000052)",Unfall 202322 (2021) Kat:3, Licht: 0,202322,3,1,0,09,18,7,0,0,0,0,0,0,0,1
"POINT (11.093702142000041 49.442906041000072)",Unfall 202335 (2021) Kat:3, Licht: 0,202335,3,1,0,08,07,2,1,0,1,0,0,0,0,0
"POINT (11.133832588000075 49.412175375000061)",Unfall 202346 (2021) Kat:3, Licht: 0,202346,3,3,3,09,18,4,0,0,0,1,0,0,0,0
"POINT (11.043030007000027 49.455077021000079)",Unfall 202359 (2021) Kat:3, Licht: 2,202359,3,7,2,09,23,7,0,2,0,1,0,1,0,0
"POINT (11.071783173000028 49.447295209000060)",Unfall 202371 (2021) Kat:3, Licht: 0,202371,3,2,5,08,12,1,1,0,1,1,0,0,0,0
"POINT (11.086729201000026 49.443632350000030)",Unfall 202390 (2021) Kat:3, Licht: 0,202390,3,7,5,09,19,5,0,0,1,1,0,0,0,0