WKT,Name,OBJECTID,UKATEGORIE,UTYP1,UART,UMONAT,USTUNDE,UWOCHENTAG,STRZUSTAND,ULICHTVERH,ISTRAD,ISTPKW,ISTFUSS,ISTKRAD,ISTGKFZ,ISTSONSTIG
"POINT (11.087022477000062 49.404450276000034)",Unfall 202392 (2021) Kat:3, Licht: 0,202392,3,3,5,08,12,5,0,0,0,1,0,0,0,0
"POINT (11.075883958000077 49.454389703000061)",Unfall 202393 (2021) Kat:3, Licht: 0,202393,3,2,4,09,12,5,0,0,1,1,0,0,0,0
"POINT (11.068036320000033 49.435073452000040)",Unfall 202414 (2021) Kat:2, Licht: 0,202414,2,2,5,09,18,1,0,0,0,1,0,0,0,0
"POINT (11.077948553000056 49.432925431000058)",Unfall 202427 (2021) Kat:2, Licht: 2,202427,2,1,0,09,23,5,0,2,0,0,0,0,0,1
"POINT (11.034857352000074 49.401489832000038)",Unfall 202430 (2021) Kat:3, Licht: 0,202430,3,2,6,09,15,5,0,0,0,1,1,0,0,0
"POINT (11.053664030000050 49.403307835000078)",Unfall 202462 (2021) Kat:3, Licht: 0,202462,3,3,5,08,15,2,1,0,0,1,0,0,1,0
"POINT (11.072366415000033 49.460846240000080)",Unfall 202471 (2021) Kat:3, Licht: 0,202471,3,1,0,09,11,4,0,0,1,0,0,0,0,0
"POINT (11.070202587000040 49.460891629000059)",Unfall 202474 (2021) Kat:3, Licht: 0,202474,3,3,5,08,11,2,1,0,1,1,0,0,0,0
"POINT (11.117653404000066 49.494239575000051)",Unfall 202478 (2021) Kat:2, Licht: 0,202478,2,1,0,09,15,5,0,0,1,0,0,0,0,0
"POINT (11.059961730000055 49.444153140000026)",Unfall 202525 (2021) Kat:3, Licht: 0,202525,3,2,5,09,11,5,0,0,1,0,0,0,0,1
"POINT (11.078873458000032 49.438623337000081)",Unfall 202526 (2021) Kat:3, Licht: 0,202526,3,3,5,09,12,6,0,0,1,1,0,0,0,0
"POINT (11.078084028000035 49.436798805000080)",Unfall 202529 (2021) Kat:3, Licht: 0,202529,3,3,5,08,17,3,0,0,1,1,0,0,0,0
"POINT (11.080972807000023 49.441206159000046)",Unfall 202548 (2021) Kat:3, Licht: 0,202548,3,7,6,08,12,3,0,0,1,0,1,0,0,0
"POINT (11.066861258000074 49.406047319000038)",Unfall 202553 (2021) Kat:3, Licht: 0,202553,3,6,1,08,12,2,0,0,0,0,0,0,1,0
"POINT (11.078096849000076 49.453132799000059)",Unfall 202560 (2021) Kat:3, Licht: 2,202560,3,1,0,09,23,4,0,2,1,0,0,0,0,0
"POINT (11.081172863000063 49.442649813000060)",Unfall 202566 (2021) Kat:3, Licht: 0,202566,3,6,3,08,12,3,0,0,0,1,0,0,0,1
"POINT (11.127863395000077 49.430966898000065)",Unfall 202592 (2021) Kat:3, Licht: 0,202592,3,2,5,08,10,2,0,0,0,1,0,0,0,0
"POINT (11.059442756000067 49.350667995000038)",Unfall 202598 (2021) Kat:3, Licht: 0,202598,3,1,0,08,10,6,0,0,1,1,0,0,0,0
"POINT (11.134552065000037 49.466358752000076)",Unfall 202599 (2021) Kat:3, Licht: 0,202599,3,1,0,08,10,3,1,0,1,0,0,0,0,0
"POINT (11.016918220000036 49.429016082000032)",Unfall 202611 (2021) Kat:3, Licht: 0,202611,3,3,5,09,17,4,0,0,1,1,0,0,0,0
"POINT (11.075381608000043 49.451796574000070)",Unfall 202615 (2021) Kat:3, Licht: 0,202615,3,1,0,09,15,6,0,0,1,0,0,0,0,0
"POINT (11.017483532000028 49.456544819000044)",Unfall 202627 (2021) Kat:3, Licht: 0,202627,3,3,5,09,18,7,0,0,0,1,0,1,0,0
"POINT (11.074405307000063 49.439414516000056)",Unfall 202628 (2021) Kat:2, Licht: 0,202628,2,1,0,08,17,2,1,0,0,0,0,1,0,0
"POINT (11.046822201000055 49.512364873000081)",Unfall 202642 (2021) Kat:3, Licht: 0,202642,3,6,3,08,14,4,0,0,1,1,0,0,0,0
"POINT (11.099970957000039 49.438404128000059)",Unfall 202644 (2021) Kat:3, Licht: 0,202644,3,2,5,09,15,3,0,0,0,1,0,0,0,0
"POINT (11.102779776000034 49.474631671000054)",Unfall 202657 (2021) Kat:3, Licht: 0,202657,3,2,5,08,16,5,0,0,0,1,0,0,0,0
"POINT (11.131305948000033 49.404652788000078)",Unfall 202677 (2021) Kat:3, Licht: 0,202677,3,2,5,08,17,2,0,0,0,1,0,0,0,0
"POINT (11.065359058000070 49.462568813000075)",Unfall 202682 (2021) Kat:3, Licht: 2,202682,3,3,5,08,21,6,1,2,0,1,0,0,0,0
"POINT (11.094333762000076 49.461430100000030)",Unfall 202708 (2021) Kat:3, Licht: 2,202708,3,1,1,09,01,5,0,2,0,1,0,0,0,1
"POINT (11.057223659000044 49.460427119000030)",Unfall 202736 (2021) Kat:3, Licht: 0,202736,3,1,0,09,08,5,0,0,1,0,0,0,0,0
"POINT (11.074406129000067 49.434031399000048)",Unfall 202743 (2021) Kat:3, Licht: 0,202743,3,6,0,09,15,5,0,0,1,0,0,1,0,0
"POINT (11.104138049000028 49.451127428000063)",Unfall 202826 (2021) Kat:3, Licht: 2,202826,3,7,6,09,12,7,0,2,0,1,1,0,0,0
"POINT (11.067952622000064 49.447280724000052)",Unfall 202844 (2021) Kat:3, Licht: 0,202844,3,3,5,09,12,5,0,0,0,1,0,0,0,0
"POINT (11.086163584000076 49.443974471000047)",Unfall 202867 (2021) Kat:3, Licht: 2,202867,3,1,0,09,22,2,0,2,1,0,0,0,0,0
"POINT (11.082216858000038 49.409261095000033)",Unfall 202882 (2021) Kat:3, Licht: 0,202882,3,4,6,09,07,6,0,0,0,1,1,0,0,0
"POINT (11.053873507000048 49.406726154000069)",Unfall 202889 (2021) Kat:3, Licht: 0,202889,3,2,5,09,10,4,0,0,0,1,0,0,1,0
"POINT (11.023064215000034 49.520759843000064)",Unfall 202957 (2021) Kat:2, Licht: 0,202957,2,1,0,09,13,7,0,0,1,0,0,0,0,0
"POINT (11.023956755000029 49.471009526000046)",Unfall 202962 (2021) Kat:2, Licht: 2,202962,2,6,2,09,20,2,0,2,1,1,0,0,0,0
"POINT (11.066734477000068 49.457071218000067)",Unfall 202978 (2021) Kat:3, Licht: 0,202978,3,1,0,09,16,6,0,0,0,0,0,0,0,1
"POINT (11.075903073000063 49.466192195000076)",Unfall 203013 (2021) Kat:3, Licht: 0,203013,3,2,6,09,13,4,0,0,0,1,1,0,0,0
"POINT (11.059942928000055 49.446830894000072)",Unfall 203069 (2021) Kat:3, Licht: 0,203069,3,6,3,09,18,2,0,0,0,1,0,0,0,0
"POINT (11.018348152000044 49.453547901000036)",Unfall 203102 (2021) Kat:3, Licht: 0,203102,3,2,5,09,12,4,0,0,0,1,0,0,0,0
"POINT (11.040399870000044 49.447552632000054)",Unfall 203104 (2021) Kat:3, Licht: 0,203104,3,7,1,09,06,1,0,0,0,1,0,0,0,1
"POINT (11.093022192000035 49.446353150000050)",Unfall 203109 (2021) Kat:3, Licht: 0,203109,3,6,0,09,10,5,0,0,0,1,0,0,0,1
"POINT (11.080394142000046 49.440242756000032)",Unfall 203116 (2021) Kat:2, Licht: 1,203116,2,4,6,09,19,2,0,1,0,0,1,0,0,1
"POINT (11.068065963000038 49.436170663000041)",Unfall 203124 (2021) Kat:3, Licht: 0,203124,3,2,5,09,16,3,0,0,1,1,0,0,0,0
"POINT (11.105132463000075 49.355240344000038)",Unfall 203139 (2021) Kat:3, Licht: 0,203139,3,1,0,09,09,3,0,0,1,0,0,0,0,0
"POINT (11.120473278000077 49.430410519000077)",Unfall 203166 (2021) Kat:3, Licht: 2,203166,3,1,0,09,23,6,0,2,0,0,0,1,0,0
"POINT (11.132508163000068 49.403645461000053)",Unfall 203240 (2021) Kat:3, Licht: 0,203240,3,4,6,09,14,5,0,0,0,1,1,0,0,0
"POINT (11.102471244000071 49.440792737000038)",Unfall 203281 (2021) Kat:3, Licht: 1,203281,3,7,2,09,19,2,0,1,1,0,0,0,0,0
"POINT (11.095755840000038 49.458546649000027)",Unfall 203283 (2021) Kat:3, Licht: 0,203283,3,3,5,09,16,5,0,0,1,1,0,0,0,0
"POINT (11.055735607000031 49.386768069000027)",Unfall 203321 (2021) Kat:2, Licht: 0,203321,2,2,4,09,08,5,0,0,1,0,0,0,1,0
"POINT (11.069403466000040 49.447210984000037)",Unfall 203342 (2021) Kat:3, Licht: 0,203342,3,3,5,09,09,6,0,0,1,1,0,0,0,0
"POINT (11.080354735000071 49.446474602000080)",Unfall 203361 (2021) Kat:3, Licht: 0,203361,3,2,5,09,09,3,0,0,1,1,0,0,0,0
"POINT (11.052971660000026 49.440006550000078)",Unfall 203382 (2021) Kat:3, Licht: 0,203382,3,6,2,09,17,7,0,0,0,1,0,0,0,0
"POINT (11.065358409000055 49.464432078000073)",Unfall 203423 (2021) Kat:3, Licht: 2,203423,3,1,1,09,00,1,0,2,1,1,0,0,0,0
"POINT (11.057129025000052 49.454243539000061)",Unfall 203442 (2021) Kat:3, Licht: 0,203442,3,1,0,09,13,6,0,0,1,0,0,0,0,0
"POINT (11.062542372000053 49.405712455000071)",Unfall 203493 (2021) Kat:3, Licht: 0,203493,3,1,0,09,09,3,0,0,1,0,0,0,0,1
"POINT (11.066289591000043 49.448217489000058)",Unfall 203498 (2021) Kat:3, Licht: 1,203498,3,1,0,09,19,7,0,1,0,0,0,0,0,1
"POINT (11.067060753000021 49.439093082000056)",Unfall 203502 (2021) Kat:3, Licht: 0,203502,3,6,3,09,16,5,0,0,0,1,0,0,0,1
"POINT (11.115898354000024 49.472793649000039)",Unfall 203520 (2021) Kat:3, Licht: 0,203520,3,7,0,09,07,4,0,0,0,0,0,0,1,0
"POINT (11.100181527000075 49.446016043000043)",Unfall 203524 (2021) Kat:3, Licht: 2,203524,3,7,0,09,19,5,0,2,0,0,0,0,0,1
"POINT (11.018759071000034 49.420532587000025)",Unfall 203555 (2021) Kat:3, Licht: 0,203555,3,3,0,09,16,2,0,0,1,0,0,0,0,1
"POINT (11.032069338000042 49.403465514000061)",Unfall 203558 (2021) Kat:3, Licht: 0,203558,3,1,0,09,16,5,0,0,0,1,0,0,0,0
"POINT (11.131909411000038 49.459144064000043)",Unfall 203571 (2021) Kat:3, Licht: 0,203571,3,2,5,09,13,7,0,0,0,1,0,0,0,0
"POINT (11.172446767000054 49.389443867000068)",Unfall 203574 (2021) Kat:3, Licht: 0,203574,3,6,2,09,11,6,0,0,0,1,0,0,0,1
"POINT (11.131274482000038 49.404694396000082)",Unfall 203607 (2021) Kat:3, Licht: 1,203607,3,2,5,09,06,3,0,1,1,1,0,0,0,0
"POINT (11.068203165000057 49.441796622000027)",Unfall 203611 (2021) Kat:3, Licht: 0,203611,3,2,4,09,12,5,1,0,0,1,0,1,0,0
"POINT (11.040687092000042 49.407731215000069)",Unfall 203640 (2021) Kat:3, Licht: 0,203640,3,2,4,09,06,5,0,0,0,1,0,0,0,1
"POINT (11.070052218000058 49.454523369000071)",Unfall 203648 (2021) Kat:3, Licht: 0,203648,3,7,6,09,17,2,0,0,1,0,1,0,0,0
"POINT (11.184964756000056 49.427278356000045)",Unfall 203682 (2021) Kat:2, Licht: 0,203682,2,3,5,09,09,4,1,0,1,0,0,0,0,0
"POINT (11.071299716000055 49.464874561000045)",Unfall 203691 (2021) Kat:3, Licht: 0,203691,3,1,0,09,15,3,0,0,1,0,0,0,0,0
"POINT (11.033688969000025 49.428648734000035)",Unfall 203702 (2021) Kat:3, Licht: 0,203702,3,1,0,09,14,1,0,0,1,0,0,0,0,0
"POINT (11.101376652000056 49.443184199000029)",Unfall 203726 (2021) Kat:3, Licht: 2,203726,3,1,0,09,23,4,0,2,1,0,0,0,0,0
"POINT (11.071486332000063 49.474625429000071)",Unfall 203728 (2021) Kat:3, Licht: 0,203728,3,1,0,09,17,2,0,0,1,0,0,0,0,0
"POINT (11.084848635000071 49.400782542000059)",Unfall 203740 (2021) Kat:3, Licht: 2,203740,3,6,0,09,20,3,0,2,1,1,0,0,0,0
"POINT (11.081556342000056 49.472956948000046)",Unfall 203742 (2021) Kat:3, Licht: 0,203742,3,6,2,09,08,2,0,0,0,1,0,0,0,0
"POINT (11.117303804000073 49.455586872000026)",Unfall 203776 (2021) Kat:2, Licht: 0,203776,2,1,0,09,07,6,0,0,1,0,0,0,0,0
"POINT (11.102220151000040 49.466890251000052)",Unfall 203818 (2021) Kat:3, Licht: 0,203818,3,3,5,10,07,3,1,0,0,1,0,0,0,0
"POINT (11.097492125000031 49.445423985000048)",Unfall 203879 (2021) Kat:2, Licht: 2,203879,2,7,6,10,22,7,0,2,1,0,1,0,0,0
"POINT (11.075595997000050 49.449068689000057)",Unfall 203880 (2021) Kat:3, Licht: 0,203880,3,7,1,10,15,6,0,0,0,1,0,0,0,0
"POINT (11.083505544000047 49.440619000000027)",Unfall 203886 (2021) Kat:3, Licht: 0,203886,3,2,5,10,11,3,1,0,0,1,0,1,0,0
"POINT (11.059127797000031 49.457432937000078)",Unfall 203914 (2021) Kat:3, Licht: 1,203914,3,2,6,09,07,4,0,1,0,1,1,0,0,0
"POINT (11.019319092000046 49.431645379000031)",Unfall 203926 (2021) Kat:3, Licht: 1,203926,3,3,5,09,06,6,0,1,1,1,0,0,0,0
"POINT (11.097368345000064 49.450150812000061)",Unfall 203933 (2021) Kat:3, Licht: 0,203933,3,1,0,09,08,2,1,0,1,0,0,0,0,0
"POINT (11.091053019000071 49.435491920000061)",Unfall 203962 (2021) Kat:3, Licht: 0,203962,3,4,1,10,07,2,0,0,0,1,1,0,0,0
"POINT (11.078175902000055 49.447731562000058)",Unfall 203987 (2021) Kat:3, Licht: 0,203987,3,6,6,10,17,7,0,0,1,0,1,0,0,0
"POINT (11.060486020000042 49.459572085000048)",Unfall 203998 (2021) Kat:3, Licht: 0,203998,3,7,0,09,18,6,0,0,0,0,0,0,0,1
"POINT (11.078175504000058 49.445488175000037)",Unfall 204001 (2021) Kat:3, Licht: 2,204001,3,6,1,10,04,5,0,2,0,1,0,0,0,1
"POINT (11.134959038000034 49.422567937000053)",Unfall 204013 (2021) Kat:3, Licht: 0,204013,3,3,5,09,11,4,0,0,0,1,0,0,1,0
"POINT (11.080693608000047 49.445832763000055)",Unfall 204066 (2021) Kat:3, Licht: 2,204066,3,2,5,10,21,7,0,2,0,1,0,0,0,0
"POINT (11.080388900000059 49.446413684000049)",Unfall 204069 (2021) Kat:3, Licht: 0,204069,3,2,5,09,13,2,0,0,0,1,0,0,0,1
"POINT (11.131537653000066 49.404369194000026)",Unfall 204086 (2021) Kat:3, Licht: 0,204086,3,3,5,09,18,6,0,0,0,1,0,0,0,0
"POINT (11.084766969000043 49.452541362000034)",Unfall 204091 (2021) Kat:3, Licht: 0,204091,3,7,0,10,17,6,0,0,0,0,0,0,0,1
"POINT (11.125890203000040 49.463418999000055)",Unfall 204112 (2021) Kat:2, Licht: 0,204112,2,7,0,10,14,7,0,0,0,1,0,0,0,1
"POINT (11.103838576000044 49.450095005000037)",Unfall 204121 (2021) Kat:3, Licht: 1,204121,3,7,0,09,07,3,1,1,1,0,0,0,0,1
"POINT (11.081935702000067 49.447819374000062)",Unfall 204147 (2021) Kat:3, Licht: 0,204147,3,2,5,10,12,3,0,0,0,1,0,0,0,1
"POINT (11.051558495000052 49.439074754000046)",Unfall 204189 (2021) Kat:3, Licht: 0,204189,3,7,0,10,13,2,1,0,1,0,0,0,0,0
"POINT (11.089300977000050 49.457195516000070)",Unfall 204232 (2021) Kat:3, Licht: 2,204232,3,7,2,09,06,2,1,2,0,1,0,0,0,1
"POINT (11.048824143000047 49.464208263000046)",Unfall 204241 (2021) Kat:3, Licht: 0,204241,3,6,2,10,12,7,0,0,0,1,0,0,0,0
"POINT (11.061447641000029 49.427944064000030)",Unfall 204247 (2021) Kat:3, Licht: 2,204247,3,3,6,10,23,3,1,2,0,1,1,0,0,0
"POINT (11.071462987000075 49.463730776000034)",Unfall 204296 (2021) Kat:3, Licht: 0,204296,3,3,5,09,15,6,0,0,1,1,0,0,0,0
"POINT (11.086016908000033 49.433819550000067)",Unfall 204313 (2021) Kat:3, Licht: 0,204313,3,1,1,10,13,6,0,0,0,1,0,0,0,0
"POINT (11.080730502000051 49.440288135000060)",Unfall 204328 (2021) Kat:2, Licht: 0,204328,2,6,6,09,11,3,0,0,0,1,1,0,0,0
"POINT (11.057607139000027 49.447150858000043)",Unfall 204345 (2021) Kat:3, Licht: 0,204345,3,4,6,10,17,2,0,0,0,0,1,0,0,1
"POINT (11.138478096000028 49.414486518000047)",Unfall 204350 (2021) Kat:3, Licht: 0,204350,3,7,0,10,11,6,0,0,0,1,0,0,0,0
"POINT (11.098501874000021 49.457497584000066)",Unfall 204393 (2021) Kat:3, Licht: 0,204393,3,2,4,10,15,2,0,0,1,1,0,0,0,0
"POINT (11.089900595000074 49.461526150000054)",Unfall 204432 (2021) Kat:2, Licht: 0,204432,2,3,5,09,18,6,0,0,1,1,0,0,0,0
"POINT (11.097007503000043 49.444952347000026)",Unfall 204453 (2021) Kat:3, Licht: 1,204453,3,4,6,10,18,1,0,1,0,1,1,0,0,0
"POINT (11.122499342000026 49.422061138000061)",Unfall 204480 (2021) Kat:3, Licht: 0,204480,3,2,4,10,17,3,1,0,0,1,0,0,0,0
"POINT (11.133894006000048 49.401755464000075)",Unfall 204481 (2021) Kat:3, Licht: 2,204481,3,7,6,10,20,7,1,2,0,1,1,0,0,0
"POINT (10.999933804000023 49.445496621000075)",Unfall 204487 (2021) Kat:3, Licht: 0,204487,3,6,2,10,13,6,0,0,0,1,0,0,0,0
"POINT (11.079932886000051 49.430931676000057)",Unfall 204488 (2021) Kat:3, Licht: 0,204488,3,4,6,09,15,3,0,0,1,0,1,0,0,0
"POINT (11.075914413000021 49.454405914000063)",Unfall 204500 (2021) Kat:3, Licht: 0,204500,3,7,0,09,18,3,0,0,0,0,0,0,0,1
"POINT (11.120737317000021 49.438044300000058)",Unfall 204512 (2021) Kat:3, Licht: 0,204512,3,2,5,10,15,6,0,0,1,1,0,0,0,0
"POINT (11.039079175000040 49.457861821000051)",Unfall 204516 (2021) Kat:3, Licht: 0,204516,3,3,5,09,13,5,0,0,1,1,0,0,0,0
"POINT (11.076740432000065 49.452420162000067)",Unfall 204521 (2021) Kat:3, Licht: 2,204521,3,1,0,10,02,7,0,2,0,0,0,0,0,1
"POINT (11.098211952000042 49.459191760000067)",Unfall 204530 (2021) Kat:3, Licht: 1,204530,3,3,1,10,19,7,0,1,1,1,0,0,0,0
"POINT (11.051476522000030 49.442620031000047)",Unfall 204534 (2021) Kat:3, Licht: 0,204534,3,6,2,09,07,2,1,0,0,1,0,0,0,0
"POINT (11.067158398000061 49.438422545000037)",Unfall 204536 (2021) Kat:3, Licht: 0,204536,3,2,4,10,15,6,0,0,1,1,0,0,0,0
"POINT (11.056922429000053 49.446457100000032)",Unfall 204539 (2021) Kat:3, Licht: 0,204539,3,6,3,10,14,6,0,0,0,1,0,0,0,0
"POINT (11.072339872000043 49.448968374000060)",Unfall 204547 (2021) Kat:3, Licht: 0,204547,3,3,5,10,15,5,0,0,0,1,0,1,0,0
"POINT (11.107766793000053 49.451390294000078)",Unfall 204548 (2021) Kat:3, Licht: 0,204548,3,6,2,09,16,3,0,0,0,1,0,0,0,0
"POINT (11.131863912000028 49.461123097000041)",Unfall 204573 (2021) Kat:3, Licht: 0,204573,3,3,5,10,17,6,0,0,1,1,0,0,0,0
"POINT (11.097647107000057 49.447422683000070)",Unfall 204575 (2021) Kat:3, Licht: 0,204575,3,6,2,09,09,2,0,0,0,1,0,0,0,0
"POINT (11.065304795000031 49.447735590000036)",Unfall 204608 (2021) Kat:3, Licht: 0,204608,3,7,6,10,14,7,0,0,1,0,1,0,0,0
"POINT (11.096378079000033 49.460468757000058)",Unfall 204644 (2021) Kat:3, Licht: 0,204644,3,7,0,10,16,5,0,0,0,1,1,0,0,0
"POINT (11.038204468000060 49.424453119000077)",Unfall 204673 (2021) Kat:3, Licht: 0,204673,3,3,5,09,11,1,0,0,1,1,0,0,0,0
"POINT (11.032646451000062 49.413766095000028)",Unfall 204675 (2021) Kat:3, Licht: 0,204675,3,6,3,09,14,6,0,0,1,1,0,0,0,0
"POINT (11.079209398000046 49.442086945000028)",Unfall 204694 (2021) Kat:3, Licht: 0,204694,3,3,5,10,15,6,0,0,0,1,0,0,0,1
"POINT (11.113264756000035 49.447153210000067)",Unfall 204708 (2021) Kat:3, Licht: 0,204708,3,7,5,10,11,6,0,0,1,0,0,0,0,0
"POINT (11.041759146000061 49.455589884000062)",Unfall 204714 (2021) Kat:3, Licht: 0,204714,3,6,2,10,15,5,0,0,0,1,0,0,0,0
"POINT (11.081014938000067 49.443792679000069)",Unfall 204725 (2021) Kat:2, Licht: 2,204725,2,2,5,09,22,6,0,2,0,1,0,0,0,0
"POINT (11.097251669000059 49.444803710000031)",Unfall 204730 (2021) Kat:2, Licht: 0,204730,2,3,5,10,09,6,0,0,1,1,0,0,0,0
"POINT (11.062906746000067 49.451513600000055)",Unfall 204742 (2021) Kat:3, Licht: 0,204742,3,7,0,10,18,6,0,0,0,0,0,0,0,1
"POINT (11.098516338000024 49.440482633000045)",Unfall 204758 (2021) Kat:3, Licht: 0,204758,3,3,5,09,07,3,0,0,1,1,0,0,0,0
"POINT (11.121200348000059 49.474728842000047)",Unfall 204767 (2021) Kat:3, Licht: 0,204767,3,2,5,10,07,5,0,0,1,1,0,0,0,0
"POINT (11.063023449000070 49.440735056000051)",Unfall 204771 (2021) Kat:3, Licht: 2,204771,3,3,0,09,00,1,0,2,0,1,0,0,0,0
"POINT (11.068466613000055 49.441761154000062)",Unfall 204776 (2021) Kat:3, Licht: 2,204776,3,6,2,09,19,4,1,2,0,1,0,0,0,0
"POINT (11.085127509000074 49.440886115000069)",Unfall 204779 (2021) Kat:3, Licht: 0,204779,3,4,0,10,14,6,0,0,0,0,1,0,0,1
"POINT (11.068790096000043 49.446011067000029)",Unfall 204797 (2021) Kat:3, Licht: 0,204797,3,6,6,09,13,1,0,0,0,0,1,0,0,1
"POINT (11.086090354000021 49.454616687000055)",Unfall 204830 (2021) Kat:3, Licht: 0,204830,3,7,0,10,16,7,0,0,1,0,0,0,0,0
"POINT (11.080621934000021 49.445865929000036)",Unfall 204873 (2021) Kat:3, Licht: 0,204873,3,6,2,10,11,1,0,0,0,1,0,0,0,0
"POINT (11.095294252000031 49.444686654000066)",Unfall 204882 (2021) Kat:3, Licht: 0,204882,3,6,4,10,09,5,0,0,0,1,0,0,0,1
"POINT (11.083727240000030 49.440685825000060)",Unfall 204889 (2021) Kat:3, Licht: 2,204889,3,7,0,10,05,5,0,2,0,0,1,0,0,1
"POINT (11.060622565000074 49.353861137000081)",Unfall 204902 (2021) Kat:3, Licht: 0,204902,3,1,0,10,11,4,0,0,1,0,0,0,0,0
"POINT (11.054690107000056 49.451148321000062)",Unfall 204916 (2021) Kat:3, Licht: 0,204916,3,2,4,10,17,3,1,0,1,1,0,0,0,0
"POINT (11.035808794000047 49.467117172000030)",Unfall 204938 (2021) Kat:3, Licht: 0,204938,3,7,0,10,15,1,0,0,1,0,0,0,0,0
"POINT (11.087274132000061 49.441171199000053)",Unfall 205022 (2021) Kat:3, Licht: 0,205022,3,7,0,10,11,6,0,0,0,0,0,0,0,1
"POINT (11.034929710000029 49.448974671000030)",Unfall 205024 (2021) Kat:3, Licht: 1,205024,3,2,1,10,18,4,0,1,0,1,0,0,0,0
"POINT (11.063518639000051 49.448279574000026)",Unfall 205044 (2021) Kat:3, Licht: 0,205044,3,3,5,10,17,3,1,0,0,1,0,0,0,0
"POINT (11.080370782000045 49.446445989000040)",Unfall 205045 (2021) Kat:3, Licht: 0,205045,3,6,2,10,07,5,0,0,0,1,0,0,0,0
"POINT (11.093190559000050 49.442692230000034)",Unfall 205070 (2021) Kat:3, Licht: 0,205070,3,4,6,10,17,6,0,0,0,0,1,0,0,1
"POINT (11.128662522000070 49.394150773000035)",Unfall 205072 (2021) Kat:3, Licht: 0,205072,3,2,5,10,11,4,0,0,0,1,0,0,0,0
"POINT (11.132220984000071 49.445318526000051)",Unfall 205116 (2021) Kat:2, Licht: 0,205116,2,6,0,10,08,4,0,0,0,1,0,0,0,1
"POINT (11.065545546000067 49.463185686000031)",Unfall 205123 (2021) Kat:3, Licht: 2,205123,3,6,1,10,21,1,0,2,0,1,0,0,0,0
"POINT (11.071835198000031 49.439042186000052)",Unfall 205198 (2021) Kat:3, Licht: 1,205198,3,6,2,10,18,3,1,1,0,1,0,0,0,0
"POINT (11.113486428000044 49.453736808000031)",Unfall 205209 (2021) Kat:3, Licht: 2,205209,3,2,4,10,20,1,0,2,1,1,0,0,0,0
"POINT (11.069535487000053 49.465802802000042)",Unfall 205214 (2021) Kat:3, Licht: 0,205214,3,6,2,10,14,4,0,0,0,1,0,1,0,0
"POINT (11.097251669000059 49.444803710000031)",Unfall 205219 (2021) Kat:3, Licht: 0,205219,3,7,3,10,16,7,0,0,1,1,0,0,0,0
"POINT (11.092284824000046 49.438763225000059)",Unfall 205234 (2021) Kat:3, Licht: 0,205234,3,7,1,10,11,5,0,0,1,1,0,0,0,0
"POINT (11.103213386000050 49.431132066000032)",Unfall 205241 (2021) Kat:3, Licht: 0,205241,3,6,2,10,10,3,1,0,0,1,0,0,0,0
"POINT (11.109656262000044 49.444628215000080)",Unfall 205267 (2021) Kat:3, Licht: 0,205267,3,1,0,10,16,3,1,0,0,0,0,1,0,0
"POINT (11.103779806000034 49.490344261000075)",Unfall 205278 (2021) Kat:3, Licht: 2,205278,3,2,5,10,19,2,0,2,1,1,0,0,0,0
"POINT (11.117394123000054 49.464968253000052)",Unfall 205280 (2021) Kat:3, Licht: 2,205280,3,3,5,10,06,5,0,2,1,1,0,0,0,0
"POINT (11.070066923000070 49.446106982000060)",Unfall 205285 (2021) Kat:2, Licht: 0,205285,2,6,5,10,17,1,0,0,1,0,0,0,0,0
"POINT (11.057844452000040 49.447542582000040)",Unfall 205314 (2021) Kat:3, Licht: 1,205314,3,6,2,10,18,7,0,1,0,1,0,0,0,0
"POINT (11.068463479000059 49.443502027000079)",Unfall 205351 (2021) Kat:2, Licht: 2,205351,2,1,0,10,23,5,1,2,0,0,0,0,0,1
"POINT (11.160075830000039 49.465904034000062)",Unfall 205398 (2021) Kat:3, Licht: 2,205398,3,1,0,10,18,4,0,2,1,0,0,0,0,0
"POINT (11.128692310000076 49.430722741000068)",Unfall 205406 (2021) Kat:3, Licht: 1,205406,3,7,6,10,18,1,0,1,0,0,1,0,0,1
"POINT (11.071864021000067 49.425617278000061)",Unfall 205478 (2021) Kat:3, Licht: 2,205478,3,3,5,10,05,4,1,2,0,1,0,0,0,0
"POINT (11.114556381000057 49.454173773000036)",Unfall 205489 (2021) Kat:2, Licht: 0,205489,2,3,1,10,15,7,0,0,1,0,0,0,0,0
"POINT (11.079711915000075 49.462221879000026)",Unfall 205517 (2021) Kat:3, Licht: 0,205517,3,1,0,10,17,5,0,0,1,0,0,0,0,0
"POINT (11.118123774000026 49.478576261000057)",Unfall 205555 (2021) Kat:3, Licht: 2,205555,3,2,5,10,07,6,0,2,0,1,0,0,0,0
"POINT (11.087128757000073 49.461192507000078)",Unfall 205556 (2021) Kat:2, Licht: 0,205556,2,2,5,10,12,3,1,0,0,1,0,1,0,0