WKT,Name,OBJECTID,UKATEGORIE,UTYP1,UART,UMONAT,USTUNDE,UWOCHENTAG,STRZUSTAND,ULICHTVERH,ISTRAD,ISTPKW,ISTFUSS,ISTKRAD,ISTGKFZ,ISTSONSTIG
"POINT (11.020150707000028 49.424325670000030)",Unfall 205565 (2021) Kat:3, Licht: 2,205565,3,1,0,10,21,5,1,2,0,0,0,0,0,1
"POINT (11.070338148000076 49.439153194000028)",Unfall 205600 (2021) Kat:3, Licht: 2,205600,3,3,5,10,21,6,0,2,0,1,0,0,0,0
"POINT (11.057281396000064 49.445863357000064)",Unfall 205603 (2021) Kat:3, Licht: 2,205603,3,1,1,10,04,1,0,2,1,1,0,0,0,0
"POINT (11.131105547000061 49.404545906000067)",Unfall 205604 (2021) Kat:3, Licht: 0,205604,3,6,1,10,11,2,0,0,0,1,0,0,0,0
"POINT (11.081826255000067 49.446503761000031)",Unfall 205608 (2021) Kat:2, Licht: 2,205608,2,3,6,10,19,3,0,2,0,0,1,0,0,1
"POINT (11.074797627000066 49.446090583000057)",Unfall 205635 (2021) Kat:3, Licht: 0,205635,3,2,5,10,07,3,0,0,0,1,0,1,0,0
"POINT (11.086912464000022 49.441090904000077)",Unfall 205642 (2021) Kat:3, Licht: 0,205642,3,3,2,10,17,2,0,0,0,1,0,0,0,1
"POINT (11.049441182000066 49.442163314000027)",Unfall 205643 (2021) Kat:3, Licht: 0,205643,3,7,3,10,12,7,0,0,0,1,0,0,0,0
"POINT (11.081593036000072 49.438722600000062)",Unfall 205646 (2021) Kat:3, Licht: 0,205646,3,7,6,10,16,3,1,0,0,1,1,0,0,0
"POINT (11.079708022000034 49.415376102000039)",Unfall 205656 (2021) Kat:3, Licht: 0,205656,3,6,3,10,12,5,0,0,1,1,0,0,0,0
"POINT (11.071834417000048 49.425593635000041)",Unfall 205659 (2021) Kat:3, Licht: 2,205659,3,7,0,10,05,2,0,2,0,0,1,0,0,1
"POINT (11.069044070000075 49.439281289000064)",Unfall 205688 (2021) Kat:3, Licht: 0,205688,3,6,2,10,15,6,0,0,0,1,0,0,0,0
"POINT (11.131943757000045 49.427839172000063)",Unfall 205710 (2021) Kat:3, Licht: 2,205710,3,1,0,10,19,3,1,2,1,0,0,0,0,0
"POINT (11.086214328000040 49.461076987000069)",Unfall 205711 (2021) Kat:3, Licht: 2,205711,3,1,0,10,22,5,1,2,0,0,0,1,0,0
"POINT (11.073034152000048 49.459299942000030)",Unfall 205732 (2021) Kat:3, Licht: 0,205732,3,1,0,10,09,6,1,0,1,0,0,0,0,0
"POINT (11.096272901000077 49.403559496000071)",Unfall 205735 (2021) Kat:2, Licht: 0,205735,2,3,5,10,12,2,0,0,1,1,0,0,0,0
"POINT (11.129150946000038 49.418897798000046)",Unfall 205772 (2021) Kat:3, Licht: 0,205772,3,7,5,10,08,2,0,0,1,1,0,0,0,0
"POINT (11.082339068000067 49.460915319000037)",Unfall 205780 (2021) Kat:3, Licht: 2,205780,3,3,5,10,21,7,0,2,0,1,0,0,0,1
"POINT (11.095971451000025 49.441362086000026)",Unfall 205784 (2021) Kat:3, Licht: 0,205784,3,6,2,10,15,2,0,0,1,1,0,0,0,0
"POINT (11.064020950000042 49.446344377000059)",Unfall 205799 (2021) Kat:3, Licht: 0,205799,3,7,0,10,15,5,0,0,1,1,0,0,0,0
"POINT (11.052741817000026 49.451790036000034)",Unfall 205815 (2021) Kat:3, Licht: 0,205815,3,6,2,10,13,3,1,0,0,1,0,0,0,0
"POINT (11.096388851000029 49.463951894000047)",Unfall 205827 (2021) Kat:3, Licht: 2,205827,3,6,4,10,18,4,0,2,1,0,0,0,0,1
"POINT (11.085106642000028 49.446991287000060)",Unfall 205828 (2021) Kat:3, Licht: 2,205828,3,1,0,10,00,5,1,2,1,0,0,0,0,0
"POINT (11.069509180000068 49.406858937000038)",Unfall 205832 (2021) Kat:3, Licht: 0,205832,3,6,3,10,09,7,0,0,0,1,0,0,0,0
"POINT (11.097700373000066 49.437791506000053)",Unfall 205881 (2021) Kat:3, Licht: 2,205881,3,4,0,10,05,5,1,2,1,0,1,0,0,0
"POINT (11.048123447000023 49.517035083000053)",Unfall 205887 (2021) Kat:2, Licht: 0,205887,2,4,6,10,15,6,0,0,1,0,1,0,0,0
"POINT (11.081702043000064 49.440980485000068)",Unfall 205922 (2021) Kat:3, Licht: 2,205922,3,6,3,10,19,6,1,2,1,1,0,0,0,0
"POINT (11.027472715000044 49.467142469000066)",Unfall 205941 (2021) Kat:2, Licht: 0,205941,2,1,0,10,11,6,0,0,1,0,0,0,0,0
"POINT (11.089467368000044 49.457669831000032)",Unfall 205955 (2021) Kat:3, Licht: 0,205955,3,6,1,10,13,2,0,0,0,1,0,0,0,0
"POINT (11.038681071000042 49.454801530000054)",Unfall 205966 (2021) Kat:2, Licht: 0,205966,2,4,6,10,17,4,0,0,0,1,1,0,0,0
"POINT (11.074947533000056 49.449098941000045)",Unfall 205968 (2021) Kat:3, Licht: 0,205968,3,2,5,10,12,5,0,0,0,1,0,0,0,0
"POINT (11.080222720000052 49.446544566000057)",Unfall 205990 (2021) Kat:3, Licht: 0,205990,3,7,0,11,09,2,0,0,1,0,0,0,0,0
"POINT (11.018524528000057 49.470593055000052)",Unfall 205996 (2021) Kat:3, Licht: 0,205996,3,1,1,11,13,1,0,0,1,0,0,0,1,0
"POINT (11.076897776000067 49.459244412000032)",Unfall 206011 (2021) Kat:3, Licht: 0,206011,3,1,0,11,16,3,1,0,1,0,0,0,0,0
"POINT (11.075598515000024 49.455774847000043)",Unfall 206026 (2021) Kat:3, Licht: 0,206026,3,1,0,11,11,3,0,0,1,0,0,0,0,0
"POINT (11.115386098000045 49.454520557000080)",Unfall 206039 (2021) Kat:3, Licht: 2,206039,3,6,2,11,19,6,1,2,0,1,0,0,0,0
"POINT (11.068148489000066 49.441707705000056)",Unfall 206042 (2021) Kat:3, Licht: 0,206042,3,2,6,11,15,6,0,0,0,1,1,0,0,0
"POINT (11.058794758000033 49.443257439000035)",Unfall 206067 (2021) Kat:3, Licht: 2,206067,3,2,6,11,21,6,0,2,0,1,1,0,0,0
"POINT (11.077211158000068 49.462295117000053)",Unfall 206070 (2021) Kat:2, Licht: 0,206070,2,3,5,11,11,3,0,0,1,1,0,0,0,0
"POINT (11.073419713000021 49.440822225000034)",Unfall 206073 (2021) Kat:3, Licht: 0,206073,3,4,6,11,15,3,1,0,0,1,1,0,0,0
"POINT (11.124520140000072 49.443695037000055)",Unfall 206090 (2021) Kat:3, Licht: 2,206090,3,2,5,11,20,6,0,2,1,0,0,0,0,1
"POINT (11.068425607000052 49.444513315000052)",Unfall 206119 (2021) Kat:2, Licht: 2,206119,2,1,0,11,06,1,0,2,0,0,0,0,0,1
"POINT (11.082338414000048 49.460905839000077)",Unfall 206135 (2021) Kat:2, Licht: 0,206135,2,3,5,11,15,4,0,0,0,1,0,0,0,0
"POINT (11.066536543000041 49.405878027000028)",Unfall 206143 (2021) Kat:3, Licht: 2,206143,3,6,2,11,18,2,0,2,0,1,0,0,0,0
"POINT (11.070159021000052 49.454989833000070)",Unfall 206158 (2021) Kat:3, Licht: 2,206158,3,3,4,11,17,6,1,2,1,1,0,0,0,0
"POINT (11.098586346000047 49.443040409000048)",Unfall 206216 (2021) Kat:3, Licht: 2,206216,3,1,0,11,17,4,0,2,0,0,0,0,0,1
"POINT (11.084358957000063 49.442032607000044)",Unfall 206241 (2021) Kat:3, Licht: 2,206241,3,1,0,11,21,4,0,2,0,0,0,0,0,1
"POINT (11.069739339000023 49.441736526000057)",Unfall 206242 (2021) Kat:3, Licht: 1,206242,3,2,2,11,16,2,0,1,0,1,0,0,1,0
"POINT (11.084588688000053 49.451170401000070)",Unfall 206243 (2021) Kat:2, Licht: 0,206243,2,2,5,11,15,3,1,0,0,1,0,0,0,1
"POINT (11.066179224000052 49.448080880000077)",Unfall 206271 (2021) Kat:2, Licht: 0,206271,2,1,0,11,09,6,0,0,1,0,0,0,0,0
"POINT (11.037078594000036 49.466651701000046)",Unfall 206348 (2021) Kat:3, Licht: 2,206348,3,1,0,11,19,1,1,2,1,0,0,0,0,0
"POINT (11.089277044000028 49.457746287000077)",Unfall 206350 (2021) Kat:3, Licht: 0,206350,3,6,2,11,12,6,0,0,0,1,0,0,0,0
"POINT (11.067875468000068 49.441133249000075)",Unfall 206351 (2021) Kat:3, Licht: 0,206351,3,3,5,11,07,3,0,0,0,1,0,0,0,1
"POINT (11.084072717000026 49.460811491000072)",Unfall 206355 (2021) Kat:3, Licht: 0,206355,3,6,3,11,16,3,0,0,0,1,0,1,0,0
"POINT (11.090088719000050 49.462407443000075)",Unfall 206364 (2021) Kat:3, Licht: 2,206364,3,1,0,11,17,7,0,2,1,0,0,0,0,0
"POINT (11.115310878000059 49.473947489000068)",Unfall 206383 (2021) Kat:3, Licht: 0,206383,3,2,5,11,14,4,0,0,1,1,0,0,0,0
"POINT (11.060270937000041 49.459607030000029)",Unfall 206390 (2021) Kat:3, Licht: 1,206390,3,1,7,11,06,6,1,1,1,1,0,0,0,0
"POINT (11.094007026000043 49.438213338000025)",Unfall 206411 (2021) Kat:3, Licht: 0,206411,3,1,0,11,13,1,0,0,0,0,0,0,0,1
"POINT (11.132392758000037 49.405137435000029)",Unfall 206435 (2021) Kat:3, Licht: 0,206435,3,6,1,11,10,2,0,0,0,1,0,0,0,0
"POINT (11.069930832000068 49.433397260000049)",Unfall 206476 (2021) Kat:3, Licht: 2,206476,3,3,4,11,06,4,0,2,0,1,0,0,0,0
"POINT (11.040225945000032 49.427903091000076)",Unfall 206481 (2021) Kat:3, Licht: 2,206481,3,3,6,11,05,4,1,2,0,1,1,0,0,0
"POINT (11.075536871000054 49.449368433000075)",Unfall 206493 (2021) Kat:3, Licht: 2,206493,3,4,6,11,17,7,0,2,0,1,1,0,0,0
"POINT (10.997335711000062 49.535589436000066)",Unfall 206508 (2021) Kat:3, Licht: 0,206508,3,6,2,11,12,3,0,0,0,1,0,0,0,0
"POINT (11.022902963000035 49.452972588000080)",Unfall 206510 (2021) Kat:3, Licht: 2,206510,3,6,2,11,19,7,1,2,0,1,0,0,0,0
"POINT (11.097395396000024 49.448776291000058)",Unfall 206515 (2021) Kat:3, Licht: 0,206515,3,2,5,11,12,3,0,0,1,1,0,0,0,0
"POINT (11.023608728000056 49.435027619000039)",Unfall 206529 (2021) Kat:3, Licht: 0,206529,3,4,6,11,12,3,1,0,0,0,1,0,0,1
"POINT (11.065530595000041 49.461724711000045)",Unfall 206552 (2021) Kat:3, Licht: 0,206552,3,3,4,11,11,3,0,0,1,1,0,0,0,0
"POINT (11.074855772000035 49.446712078000076)",Unfall 206572 (2021) Kat:3, Licht: 2,206572,3,4,6,11,17,2,1,2,0,1,1,0,0,0
"POINT (11.079367718000071 49.449338575000070)",Unfall 206579 (2021) Kat:3, Licht: 2,206579,3,1,0,11,18,5,0,2,1,0,0,0,0,0
"POINT (11.080057938000039 49.453452275000075)",Unfall 206599 (2021) Kat:3, Licht: 0,206599,3,1,0,11,10,3,0,0,1,0,0,0,0,0
"POINT (11.053873666000072 49.406727174000082)",Unfall 206607 (2021) Kat:3, Licht: 2,206607,3,2,4,11,06,2,0,2,0,1,0,0,0,0
"POINT (11.111887713000044 49.453066628000045)",Unfall 206610 (2021) Kat:3, Licht: 0,206610,3,3,5,11,12,3,0,0,1,1,0,0,0,0
"POINT (11.055564604000040 49.460662938000041)",Unfall 206613 (2021) Kat:3, Licht: 0,206613,3,6,3,11,15,5,0,0,1,1,0,0,0,0
"POINT (11.126743713000053 49.463246215000026)",Unfall 206620 (2021) Kat:3, Licht: 2,206620,3,1,0,11,01,2,0,2,1,0,0,0,0,0
"POINT (11.060685666000040 49.447037818000069)",Unfall 206624 (2021) Kat:3, Licht: 2,206624,3,1,0,11,21,5,0,2,0,0,0,0,0,1
"POINT (11.071654980000062 49.438992615000075)",Unfall 206628 (2021) Kat:2, Licht: 0,206628,2,2,5,11,12,3,0,0,0,1,0,0,0,1
"POINT (11.011362211000062 49.447994788000074)",Unfall 206645 (2021) Kat:3, Licht: 2,206645,3,3,5,11,18,3,1,2,0,1,0,0,0,1
"POINT (11.065784396000026 49.449642214000050)",Unfall 206692 (2021) Kat:2, Licht: 0,206692,2,3,5,11,11,2,0,0,1,1,0,0,0,0
"POINT (11.057187126000031 49.442214129000035)",Unfall 206696 (2021) Kat:3, Licht: 0,206696,3,6,3,11,09,5,0,0,0,1,0,0,1,0
"POINT (11.052179712000054 49.434256914000059)",Unfall 206705 (2021) Kat:3, Licht: 1,206705,3,7,0,11,16,6,0,1,1,0,1,0,0,0
"POINT (11.027237746000026 49.466303034000077)",Unfall 206709 (2021) Kat:3, Licht: 2,206709,3,3,5,11,17,5,0,2,1,1,0,0,0,0
"POINT (11.063548166000032 49.448293841000066)",Unfall 206722 (2021) Kat:3, Licht: 2,206722,3,3,5,11,19,2,0,2,0,1,0,0,0,0
"POINT (11.060727617000055 49.427646481000068)",Unfall 206724 (2021) Kat:3, Licht: 0,206724,3,2,5,11,14,7,0,0,0,1,0,0,0,0
"POINT (11.081967194000072 49.447552940000037)",Unfall 206734 (2021) Kat:3, Licht: 2,206734,3,3,3,11,22,6,1,2,1,1,0,0,0,0
"POINT (11.105313843000033 49.484225803000072)",Unfall 206738 (2021) Kat:3, Licht: 1,206738,3,6,1,11,17,3,0,1,0,1,0,0,0,1
"POINT (11.085122116000036 49.446913670000072)",Unfall 206755 (2021) Kat:3, Licht: 0,206755,3,6,2,11,12,4,0,0,1,1,0,0,0,0
"POINT (11.028256406000025 49.458315157000072)",Unfall 206767 (2021) Kat:3, Licht: 0,206767,3,7,6,11,15,1,0,0,0,1,1,0,0,0
"POINT (11.044621378000045 49.454594341000075)",Unfall 206787 (2021) Kat:3, Licht: 2,206787,3,1,1,11,02,2,0,2,0,1,0,0,0,1
"POINT (11.026079482000057 49.465106392000052)",Unfall 206797 (2021) Kat:3, Licht: 0,206797,3,1,0,10,15,1,0,0,1,0,0,0,0,0
"POINT (11.102372306000063 49.461583393000069)",Unfall 206800 (2021) Kat:3, Licht: 2,206800,3,1,0,11,22,3,1,2,0,0,0,0,0,1
"POINT (11.049602625000034 49.437474615000042)",Unfall 206817 (2021) Kat:3, Licht: 0,206817,3,4,6,11,12,3,0,0,0,1,1,0,0,0
"POINT (11.088868229000070 49.444380745000046)",Unfall 206853 (2021) Kat:3, Licht: 2,206853,3,1,0,11,21,7,1,2,1,0,0,0,0,0
"POINT (11.044627155000057 49.491890439000031)",Unfall 206856 (2021) Kat:3, Licht: 0,206856,3,7,5,11,11,4,0,0,0,1,0,0,0,0
"POINT (11.095798016000060 49.453159558000038)",Unfall 206858 (2021) Kat:2, Licht: 2,206858,2,1,0,11,20,3,1,2,0,0,0,0,0,1
"POINT (11.070568825000066 49.462491571000044)",Unfall 206861 (2021) Kat:3, Licht: 0,206861,3,4,6,11,13,5,0,0,0,1,1,0,0,0
"POINT (11.102891241000066 49.459737483000026)",Unfall 206876 (2021) Kat:3, Licht: 2,206876,3,3,4,11,17,3,0,2,1,1,0,0,0,0
"POINT (11.104762557000072 49.472083992000080)",Unfall 206884 (2021) Kat:3, Licht: 0,206884,3,6,0,11,10,3,1,0,0,0,0,0,0,1
"POINT (11.068316078000066 49.443397689000051)",Unfall 206887 (2021) Kat:3, Licht: 2,206887,3,1,0,11,19,6,1,2,0,0,0,1,0,0
"POINT (11.102233849000072 49.457276797000077)",Unfall 206895 (2021) Kat:3, Licht: 0,206895,3,3,5,11,13,4,0,0,0,1,1,0,0,0
"POINT (11.081938177000040 49.440443823000066)",Unfall 206906 (2021) Kat:3, Licht: 2,206906,3,2,4,11,01,1,0,2,1,1,0,0,0,0
"POINT (11.102437864000024 49.441027672000075)",Unfall 206908 (2021) Kat:3, Licht: 0,206908,3,3,5,11,07,3,0,0,0,1,0,0,0,0
"POINT (11.068876608000039 49.445510906000038)",Unfall 206923 (2021) Kat:3, Licht: 1,206923,3,4,6,11,18,5,0,1,0,0,1,0,0,1
"POINT (11.078925153000057 49.432549212000026)",Unfall 206924 (2021) Kat:3, Licht: 0,206924,3,1,0,11,12,2,1,0,0,0,0,1,0,0
"POINT (11.014906514000074 49.443068065000034)",Unfall 206927 (2021) Kat:3, Licht: 0,206927,3,2,5,11,12,7,1,0,0,1,0,0,0,0
"POINT (11.010171684000056 49.447112046000029)",Unfall 206935 (2021) Kat:3, Licht: 0,206935,3,7,3,11,13,7,0,0,0,1,0,0,0,0
"POINT (11.057943811000030 49.450376951000067)",Unfall 206944 (2021) Kat:3, Licht: 0,206944,3,2,5,11,14,2,1,0,1,1,0,0,0,0
"POINT (11.082023529000026 49.470821657000045)",Unfall 206971 (2021) Kat:3, Licht: 0,206971,3,4,6,11,12,6,0,0,0,1,1,0,0,0
"POINT (11.051752257000032 49.491352326000026)",Unfall 206976 (2021) Kat:2, Licht: 0,206976,2,6,7,11,15,3,0,0,1,0,0,0,0,0
"POINT (11.054719303000070 49.444466697000053)",Unfall 206990 (2021) Kat:3, Licht: 0,206990,3,1,0,11,15,5,1,0,0,0,0,0,0,1
"POINT (11.123361379000073 49.441723565000075)",Unfall 207019 (2021) Kat:3, Licht: 2,207019,3,2,6,11,17,2,1,2,0,1,1,0,0,0
"POINT (11.067516653000041 49.412167214000078)",Unfall 207028 (2021) Kat:3, Licht: 1,207028,3,6,2,12,08,4,1,1,0,1,0,0,0,1
"POINT (11.083380753000029 49.460836657000073)",Unfall 207049 (2021) Kat:3, Licht: 0,207049,3,1,0,12,08,6,1,0,0,0,0,1,0,0
"POINT (11.085418506000053 49.460976483000081)",Unfall 207053 (2021) Kat:3, Licht: 2,207053,3,3,5,12,17,3,0,2,0,1,0,1,0,0
"POINT (11.059777344000054 49.446784762000050)",Unfall 207061 (2021) Kat:3, Licht: 0,207061,3,6,1,12,09,5,1,0,0,1,0,0,0,0
"POINT (11.151439425000035 49.406923030000030)",Unfall 207064 (2021) Kat:3, Licht: 1,207064,3,1,2,12,15,3,1,1,0,1,0,0,0,0
"POINT (11.083054434000076 49.419925917000057)",Unfall 207066 (2021) Kat:3, Licht: 0,207066,3,7,0,11,14,7,0,0,0,0,0,0,0,1
"POINT (11.128269580000051 49.410508258000050)",Unfall 207086 (2021) Kat:3, Licht: 1,207086,3,3,5,12,16,4,0,1,1,1,0,0,0,0
"POINT (11.084974268000053 49.432932978000053)",Unfall 207090 (2021) Kat:3, Licht: 2,207090,3,6,1,12,22,2,1,2,1,1,0,0,0,0
"POINT (11.098387368000033 49.484068507000075)",Unfall 207094 (2021) Kat:3, Licht: 2,207094,3,3,5,12,18,6,0,2,0,1,0,0,0,0
"POINT (11.052954151000051 49.355956821000063)",Unfall 207107 (2021) Kat:3, Licht: 0,207107,3,6,1,12,08,5,0,0,0,1,0,0,0,0
"POINT (11.102369869000029 49.474655800000050)",Unfall 207111 (2021) Kat:3, Licht: 0,207111,3,2,5,12,12,5,1,0,0,1,0,0,0,0
"POINT (11.092455794000045 49.442315980000046)",Unfall 207121 (2021) Kat:3, Licht: 2,207121,3,1,0,12,22,7,1,2,1,0,0,0,0,0
"POINT (11.003133584000068 49.450460991000057)",Unfall 207134 (2021) Kat:3, Licht: 1,207134,3,3,5,12,18,4,1,1,0,1,0,0,0,0
"POINT (11.071266999000045 49.465881101000036)",Unfall 207148 (2021) Kat:3, Licht: 0,207148,3,4,6,12,11,5,1,0,1,0,1,0,0,0
"POINT (11.065226010000060 49.447759575000077)",Unfall 207149 (2021) Kat:2, Licht: 0,207149,2,7,6,12,10,4,1,0,1,0,1,0,0,0
"POINT (11.101132531000076 49.463892080000051)",Unfall 207163 (2021) Kat:3, Licht: 0,207163,3,1,0,11,08,5,0,0,1,0,0,0,0,0
"POINT (11.141067749000058 49.464455601000054)",Unfall 207170 (2021) Kat:3, Licht: 0,207170,3,1,0,12,09,2,2,0,1,0,0,0,0,0
"POINT (11.089600272000041 49.441880630000071)",Unfall 207187 (2021) Kat:3, Licht: 0,207187,3,7,6,12,08,4,1,0,0,0,1,0,0,1
"POINT (11.139249232000054 49.415256041000077)",Unfall 207195 (2021) Kat:3, Licht: 0,207195,3,2,4,12,10,2,0,0,1,1,0,0,0,0
"POINT (11.097668024000029 49.443176002000030)",Unfall 207225 (2021) Kat:3, Licht: 2,207225,3,2,2,12,17,3,1,2,0,1,0,0,0,0
"POINT (11.065380775000051 49.413760895000053)",Unfall 207261 (2021) Kat:3, Licht: 2,207261,3,7,1,12,06,3,0,2,0,1,0,0,0,0
"POINT (11.099337267000067 49.443075662000069)",Unfall 207269 (2021) Kat:3, Licht: 1,207269,3,7,6,12,07,6,0,1,0,1,1,0,0,0
"POINT (11.111323054000025 49.467812288000061)",Unfall 207287 (2021) Kat:3, Licht: 0,207287,3,2,4,12,12,3,1,0,1,1,0,0,0,0
"POINT (11.045194157000026 49.442293240000026)",Unfall 207292 (2021) Kat:2, Licht: 0,207292,2,3,5,12,09,6,1,0,1,1,0,0,0,0
"POINT (11.101719735000074 49.463628252000035)",Unfall 207300 (2021) Kat:3, Licht: 0,207300,3,2,6,12,08,6,1,0,0,1,1,0,0,1
"POINT (11.066290413000047 49.448218075000057)",Unfall 207303 (2021) Kat:3, Licht: 0,207303,3,2,5,12,08,2,1,0,1,1,0,0,0,0
"POINT (11.097732332000021 49.452469876000066)",Unfall 207306 (2021) Kat:3, Licht: 1,207306,3,6,2,12,16,1,1,1,0,1,0,0,0,0
"POINT (11.069999541000072 49.459595134000040)",Unfall 207317 (2021) Kat:3, Licht: 2,207317,3,3,0,12,19,7,0,2,1,1,0,0,0,0
"POINT (11.050986139000031 49.360285992000058)",Unfall 207331 (2021) Kat:3, Licht: 0,207331,3,7,0,12,13,2,0,0,0,1,0,0,0,0
"POINT (11.062669448000065 49.386150379000071)",Unfall 207340 (2021) Kat:3, Licht: 0,207340,3,7,0,11,07,5,0,0,0,0,0,0,1,1
"POINT (11.015631547000055 49.528986773000042)",Unfall 207349 (2021) Kat:2, Licht: 0,207349,2,1,0,12,09,2,2,0,1,0,0,0,0,0
"POINT (11.065450708000071 49.447691169000052)",Unfall 207374 (2021) Kat:3, Licht: 0,207374,3,6,1,12,15,2,0,0,0,1,0,1,0,0
"POINT (11.088438245000077 49.441292576000080)",Unfall 207376 (2021) Kat:2, Licht: 0,207376,2,3,5,12,08,5,1,0,0,1,0,0,0,0
"POINT (11.066296487000045 49.448034154000027)",Unfall 207385 (2021) Kat:3, Licht: 0,207385,3,6,3,12,14,2,0,0,1,0,0,0,0,0
"POINT (11.108296629000051 49.451679722000051)",Unfall 207389 (2021) Kat:3, Licht: 2,207389,3,1,0,12,06,5,1,2,1,0,0,0,0,0
"POINT (11.090468250000072 49.428684873000066)",Unfall 207396 (2021) Kat:3, Licht: 0,207396,3,2,5,12,10,6,0,0,0,1,0,1,0,0
"POINT (11.051370776000056 49.438336916000026)",Unfall 207414 (2021) Kat:3, Licht: 2,207414,3,3,6,12,05,3,0,2,0,1,1,0,0,0
"POINT (11.066620292000039 49.423432809000076)",Unfall 207427 (2021) Kat:3, Licht: 0,207427,3,6,0,11,16,7,0,0,0,1,0,0,0,0
"POINT (11.062537108000072 49.405713102000050)",Unfall 207434 (2021) Kat:3, Licht: 1,207434,3,2,0,12,07,6,2,1,0,1,0,0,0,1
"POINT (11.093980775000034 49.406864869000060)",Unfall 207447 (2021) Kat:3, Licht: 0,207447,3,7,0,12,14,4,1,0,0,0,0,0,0,1
"POINT (11.068025474000024 49.434598065000046)",Unfall 207448 (2021) Kat:3, Licht: 0,207448,3,7,0,12,12,3,0,0,0,0,1,0,0,1
"POINT (11.070515516000057 49.455078697000033)",Unfall 207461 (2021) Kat:3, Licht: 0,207461,3,2,5,12,09,3,0,0,1,1,0,0,0,0
"POINT (11.069815642000037 49.433404967000058)",Unfall 207467 (2021) Kat:3, Licht: 2,207467,3,3,5,11,17,3,1,2,0,1,0,0,0,0
"POINT (11.133412194000073 49.423736470000051)",Unfall 207481 (2021) Kat:3, Licht: 2,207481,3,1,1,12,23,6,0,2,0,1,0,0,1,0
"POINT (11.083349842000075 49.492725482000026)",Unfall 207489 (2021) Kat:3, Licht: 0,207489,3,3,5,11,12,1,0,0,0,1,0,0,0,0
"POINT (11.081983851000075 49.465355435000049)",Unfall 207495 (2021) Kat:3, Licht: 2,207495,3,7,6,12,17,5,1,2,0,1,1,0,0,0
"POINT (11.018962938000072 49.431557210000051)",Unfall 207534 (2021) Kat:3, Licht: 0,207534,3,2,5,12,15,3,0,0,1,1,0,0,0,0
"POINT (11.059122842000022 49.449699910000049)",Unfall 207547 (2021) Kat:3, Licht: 2,207547,3,2,5,12,17,5,1,2,1,1,0,0,0,0
"POINT (11.074389500000052 49.434068017000072)",Unfall 207594 (2021) Kat:3, Licht: 2,207594,3,2,5,12,06,6,0,2,1,1,0,0,0,0
"POINT (11.069364270000051 49.453075150000075)",Unfall 207595 (2021) Kat:3, Licht: 2,207595,3,6,3,11,16,3,1,2,0,1,0,0,0,1
"POINT (11.095548902000075 49.463234177000061)",Unfall 207628 (2021) Kat:3, Licht: 0,207628,3,1,0,11,08,3,1,0,1,0,0,0,0,0
"POINT (11.087076067000055 49.463457399000049)",Unfall 207632 (2021) Kat:3, Licht: 2,207632,3,4,6,12,20,7,1,2,0,0,1,1,0,0
"POINT (11.095496677000028 49.463213021000058)",Unfall 207634 (2021) Kat:3, Licht: 1,207634,3,1,0,11,16,7,1,1,0,0,0,0,0,1
"POINT (11.015927858000055 49.453635766000048)",Unfall 207642 (2021) Kat:3, Licht: 2,207642,3,2,5,11,19,2,1,2,0,1,0,0,0,0
"POINT (11.071573216000047 49.473876195000059)",Unfall 207648 (2021) Kat:3, Licht: 2,207648,3,3,5,12,06,1,0,2,0,1,0,0,0,0
"POINT (11.075339336000070 49.436270053000044)",Unfall 207659 (2021) Kat:3, Licht: 2,207659,3,3,5,12,18,5,1,2,0,1,0,1,0,0
"POINT (11.066570144000025 49.474930881000034)",Unfall 207667 (2021) Kat:3, Licht: 2,207667,3,7,0,12,21,4,0,2,1,0,0,0,0,0
"POINT (11.082131050000044 49.447840306000046)",Unfall 207682 (2021) Kat:3, Licht: 0,207682,3,4,6,11,14,5,0,0,1,0,1,0,0,0
"POINT (11.058241693000070 49.448211781000055)",Unfall 207684 (2021) Kat:3, Licht: 2,207684,3,3,5,12,19,6,0,2,1,1,0,0,0,0
"POINT (11.093294567000044 49.442662513000073)",Unfall 207734 (2021) Kat:3, Licht: 1,207734,3,6,0,12,17,6,0,1,0,0,0,0,0,1
"POINT (11.114854291000029 49.444032613000047)",Unfall 207768 (2021) Kat:3, Licht: 2,207768,3,3,4,12,18,2,0,2,0,1,0,0,0,0
"POINT (11.151391602000047 49.406962655000029)",Unfall 207783 (2021) Kat:3, Licht: 2,207783,3,7,2,12,17,2,0,2,0,1,0,0,0,0
"POINT (11.091084311000031 49.456712318000029)",Unfall 207785 (2021) Kat:3, Licht: 0,207785,3,3,5,12,14,4,0,0,0,1,0,0,0,1
"POINT (11.090647553000053 49.438315593000027)",Unfall 207788 (2021) Kat:3, Licht: 2,207788,3,3,5,12,17,2,1,2,1,1,0,0,0,0
"POINT (11.081526761000077 49.441530810000074)",Unfall 207807 (2021) Kat:3, Licht: 2,207807,3,7,1,12,18,3,1,2,1,1,0,0,0,0
"POINT (11.099151694000057 49.456784529000061)",Unfall 207808 (2021) Kat:3, Licht: 0,207808,3,6,1,12,12,5,1,0,1,1,0,0,0,0