WKT,Name,OBJECTID,UKATEGORIE,UTYP1,UART,UMONAT,USTUNDE,UWOCHENTAG,STRZUSTAND,ULICHTVERH,ISTRAD,ISTPKW,ISTFUSS,ISTKRAD,ISTGKFZ,ISTSONSTIG
"POINT (11.056990319000022 49.446514822000040)",Unfall 207817 (2021) Kat:3, Licht: 1,207817,3,6,2,12,16,2,0,1,0,1,0,0,0,0
"POINT (11.068425051000077 49.443260566000049)",Unfall 207820 (2021) Kat:3, Licht: 1,207820,3,6,3,12,15,5,0,1,0,1,0,0,0,1
"POINT (11.147028698000042 49.410560303000068)",Unfall 207843 (2021) Kat:3, Licht: 0,207843,3,6,2,12,15,4,1,0,0,1,0,0,1,0
"POINT (11.073176500000045 49.441221136000081)",Unfall 207856 (2021) Kat:3, Licht: 2,207856,3,3,5,11,17,7,1,2,0,1,0,0,0,0
"POINT (11.085618296000064 49.450372993000030)",Unfall 207894 (2021) Kat:3, Licht: 2,207894,3,2,3,12,18,2,1,2,1,1,0,0,0,0
"POINT (11.098993121000035 49.462967247000051)",Unfall 207903 (2021) Kat:2, Licht: 0,207903,2,2,5,11,08,5,0,0,1,0,0,0,0,1
"POINT (11.085091704000035 49.436552550000044)",Unfall 207909 (2021) Kat:2, Licht: 2,207909,2,4,6,12,07,3,1,2,0,1,1,0,0,0
"POINT (11.097584686000062 49.446276553000075)",Unfall 207915 (2021) Kat:3, Licht: 0,207915,3,6,2,12,07,5,1,0,0,1,0,0,0,0
"POINT (11.070110150000062 49.460860855000078)",Unfall 207931 (2021) Kat:3, Licht: 0,207931,3,2,0,11,15,7,1,0,1,1,0,1,0,0
"POINT (11.074805149000042 49.445213697000042)",Unfall 207944 (2021) Kat:3, Licht: 2,207944,3,2,3,11,20,2,1,2,0,1,0,0,0,1
"POINT (11.065392456000041 49.461713930000030)",Unfall 207949 (2021) Kat:3, Licht: 2,207949,3,7,5,12,07,2,1,2,0,1,1,0,0,0
"POINT (11.075957867000056 49.441614672000071)",Unfall 207987 (2021) Kat:3, Licht: 2,207987,3,2,4,12,21,6,1,2,0,1,0,0,0,0
"POINT (11.121226039000021 49.475608321000038)",Unfall 207992 (2021) Kat:3, Licht: 0,207992,3,3,5,12,10,2,1,0,0,1,0,0,0,0
"POINT (11.080854215000045 49.445519380000064)",Unfall 208003 (2021) Kat:3, Licht: 2,208003,3,6,2,12,17,4,0,2,0,1,0,0,0,0
"POINT (11.059059247000050 49.457241600000032)",Unfall 208006 (2021) Kat:3, Licht: 2,208006,3,2,6,12,16,4,1,2,0,1,1,0,0,0
"POINT (11.060667213000045 49.427621515000055)",Unfall 208011 (2021) Kat:3, Licht: 2,208011,3,7,0,12,23,6,0,2,0,1,0,0,0,0
"POINT (11.080855531000054 49.457834876000049)",Unfall 208012 (2021) Kat:3, Licht: 0,208012,3,3,6,12,12,6,0,0,0,0,1,0,0,1
"POINT (11.104234849000022 49.486980482000035)",Unfall 208014 (2021) Kat:3, Licht: 2,208014,3,3,5,12,17,5,1,2,1,1,0,0,0,0
"POINT (11.039964187000066 49.422270616000048)",Unfall 208042 (2021) Kat:3, Licht: 2,208042,3,6,1,12,22,2,1,2,0,1,0,0,1,0
"POINT (11.073623162000047 49.455490254000040)",Unfall 208051 (2021) Kat:2, Licht: 0,208051,2,7,6,11,15,2,1,0,0,1,1,0,0,0
"POINT (11.060071575000052 49.484374879000029)",Unfall 208061 (2021) Kat:3, Licht: 0,208061,3,1,0,11,13,1,1,0,1,0,0,0,0,0
"POINT (11.099436266000055 49.438325155000030)",Unfall 208065 (2021) Kat:3, Licht: 0,208065,3,3,5,11,10,3,1,0,0,1,0,0,0,1
"POINT (11.083201048000035 49.436321804000045)",Unfall 208199 (2021) Kat:3, Licht: 0,208199,3,2,5,12,10,6,0,0,0,1,0,0,0,0
"POINT (11.062596720000045 49.448625743000036)",Unfall 208227 (2021) Kat:2, Licht: 0,208227,2,7,0,12,12,5,1,0,0,0,0,0,0,1
"POINT (11.057452057000035 49.349052989000029)",Unfall 208250 (2021) Kat:2, Licht: 0,208250,2,7,5,12,11,5,0,0,1,1,0,0,0,0
"POINT (11.080854808000026 49.450969108000038)",Unfall 208294 (2021) Kat:3, Licht: 0,208294,3,6,4,12,13,6,0,0,0,1,0,0,0,0
"POINT (11.082236619000071 49.462855853000065)",Unfall 208355 (2021) Kat:3, Licht: 0,208355,3,6,2,12,11,5,0,0,0,1,0,0,0,0
"POINT (11.081116671000075 49.440337815000078)",Unfall 208402 (2021) Kat:3, Licht: 0,208402,3,7,0,12,14,4,0,0,0,0,0,0,0,1
"POINT (11.055762649000030 49.443300771000054)",Unfall 208435 (2021) Kat:3, Licht: 0,208435,3,2,5,12,14,2,0,0,0,1,0,1,0,0
"POINT (11.065893293000045 49.449673934000032)",Unfall 208602 (2021) Kat:3, Licht: 2,208602,3,2,5,12,18,5,0,2,1,1,0,0,0,0
"POINT (11.116255719000037 49.403543069000079)",Unfall 208640 (2021) Kat:3, Licht: 1,208640,3,3,5,12,17,4,0,1,1,1,0,0,0,0
"POINT (11.082139450000057 49.488777026000037)",Unfall 208741 (2021) Kat:3, Licht: 1,208741,3,2,5,12,17,3,1,1,1,1,0,0,0,0
"POINT (11.113541631000032 49.453760615000078)",Unfall 208923 (2021) Kat:3, Licht: 2,208923,3,2,5,12,06,3,1,2,0,1,0,0,0,0
"POINT (11.082086613000058 49.464923274000057)",Unfall 209085 (2021) Kat:3, Licht: 1,209085,3,6,1,12,16,4,0,1,0,1,0,0,0,0
"POINT (11.061612230000037 49.365428148000035)",Unfall 209105 (2021) Kat:3, Licht: 2,209105,3,3,5,12,17,5,0,2,0,1,0,0,0,0
"POINT (11.096443923000038 49.407029689000069)",Unfall 209123 (2021) Kat:3, Licht: 0,209123,3,3,5,12,13,6,1,0,1,1,0,0,0,0
"POINT (11.063786133000065 49.448584710000034)",Unfall 209192 (2021) Kat:3, Licht: 2,209192,3,6,2,12,21,7,1,2,0,1,0,0,0,0
"POINT (11.027082049000057 49.466367725000055)",Unfall 236739 (2021) Kat:3, Licht: 0,236739,3,1,0,02,13,5,0,0,1,0,0,0,0,0
"POINT (11.041575151000075 49.462188338000033)",Unfall 236777 (2021) Kat:2, Licht: 0,236777,2,6,4,02,16,1,0,0,1,0,0,0,0,0
"POINT (11.087886414000025 49.452338572000031)",Unfall 236794 (2021) Kat:3, Licht: 0,236794,3,1,0,03,18,6,0,0,1,0,0,0,0,0
"POINT (11.127103287000068 49.462732730000027)",Unfall 236836 (2021) Kat:3, Licht: 0,236836,3,6,4,03,18,3,0,0,1,0,0,0,0,0
"POINT (11.107421714000054 49.435335132000034)",Unfall 236861 (2021) Kat:3, Licht: 0,236861,3,7,6,04,18,1,0,0,1,0,1,0,0,0
"POINT (11.109925091000036 49.392035050000061)",Unfall 236862 (2021) Kat:3, Licht: 0,236862,3,1,0,04,17,1,0,0,1,0,0,0,0,0
"POINT (11.067071903000055 49.454619274000038)",Unfall 236867 (2021) Kat:3, Licht: 1,236867,3,1,0,04,19,3,2,1,1,0,0,0,0,0
"POINT (11.070863332000044 49.456438815000070)",Unfall 236891 (2021) Kat:3, Licht: 0,236891,3,1,8,04,15,7,0,0,1,0,0,0,0,0
"POINT (11.044550337000032 49.461022932000049)",Unfall 236955 (2021) Kat:3, Licht: 0,236955,3,7,6,05,12,3,0,0,1,0,1,0,0,0
"POINT (11.064259504000063 49.383381631000077)",Unfall 236983 (2021) Kat:3, Licht: 0,236983,3,7,0,05,16,2,0,0,1,0,0,0,0,0
"POINT (11.032198791000042 49.379357478000031)",Unfall 236984 (2021) Kat:2, Licht: 1,236984,2,7,0,05,20,2,0,1,1,0,0,0,0,0
"POINT (11.261564787000054 49.451990445000035)",Unfall 237005 (2021) Kat:3, Licht: 0,237005,3,1,0,05,11,7,0,0,1,0,0,0,0,0
"POINT (11.031193077000069 49.416442007000057)",Unfall 237033 (2021) Kat:3, Licht: 0,237033,3,1,0,05,16,2,0,0,1,0,0,0,0,0
"POINT (11.095321185000046 49.451306074000058)",Unfall 237052 (2021) Kat:2, Licht: 0,237052,2,1,3,05,17,1,0,0,1,0,0,0,0,0
"POINT (11.121187052000039 49.432518276000053)",Unfall 237071 (2021) Kat:3, Licht: 0,237071,3,7,6,06,19,3,0,0,1,0,1,0,0,0
"POINT (11.027198356000042 49.456587447000061)",Unfall 237080 (2021) Kat:3, Licht: 0,237080,3,7,0,06,16,4,0,0,1,0,0,0,0,0
"POINT (11.061480037000024 49.372631409000064)",Unfall 237109 (2021) Kat:2, Licht: 0,237109,2,6,2,06,20,6,0,0,1,0,0,0,0,0
"POINT (11.104931424000029 49.474071149000054)",Unfall 237110 (2021) Kat:3, Licht: 0,237110,3,3,5,06,13,6,0,0,1,1,0,0,0,0
"POINT (11.095838215000072 49.475233577000040)",Unfall 237123 (2021) Kat:2, Licht: 0,237123,2,6,2,06,10,2,0,0,1,0,0,0,0,0
"POINT (11.041494681000074 49.462077233000059)",Unfall 237150 (2021) Kat:3, Licht: 0,237150,3,7,6,06,10,7,0,0,1,0,1,0,0,0
"POINT (11.027612467000040 49.466204753000056)",Unfall 237165 (2021) Kat:3, Licht: 0,237165,3,7,0,06,18,1,0,0,1,0,1,0,0,0
"POINT (11.090993610000055 49.451230288000033)",Unfall 237180 (2021) Kat:3, Licht: 0,237180,3,6,2,06,13,2,0,0,1,1,0,0,0,0
"POINT (11.135081746000026 49.434250898000073)",Unfall 237190 (2021) Kat:2, Licht: 0,237190,2,1,0,06,19,3,0,0,1,0,0,0,0,0
"POINT (11.093081241000050 49.387165204000041)",Unfall 237305 (2021) Kat:2, Licht: 0,237305,2,6,4,06,17,2,0,0,1,0,0,0,0,0
"POINT (11.088411298000040 49.451509697000063)",Unfall 237307 (2021) Kat:3, Licht: 0,237307,3,7,0,06,07,3,1,0,1,0,0,0,0,0
"POINT (11.086726372000044 49.452428964000035)",Unfall 237382 (2021) Kat:2, Licht: 0,237382,2,6,4,07,18,7,0,0,1,0,0,0,0,0
"POINT (11.047366724000028 49.460023997000064)",Unfall 237420 (2021) Kat:3, Licht: 0,237420,3,6,3,07,18,5,0,0,1,0,0,0,0,0
"POINT (11.017865704000030 49.430474045000039)",Unfall 237438 (2021) Kat:3, Licht: 0,237438,3,7,0,07,14,7,0,0,1,0,1,0,0,0
"POINT (11.050635653000029 49.457453996000027)",Unfall 237447 (2021) Kat:2, Licht: 0,237447,2,7,7,07,09,1,0,0,1,0,1,0,0,0
"POINT (11.047550118000061 49.459749153000075)",Unfall 237455 (2021) Kat:3, Licht: 0,237455,3,3,5,07,15,2,0,0,1,0,0,0,0,1
"POINT (11.131229236000024 49.397888601000034)",Unfall 237467 (2021) Kat:3, Licht: 0,237467,3,7,1,07,16,3,0,0,1,1,0,0,0,0
"POINT (11.113851141000055 49.458366015000081)",Unfall 237476 (2021) Kat:3, Licht: 2,237476,3,1,0,07,23,4,0,2,1,0,0,0,0,0
"POINT (11.071036604000028 49.456515161000027)",Unfall 237510 (2021) Kat:3, Licht: 0,237510,3,6,4,07,06,6,0,0,1,0,0,0,0,0
"POINT (11.143559755000069 49.411959276000061)",Unfall 237527 (2021) Kat:3, Licht: 0,237527,3,6,4,07,17,7,0,0,1,0,0,0,0,0
"POINT (11.047709667000049 49.459900093000044)",Unfall 237528 (2021) Kat:3, Licht: 2,237528,3,1,0,07,02,7,0,2,1,0,0,0,0,0
"POINT (11.201534824000021 49.422990437000067)",Unfall 237529 (2021) Kat:3, Licht: 0,237529,3,1,0,07,12,7,0,0,1,0,0,0,0,0
"POINT (11.065006107000045 49.456380379000052)",Unfall 237547 (2021) Kat:3, Licht: 0,237547,3,1,0,07,14,3,1,0,1,0,0,0,0,0
"POINT (11.083948673000066 49.465141924000079)",Unfall 237575 (2021) Kat:3, Licht: 0,237575,3,7,0,07,08,6,0,0,1,0,0,0,0,1
"POINT (11.088631505000023 49.454866967000044)",Unfall 237584 (2021) Kat:2, Licht: 0,237584,2,1,0,08,15,1,0,0,1,0,0,0,0,0
"POINT (11.103644930000030 49.443306304000032)",Unfall 237590 (2021) Kat:3, Licht: 0,237590,3,3,5,08,16,2,0,0,1,1,0,0,0,0
"POINT (11.087304871000072 49.370458753000037)",Unfall 237619 (2021) Kat:3, Licht: 0,237619,3,1,0,08,10,1,0,0,1,0,0,0,0,0
"POINT (11.126552887000059 49.450463240000033)",Unfall 237663 (2021) Kat:3, Licht: 0,237663,3,6,4,08,20,5,0,0,1,0,0,0,0,0
"POINT (11.124271224000040 49.458346035000034)",Unfall 237760 (2021) Kat:3, Licht: 0,237760,3,6,3,08,19,3,0,0,1,0,0,0,0,0
"POINT (11.041545441000039 49.462195977000079)",Unfall 237773 (2021) Kat:3, Licht: 0,237773,3,1,0,08,16,4,0,0,1,0,0,0,0,0
"POINT (11.107569793000039 49.442030571000032)",Unfall 237872 (2021) Kat:3, Licht: 0,237872,3,1,0,09,13,2,0,0,1,0,0,0,0,0
"POINT (11.019121185000074 49.430127958000071)",Unfall 237932 (2021) Kat:2, Licht: 0,237932,2,7,0,09,16,2,0,0,1,0,0,0,0,0
"POINT (11.107312935000039 49.457521370000052)",Unfall 237937 (2021) Kat:3, Licht: 0,237937,3,1,0,09,16,3,0,0,1,0,0,0,0,0
"POINT (11.097697696000068 49.451396890000069)",Unfall 237942 (2021) Kat:3, Licht: 0,237942,3,3,5,09,08,5,0,0,1,0,0,0,0,0
"POINT (11.114355464000027 49.509452303000046)",Unfall 237951 (2021) Kat:3, Licht: 0,237951,3,1,0,09,16,7,0,0,1,0,0,0,0,0
"POINT (11.086884314000031 49.454157170000030)",Unfall 237954 (2021) Kat:3, Licht: 0,237954,3,6,3,09,15,1,0,0,1,0,0,0,0,0
"POINT (11.105839934000073 49.447730872000079)",Unfall 238004 (2021) Kat:2, Licht: 0,238004,2,7,0,09,17,1,0,0,1,0,0,0,0,0
"POINT (11.073887034000052 49.457989711000039)",Unfall 238026 (2021) Kat:3, Licht: 2,238026,3,1,0,09,20,5,0,2,1,0,0,0,0,0
"POINT (11.103631345000053 49.443307336000032)",Unfall 238084 (2021) Kat:3, Licht: 0,238084,3,3,5,10,13,7,0,0,1,0,0,1,0,0
"POINT (11.100795652000045 49.454562318000058)",Unfall 238125 (2021) Kat:3, Licht: 2,238125,3,7,0,10,18,5,1,2,1,0,0,0,0,0
"POINT (11.060190569000042 49.461809159000040)",Unfall 238167 (2021) Kat:3, Licht: 0,238167,3,7,0,11,09,6,0,0,1,0,0,0,0,0
"POINT (11.008445037000058 49.429359569000042)",Unfall 238185 (2021) Kat:3, Licht: 2,238185,3,7,7,12,07,5,1,2,1,0,1,0,0,0
"POINT (11.041747971000101 49.456363377000102)",Unfall 95199 (2022) Kat:3, Licht: 2,95199,3,7,6,01,20,1,0,2,0,1,1,0,0,0
"POINT (11.048995449000101 49.364747570000098)",Unfall 95317 (2022) Kat:3, Licht: 2,95317,3,2,5,01,18,2,0,2,0,1,0,1,0,0
"POINT (11.057818365999999 49.485573031000101)",Unfall 95654 (2022) Kat:3, Licht: 0,95654,3,6,2,01,15,7,0,0,0,1,0,0,0,0
"POINT (11.159400612000100 49.421045966000101)",Unfall 95872 (2022) Kat:3, Licht: 2,95872,3,6,2,01,06,7,2,2,0,1,0,0,1,0
"POINT (11.182971449000000 49.392413795000003)",Unfall 96076 (2022) Kat:2, Licht: 0,96076,2,6,2,01,12,1,0,0,0,1,0,0,0,0
"POINT (11.171225891000100 49.391327593000000)",Unfall 96275 (2022) Kat:2, Licht: 2,96275,2,1,9,01,05,6,1,2,0,1,0,0,0,0
"POINT (11.071105806000000 49.469611882000002)",Unfall 96354 (2022) Kat:2, Licht: 2,96354,2,4,6,01,18,3,1,2,0,1,1,0,0,0
"POINT (11.107528136000001 49.418058266000102)",Unfall 96536 (2022) Kat:3, Licht: 0,96536,3,2,5,01,14,7,0,0,1,1,0,0,0,0
"POINT (11.086312949000000 49.429151973000003)",Unfall 96630 (2022) Kat:3, Licht: 0,96630,3,7,2,01,11,5,0,0,0,1,0,0,0,1
"POINT (11.127778369000101 49.458553887000100)",Unfall 96634 (2022) Kat:3, Licht: 0,96634,3,2,5,01,14,6,1,0,0,1,0,0,0,0
"POINT (11.102612676000000 49.471896496000099)",Unfall 96685 (2022) Kat:2, Licht: 0,96685,2,4,6,01,13,4,0,0,0,1,1,0,0,0
"POINT (11.036367532000000 49.457303435000000)",Unfall 96715 (2022) Kat:2, Licht: 2,96715,2,2,5,01,06,3,1,2,1,1,0,0,0,0
"POINT (11.107594651000101 49.394843764000001)",Unfall 96775 (2022) Kat:3, Licht: 0,96775,3,6,3,01,10,3,0,0,0,1,0,0,0,1
"POINT (11.037679523000101 49.397481870000000)",Unfall 96819 (2022) Kat:2, Licht: 0,96819,2,2,6,01,12,6,0,0,0,1,1,0,0,0
"POINT (11.099707341000100 49.468982431000001)",Unfall 96860 (2022) Kat:3, Licht: 0,96860,3,6,2,02,13,4,0,0,0,1,0,0,0,0
"POINT (11.073278506000101 49.429873654000097)",Unfall 96873 (2022) Kat:3, Licht: 0,96873,3,6,3,01,07,2,0,0,0,1,0,0,0,0
"POINT (11.012401187000000 49.465343105999999)",Unfall 96891 (2022) Kat:3, Licht: 2,96891,3,2,6,01,05,6,1,2,0,1,1,0,0,0
"POINT (11.110070330999999 49.508461658000002)",Unfall 96966 (2022) Kat:2, Licht: 2,96966,2,6,3,01,21,4,1,2,0,1,0,0,1,0
"POINT (11.035035890000101 49.409218800000097)",Unfall 96972 (2022) Kat:3, Licht: 0,96972,3,6,2,01,12,2,0,0,0,1,0,0,0,0
"POINT (11.118482178000001 49.437686402000097)",Unfall 96986 (2022) Kat:3, Licht: 0,96986,3,1,1,01,08,2,1,0,0,1,0,0,0,0
"POINT (11.069610330000000 49.338622199000000)",Unfall 96995 (2022) Kat:3, Licht: 0,96995,3,6,2,01,08,3,0,0,0,1,0,0,0,0
"POINT (11.118986678000100 49.464638039000100)",Unfall 97029 (2022) Kat:3, Licht: 2,97029,3,1,0,01,21,6,1,2,1,0,0,0,0,0
"POINT (11.105886593999999 49.460622977000099)",Unfall 97050 (2022) Kat:3, Licht: 2,97050,3,2,6,02,05,6,0,2,0,1,1,0,0,0
"POINT (11.041055049000001 49.374597801000000)",Unfall 97081 (2022) Kat:3, Licht: 2,97081,3,2,5,01,07,2,1,2,0,1,0,0,0,0
"POINT (11.203654967000000 49.419979040999998)",Unfall 97151 (2022) Kat:3, Licht: 0,97151,3,6,2,01,10,6,0,0,0,1,0,0,0,0
"POINT (11.063335325000001 49.467793004999997)",Unfall 97168 (2022) Kat:3, Licht: 0,97168,3,3,5,01,12,3,0,0,0,1,0,0,0,0
"POINT (11.102796296000101 49.471850637999999)",Unfall 97202 (2022) Kat:2, Licht: 0,97202,2,2,5,02,14,4,0,0,1,1,0,0,0,0
"POINT (11.036346870999999 49.457169742000097)",Unfall 97215 (2022) Kat:2, Licht: 0,97215,2,2,6,01,15,7,0,0,0,1,1,0,0,0
"POINT (11.052398544000001 49.493154029000003)",Unfall 97234 (2022) Kat:3, Licht: 0,97234,3,6,2,02,13,3,1,0,0,1,0,0,0,0
"POINT (11.103251257000100 49.430926359000097)",Unfall 97314 (2022) Kat:3, Licht: 1,97314,3,6,2,02,16,4,0,1,0,1,0,0,0,0
"POINT (11.039855749000001 49.453828010999999)",Unfall 97355 (2022) Kat:3, Licht: 2,97355,3,6,2,01,06,3,1,2,0,1,0,0,0,0
"POINT (11.113372732000100 49.360053665000102)",Unfall 97381 (2022) Kat:3, Licht: 0,97381,3,6,2,02,14,4,0,0,0,1,0,0,1,0
"POINT (11.058028607000001 49.442957612999997)",Unfall 97395 (2022) Kat:3, Licht: 2,97395,3,6,1,01,20,2,0,2,0,1,0,0,0,0
"POINT (11.036126485000100 49.446939830000098)",Unfall 97447 (2022) Kat:3, Licht: 2,97447,3,6,2,01,18,2,0,2,0,1,0,0,0,0
"POINT (11.114235114000101 49.360765948000100)",Unfall 97503 (2022) Kat:2, Licht: 2,97503,2,6,3,01,06,3,1,2,0,1,0,0,1,0
"POINT (11.036962868000000 49.457109468000098)",Unfall 97512 (2022) Kat:3, Licht: 1,97512,3,6,1,02,17,3,1,1,0,1,0,0,0,0
"POINT (11.040428120000101 49.375775740999998)",Unfall 97563 (2022) Kat:3, Licht: 2,97563,3,6,1,01,20,6,0,2,0,1,0,0,0,0
"POINT (11.122103665999999 49.445272139000103)",Unfall 97580 (2022) Kat:3, Licht: 2,97580,3,2,5,01,17,3,0,2,0,1,0,0,0,1
"POINT (10.994190723000001 49.437459502000102)",Unfall 97700 (2022) Kat:3, Licht: 2,97700,3,2,4,01,06,3,0,2,0,1,0,0,0,0
"POINT (11.096227305000101 49.431239618000099)",Unfall 97810 (2022) Kat:2, Licht: 2,97810,2,2,5,02,19,5,0,2,1,1,0,0,0,0
"POINT (11.103053598000001 49.463974401000002)",Unfall 97817 (2022) Kat:3, Licht: 0,97817,3,3,5,01,08,5,1,0,0,1,0,0,0,0
"POINT (11.047352118999999 49.430043701000002)",Unfall 97872 (2022) Kat:2, Licht: 2,97872,2,4,6,01,17,3,0,2,0,1,1,0,0,0
"POINT (11.105930047000101 49.460639415999999)",Unfall 97980 (2022) Kat:3, Licht: 2,97980,3,3,5,01,20,1,0,2,0,1,0,0,0,0
"POINT (11.108017113000100 49.459668250000000)",Unfall 98042 (2022) Kat:3, Licht: 2,98042,3,6,2,03,19,1,0,2,0,1,0,0,0,0
"POINT (11.037475073000101 49.456942386999998)",Unfall 98078 (2022) Kat:3, Licht: 2,98078,3,3,5,02,19,6,1,2,1,0,0,0,0,0
"POINT (11.074747868999999 49.469428215999997)",Unfall 98112 (2022) Kat:2, Licht: 2,98112,2,6,4,02,00,2,0,2,0,1,0,0,0,1
"POINT (11.071610363000000 49.429758716000002)",Unfall 98114 (2022) Kat:3, Licht: 0,98114,3,2,5,03,09,4,0,0,0,1,0,0,1,0
"POINT (11.186212557999999 49.393162648000001)",Unfall 98118 (2022) Kat:3, Licht: 1,98118,3,6,2,02,06,3,1,1,0,1,0,0,0,1
"POINT (11.036298134000001 49.439236690000001)",Unfall 98123 (2022) Kat:3, Licht: 0,98123,3,6,2,02,14,4,0,0,0,1,0,0,0,0
"POINT (11.037917462000101 49.396522559000097)",Unfall 98130 (2022) Kat:3, Licht: 0,98130,3,3,3,03,16,5,0,0,1,1,0,0,0,0
"POINT (11.036171900999999 49.447191206000099)",Unfall 98200 (2022) Kat:3, Licht: 0,98200,3,6,2,02,13,7,0,0,0,1,0,0,0,0
"POINT (11.015478842000100 49.441212339000103)",Unfall 98211 (2022) Kat:3, Licht: 0,98211,3,6,2,02,10,6,0,0,0,1,0,0,0,0
"POINT (11.067355749000100 49.416307135000103)",Unfall 98389 (2022) Kat:3, Licht: 2,98389,3,6,2,02,05,2,1,2,0,1,0,0,0,0
"POINT (11.036443610999999 49.416424279000097)",Unfall 98485 (2022) Kat:3, Licht: 0,98485,3,6,2,02,15,2,0,0,0,1,0,0,0,0
"POINT (10.994190723000001 49.437459502000102)",Unfall 98645 (2022) Kat:3, Licht: 0,98645,3,3,5,02,14,4,0,0,1,1,0,0,0,0
"POINT (11.072469478000100 49.469455992000100)",Unfall 98674 (2022) Kat:2, Licht: 0,98674,2,6,2,02,12,2,0,0,0,1,0,0,1,0
"POINT (11.036340803000000 49.400973586000099)",Unfall 98677 (2022) Kat:3, Licht: 0,98677,3,3,5,02,12,5,0,0,1,1,0,0,0,0
"POINT (11.036417411000100 49.439065567000100)",Unfall 98688 (2022) Kat:3, Licht: 2,98688,3,3,5,02,06,4,0,2,1,1,0,0,0,0
"POINT (11.135744434999999 49.461624931000102)",Unfall 98759 (2022) Kat:3, Licht: 0,98759,3,3,5,02,11,5,0,0,0,1,1,0,0,0
"POINT (11.107627256000100 49.418100451000001)",Unfall 98777 (2022) Kat:2, Licht: 2,98777,2,1,0,03,20,4,0,2,0,0,0,1,0,0
"POINT (11.163575263000000 49.406909025000097)",Unfall 98932 (2022) Kat:3, Licht: 2,98932,3,2,6,02,18,3,1,2,0,1,1,0,0,0
"POINT (11.012401187000000 49.465343105999999)",Unfall 98968 (2022) Kat:3, Licht: 0,98968,3,3,5,02,10,7,0,0,0,1,0,0,0,0
"POINT (11.031181543000100 49.441442426999998)",Unfall 99011 (2022) Kat:3, Licht: 2,99011,3,3,6,02,06,4,1,2,1,0,1,0,0,0
"POINT (11.110638144000101 49.459835677999997)",Unfall 99021 (2022) Kat:3, Licht: 0,99021,3,6,2,03,12,3,0,0,0,1,0,0,0,0
"POINT (11.073251185000100 49.385220790000098)",Unfall 99033 (2022) Kat:3, Licht: 0,99033,3,6,2,02,18,5,0,0,0,1,0,0,0,1
"POINT (11.100722974000099 49.395070369000102)",Unfall 99048 (2022) Kat:3, Licht: 0,99048,3,6,8,02,11,3,0,0,0,1,0,0,1,1
"POINT (11.113044855000100 49.412608211000098)",Unfall 99051 (2022) Kat:3, Licht: 2,99051,3,1,0,03,19,6,0,2,1,0,0,0,0,0
"POINT (11.035059994999999 49.406103410000100)",Unfall 99064 (2022) Kat:3, Licht: 1,99064,3,3,5,02,19,4,0,1,1,1,0,0,0,0
"POINT (11.057710440000101 49.350039504999998)",Unfall 99103 (2022) Kat:3, Licht: 0,99103,3,3,1,02,09,2,0,0,1,1,0,0,0,0
"POINT (11.129414760000000 49.458953886000103)",Unfall 99124 (2022) Kat:3, Licht: 0,99124,3,1,1,02,15,3,0,0,0,1,0,0,0,0
"POINT (11.062820655000101 49.436500514000002)",Unfall 99140 (2022) Kat:3, Licht: 2,99140,3,6,2,02,05,3,1,2,0,1,0,0,0,0
"POINT (11.067536303000100 49.428749552000099)",Unfall 99158 (2022) Kat:3, Licht: 0,99158,3,6,1,02,13,4,0,0,0,1,0,0,0,1
"POINT (11.031310271000100 49.441426919999998)",Unfall 99268 (2022) Kat:3, Licht: 2,99268,3,3,5,02,22,2,0,2,1,1,0,0,0,0
"POINT (11.152948405000100 49.416326019000103)",Unfall 99286 (2022) Kat:3, Licht: 2,99286,3,3,5,02,17,5,1,2,0,1,0,0,0,0
"POINT (11.067784895000001 49.337781882000101)",Unfall 99302 (2022) Kat:3, Licht: 2,99302,3,6,2,02,06,2,1,2,0,1,0,0,0,0
"POINT (11.044948681000101 49.458692706000100)",Unfall 99325 (2022) Kat:3, Licht: 2,99325,3,2,3,03,20,3,1,2,0,1,0,0,0,1
"POINT (11.090362380000000 49.470361484000101)",Unfall 99327 (2022) Kat:2, Licht: 0,99327,2,1,0,03,17,5,1,0,1,0,0,0,0,0
"POINT (11.041218936000099 49.455715559000097)",Unfall 99415 (2022) Kat:2, Licht: 0,99415,2,3,5,04,17,4,0,0,1,1,0,0,0,0
"POINT (10.994102390000000 49.437407380000103)",Unfall 99432 (2022) Kat:3, Licht: 0,99432,3,2,5,03,11,6,0,0,1,1,0,0,0,0
"POINT (11.038187596000100 49.434058811000099)",Unfall 99455 (2022) Kat:3, Licht: 0,99455,3,6,2,03,17,1,0,0,0,1,0,0,0,0
"POINT (11.105878787000099 49.460509334999998)",Unfall 99484 (2022) Kat:3, Licht: 0,99484,3,3,5,04,05,7,1,0,0,1,0,0,0,0
"POINT (11.113712860000000 49.459701578000100)",Unfall 99550 (2022) Kat:3, Licht: 0,99550,3,6,4,03,09,6,0,0,1,0,0,0,0,0
"POINT (11.082700242000000 49.430061659000003)",Unfall 99567 (2022) Kat:3, Licht: 0,99567,3,1,0,03,10,4,0,0,1,0,0,0,0,0
"POINT (11.060753530000101 49.480521379000002)",Unfall 99652 (2022) Kat:3, Licht: 0,99652,3,1,9,03,09,3,0,0,0,1,0,0,0,0