WKT,Name,OBJECTID,UKATEGORIE,UTYP1,UART,UMONAT,USTUNDE,UWOCHENTAG,STRZUSTAND,ULICHTVERH,ISTRAD,ISTPKW,ISTFUSS,ISTKRAD,ISTGKFZ,ISTSONSTIG
"POINT (11.099448132000100 49.468716708000002)",Unfall 99657 (2022) Kat:3, Licht: 0,99657,3,6,2,03,07,4,1,0,1,1,0,0,0,0
"POINT (11.061577136000000 49.441326882000098)",Unfall 99668 (2022) Kat:3, Licht: 0,99668,3,6,2,03,13,7,1,0,0,1,0,0,0,0
"POINT (11.114250810000000 49.459514198000100)",Unfall 99764 (2022) Kat:3, Licht: 0,99764,3,3,5,03,16,6,0,0,1,1,0,0,0,0
"POINT (11.040056925000000 49.454348107000001)",Unfall 99782 (2022) Kat:2, Licht: 2,99782,2,7,6,03,18,3,0,2,1,0,1,0,0,0
"POINT (11.044931920000099 49.502818441000002)",Unfall 99807 (2022) Kat:3, Licht: 0,99807,3,6,2,03,11,5,0,0,0,1,0,1,0,0
"POINT (11.038100963000000 49.451549257000103)",Unfall 99835 (2022) Kat:3, Licht: 0,99835,3,6,3,04,09,5,0,0,0,1,0,0,1,0
"POINT (11.044653393000001 49.429859567000101)",Unfall 99897 (2022) Kat:3, Licht: 0,99897,3,2,5,03,11,4,0,0,0,1,0,0,0,0
"POINT (11.102814168000100 49.471869396999999)",Unfall 99915 (2022) Kat:3, Licht: 0,99915,3,1,2,03,14,3,1,0,0,1,0,0,0,0
"POINT (11.118307840000099 49.456042435000001)",Unfall 99949 (2022) Kat:3, Licht: 0,99949,3,6,6,03,06,2,0,0,1,0,1,0,0,0
"POINT (11.037780056000001 49.423066219000098)",Unfall 99979 (2022) Kat:3, Licht: 2,99979,3,3,5,03,18,6,0,2,0,1,0,0,0,0
"POINT (11.043394514000100 49.428296158000101)",Unfall 100035 (2022) Kat:3, Licht: 0,100035,3,7,0,03,11,2,0,0,0,1,0,0,0,0
"POINT (11.035455560000100 49.402626855999998)",Unfall 100040 (2022) Kat:3, Licht: 2,100040,3,1,0,03,01,7,0,2,1,0,0,0,0,0
"POINT (11.125498361000000 49.466874783000002)",Unfall 100082 (2022) Kat:3, Licht: 2,100082,3,3,4,03,21,7,0,2,0,1,0,0,0,0
"POINT (11.036776071000100 49.400170946000102)",Unfall 100090 (2022) Kat:3, Licht: 2,100090,3,7,8,04,21,6,1,2,0,1,0,0,0,0
"POINT (11.043451186000000 49.429957985999998)",Unfall 100097 (2022) Kat:3, Licht: 2,100097,3,2,5,04,22,4,0,2,0,1,0,1,0,0
"POINT (11.082119441000000 49.469411672000000)",Unfall 100179 (2022) Kat:3, Licht: 0,100179,3,1,0,03,10,5,0,0,0,0,0,0,0,1
"POINT (11.039755338000100 49.453974009000000)",Unfall 100185 (2022) Kat:3, Licht: 0,100185,3,3,5,04,15,4,0,0,1,0,0,0,0,0
"POINT (11.067346817000001 49.469332025000000)",Unfall 100266 (2022) Kat:3, Licht: 0,100266,3,1,1,03,16,2,0,0,0,1,0,0,0,0
"POINT (11.118477024000100 49.455804672000099)",Unfall 100273 (2022) Kat:2, Licht: 0,100273,2,3,5,03,08,6,0,0,1,1,0,0,0,0
"POINT (11.114065950000100 49.459440864000001)",Unfall 100306 (2022) Kat:3, Licht: 2,100306,3,7,0,03,22,6,0,2,0,0,0,0,0,1
"POINT (11.121270989999999 49.442744844000103)",Unfall 100314 (2022) Kat:3, Licht: 0,100314,3,6,2,03,07,2,0,0,0,1,0,1,0,0
"POINT (11.116191903000100 49.463331224999997)",Unfall 100346 (2022) Kat:3, Licht: 0,100346,3,1,1,03,14,5,0,0,0,1,0,0,0,0
"POINT (11.042475614000100 49.456964183000103)",Unfall 100347 (2022) Kat:3, Licht: 0,100347,3,1,0,04,17,6,1,0,0,0,0,1,0,0
"POINT (11.016038124000000 49.439895358000101)",Unfall 100348 (2022) Kat:3, Licht: 2,100348,3,1,0,03,20,7,0,2,0,0,0,1,0,0
"POINT (11.035047400000099 49.404903095000101)",Unfall 100402 (2022) Kat:3, Licht: 0,100402,3,3,5,03,16,2,0,0,1,1,0,0,0,0
"POINT (11.132981849000000 49.460866661000097)",Unfall 100460 (2022) Kat:2, Licht: 0,100460,2,7,6,03,15,3,0,0,0,1,1,0,0,0
"POINT (11.153809323000100 49.416501773000000)",Unfall 100527 (2022) Kat:3, Licht: 0,100527,3,6,2,04,14,5,0,0,0,1,0,0,1,0
"POINT (11.049190652000000 49.364310426000003)",Unfall 100546 (2022) Kat:3, Licht: 0,100546,3,3,0,03,13,2,0,0,0,1,1,0,0,0
"POINT (11.049557331000100 49.430112426999997)",Unfall 100557 (2022) Kat:3, Licht: 0,100557,3,2,4,03,15,5,0,0,0,1,0,0,0,0
"POINT (11.044035284000101 49.369979358000101)",Unfall 100563 (2022) Kat:3, Licht: 0,100563,3,6,2,04,07,4,1,0,0,1,0,0,0,0
"POINT (11.032301632999999 49.386896350000001)",Unfall 100605 (2022) Kat:2, Licht: 0,100605,2,1,8,03,15,1,0,0,0,1,0,0,0,0
"POINT (11.048241173000100 49.366222039000000)",Unfall 100638 (2022) Kat:3, Licht: 0,100638,3,3,5,03,11,4,1,0,1,1,0,0,0,0
"POINT (11.103430608000100 49.472906428999998)",Unfall 100698 (2022) Kat:3, Licht: 0,100698,3,3,5,04,13,5,0,0,1,1,0,0,0,0
"POINT (11.105497689000099 49.461226744000001)",Unfall 100720 (2022) Kat:3, Licht: 0,100720,3,6,2,03,12,5,0,0,0,1,0,0,0,0
"POINT (11.077646074000000 49.342047217000101)",Unfall 100721 (2022) Kat:3, Licht: 1,100721,3,6,3,04,19,6,1,1,0,1,0,0,1,0
"POINT (11.135675757000101 49.461614722000000)",Unfall 100725 (2022) Kat:3, Licht: 0,100725,3,1,0,03,16,7,0,0,1,0,0,0,0,0
"POINT (11.062681334000001 49.476955186000097)",Unfall 100731 (2022) Kat:2, Licht: 0,100731,2,4,5,04,14,6,1,0,0,0,1,0,0,1
"POINT (11.022340895000101 49.418450825999997)",Unfall 100736 (2022) Kat:3, Licht: 0,100736,3,3,5,03,09,2,1,0,1,1,0,0,0,0
"POINT (11.041135358000099 49.455602114000001)",Unfall 100819 (2022) Kat:3, Licht: 0,100819,3,2,5,04,13,6,1,0,1,1,0,0,0,0
"POINT (11.030943893000000 49.420755215000000)",Unfall 100853 (2022) Kat:3, Licht: 0,100853,3,7,9,03,14,6,0,0,0,1,0,0,0,0
"POINT (11.043507084000099 49.457675935000097)",Unfall 100917 (2022) Kat:3, Licht: 1,100917,3,1,0,04,06,4,1,1,1,0,0,0,0,0
"POINT (11.143978343000100 49.427569807000097)",Unfall 100929 (2022) Kat:3, Licht: 0,100929,3,6,2,03,18,1,0,0,0,1,0,0,0,0
"POINT (11.102460865000101 49.471498564999997)",Unfall 100946 (2022) Kat:3, Licht: 1,100946,3,6,2,03,19,7,0,1,0,1,0,0,0,0
"POINT (11.041218936000099 49.455715559000097)",Unfall 101040 (2022) Kat:3, Licht: 2,101040,3,6,2,03,20,5,0,2,0,1,0,0,0,0
"POINT (11.051126263000100 49.463224604000096)",Unfall 101135 (2022) Kat:3, Licht: 2,101135,3,2,5,04,22,6,1,2,0,1,1,0,0,0
"POINT (11.044971691000100 49.458708297999998)",Unfall 101247 (2022) Kat:2, Licht: 2,101247,2,1,0,04,22,5,0,2,1,0,0,0,0,0
"POINT (11.036189634999999 49.457220187000097)",Unfall 101349 (2022) Kat:3, Licht: 2,101349,3,3,5,05,22,7,0,2,0,1,0,0,0,1
"POINT (11.040372910000000 49.381547474999998)",Unfall 101356 (2022) Kat:3, Licht: 0,101356,3,6,2,04,16,4,0,0,0,1,0,0,0,0
"POINT (11.042816738000100 49.427514963000100)",Unfall 101376 (2022) Kat:3, Licht: 0,101376,3,1,0,04,18,7,0,0,0,0,0,0,0,1
"POINT (11.115716514000001 49.481470269000098)",Unfall 101402 (2022) Kat:3, Licht: 0,101402,3,6,1,05,15,2,0,0,0,1,0,0,0,0
"POINT (11.067575800000000 49.428611891000102)",Unfall 101420 (2022) Kat:3, Licht: 2,101420,3,6,2,05,22,4,0,2,0,1,0,1,0,0
"POINT (11.034646834000100 49.413412767000104)",Unfall 101426 (2022) Kat:3, Licht: 1,101426,3,6,2,04,05,3,1,1,0,1,0,0,0,0
"POINT (11.045671385000000 49.429893784999997)",Unfall 101455 (2022) Kat:3, Licht: 0,101455,3,1,0,05,16,4,1,0,1,0,0,0,0,0
"POINT (11.118138719000100 49.401936761999998)",Unfall 101470 (2022) Kat:3, Licht: 0,101470,3,1,0,04,16,1,0,0,0,0,0,0,0,1
"POINT (11.159498193999999 49.421011943000103)",Unfall 101475 (2022) Kat:3, Licht: 0,101475,3,6,2,05,12,6,0,0,0,1,0,0,0,0
"POINT (11.083222713000101 49.393576535000101)",Unfall 101497 (2022) Kat:2, Licht: 0,101497,2,7,4,04,08,7,0,0,0,1,0,0,0,0
"POINT (11.103611513000001 49.429142193000096)",Unfall 101514 (2022) Kat:3, Licht: 0,101514,3,6,1,04,13,2,0,0,0,1,0,0,0,1
"POINT (11.114246674000100 49.391608106000000)",Unfall 101548 (2022) Kat:2, Licht: 0,101548,2,1,8,05,09,1,0,0,0,0,0,1,0,0
"POINT (11.121404577000000 49.452896551000002)",Unfall 101562 (2022) Kat:3, Licht: 2,101562,3,3,5,05,22,6,0,2,0,1,0,0,0,0
"POINT (11.073017557000099 49.418785317000101)",Unfall 101584 (2022) Kat:2, Licht: 0,101584,2,1,0,05,13,5,0,0,0,0,0,1,0,0
"POINT (11.035993489000100 49.440767581000003)",Unfall 101600 (2022) Kat:3, Licht: 0,101600,3,3,5,04,15,5,0,0,1,0,0,0,1,0
"POINT (11.101788420000000 49.431275417999998)",Unfall 101623 (2022) Kat:3, Licht: 1,101623,3,3,5,05,05,3,0,1,1,1,0,0,0,0
"POINT (11.038610664000000 49.424114475000103)",Unfall 101627 (2022) Kat:3, Licht: 0,101627,3,1,0,04,14,6,0,0,1,0,0,0,0,0
"POINT (11.035992244000100 49.440694606000100)",Unfall 101641 (2022) Kat:3, Licht: 0,101641,3,3,0,05,11,6,0,0,1,0,0,0,0,1
"POINT (11.137737248000100 49.461985546000101)",Unfall 101670 (2022) Kat:3, Licht: 0,101670,3,2,4,04,19,6,0,0,1,1,0,0,0,0
"POINT (11.086450336000000 49.429155137000102)",Unfall 101708 (2022) Kat:3, Licht: 0,101708,3,2,5,04,12,4,0,0,1,0,0,0,1,0
"POINT (11.152811069000100 49.465312073000099)",Unfall 101737 (2022) Kat:3, Licht: 0,101737,3,5,0,04,11,7,0,0,0,1,0,0,0,0
"POINT (11.004893534000100 49.440008170000098)",Unfall 101751 (2022) Kat:3, Licht: 0,101751,3,6,2,04,13,6,0,0,0,1,0,1,0,0
"POINT (11.052880114000100 49.464519097999997)",Unfall 101758 (2022) Kat:3, Licht: 0,101758,3,6,2,05,14,3,0,0,0,1,0,0,1,0
"POINT (11.105685962000100 49.432126476000100)",Unfall 101760 (2022) Kat:2, Licht: 1,101760,2,4,6,05,20,7,0,1,0,0,1,1,0,0
"POINT (11.065303652000100 49.427905155000097)",Unfall 101767 (2022) Kat:2, Licht: 1,101767,2,3,5,05,21,5,1,1,1,1,0,0,0,0
"POINT (11.046235300999999 49.448322657000098)",Unfall 101778 (2022) Kat:3, Licht: 2,101778,3,1,8,05,03,1,0,2,0,1,0,0,0,0
"POINT (11.060653470000000 49.480312685999998)",Unfall 101823 (2022) Kat:3, Licht: 0,101823,3,7,0,05,16,7,0,0,0,0,0,0,0,1
"POINT (11.035951919000100 49.447059353000000)",Unfall 101863 (2022) Kat:3, Licht: 0,101863,3,6,3,05,11,3,0,0,1,0,0,0,0,1
"POINT (11.032751327000000 49.453754418000102)",Unfall 101909 (2022) Kat:2, Licht: 2,101909,2,6,1,05,20,2,0,2,0,1,0,0,0,0
"POINT (11.067739072000100 49.418312854000099)",Unfall 101942 (2022) Kat:3, Licht: 0,101942,3,6,2,04,19,4,0,0,0,1,0,0,0,0
"POINT (11.147841207999999 49.464167125000102)",Unfall 101976 (2022) Kat:3, Licht: 0,101976,3,1,0,04,13,1,0,0,0,0,0,1,0,0
"POINT (11.035808396000000 49.440466778000001)",Unfall 101985 (2022) Kat:3, Licht: 0,101985,3,6,2,04,12,3,0,0,0,1,0,0,0,0
"POINT (11.088814139000000 49.470346451000097)",Unfall 101992 (2022) Kat:3, Licht: 0,101992,3,6,2,04,10,4,0,0,0,1,0,0,0,0
"POINT (11.036344523000000 49.448763020000101)",Unfall 102002 (2022) Kat:3, Licht: 0,102002,3,2,5,05,16,2,0,0,1,1,0,0,0,0
"POINT (11.054870902000101 49.465909492999998)",Unfall 102043 (2022) Kat:3, Licht: 0,102043,3,6,2,05,13,4,0,0,0,1,0,0,0,0
"POINT (11.036791013000000 49.449433071000001)",Unfall 102073 (2022) Kat:3, Licht: 0,102073,3,3,5,05,10,1,0,0,1,1,0,0,0,0
"POINT (11.195727813000101 49.419096506000102)",Unfall 102127 (2022) Kat:3, Licht: 0,102127,3,1,0,04,12,6,0,0,1,0,0,0,0,0
"POINT (11.056846244999999 49.429209424000099)",Unfall 102169 (2022) Kat:3, Licht: 0,102169,3,2,6,04,13,2,0,0,0,1,1,0,0,0
"POINT (11.127904230000100 49.393599978000097)",Unfall 102202 (2022) Kat:3, Licht: 0,102202,3,3,5,05,15,1,0,0,0,1,0,1,0,0
"POINT (11.038044150000101 49.434547674999997)",Unfall 102218 (2022) Kat:3, Licht: 0,102218,3,6,1,05,16,6,0,0,0,1,0,0,0,0
"POINT (11.029150614000100 49.378803564000101)",Unfall 102258 (2022) Kat:3, Licht: 0,102258,3,6,6,05,09,7,0,0,0,0,1,0,0,1
"POINT (11.117624073000099 49.437851811000002)",Unfall 102290 (2022) Kat:3, Licht: 0,102290,3,3,5,04,09,7,0,0,1,1,0,0,0,0
"POINT (11.020289533000000 49.462606270000002)",Unfall 102419 (2022) Kat:3, Licht: 0,102419,3,6,2,05,19,2,0,0,0,1,0,0,0,0
"POINT (11.036560761000000 49.438862606999997)",Unfall 102427 (2022) Kat:3, Licht: 0,102427,3,6,2,05,09,4,0,0,0,1,0,0,0,0
"POINT (11.086450336000000 49.429155137000102)",Unfall 102479 (2022) Kat:3, Licht: 0,102479,3,2,1,04,18,2,0,0,0,1,0,0,0,0
"POINT (11.029273005000100 49.378932712999998)",Unfall 102599 (2022) Kat:3, Licht: 0,102599,3,3,5,05,13,1,0,0,0,1,0,0,0,1
"POINT (11.102675523000100 49.431326169999998)",Unfall 102641 (2022) Kat:3, Licht: 0,102641,3,6,1,04,12,5,0,0,0,1,0,0,0,0
"POINT (11.058596118000001 49.443336540000097)",Unfall 102664 (2022) Kat:3, Licht: 0,102664,3,6,3,05,10,3,0,0,1,1,0,0,0,0
"POINT (11.043016400000100 49.427799747000101)",Unfall 102679 (2022) Kat:2, Licht: 0,102679,2,1,0,05,12,2,0,0,1,0,0,0,0,0
"POINT (11.104706411000100 49.424881032000002)",Unfall 102688 (2022) Kat:3, Licht: 0,102688,3,6,2,04,16,3,0,0,0,1,0,0,0,0
"POINT (11.118451687000100 49.455583277000102)",Unfall 102733 (2022) Kat:3, Licht: 0,102733,3,3,5,05,16,4,0,0,1,0,0,1,0,0
"POINT (11.083547014000001 49.469505693000002)",Unfall 102781 (2022) Kat:3, Licht: 0,102781,3,7,0,05,14,2,0,0,0,0,1,0,0,1
"POINT (11.036014881000000 49.440279011000001)",Unfall 102795 (2022) Kat:2, Licht: 2,102795,2,1,0,04,20,2,0,2,1,0,0,0,0,0
"POINT (10.994144430000100 49.437356147999999)",Unfall 102829 (2022) Kat:3, Licht: 2,102829,3,3,5,04,22,7,0,2,0,1,0,0,0,0
"POINT (11.065394948000099 49.426774825999999)",Unfall 102908 (2022) Kat:3, Licht: 0,102908,3,3,5,04,14,4,0,0,1,1,0,0,0,0
"POINT (11.036428717000000 49.439044710000097)",Unfall 102944 (2022) Kat:3, Licht: 0,102944,3,2,5,04,07,5,0,0,1,1,0,0,0,0
"POINT (11.101424854000101 49.395105005000097)",Unfall 102951 (2022) Kat:3, Licht: 1,102951,3,7,0,04,05,4,0,1,0,1,0,0,0,1
"POINT (11.040019135000000 49.425738825000103)",Unfall 102971 (2022) Kat:3, Licht: 0,102971,3,3,5,05,15,4,0,0,0,1,0,0,0,0
"POINT (11.203120594000000 49.419155322999998)",Unfall 103012 (2022) Kat:3, Licht: 1,103012,3,1,9,05,20,5,0,1,0,1,0,0,0,0
"POINT (11.051585115000000 49.358971789000101)",Unfall 103029 (2022) Kat:2, Licht: 0,103029,2,3,5,04,09,5,0,0,0,1,0,1,0,0
"POINT (11.163596713000100 49.406874093000098)",Unfall 103097 (2022) Kat:3, Licht: 0,103097,3,3,5,05,18,3,0,0,0,1,0,0,0,0
"POINT (11.050296988000101 49.497957409000001)",Unfall 103128 (2022) Kat:3, Licht: 0,103128,3,3,5,05,17,1,0,0,1,1,0,0,0,0
"POINT (11.071410552000000 49.469482179000103)",Unfall 103166 (2022) Kat:3, Licht: 0,103166,3,4,6,04,12,7,0,0,1,0,1,0,0,0
"POINT (11.123616129000000 49.435375772000000)",Unfall 103186 (2022) Kat:2, Licht: 0,103186,2,2,5,05,14,3,0,0,0,1,0,0,0,0
"POINT (11.173944231000100 49.415186612000099)",Unfall 103199 (2022) Kat:3, Licht: 0,103199,3,6,1,05,16,6,0,0,0,1,0,0,0,0
"POINT (10.993997376999999 49.437527260000103)",Unfall 103242 (2022) Kat:3, Licht: 0,103242,3,7,0,05,09,1,0,0,1,0,0,0,0,0
"POINT (11.122040005000001 49.465764438000100)",Unfall 103268 (2022) Kat:3, Licht: 0,103268,3,2,3,05,08,6,0,0,0,1,0,0,0,1
"POINT (11.019360655000099 49.462788549000003)",Unfall 103274 (2022) Kat:2, Licht: 0,103274,2,3,4,04,16,6,0,0,0,1,0,1,0,0
"POINT (11.104326496000100 49.462377531000101)",Unfall 103291 (2022) Kat:3, Licht: 0,103291,3,7,6,05,19,2,0,0,0,1,1,0,0,0
"POINT (11.109001374000099 49.417308845999997)",Unfall 103309 (2022) Kat:3, Licht: 0,103309,3,6,2,05,07,3,0,0,0,1,0,1,0,0
"POINT (11.109862337999999 49.433578807000103)",Unfall 103467 (2022) Kat:3, Licht: 0,103467,3,6,1,04,14,7,0,0,0,1,0,1,0,0
"POINT (11.032979326000000 49.453585850000103)",Unfall 103477 (2022) Kat:3, Licht: 0,103477,3,6,2,05,15,4,0,0,0,1,0,0,0,0
"POINT (11.124610510000000 49.434959247000101)",Unfall 103484 (2022) Kat:3, Licht: 0,103484,3,6,2,04,18,5,0,0,0,1,0,0,0,0
"POINT (11.160201861000100 49.411804187000001)",Unfall 103539 (2022) Kat:3, Licht: 0,103539,3,3,5,05,20,2,0,0,0,1,0,1,0,0
"POINT (11.065792420999999 49.427892735000100)",Unfall 103582 (2022) Kat:3, Licht: 0,103582,3,2,5,04,11,7,0,0,0,1,0,0,0,0
"POINT (11.132239325000100 49.432188496000002)",Unfall 103628 (2022) Kat:3, Licht: 0,103628,3,1,0,05,17,4,1,0,1,0,0,0,0,0
"POINT (11.103004558000100 49.431482684000102)",Unfall 103642 (2022) Kat:3, Licht: 2,103642,3,3,5,05,21,1,0,2,0,1,0,1,0,0
"POINT (11.036806800000001 49.438538514000101)",Unfall 103740 (2022) Kat:3, Licht: 0,103740,3,6,2,04,14,2,0,0,0,1,0,1,0,0
"POINT (11.089892264000101 49.394412149000097)",Unfall 103767 (2022) Kat:3, Licht: 0,103767,3,6,3,05,11,1,0,0,0,1,0,0,0,0
"POINT (11.103778278000000 49.428517563000099)",Unfall 103782 (2022) Kat:3, Licht: 0,103782,3,6,2,04,16,1,1,0,0,1,0,0,0,0
"POINT (11.115099275000000 49.462837536999999)",Unfall 103836 (2022) Kat:3, Licht: 0,103836,3,6,2,04,17,5,0,0,0,1,0,0,0,0
"POINT (11.071960455000101 49.429681483000103)",Unfall 103896 (2022) Kat:3, Licht: 2,103896,3,6,2,05,23,6,1,2,0,1,0,0,0,0
"POINT (11.107258544000000 49.461051034000000)",Unfall 103941 (2022) Kat:3, Licht: 0,103941,3,3,5,05,08,4,0,0,0,1,0,0,0,0
"POINT (11.044239899000001 49.429811176999998)",Unfall 103981 (2022) Kat:3, Licht: 0,103981,3,6,2,05,13,5,0,0,0,1,0,0,0,0
"POINT (11.089903211999999 49.394557604000099)",Unfall 103987 (2022) Kat:2, Licht: 0,103987,2,1,2,05,08,3,0,0,0,1,0,0,0,0
"POINT (11.110302786000000 49.433731864999999)",Unfall 104000 (2022) Kat:3, Licht: 0,104000,3,7,0,05,13,4,0,0,0,1,0,1,0,0
"POINT (11.103271344000101 49.473062812000101)",Unfall 104103 (2022) Kat:3, Licht: 0,104103,3,6,2,05,16,1,1,0,0,1,0,0,0,0
"POINT (11.043169025000100 49.428001027000100)",Unfall 104125 (2022) Kat:2, Licht: 0,104125,2,4,6,05,11,4,0,0,0,1,1,0,0,0
"POINT (11.024047030000100 49.441431627999997)",Unfall 104129 (2022) Kat:3, Licht: 0,104129,3,6,3,05,19,4,0,0,1,0,0,0,0,0
"POINT (11.043319877000000 49.428199762000098)",Unfall 104139 (2022) Kat:3, Licht: 0,104139,3,6,4,05,18,7,0,0,1,0,0,0,0,0
"POINT (11.026391135000001 49.373360542000100)",Unfall 104149 (2022) Kat:3, Licht: 0,104149,3,3,5,05,16,5,0,0,1,1,0,0,0,0
"POINT (11.036800318000100 49.449452028000103)",Unfall 104183 (2022) Kat:3, Licht: 0,104183,3,3,6,05,07,3,1,0,0,1,1,0,0,0
"POINT (11.012521101000100 49.465299786999999)",Unfall 104185 (2022) Kat:2, Licht: 2,104185,2,2,5,05,23,4,0,2,0,1,0,1,0,0
"POINT (11.018080480000000 49.420059320000099)",Unfall 104252 (2022) Kat:3, Licht: 0,104252,3,7,0,05,18,3,0,0,1,1,0,0,0,0
"POINT (11.024410211999999 49.461213176999998)",Unfall 104330 (2022) Kat:2, Licht: 0,104330,2,1,0,05,11,5,0,0,1,0,0,0,0,0
"POINT (11.121239935000100 49.456683067000000)",Unfall 104364 (2022) Kat:2, Licht: 0,104364,2,1,0,05,19,6,1,0,0,1,0,0,0,0
"POINT (11.110257648000101 49.433716179999998)",Unfall 104395 (2022) Kat:3, Licht: 0,104395,3,2,3,05,11,6,0,0,1,0,0,0,0,1
"POINT (11.037566482000001 49.397931409000101)",Unfall 104422 (2022) Kat:3, Licht: 0,104422,3,3,5,05,14,4,0,0,1,1,0,0,0,0
"POINT (11.042464330000000 49.456956397000098)",Unfall 104442 (2022) Kat:3, Licht: 0,104442,3,6,2,05,20,2,1,0,0,1,0,0,0,0
"POINT (11.051442228999999 49.463475793000001)",Unfall 104459 (2022) Kat:3, Licht: 0,104459,3,6,2,05,16,3,0,0,1,0,0,1,0,0
"POINT (11.102414788000001 49.464574917999997)",Unfall 104470 (2022) Kat:3, Licht: 0,104470,3,7,0,05,07,7,0,0,0,0,0,1,0,0
"POINT (11.017803113000101 49.463501920000098)",Unfall 104487 (2022) Kat:3, Licht: 0,104487,3,6,2,05,15,3,0,0,0,1,0,1,0,0
"POINT (11.028546748000100 49.378306432999999)",Unfall 104585 (2022) Kat:3, Licht: 0,104585,3,7,0,05,17,2,0,0,1,0,0,0,0,0
"POINT (11.046525922000100 49.501661501999997)",Unfall 104601 (2022) Kat:2, Licht: 0,104601,2,3,5,05,18,3,0,0,1,0,0,0,0,0
"POINT (11.055873729000000 49.444687774999998)",Unfall 104624 (2022) Kat:3, Licht: 0,104624,3,6,3,05,09,2,0,0,0,1,0,0,1,0
"POINT (11.036103673000101 49.446813564000102)",Unfall 104626 (2022) Kat:3, Licht: 0,104626,3,6,3,05,17,4,0,0,0,1,0,1,0,0
"POINT (11.066452276000099 49.375366739000100)",Unfall 104633 (2022) Kat:3, Licht: 0,104633,3,6,0,05,15,5,0,0,1,1,0,0,0,0
"POINT (11.036796624000001 49.457022965000100)",Unfall 104684 (2022) Kat:3, Licht: 0,104684,3,6,2,05,08,4,0,0,0,1,0,0,0,0
"POINT (10.998711421000101 49.438132317000097)",Unfall 104756 (2022) Kat:3, Licht: 0,104756,3,6,3,05,14,3,0,0,0,1,0,0,0,0
"POINT (11.019804369999999 49.462633236999999)",Unfall 104804 (2022) Kat:3, Licht: 0,104804,3,3,5,05,16,3,0,0,0,1,0,0,1,0
"POINT (11.079745526000099 49.396230615999997)",Unfall 104935 (2022) Kat:3, Licht: 0,104935,3,7,0,05,20,4,0,0,0,1,0,1,0,0
"POINT (11.031035707999999 49.376052018999999)",Unfall 104937 (2022) Kat:3, Licht: 0,104937,3,7,0,05,11,3,0,0,1,0,0,0,0,0
"POINT (11.127469113000100 49.433865200000099)",Unfall 104938 (2022) Kat:3, Licht: 0,104938,3,3,5,05,12,5,0,0,1,1,0,0,0,0
"POINT (11.069895788000100 49.338956553000102)",Unfall 104946 (2022) Kat:3, Licht: 0,104946,3,6,8,05,08,2,0,0,0,1,0,0,1,0
"POINT (11.087815996000099 49.394692202000002)",Unfall 104973 (2022) Kat:3, Licht: 2,104973,3,6,2,05,22,7,0,2,0,1,0,0,0,0
"POINT (11.118504211000101 49.390520737000003)",Unfall 105048 (2022) Kat:3, Licht: 0,105048,3,7,9,05,16,3,0,0,0,0,0,0,1,0
"POINT (11.102983767000101 49.464035729999999)",Unfall 105080 (2022) Kat:3, Licht: 0,105080,3,2,5,05,14,5,0,0,0,1,0,1,0,0
"POINT (11.115110958000100 49.361464362000000)",Unfall 105107 (2022) Kat:3, Licht: 0,105107,3,6,3,06,17,5,0,0,0,1,0,0,1,0
"POINT (11.202361444000100 49.418406468000100)",Unfall 105144 (2022) Kat:3, Licht: 0,105144,3,6,2,06,15,6,0,0,0,1,0,0,0,0
"POINT (11.052871387000000 49.492545322000097)",Unfall 105217 (2022) Kat:3, Licht: 0,105217,3,6,2,06,12,7,0,0,0,1,0,0,0,0
"POINT (11.122323962000101 49.435955093000103)",Unfall 105389 (2022) Kat:3, Licht: 0,105389,3,2,4,06,17,4,0,0,1,1,0,0,0,0
"POINT (11.043713434000001 49.387195292000101)",Unfall 105403 (2022) Kat:3, Licht: 0,105403,3,6,2,06,19,3,0,0,0,1,0,0,0,0
"POINT (11.026571478000101 49.372939271000099)",Unfall 105423 (2022) Kat:3, Licht: 0,105423,3,6,2,06,16,5,0,0,0,1,0,0,0,0
"POINT (11.037159659000100 49.450144948999998)",Unfall 105560 (2022) Kat:3, Licht: 0,105560,3,7,6,06,15,7,0,0,0,0,1,0,0,1
"POINT (11.066740845000000 49.428320343999999)",Unfall 105615 (2022) Kat:2, Licht: 0,105615,2,1,0,06,07,5,0,0,0,0,0,1,0,0
"POINT (11.064458134000100 49.473953546000097)",Unfall 105637 (2022) Kat:3, Licht: 0,105637,3,2,5,06,07,5,0,0,1,1,0,0,0,0
"POINT (11.036107201000000 49.439200370000002)",Unfall 105662 (2022) Kat:3, Licht: 0,105662,3,2,5,06,10,4,0,0,1,1,0,0,0,0
"POINT (11.035185135000100 49.403414755000000)",Unfall 105700 (2022) Kat:3, Licht: 0,105700,3,7,0,06,17,6,0,0,1,0,0,0,0,0
"POINT (11.044522496000100 49.429810308000100)",Unfall 105734 (2022) Kat:3, Licht: 0,105734,3,6,1,06,19,5,0,0,0,1,0,1,0,0
"POINT (11.019511180000100 49.462878672999999)",Unfall 105768 (2022) Kat:3, Licht: 0,105768,3,3,5,06,16,6,0,0,0,1,0,0,0,1