WKT,Name,OBJECTID,UKATEGORIE,UTYP1,UART,UMONAT,USTUNDE,UWOCHENTAG,STRZUSTAND,ULICHTVERH,ISTRAD,ISTPKW,ISTFUSS,ISTKRAD,ISTGKFZ,ISTSONSTIG
"POINT (11.058978634000001 49.428889433000101)",Unfall 105769 (2022) Kat:3, Licht: 0,105769,3,3,5,06,15,4,0,0,0,1,0,0,0,1
"POINT (11.127479686000100 49.433861450999999)",Unfall 105820 (2022) Kat:3, Licht: 0,105820,3,7,0,06,12,6,0,0,1,0,0,0,0,0
"POINT (11.018598292000000 49.419702809999997)",Unfall 105833 (2022) Kat:3, Licht: 0,105833,3,3,5,06,16,6,1,0,0,1,0,0,0,0
"POINT (11.072129615000099 49.343342812000103)",Unfall 105855 (2022) Kat:3, Licht: 0,105855,3,3,5,06,17,5,0,0,0,1,0,0,0,0
"POINT (11.051480345000099 49.463503864000103)",Unfall 105879 (2022) Kat:3, Licht: 0,105879,3,6,2,06,10,4,0,0,0,1,0,1,0,0
"POINT (11.119895609000000 49.400841628000101)",Unfall 105904 (2022) Kat:3, Licht: 0,105904,3,3,5,06,07,4,0,0,1,1,0,0,0,0
"POINT (11.058704488000000 49.484234905999998)",Unfall 105950 (2022) Kat:3, Licht: 2,105950,3,2,4,06,23,5,0,2,0,1,0,0,0,0
"POINT (11.156318601000100 49.388808855000001)",Unfall 105979 (2022) Kat:2, Licht: 0,105979,2,6,3,06,19,1,1,0,0,1,0,0,0,0
"POINT (11.058062386000101 49.442931839000003)",Unfall 105997 (2022) Kat:3, Licht: 0,105997,3,7,0,06,05,3,0,0,1,0,0,0,0,0
"POINT (11.125061676000000 49.434770659000002)",Unfall 106040 (2022) Kat:2, Licht: 0,106040,2,3,5,06,18,6,0,0,0,1,0,0,0,0
"POINT (11.062690048000000 49.440529167000101)",Unfall 106061 (2022) Kat:3, Licht: 2,106061,3,6,5,06,00,5,0,2,0,1,0,1,0,0
"POINT (11.109171568000001 49.478396382000000)",Unfall 106062 (2022) Kat:3, Licht: 0,106062,3,3,5,06,18,5,0,0,1,1,0,0,0,0
"POINT (11.081527854000100 49.469429450000099)",Unfall 106065 (2022) Kat:3, Licht: 0,106065,3,6,2,06,15,2,0,0,0,1,0,1,0,0
"POINT (11.079343490999999 49.414419682000101)",Unfall 106074 (2022) Kat:3, Licht: 0,106074,3,6,2,06,13,4,0,0,0,1,0,0,0,0
"POINT (11.060666879999999 49.480277995999998)",Unfall 106089 (2022) Kat:3, Licht: 0,106089,3,6,2,06,15,6,0,0,0,1,0,0,0,0
"POINT (11.040703973000101 49.425931673000001)",Unfall 106125 (2022) Kat:3, Licht: 0,106125,3,7,0,06,15,4,0,0,1,0,0,0,0,0
"POINT (11.037547832000000 49.398002829000099)",Unfall 106133 (2022) Kat:3, Licht: 0,106133,3,3,5,06,16,6,0,0,1,1,0,0,0,0
"POINT (11.117590266000001 49.402403455000098)",Unfall 106164 (2022) Kat:3, Licht: 0,106164,3,6,3,06,17,4,0,0,0,1,0,0,0,0
"POINT (11.049189184999999 49.364313703000100)",Unfall 106206 (2022) Kat:3, Licht: 0,106206,3,3,5,06,11,5,0,0,1,1,0,0,0,0
"POINT (11.124897339000000 49.434839351999997)",Unfall 106218 (2022) Kat:3, Licht: 0,106218,3,6,2,06,12,6,0,0,0,1,0,0,0,0
"POINT (11.169977851000100 49.391248636000100)",Unfall 106249 (2022) Kat:2, Licht: 0,106249,2,6,2,06,10,5,0,0,0,1,0,0,0,1
"POINT (11.114023041000101 49.392912084000002)",Unfall 106256 (2022) Kat:3, Licht: 0,106256,3,1,9,06,17,7,0,0,0,1,0,0,0,0
"POINT (11.139600286000100 49.462478054000002)",Unfall 106304 (2022) Kat:3, Licht: 0,106304,3,1,0,06,09,7,0,0,0,0,0,1,0,0
"POINT (11.125219625000099 49.434705274000102)",Unfall 106376 (2022) Kat:2, Licht: 0,106376,2,3,5,06,14,1,0,0,1,1,0,0,0,0
"POINT (11.045493579000000 49.429973521000100)",Unfall 106378 (2022) Kat:3, Licht: 0,106378,3,6,1,06,15,3,0,0,0,1,0,0,0,1
"POINT (11.025674919000000 49.375837305000097)",Unfall 106508 (2022) Kat:3, Licht: 0,106508,3,6,4,06,15,6,0,0,1,0,0,0,0,1
"POINT (11.056949504000000 49.429194080000102)",Unfall 106531 (2022) Kat:1, Licht: 0,106531,1,3,3,06,08,5,0,0,0,0,0,0,1,1
"POINT (11.102147963000000 49.471173243000102)",Unfall 106582 (2022) Kat:3, Licht: 0,106582,3,5,1,06,17,6,1,0,1,1,0,0,0,0
"POINT (11.128633706000100 49.433456625000098)",Unfall 106690 (2022) Kat:3, Licht: 0,106690,3,6,1,06,16,4,0,0,0,1,0,0,0,0
"POINT (11.080418549000100 49.430343088000001)",Unfall 106731 (2022) Kat:3, Licht: 0,106731,3,6,4,06,06,6,0,0,0,1,0,0,0,0
"POINT (11.189592160000100 49.407274934000000)",Unfall 106751 (2022) Kat:3, Licht: 0,106751,3,3,3,06,08,7,0,0,0,1,0,0,0,0
"POINT (11.032385194000000 49.453831638000104)",Unfall 106760 (2022) Kat:3, Licht: 0,106760,3,6,2,06,18,6,1,0,0,1,0,0,1,0
"POINT (11.040104974000000 49.454409572000003)",Unfall 106820 (2022) Kat:3, Licht: 0,106820,3,1,0,06,20,4,0,0,0,0,0,0,0,1
"POINT (11.086634074000100 49.429165412000003)",Unfall 106878 (2022) Kat:3, Licht: 0,106878,3,2,3,06,17,4,0,0,1,1,0,0,0,0
"POINT (11.052479428000000 49.429856596000000)",Unfall 106902 (2022) Kat:3, Licht: 2,106902,3,2,5,06,21,2,0,2,0,1,0,0,0,0
"POINT (11.051422126000000 49.430036211000100)",Unfall 106944 (2022) Kat:3, Licht: 0,106944,3,1,1,06,21,6,0,0,0,1,0,1,0,0
"POINT (11.152880954000100 49.416201962999999)",Unfall 107002 (2022) Kat:3, Licht: 0,107002,3,2,5,06,07,5,0,0,1,1,0,0,0,0
"POINT (11.105099867000000 49.423886048000000)",Unfall 107122 (2022) Kat:3, Licht: 0,107122,3,1,0,07,14,6,0,0,1,0,0,0,0,0
"POINT (11.022711310000000 49.461637165000099)",Unfall 107172 (2022) Kat:3, Licht: 0,107172,3,3,5,07,16,4,0,0,1,1,0,0,0,0
"POINT (11.030076805000000 49.380515443000000)",Unfall 107179 (2022) Kat:2, Licht: 0,107179,2,4,6,07,10,1,0,0,0,1,1,0,0,0
"POINT (11.034828731000101 49.409223296000100)",Unfall 107252 (2022) Kat:3, Licht: 0,107252,3,2,4,07,16,7,0,0,0,1,0,0,0,0
"POINT (11.125016505000101 49.434789540000097)",Unfall 107275 (2022) Kat:3, Licht: 0,107275,3,6,2,07,16,1,0,0,0,1,0,0,0,0
"POINT (11.099408302000001 49.373769144000100)",Unfall 107383 (2022) Kat:2, Licht: 0,107383,2,7,4,07,10,1,0,0,1,1,0,0,0,0
"POINT (11.033566513000000 49.517002777000101)",Unfall 107391 (2022) Kat:3, Licht: 0,107391,3,1,5,07,16,3,0,0,1,1,0,0,0,0
"POINT (11.035037336000100 49.404236085999997)",Unfall 107400 (2022) Kat:3, Licht: 0,107400,3,4,6,07,10,5,0,0,0,1,1,0,0,0
"POINT (11.031652651000099 49.420727671000101)",Unfall 107441 (2022) Kat:3, Licht: 0,107441,3,6,2,07,13,7,0,0,0,1,0,0,0,0
"POINT (11.073727243000100 49.469435546000099)",Unfall 107451 (2022) Kat:3, Licht: 0,107451,3,6,2,07,13,2,0,0,0,1,0,0,0,0
"POINT (11.099523564000000 49.372878514000000)",Unfall 107459 (2022) Kat:2, Licht: 0,107459,2,1,0,07,13,1,0,0,1,0,0,0,0,0
"POINT (11.087011964000100 49.394445408000102)",Unfall 107468 (2022) Kat:3, Licht: 0,107468,3,1,2,07,15,3,0,0,0,1,0,0,0,0
"POINT (11.051180003000100 49.407824503000001)",Unfall 107477 (2022) Kat:3, Licht: 0,107477,3,3,5,07,08,3,0,0,1,1,0,0,0,0
"POINT (11.061079495000101 49.479766346000098)",Unfall 107493 (2022) Kat:3, Licht: 0,107493,3,6,2,07,07,5,0,0,0,1,0,0,0,0
"POINT (11.106167093000099 49.477528206000002)",Unfall 107506 (2022) Kat:3, Licht: 0,107506,3,6,1,07,20,6,0,0,0,1,0,1,0,0
"POINT (11.101462585000000 49.431263312000098)",Unfall 107512 (2022) Kat:3, Licht: 0,107512,3,1,0,07,15,2,0,0,1,0,0,0,0,0
"POINT (11.052599911000099 49.429942383000103)",Unfall 107519 (2022) Kat:3, Licht: 0,107519,3,2,6,06,13,5,0,0,0,1,1,0,0,0
"POINT (11.028236423000100 49.441644140999998)",Unfall 107571 (2022) Kat:3, Licht: 0,107571,3,1,0,07,13,1,0,0,1,0,0,0,0,0
"POINT (11.076937940000100 49.430790816000098)",Unfall 107575 (2022) Kat:2, Licht: 0,107575,2,1,0,07,05,6,0,0,1,0,0,0,0,0
"POINT (11.043561053000101 49.457714185999997)",Unfall 107587 (2022) Kat:3, Licht: 0,107587,3,3,5,06,19,1,0,0,0,1,0,0,0,1
"POINT (11.062913349000000 49.436769974000100)",Unfall 107709 (2022) Kat:3, Licht: 0,107709,3,6,2,07,11,4,0,0,0,1,0,0,1,0
"POINT (11.037288633000101 49.450371129000096)",Unfall 107725 (2022) Kat:3, Licht: 0,107725,3,6,2,07,12,7,0,0,1,0,0,0,0,0
"POINT (11.082948792000000 49.410702344000100)",Unfall 107762 (2022) Kat:2, Licht: 0,107762,2,3,6,07,08,5,0,0,0,1,1,0,0,0
"POINT (11.165979110000000 49.391090089000002)",Unfall 107800 (2022) Kat:3, Licht: 0,107800,3,6,2,07,15,5,0,0,0,1,0,0,1,0
"POINT (11.074739914000100 49.418243980000099)",Unfall 107826 (2022) Kat:2, Licht: 0,107826,2,3,5,07,19,3,0,0,0,0,0,1,0,1
"POINT (11.120697437000000 49.456522074000098)",Unfall 107834 (2022) Kat:3, Licht: 0,107834,3,2,5,07,12,7,0,0,0,1,0,0,0,0
"POINT (11.006494046000100 49.427196454000097)",Unfall 107924 (2022) Kat:3, Licht: 0,107924,3,6,7,07,11,7,1,0,1,0,0,0,0,0
"POINT (11.143519173000101 49.427818241000097)",Unfall 107974 (2022) Kat:3, Licht: 0,107974,3,6,2,07,17,5,0,0,0,1,0,0,0,0
"POINT (11.037168216000101 49.450159956000000)",Unfall 107995 (2022) Kat:3, Licht: 2,107995,3,6,3,07,22,3,0,2,0,1,0,0,1,0
"POINT (11.088640125000000 49.470207598000101)",Unfall 108011 (2022) Kat:2, Licht: 0,108011,2,6,2,07,16,5,0,0,0,1,0,1,0,0
"POINT (11.201614366000101 49.417667393999999)",Unfall 108076 (2022) Kat:3, Licht: 2,108076,3,6,3,07,21,4,0,2,0,1,0,0,0,0
"POINT (11.037992875000000 49.434274007000099)",Unfall 108086 (2022) Kat:3, Licht: 0,108086,3,1,0,07,16,6,1,0,0,0,0,1,0,0
"POINT (11.064040731000000 49.474538168999999)",Unfall 108097 (2022) Kat:2, Licht: 0,108097,2,1,0,07,11,6,0,0,1,0,0,0,0,0
"POINT (11.176267087999999 49.399176802000099)",Unfall 108125 (2022) Kat:3, Licht: 0,108125,3,1,0,07,20,1,0,0,1,0,0,0,0,0
"POINT (11.037658514000000 49.508867614000103)",Unfall 108152 (2022) Kat:3, Licht: 0,108152,3,1,0,07,19,2,0,0,1,0,0,0,0,0
"POINT (11.035749943000001 49.421336334999999)",Unfall 108160 (2022) Kat:3, Licht: 0,108160,3,6,2,07,17,6,0,0,0,1,0,0,0,0
"POINT (11.100680085000000 49.465257006999998)",Unfall 108168 (2022) Kat:2, Licht: 0,108168,2,2,6,07,18,7,0,0,0,1,1,0,0,0
"POINT (11.135308330999999 49.471981506000098)",Unfall 108210 (2022) Kat:3, Licht: 0,108210,3,6,2,07,16,6,0,0,0,1,0,0,0,0
"POINT (11.096701332000100 49.431128279000099)",Unfall 108254 (2022) Kat:2, Licht: 0,108254,2,1,9,07,19,7,0,0,0,1,0,0,0,0
"POINT (11.035157037999999 49.408595713000103)",Unfall 108276 (2022) Kat:3, Licht: 0,108276,3,1,0,07,13,2,0,0,1,0,0,0,0,0
"POINT (11.143710197000100 49.427714869000098)",Unfall 108283 (2022) Kat:3, Licht: 0,108283,3,2,5,07,17,6,0,0,1,1,0,0,0,0
"POINT (11.061386544000101 49.466907200000001)",Unfall 108314 (2022) Kat:3, Licht: 0,108314,3,1,0,06,19,1,0,0,1,0,0,0,0,0
"POINT (11.114965396000100 49.403859151000098)",Unfall 108378 (2022) Kat:3, Licht: 0,108378,3,2,5,06,15,3,0,0,1,1,0,0,0,0
"POINT (11.023324056000000 49.461573563000101)",Unfall 108382 (2022) Kat:3, Licht: 0,108382,3,2,5,07,19,4,0,0,1,1,0,0,0,0
"POINT (11.103007169000000 49.431483024999999)",Unfall 108392 (2022) Kat:3, Licht: 0,108392,3,6,2,07,19,6,0,0,0,1,0,0,0,0
"POINT (11.049853591000000 49.461909155999997)",Unfall 108467 (2022) Kat:3, Licht: 0,108467,3,1,0,07,17,5,1,0,0,0,0,0,0,1
"POINT (11.035199011000000 49.457678291000001)",Unfall 108496 (2022) Kat:3, Licht: 2,108496,3,1,1,06,01,1,0,2,0,1,0,0,0,0
"POINT (11.159865717000100 49.412034583999997)",Unfall 108586 (2022) Kat:3, Licht: 2,108586,3,1,8,07,02,3,0,2,0,0,0,1,0,0
"POINT (11.028240783000101 49.378169558000103)",Unfall 108696 (2022) Kat:3, Licht: 0,108696,3,3,5,07,15,6,0,0,1,1,0,0,0,0
"POINT (11.092507047000000 49.394623768000002)",Unfall 108740 (2022) Kat:2, Licht: 0,108740,2,6,2,07,15,2,0,0,0,1,0,0,1,0
"POINT (11.087098540000101 49.404851619000098)",Unfall 108853 (2022) Kat:3, Licht: 0,108853,3,6,3,07,10,3,0,0,0,1,0,1,0,0
"POINT (11.039510427000000 49.431159235999999)",Unfall 108859 (2022) Kat:3, Licht: 0,108859,3,6,2,07,12,1,0,0,0,0,0,1,0,0
"POINT (11.118258538000100 49.437786899999999)",Unfall 108871 (2022) Kat:3, Licht: 0,108871,3,6,2,07,16,7,0,0,0,1,0,0,0,0
"POINT (11.050621627000099 49.361124062000002)",Unfall 108899 (2022) Kat:3, Licht: 0,108899,3,3,5,06,13,3,0,0,0,1,0,1,0,0
"POINT (11.055136516000100 49.445016127000002)",Unfall 108913 (2022) Kat:3, Licht: 0,108913,3,2,6,07,18,6,0,0,0,1,1,0,0,0
"POINT (11.121818375000000 49.444252377000097)",Unfall 108983 (2022) Kat:3, Licht: 2,108983,3,6,0,06,00,1,0,2,1,0,0,0,0,0
"POINT (11.038907552000101 49.424491592000003)",Unfall 109068 (2022) Kat:3, Licht: 2,109068,3,1,0,07,23,7,0,2,1,0,0,0,0,0
"POINT (11.070498292000000 49.429413122000000)",Unfall 109076 (2022) Kat:3, Licht: 0,109076,3,1,0,07,18,3,0,0,0,0,0,0,0,1
"POINT (11.056154039999999 49.466521491000002)",Unfall 109078 (2022) Kat:3, Licht: 0,109078,3,6,2,07,19,7,0,0,0,1,0,0,0,0
"POINT (11.201624772000100 49.417677748000102)",Unfall 109127 (2022) Kat:3, Licht: 0,109127,3,6,2,07,11,6,0,0,0,1,0,0,0,0
"POINT (11.117315432000099 49.436833477000100)",Unfall 109227 (2022) Kat:3, Licht: 0,109227,3,1,9,07,16,6,0,0,0,1,0,0,0,0
"POINT (11.023340656000100 49.461568055000001)",Unfall 109257 (2022) Kat:3, Licht: 0,109257,3,2,5,07,18,2,0,0,1,1,0,0,0,0
"POINT (11.076206027000101 49.368629107000103)",Unfall 109277 (2022) Kat:3, Licht: 0,109277,3,1,8,07,13,1,0,0,0,1,0,0,0,0
"POINT (11.036241593000099 49.448370287000003)",Unfall 109310 (2022) Kat:3, Licht: 0,109310,3,1,0,07,16,1,0,0,1,0,0,0,0,0
"POINT (11.062266842000000 49.440463584000000)",Unfall 109340 (2022) Kat:3, Licht: 0,109340,3,6,1,07,12,2,0,0,0,1,0,0,0,0
"POINT (11.040083475000101 49.430473176000099)",Unfall 109356 (2022) Kat:3, Licht: 0,109356,3,7,0,07,15,7,0,0,0,0,0,0,0,1
"POINT (11.036255077000000 49.420096858000100)",Unfall 109367 (2022) Kat:3, Licht: 0,109367,3,6,0,07,10,3,0,0,1,1,0,0,0,0
"POINT (11.032788619000000 49.420613441000100)",Unfall 109409 (2022) Kat:2, Licht: 0,109409,2,2,5,06,17,5,0,0,0,1,0,1,0,0
"POINT (11.118512404000100 49.391996818000102)",Unfall 109453 (2022) Kat:3, Licht: 0,109453,3,1,8,07,08,4,0,0,0,0,0,1,0,0
"POINT (11.035502333000100 49.402530537000104)",Unfall 109467 (2022) Kat:3, Licht: 0,109467,3,6,2,07,14,2,0,0,0,1,0,0,0,0
"POINT (11.024599631000100 49.461150328000002)",Unfall 109510 (2022) Kat:3, Licht: 0,109510,3,6,2,07,18,5,0,0,0,1,0,1,0,0
"POINT (11.113419756000001 49.434688928000099)",Unfall 109532 (2022) Kat:3, Licht: 0,109532,3,6,2,07,18,3,0,0,0,1,0,1,0,0
"POINT (11.131271955000001 49.432538457000099)",Unfall 109596 (2022) Kat:3, Licht: 0,109596,3,2,5,07,10,2,0,0,1,1,0,0,0,0
"POINT (11.025716688999999 49.416170315999999)",Unfall 109632 (2022) Kat:3, Licht: 0,109632,3,2,5,08,15,7,0,0,1,1,0,0,0,0
"POINT (11.036267758000101 49.457195123000098)",Unfall 109640 (2022) Kat:3, Licht: 0,109640,3,6,4,07,17,5,0,0,1,0,0,0,0,1
"POINT (11.041288070000100 49.455662845000099)",Unfall 109696 (2022) Kat:3, Licht: 0,109696,3,3,5,07,18,5,0,0,0,1,0,0,0,1
"POINT (11.135589100000100 49.461601841000103)",Unfall 109697 (2022) Kat:3, Licht: 0,109697,3,7,8,07,13,4,0,0,0,1,0,0,0,0
"POINT (11.157509266000000 49.389190206000102)",Unfall 109726 (2022) Kat:3, Licht: 0,109726,3,6,3,07,09,2,0,0,0,1,0,0,1,0
"POINT (11.060535762000001 49.480578618000003)",Unfall 109732 (2022) Kat:3, Licht: 0,109732,3,6,1,07,15,3,0,0,0,1,0,0,0,0
"POINT (11.029970951999999 49.380217769000097)",Unfall 109774 (2022) Kat:3, Licht: 0,109774,3,6,2,08,17,3,0,0,0,1,0,0,0,0
"POINT (11.036729304000101 49.438638846000103)",Unfall 109905 (2022) Kat:3, Licht: 0,109905,3,6,2,07,07,4,0,0,0,1,0,0,0,0
"POINT (11.064678992999999 49.473378879000101)",Unfall 109932 (2022) Kat:3, Licht: 0,109932,3,6,2,07,13,2,0,0,0,1,0,0,0,0
"POINT (11.116523519000101 49.435704663000102)",Unfall 110039 (2022) Kat:3, Licht: 0,110039,3,6,3,07,10,3,0,0,1,0,0,0,0,0
"POINT (11.106187097999999 49.383385347000100)",Unfall 110160 (2022) Kat:3, Licht: 2,110160,3,7,0,07,00,6,0,2,0,0,0,1,0,0
"POINT (11.112366997000001 49.461895330000097)",Unfall 110165 (2022) Kat:3, Licht: 0,110165,3,2,3,08,17,2,0,0,1,1,0,0,0,0
"POINT (11.197386824000001 49.418614785999999)",Unfall 110219 (2022) Kat:2, Licht: 2,110219,2,1,9,07,23,6,0,2,0,1,0,0,0,0
"POINT (11.125513513000000 49.466879712000001)",Unfall 110253 (2022) Kat:3, Licht: 0,110253,3,3,4,07,16,4,0,0,0,1,0,0,0,0
"POINT (11.203124667000100 49.419159341000103)",Unfall 110264 (2022) Kat:3, Licht: 0,110264,3,6,2,07,17,1,0,0,0,1,0,0,0,0
"POINT (11.131154103000000 49.459778253000103)",Unfall 110327 (2022) Kat:1, Licht: 0,110327,1,4,6,08,11,6,0,0,0,0,1,0,1,1
"POINT (11.003073820000100 49.438598734999999)",Unfall 110468 (2022) Kat:3, Licht: 2,110468,3,6,2,07,21,6,1,2,0,1,0,0,0,0
"POINT (11.035364363999999 49.407455499000001)",Unfall 110518 (2022) Kat:3, Licht: 0,110518,3,2,5,07,15,4,0,0,1,1,0,0,0,0
"POINT (11.107928613000100 49.432908329999997)",Unfall 110609 (2022) Kat:3, Licht: 2,110609,3,1,0,07,22,5,0,2,1,0,0,0,0,0
"POINT (11.106220599000000 49.460746966000002)",Unfall 110704 (2022) Kat:2, Licht: 0,110704,2,6,0,08,14,5,0,0,1,0,0,0,0,0
"POINT (11.039501978000001 49.453385696000097)",Unfall 110929 (2022) Kat:3, Licht: 0,110929,3,6,2,08,18,3,0,0,0,1,0,0,0,0
"POINT (11.103006565999999 49.431353375000100)",Unfall 110969 (2022) Kat:3, Licht: 0,110969,3,3,5,08,15,4,0,0,1,1,0,0,0,0
"POINT (11.041218936000099 49.455715559000097)",Unfall 111048 (2022) Kat:3, Licht: 2,111048,3,3,5,08,20,6,1,2,0,1,0,0,0,0
"POINT (11.058861799000100 49.484313985000000)",Unfall 111052 (2022) Kat:3, Licht: 2,111052,3,3,5,08,01,6,0,2,0,1,0,0,0,0
"POINT (11.054799572000000 49.444565671000099)",Unfall 111086 (2022) Kat:3, Licht: 0,111086,3,6,2,08,14,4,0,0,1,1,0,0,0,0
"POINT (11.051976694000100 49.494127670000097)",Unfall 111134 (2022) Kat:3, Licht: 2,111134,3,1,8,08,20,6,1,2,0,1,0,0,0,0
"POINT (11.133093152000100 49.431883432000099)",Unfall 111157 (2022) Kat:3, Licht: 2,111157,3,1,0,08,04,1,0,2,0,0,0,0,0,1
"POINT (11.118012297000099 49.390883101999997)",Unfall 111172 (2022) Kat:2, Licht: 0,111172,2,1,8,08,18,6,1,0,0,1,0,0,0,0
"POINT (11.114028030000000 49.407236934000103)",Unfall 111190 (2022) Kat:3, Licht: 0,111190,3,1,0,08,13,6,0,0,1,0,0,0,0,0
"POINT (11.064341086000100 49.474266559000100)",Unfall 111210 (2022) Kat:3, Licht: 0,111210,3,3,5,08,07,5,0,0,1,1,0,0,0,0
"POINT (11.055113242000100 49.445025571000002)",Unfall 111259 (2022) Kat:3, Licht: 2,111259,3,3,5,08,03,6,0,2,1,1,0,0,0,0
"POINT (11.147081417000001 49.464018328000101)",Unfall 111391 (2022) Kat:3, Licht: 0,111391,3,2,4,08,14,7,0,0,1,1,0,0,0,0
"POINT (11.261541291000100 49.414698778000101)",Unfall 111397 (2022) Kat:3, Licht: 2,111397,3,7,7,08,21,3,0,2,0,0,0,1,0,0
"POINT (11.036417476000100 49.448286991000003)",Unfall 111479 (2022) Kat:3, Licht: 0,111479,3,6,2,08,13,4,0,0,0,1,0,0,0,1
"POINT (11.067307528000100 49.469190503999997)",Unfall 111532 (2022) Kat:3, Licht: 0,111532,3,6,2,08,07,2,0,0,0,1,0,0,0,0
"POINT (11.081161826000001 49.430272039000002)",Unfall 111555 (2022) Kat:3, Licht: 2,111555,3,1,0,08,23,5,1,2,1,0,0,0,0,0
"POINT (11.052122882999999 49.357776334000100)",Unfall 111556 (2022) Kat:3, Licht: 0,111556,3,6,2,09,18,5,0,0,0,1,0,0,0,0
"POINT (11.112094804000000 49.393992088000097)",Unfall 111642 (2022) Kat:3, Licht: 0,111642,3,1,8,08,16,6,1,0,0,1,0,0,0,0
"POINT (11.034844729000000 49.409192990000101)",Unfall 111648 (2022) Kat:3, Licht: 0,111648,3,2,4,08,12,1,0,0,0,1,0,1,0,0
"POINT (11.040674295000001 49.454865357000102)",Unfall 111670 (2022) Kat:3, Licht: 2,111670,3,1,0,08,21,7,0,2,1,0,0,0,0,0
"POINT (11.032640973000101 49.387987318000100)",Unfall 111705 (2022) Kat:3, Licht: 0,111705,3,3,5,08,11,6,0,0,0,1,0,0,0,1
"POINT (11.045133851999999 49.369050750000000)",Unfall 111717 (2022) Kat:3, Licht: 0,111717,3,3,5,08,11,5,0,0,0,1,0,0,0,0
"POINT (11.038343529000000 49.434996592000097)",Unfall 111722 (2022) Kat:3, Licht: 0,111722,3,2,0,08,06,4,0,0,1,0,0,0,0,1
"POINT (11.103409446000100 49.431410595000003)",Unfall 111747 (2022) Kat:3, Licht: 0,111747,3,6,4,08,09,4,0,0,1,0,0,0,0,0
"POINT (11.115079658000100 49.403322172999999)",Unfall 111804 (2022) Kat:3, Licht: 0,111804,3,6,2,08,17,2,0,0,0,1,0,0,0,0
"POINT (11.036349974000100 49.400957368999997)",Unfall 111830 (2022) Kat:3, Licht: 0,111830,3,3,5,08,18,5,0,0,1,0,0,0,0,1
"POINT (11.072626211999999 49.404843675999999)",Unfall 111920 (2022) Kat:3, Licht: 0,111920,3,1,2,08,13,6,1,0,0,1,0,0,0,1
"POINT (11.073283689000000 49.403145123000101)",Unfall 111926 (2022) Kat:3, Licht: 0,111926,3,6,3,08,17,1,0,0,0,1,0,0,0,0
"POINT (11.072623174000100 49.404864473000003)",Unfall 111927 (2022) Kat:2, Licht: 0,111927,2,6,2,08,16,2,0,0,0,1,0,0,0,0
"POINT (11.036173301000099 49.415390763000097)",Unfall 112046 (2022) Kat:3, Licht: 0,112046,3,6,6,09,10,5,0,0,0,0,1,0,0,1
"POINT (11.036271655000100 49.439272978000098)",Unfall 112083 (2022) Kat:3, Licht: 0,112083,3,6,3,08,17,3,0,0,0,1,0,0,0,0
"POINT (11.107131556000100 49.418357991999997)",Unfall 112162 (2022) Kat:3, Licht: 0,112162,3,6,3,08,15,2,0,0,0,1,0,1,0,0
"POINT (11.099396943000000 49.356087354000103)",Unfall 112191 (2022) Kat:3, Licht: 0,112191,3,4,6,08,15,5,0,0,1,0,1,0,0,0
"POINT (11.074732610000099 49.469554342999999)",Unfall 112372 (2022) Kat:2, Licht: 0,112372,2,3,5,08,17,3,0,0,0,1,0,1,0,0
"POINT (11.105886593999999 49.460622977000099)",Unfall 112374 (2022) Kat:3, Licht: 0,112374,3,2,5,08,14,6,0,0,0,1,0,0,0,1
"POINT (11.036381206000000 49.400900000000000)",Unfall 112389 (2022) Kat:2, Licht: 0,112389,2,2,5,08,12,5,0,0,0,1,0,1,0,0
"POINT (11.047106090000099 49.460077844000097)",Unfall 112456 (2022) Kat:3, Licht: 0,112456,3,1,7,08,16,3,0,0,1,0,0,0,0,0
"POINT (11.068256868000001 49.429011529000000)",Unfall 112458 (2022) Kat:3, Licht: 0,112458,3,6,3,08,15,6,1,0,0,0,0,1,1,0
"POINT (10.994103213000100 49.437434005000100)",Unfall 112462 (2022) Kat:3, Licht: 0,112462,3,2,4,08,12,4,0,0,0,1,0,0,0,0
"POINT (11.037126000000100 49.450447729000103)",Unfall 112470 (2022) Kat:3, Licht: 0,112470,3,6,2,08,18,4,0,0,0,1,0,0,0,0
"POINT (11.085459222000100 49.370677796000102)",Unfall 112477 (2022) Kat:3, Licht: 0,112477,3,7,0,08,10,4,0,0,1,1,0,0,0,0
"POINT (11.096837038000000 49.431260049999999)",Unfall 112565 (2022) Kat:3, Licht: 0,112565,3,6,2,08,18,3,0,0,0,1,0,0,0,0
"POINT (11.098992160000000 49.368279252999997)",Unfall 112571 (2022) Kat:2, Licht: 2,112571,2,7,9,08,00,7,0,2,0,1,0,0,0,0
"POINT (11.121119342000000 49.465480519000003)",Unfall 112583 (2022) Kat:3, Licht: 0,112583,3,6,3,09,14,5,0,0,0,1,0,0,0,1
"POINT (11.121369833000101 49.442979654000098)",Unfall 112670 (2022) Kat:3, Licht: 0,112670,3,6,2,08,07,5,1,0,0,1,0,0,0,0
"POINT (11.068113100000099 49.469456491000102)",Unfall 112768 (2022) Kat:3, Licht: 0,112768,3,1,0,09,07,2,0,0,1,0,0,0,0,0