WKT,Name,OBJECTID,UKATEGORIE,UTYP1,UART,UMONAT,USTUNDE,UWOCHENTAG,STRZUSTAND,ULICHTVERH,ISTRAD,ISTPKW,ISTFUSS,ISTKRAD,ISTGKFZ,ISTSONSTIG
"POINT (11.143687157000000 49.427727337000100)",Unfall 112799 (2022) Kat:3, Licht: 0,112799,3,2,5,09,17,7,0,0,1,1,0,0,0,0
"POINT (11.017965171000100 49.522471474000000)",Unfall 112821 (2022) Kat:3, Licht: 0,112821,3,6,4,10,15,3,0,0,0,1,0,0,0,0
"POINT (11.098826131000100 49.468059085000000)",Unfall 112824 (2022) Kat:3, Licht: 1,112824,3,6,3,10,17,7,1,1,0,1,0,0,0,1
"POINT (11.103412290000101 49.472829052000101)",Unfall 112891 (2022) Kat:3, Licht: 1,112891,3,6,2,09,19,4,0,1,0,1,0,0,0,0
"POINT (11.094193463000099 49.430690990000102)",Unfall 112903 (2022) Kat:3, Licht: 2,112903,3,6,1,09,21,5,0,2,0,1,0,0,0,0
"POINT (11.141501507999999 49.462976120000100)",Unfall 112936 (2022) Kat:3, Licht: 0,112936,3,6,2,10,17,3,0,0,0,1,0,0,0,0
"POINT (11.119949568999999 49.456300151999997)",Unfall 112968 (2022) Kat:2, Licht: 0,112968,2,3,5,09,16,2,0,0,1,1,0,0,0,0
"POINT (11.100798557000100 49.469831593000002)",Unfall 112970 (2022) Kat:3, Licht: 0,112970,3,1,0,09,15,1,0,0,1,0,0,0,0,0
"POINT (11.040425691999999 49.425914904000102)",Unfall 112988 (2022) Kat:3, Licht: 0,112988,3,2,5,09,17,6,0,0,1,1,0,0,0,0
"POINT (11.040538586000000 49.430258107999997)",Unfall 113007 (2022) Kat:3, Licht: 0,113007,3,3,6,09,13,4,0,0,1,0,1,0,0,0
"POINT (11.098326501000001 49.366912030000002)",Unfall 113026 (2022) Kat:3, Licht: 2,113026,3,2,4,10,18,3,0,2,0,1,0,0,0,0
"POINT (11.041135358000099 49.455602114000001)",Unfall 113052 (2022) Kat:3, Licht: 0,113052,3,2,5,09,11,7,1,0,0,1,0,0,0,1
"POINT (11.037495680000101 49.456794697000099)",Unfall 113056 (2022) Kat:3, Licht: 0,113056,3,5,0,09,11,7,0,0,1,0,0,0,0,1
"POINT (11.105946856999999 49.460440745000000)",Unfall 113059 (2022) Kat:2, Licht: 0,113059,2,1,0,09,16,6,1,0,1,0,0,0,0,0
"POINT (11.141233231999999 49.462914308999999)",Unfall 113072 (2022) Kat:3, Licht: 2,113072,3,2,5,09,20,4,0,2,0,1,0,0,0,0
"POINT (11.044985486000000 49.458717646000103)",Unfall 113105 (2022) Kat:3, Licht: 0,113105,3,2,5,09,16,5,0,0,1,1,0,0,0,0
"POINT (11.158520430000101 49.421352843000101)",Unfall 113112 (2022) Kat:3, Licht: 2,113112,3,6,2,09,21,6,1,2,0,1,0,0,0,0
"POINT (11.064309139000001 49.425113515000099)",Unfall 113174 (2022) Kat:3, Licht: 0,113174,3,6,3,10,08,5,0,0,0,1,0,0,1,0
"POINT (11.099832723000100 49.469107569000101)",Unfall 113194 (2022) Kat:3, Licht: 0,113194,3,3,5,09,17,4,0,0,1,1,0,0,0,0
"POINT (11.059054969000000 49.428986274000103)",Unfall 113316 (2022) Kat:3, Licht: 0,113316,3,6,3,09,07,6,0,0,0,1,0,0,0,1
"POINT (11.058144961000000 49.442868834000102)",Unfall 113329 (2022) Kat:2, Licht: 2,113329,2,1,0,10,05,7,0,2,0,0,0,0,0,1
"POINT (11.097818969000100 49.467009463000103)",Unfall 113512 (2022) Kat:3, Licht: 0,113512,3,6,2,09,10,2,0,0,0,1,0,1,0,0
"POINT (11.120097597999999 49.454144982000102)",Unfall 113529 (2022) Kat:3, Licht: 0,113529,3,6,4,09,08,5,1,0,1,0,0,0,0,0
"POINT (11.023039917000100 49.461667789000003)",Unfall 113540 (2022) Kat:3, Licht: 0,113540,3,7,0,10,08,6,0,0,0,0,1,0,1,0
"POINT (11.110476649000100 49.459688810000003)",Unfall 113570 (2022) Kat:3, Licht: 2,113570,3,7,0,09,22,7,0,2,1,0,0,0,0,0
"POINT (11.052287474000000 49.493405631000002)",Unfall 113604 (2022) Kat:3, Licht: 0,113604,3,6,2,09,11,5,0,0,0,1,0,0,0,0
"POINT (11.058066815000100 49.485525719000101)",Unfall 113626 (2022) Kat:3, Licht: 0,113626,3,6,3,09,17,3,0,0,0,1,0,1,0,0
"POINT (11.043714891000000 49.387086832000101)",Unfall 113631 (2022) Kat:3, Licht: 0,113631,3,3,3,09,14,7,0,0,0,1,0,0,0,0
"POINT (11.117341646000099 49.463861448000003)",Unfall 113655 (2022) Kat:3, Licht: 0,113655,3,1,1,09,11,5,1,0,0,1,0,1,0,0
"POINT (11.071545235000000 49.339615307000003)",Unfall 113669 (2022) Kat:3, Licht: 2,113669,3,1,8,10,23,7,1,2,0,1,0,0,0,0
"POINT (11.125488954000000 49.466871724000001)",Unfall 113749 (2022) Kat:3, Licht: 0,113749,3,2,5,09,08,3,0,0,0,0,0,0,0,1
"POINT (11.113992235000101 49.459470510000102)",Unfall 113800 (2022) Kat:3, Licht: 0,113800,3,2,4,09,08,6,1,0,0,1,0,0,0,0
"POINT (11.135946254000000 49.461656103999999)",Unfall 113816 (2022) Kat:1, Licht: 0,113816,1,4,6,09,13,4,0,0,0,1,1,0,0,0
"POINT (11.071190891000100 49.429550972000101)",Unfall 113880 (2022) Kat:3, Licht: 0,113880,3,6,2,09,14,5,0,0,1,0,0,0,0,1
"POINT (11.034172584000000 49.411019872000097)",Unfall 114013 (2022) Kat:3, Licht: 0,114013,3,6,4,10,16,5,0,0,1,0,0,0,0,1
"POINT (11.054761211000001 49.465843952000100)",Unfall 114016 (2022) Kat:2, Licht: 0,114016,2,7,3,09,15,2,0,0,1,0,0,0,0,1
"POINT (11.099754215000100 49.468798980000003)",Unfall 114042 (2022) Kat:3, Licht: 0,114042,3,6,2,09,16,6,0,0,0,1,0,0,0,0
"POINT (11.177442830000100 49.391734775000003)",Unfall 114061 (2022) Kat:3, Licht: 0,114061,3,6,3,09,16,2,0,0,0,1,0,0,1,0
"POINT (11.176087354000099 49.399267492000000)",Unfall 114085 (2022) Kat:3, Licht: 2,114085,3,3,5,09,20,4,0,2,0,1,0,0,0,0
"POINT (11.081387452000101 49.469558574000096)",Unfall 114110 (2022) Kat:3, Licht: 0,114110,3,6,2,09,13,4,0,0,0,1,0,0,0,0
"POINT (11.067340678000100 49.420461224000100)",Unfall 114154 (2022) Kat:3, Licht: 2,114154,3,6,3,09,20,5,0,2,0,1,0,0,1,0
"POINT (11.121354562000000 49.465560500000002)",Unfall 114243 (2022) Kat:3, Licht: 2,114243,3,2,5,09,20,6,1,2,0,1,0,0,0,1
"POINT (11.054822994000100 49.444554062000101)",Unfall 114246 (2022) Kat:3, Licht: 0,114246,3,6,2,09,14,3,0,0,0,1,0,0,0,0
"POINT (11.032446263000100 49.420622331000096)",Unfall 114289 (2022) Kat:3, Licht: 0,114289,3,6,2,10,13,7,1,0,0,1,0,0,0,0
"POINT (11.030022852000100 49.380364747999998)",Unfall 114305 (2022) Kat:3, Licht: 1,114305,3,1,0,09,06,7,1,1,1,0,0,0,0,0
"POINT (11.074511353000000 49.340918311000102)",Unfall 114309 (2022) Kat:3, Licht: 0,114309,3,1,9,09,17,1,1,0,0,1,0,0,0,0
"POINT (11.061357535000100 49.428656536000098)",Unfall 114321 (2022) Kat:3, Licht: 0,114321,3,2,5,09,10,4,0,0,1,0,0,0,1,0
"POINT (11.067926180000001 49.469406366999998)",Unfall 114374 (2022) Kat:3, Licht: 0,114374,3,3,4,10,19,7,0,0,0,1,0,0,0,0
"POINT (11.105166928000100 49.423563692000101)",Unfall 114489 (2022) Kat:3, Licht: 0,114489,3,1,0,10,12,3,0,0,1,0,0,0,0,0
"POINT (11.059320749000101 49.442356208000000)",Unfall 114542 (2022) Kat:3, Licht: 1,114542,3,6,2,09,06,5,1,1,0,1,0,0,0,0
"POINT (11.102790698000000 49.431458630000101)",Unfall 114548 (2022) Kat:3, Licht: 0,114548,3,2,5,09,13,4,0,0,1,1,0,0,0,0
"POINT (11.106054781000100 49.460563684000100)",Unfall 114612 (2022) Kat:3, Licht: 2,114612,3,2,5,09,21,7,1,2,0,1,0,0,0,0
"POINT (11.033118448000000 49.389432543000098)",Unfall 114642 (2022) Kat:3, Licht: 0,114642,3,6,2,09,14,1,0,0,0,1,0,0,0,0
"POINT (11.035838217000000 49.443641780000100)",Unfall 114738 (2022) Kat:3, Licht: 0,114738,3,1,0,09,19,7,1,0,1,0,0,0,0,0
"POINT (11.100910748000000 49.469944736999999)",Unfall 114772 (2022) Kat:3, Licht: 1,114772,3,5,2,09,18,7,1,1,1,1,0,0,0,0
"POINT (11.063389411000101 49.428006977999999)",Unfall 114867 (2022) Kat:3, Licht: 0,114867,3,6,2,09,15,5,0,0,0,1,0,0,0,0
"POINT (11.058707337000000 49.443273227000098)",Unfall 114996 (2022) Kat:3, Licht: 0,114996,3,2,5,09,16,3,0,0,1,1,0,0,0,0
"POINT (11.114411869000000 49.406410793000099)",Unfall 115098 (2022) Kat:3, Licht: 2,115098,3,7,0,09,20,4,1,2,1,0,0,0,0,0
"POINT (11.060747514000100 49.345744163000099)",Unfall 115289 (2022) Kat:3, Licht: 0,115289,3,3,5,09,10,6,0,0,0,1,0,0,0,0
"POINT (11.114965396000100 49.403859151000098)",Unfall 115290 (2022) Kat:3, Licht: 1,115290,3,2,0,09,06,7,1,1,1,1,0,0,0,0
"POINT (11.051200451000099 49.463289331000098)",Unfall 115410 (2022) Kat:3, Licht: 0,115410,3,6,2,10,17,2,0,0,0,1,0,0,0,0
"POINT (11.036616515000000 49.438785715999998)",Unfall 115461 (2022) Kat:3, Licht: 0,115461,3,3,5,10,09,3,0,0,0,1,0,0,0,1
"POINT (11.116448328000001 49.435658463000003)",Unfall 115466 (2022) Kat:3, Licht: 2,115466,3,4,6,10,21,4,0,2,0,1,1,0,0,0
"POINT (11.116268071000000 49.435722368000000)",Unfall 115568 (2022) Kat:3, Licht: 0,115568,3,4,6,10,11,7,1,0,0,1,1,0,0,0
"POINT (11.142552823000100 49.463163410999996)",Unfall 115650 (2022) Kat:3, Licht: 0,115650,3,6,2,10,14,3,1,0,0,1,0,0,1,0
"POINT (11.061342636000100 49.428502695000098)",Unfall 115742 (2022) Kat:3, Licht: 0,115742,3,3,5,10,14,5,0,0,0,1,0,0,0,0
"POINT (11.041251528000000 49.450402036000099)",Unfall 115745 (2022) Kat:2, Licht: 0,115745,2,1,8,10,17,2,0,0,0,1,0,0,0,0
"POINT (11.027456195000100 49.420482247000102)",Unfall 115778 (2022) Kat:3, Licht: 0,115778,3,2,5,10,17,3,0,0,0,1,0,0,0,1
"POINT (11.066920817000000 49.469110640000103)",Unfall 115808 (2022) Kat:3, Licht: 2,115808,3,6,2,10,19,6,1,2,0,1,0,0,0,0
"POINT (11.107928614000100 49.417920129000002)",Unfall 115824 (2022) Kat:3, Licht: 0,115824,3,6,2,10,09,7,0,0,0,1,0,0,0,0
"POINT (11.127904230000100 49.393599978000097)",Unfall 115862 (2022) Kat:3, Licht: 0,115862,3,2,4,10,08,5,0,0,0,1,0,0,0,0
"POINT (11.055136516000100 49.445016127000002)",Unfall 115905 (2022) Kat:3, Licht: 0,115905,3,2,5,10,15,4,0,0,1,1,0,0,0,0
"POINT (11.022819190000099 49.461742119000100)",Unfall 115906 (2022) Kat:3, Licht: 0,115906,3,3,5,10,16,6,0,0,0,1,0,0,0,0
"POINT (11.120183956000099 49.484035046000002)",Unfall 115958 (2022) Kat:3, Licht: 0,115958,3,1,0,10,08,3,0,0,1,0,0,0,0,0
"POINT (11.052146468000000 49.408454624999997)",Unfall 116010 (2022) Kat:3, Licht: 0,116010,3,6,1,10,15,2,0,0,0,1,0,0,1,0
"POINT (11.065440454000100 49.427894079000097)",Unfall 116103 (2022) Kat:3, Licht: 0,116103,3,2,5,10,09,2,0,0,1,1,0,0,0,0
"POINT (11.035870305000101 49.445003043000000)",Unfall 116132 (2022) Kat:3, Licht: 2,116132,3,1,0,10,01,7,1,2,0,0,0,0,0,1
"POINT (11.039317197000100 49.378239710000102)",Unfall 116185 (2022) Kat:3, Licht: 0,116185,3,3,5,10,07,4,0,0,1,1,0,0,0,0
"POINT (11.187856097000100 49.419220086999999)",Unfall 116219 (2022) Kat:3, Licht: 0,116219,3,1,0,10,11,3,0,0,1,0,0,0,0,0
"POINT (11.105778267000099 49.460621738000000)",Unfall 116224 (2022) Kat:3, Licht: 0,116224,3,2,5,10,14,4,0,0,1,1,0,0,0,0
"POINT (11.072630660000099 49.404813218000101)",Unfall 116231 (2022) Kat:3, Licht: 0,116231,3,6,1,10,14,6,0,0,0,1,0,0,1,0
"POINT (11.107441962999999 49.461086544000104)",Unfall 116248 (2022) Kat:3, Licht: 0,116248,3,6,2,10,09,4,1,0,0,1,0,0,0,0
"POINT (11.040449080000000 49.375735454999997)",Unfall 116263 (2022) Kat:3, Licht: 0,116263,3,6,2,10,15,2,0,0,0,1,0,0,0,0
"POINT (11.114965396000100 49.403859151000098)",Unfall 116300 (2022) Kat:3, Licht: 2,116300,3,2,5,10,06,3,1,2,1,1,0,0,0,0
"POINT (11.071145132000000 49.469487785000098)",Unfall 116340 (2022) Kat:2, Licht: 0,116340,2,2,4,10,13,4,0,0,1,0,0,1,0,0
"POINT (11.038565018000000 49.424057673999997)",Unfall 116385 (2022) Kat:2, Licht: 0,116385,2,6,4,10,17,6,0,0,0,1,0,0,1,0
"POINT (11.067254634999999 49.428610890000101)",Unfall 116427 (2022) Kat:3, Licht: 0,116427,3,6,2,10,15,6,0,0,0,1,0,0,0,0
"POINT (11.106579202000001 49.459962846000103)",Unfall 116486 (2022) Kat:3, Licht: 0,116486,3,1,0,10,16,4,0,0,0,0,0,0,0,1
"POINT (11.123064419000100 49.466099144000097)",Unfall 116604 (2022) Kat:3, Licht: 0,116604,3,3,5,11,13,7,0,0,0,1,0,0,0,0
"POINT (11.116668941000100 49.435817691000103)",Unfall 116614 (2022) Kat:3, Licht: 2,116614,3,6,3,11,19,6,0,2,1,1,0,0,0,0
"POINT (11.078126213000100 49.342210651000102)",Unfall 116626 (2022) Kat:3, Licht: 0,116626,3,6,2,11,08,5,1,0,0,1,0,0,0,0
"POINT (11.039884432000100 49.453863581000100)",Unfall 116741 (2022) Kat:3, Licht: 1,116741,3,6,2,11,17,1,0,1,0,1,0,1,0,0
"POINT (11.117833641000100 49.402193656000101)",Unfall 116755 (2022) Kat:3, Licht: 2,116755,3,7,3,11,19,4,1,2,0,1,0,0,0,1
"POINT (11.051885843000001 49.494357719000000)",Unfall 116769 (2022) Kat:3, Licht: 1,116769,3,6,2,11,08,5,1,1,0,1,0,0,0,0
"POINT (11.081446987000000 49.469431880000101)",Unfall 116777 (2022) Kat:2, Licht: 0,116777,2,3,5,11,11,5,0,0,1,1,0,0,0,0
"POINT (11.203363657000100 49.419682760000100)",Unfall 116808 (2022) Kat:3, Licht: 0,116808,3,6,3,11,15,6,1,0,0,1,0,0,1,0
"POINT (11.035047788000000 49.404912433000000)",Unfall 116906 (2022) Kat:2, Licht: 2,116906,2,3,5,10,17,2,0,2,1,1,0,0,0,0
"POINT (11.035047984000100 49.406011464000102)",Unfall 116942 (2022) Kat:3, Licht: 1,116942,3,6,3,11,16,3,0,1,1,1,0,0,0,0
"POINT (11.076507678000000 49.430752413999997)",Unfall 116944 (2022) Kat:3, Licht: 2,116944,3,7,0,11,21,6,0,2,0,0,0,0,0,1
"POINT (11.099784387000099 49.350016955999997)",Unfall 116978 (2022) Kat:3, Licht: 0,116978,3,6,3,11,14,6,1,0,0,1,0,0,0,1
"POINT (11.128305197000000 49.458666631000000)",Unfall 117003 (2022) Kat:2, Licht: 2,117003,2,4,6,11,17,3,0,2,0,1,1,0,0,0
"POINT (11.025239503000000 49.456699259000104)",Unfall 117025 (2022) Kat:3, Licht: 0,117025,3,6,2,11,16,3,0,0,0,1,0,0,0,0
"POINT (11.083169997000001 49.395148123000098)",Unfall 117054 (2022) Kat:3, Licht: 2,117054,3,6,2,11,17,4,1,2,0,1,0,0,0,0
"POINT (11.103406096000100 49.472803280999997)",Unfall 117065 (2022) Kat:2, Licht: 0,117065,2,4,6,10,12,5,0,0,0,0,1,0,0,1
"POINT (11.103442991000099 49.472959103999997)",Unfall 117092 (2022) Kat:2, Licht: 0,117092,2,2,5,11,13,2,0,0,1,0,0,0,0,1
"POINT (11.045330079000101 49.502639454000096)",Unfall 117100 (2022) Kat:3, Licht: 0,117100,3,6,2,10,10,1,0,0,0,1,0,0,0,0
"POINT (11.107777824999999 49.418008127000100)",Unfall 117138 (2022) Kat:3, Licht: 0,117138,3,7,5,11,08,6,0,0,1,1,0,0,0,0
"POINT (11.120015910000101 49.436979376000103)",Unfall 117141 (2022) Kat:2, Licht: 0,117141,2,1,0,11,15,4,0,0,1,0,0,0,0,0
"POINT (11.037062291000000 49.450337239000099)",Unfall 117211 (2022) Kat:2, Licht: 2,117211,2,6,2,11,17,2,1,2,1,1,0,0,0,0
"POINT (11.070030500000000 49.338844365999996)",Unfall 117260 (2022) Kat:3, Licht: 2,117260,3,1,2,11,05,6,1,2,0,1,0,0,1,0
"POINT (11.062869490000001 49.435322741000000)",Unfall 117338 (2022) Kat:3, Licht: 0,117338,3,6,1,11,11,2,0,0,0,1,0,0,0,0
"POINT (11.034950344000000 49.409385760000099)",Unfall 117478 (2022) Kat:2, Licht: 2,117478,2,2,6,11,18,2,0,2,0,1,1,0,0,0
"POINT (11.110532293000100 49.459696178000101)",Unfall 117578 (2022) Kat:3, Licht: 0,117578,3,6,2,11,07,5,1,0,0,1,0,0,0,1
"POINT (11.102606539000000 49.471890056000099)",Unfall 117646 (2022) Kat:3, Licht: 0,117646,3,4,6,11,07,2,0,0,0,1,1,0,0,0
"POINT (11.106491563000100 49.419004632000103)",Unfall 117673 (2022) Kat:3, Licht: 1,117673,3,6,2,11,08,2,0,1,0,1,0,0,0,0
"POINT (11.035477524999999 49.421214347000003)",Unfall 117735 (2022) Kat:3, Licht: 0,117735,3,6,3,11,12,5,1,0,0,1,0,0,1,0
"POINT (11.064934150000100 49.424223669000099)",Unfall 117750 (2022) Kat:3, Licht: 0,117750,3,6,2,11,09,5,0,0,0,1,0,0,1,0
"POINT (11.022281030000000 49.418517677000096)",Unfall 117823 (2022) Kat:3, Licht: 0,117823,3,6,3,10,13,2,0,0,1,1,0,0,0,0
"POINT (11.012379783000000 49.465469173000002)",Unfall 117826 (2022) Kat:3, Licht: 2,117826,3,3,5,11,18,6,1,2,0,1,0,0,0,0
"POINT (11.054986353000100 49.444475762000103)",Unfall 117888 (2022) Kat:3, Licht: 0,117888,3,6,2,11,10,5,0,0,0,1,0,0,0,0
"POINT (11.034878060000000 49.409135528000000)",Unfall 117982 (2022) Kat:3, Licht: 1,117982,3,2,5,11,16,5,1,1,1,1,0,0,0,0
"POINT (11.067570850999999 49.417078106000098)",Unfall 118085 (2022) Kat:3, Licht: 0,118085,3,6,3,11,10,4,0,0,0,1,0,0,1,0
"POINT (11.103217945000001 49.472841440000103)",Unfall 118091 (2022) Kat:3, Licht: 2,118091,3,2,5,11,17,2,0,2,1,1,0,0,0,0
"POINT (11.033747589000001 49.519162309000102)",Unfall 118097 (2022) Kat:3, Licht: 0,118097,3,6,2,10,10,5,0,0,0,1,0,0,0,0
"POINT (11.053236753000000 49.445333550000001)",Unfall 118108 (2022) Kat:3, Licht: 2,118108,3,6,2,10,19,6,0,2,0,1,0,0,0,0
"POINT (11.034829161000101 49.413646454999999)",Unfall 118122 (2022) Kat:3, Licht: 0,118122,3,3,5,11,12,2,0,0,0,1,0,0,0,0
"POINT (11.121278717000100 49.442760968000101)",Unfall 118138 (2022) Kat:3, Licht: 2,118138,3,3,5,11,17,3,0,2,0,1,0,1,0,0
"POINT (11.067583009000000 49.417141184000101)",Unfall 118168 (2022) Kat:3, Licht: 0,118168,3,6,2,11,10,4,0,0,0,1,0,0,0,0
"POINT (11.033572087000000 49.517056637000103)",Unfall 118188 (2022) Kat:3, Licht: 2,118188,3,1,1,11,17,5,0,2,0,1,0,0,0,0
"POINT (11.133022648000100 49.460893924000104)",Unfall 118219 (2022) Kat:3, Licht: 2,118219,3,6,2,11,17,5,0,2,0,1,0,0,0,0
"POINT (11.036100081000001 49.439210578000001)",Unfall 118393 (2022) Kat:3, Licht: 0,118393,3,6,2,11,13,4,1,0,0,1,0,0,0,0
"POINT (11.074201413000001 49.385803574000100)",Unfall 118418 (2022) Kat:3, Licht: 2,118418,3,6,2,11,18,3,0,2,0,1,0,0,0,0
"POINT (11.124706690000000 49.434919043999997)",Unfall 118449 (2022) Kat:3, Licht: 0,118449,3,2,5,11,07,4,1,0,1,1,0,0,0,0
"POINT (11.044789725999999 49.429819989000102)",Unfall 118457 (2022) Kat:3, Licht: 2,118457,3,2,5,11,22,6,1,2,1,1,0,0,0,0
"POINT (11.042532805000100 49.372039766000100)",Unfall 118460 (2022) Kat:3, Licht: 2,118460,3,3,5,10,18,5,0,2,0,1,0,0,0,0
"POINT (11.063033365000001 49.433811159000101)",Unfall 118507 (2022) Kat:3, Licht: 0,118507,3,6,2,12,07,2,0,0,0,1,0,0,1,0
"POINT (11.057966539000100 49.442998341000099)",Unfall 118629 (2022) Kat:3, Licht: 0,118629,3,6,2,12,16,1,0,0,0,1,0,0,0,0
"POINT (11.075710813000100 49.341374068999997)",Unfall 118635 (2022) Kat:3, Licht: 0,118635,3,6,2,11,13,3,1,0,0,1,0,0,1,0
"POINT (11.114777358000000 49.403828767999997)",Unfall 118669 (2022) Kat:3, Licht: 0,118669,3,2,5,12,08,3,1,0,0,1,0,0,0,0
"POINT (11.061261986000000 49.428517111000097)",Unfall 118737 (2022) Kat:3, Licht: 2,118737,3,6,0,12,04,7,1,2,0,1,0,0,1,0
"POINT (11.073599454000000 49.430046136999998)",Unfall 118836 (2022) Kat:3, Licht: 0,118836,3,6,2,12,15,6,1,0,0,1,0,0,0,0
"POINT (11.033872286000101 49.518769976000002)",Unfall 118856 (2022) Kat:3, Licht: 0,118856,3,6,2,12,11,5,1,0,0,1,0,0,0,0
"POINT (11.079407031000100 49.396383997000001)",Unfall 118877 (2022) Kat:3, Licht: 2,118877,3,6,9,12,19,3,1,2,0,1,0,0,0,0
"POINT (11.012473214000099 49.465317085999999)",Unfall 118892 (2022) Kat:3, Licht: 2,118892,3,2,5,12,21,1,1,2,0,1,0,0,0,0
"POINT (11.160276682000100 49.411734348000003)",Unfall 118933 (2022) Kat:3, Licht: 0,118933,3,6,2,11,07,2,1,0,0,0,0,0,0,1
"POINT (11.122551836000101 49.448435215000103)",Unfall 118951 (2022) Kat:3, Licht: 0,118951,3,7,0,12,14,3,0,0,0,0,0,0,0,1
"POINT (11.039045507000001 49.432171853000099)",Unfall 119022 (2022) Kat:3, Licht: 2,119022,3,6,3,12,15,4,1,2,0,1,0,0,1,0
"POINT (11.061218793000000 49.428524832999997)",Unfall 119121 (2022) Kat:3, Licht: 0,119121,3,2,4,11,10,7,1,0,0,1,0,0,0,0
"POINT (11.030944192000000 49.454427747000103)",Unfall 119181 (2022) Kat:3, Licht: 0,119181,3,6,2,12,15,4,1,0,0,1,0,0,0,1
"POINT (11.052479428000000 49.429856596000000)",Unfall 119324 (2022) Kat:2, Licht: 0,119324,2,2,5,12,14,7,0,0,0,1,0,0,0,1
"POINT (11.119406152000099 49.400884300000001)",Unfall 119373 (2022) Kat:3, Licht: 1,119373,3,7,1,12,16,2,1,1,0,1,0,0,0,0
"POINT (11.036269352000000 49.448491517999997)",Unfall 119567 (2022) Kat:3, Licht: 2,119567,3,2,5,11,06,2,1,2,1,1,0,0,0,0
"POINT (11.012149583999999 49.465449397999997)",Unfall 119639 (2022) Kat:3, Licht: 0,119639,3,7,5,12,07,4,1,0,0,1,0,0,0,0
"POINT (11.070676702000100 49.469493200999999)",Unfall 119652 (2022) Kat:3, Licht: 2,119652,3,6,2,11,05,7,1,2,0,1,0,0,0,0
"POINT (11.037910651000100 49.451277112000099)",Unfall 119668 (2022) Kat:3, Licht: 2,119668,3,6,1,12,20,3,1,2,0,1,0,0,0,0
"POINT (11.074068658000000 49.401415859000103)",Unfall 119746 (2022) Kat:3, Licht: 0,119746,3,6,3,12,10,3,0,0,0,1,0,0,1,0
"POINT (11.083813197000000 49.394438610000101)",Unfall 119775 (2022) Kat:3, Licht: 0,119775,3,6,2,12,08,5,0,0,0,1,0,0,0,0
"POINT (11.032743023000000 49.420614624999999)",Unfall 119857 (2022) Kat:3, Licht: 1,119857,3,2,5,12,06,5,0,1,1,1,0,0,0,0
"POINT (11.118786484999999 49.455453675999998)",Unfall 119908 (2022) Kat:3, Licht: 2,119908,3,1,7,12,17,7,0,2,1,0,0,0,0,0
"POINT (11.088456964000001 49.470318077000101)",Unfall 119912 (2022) Kat:2, Licht: 0,119912,2,2,5,11,08,7,0,0,1,1,0,0,0,0
"POINT (11.035994336000000 49.440869153000101)",Unfall 120120 (2022) Kat:3, Licht: 2,120120,3,2,5,12,19,2,2,2,0,1,0,0,0,0
"POINT (11.037463437000000 49.422840669999999)",Unfall 120203 (2022) Kat:3, Licht: 0,120203,3,6,3,12,11,3,1,0,0,1,0,0,1,0
"POINT (11.132340919000100 49.460463891000103)",Unfall 120234 (2022) Kat:3, Licht: 0,120234,3,6,0,11,14,4,0,0,0,1,0,0,0,0
"POINT (11.093375656999999 49.430483698000003)",Unfall 120262 (2022) Kat:3, Licht: 2,120262,3,2,5,11,17,2,1,2,1,1,0,0,0,0
"POINT (11.036390322999999 49.448905256000003)",Unfall 120265 (2022) Kat:3, Licht: 0,120265,3,6,2,12,12,6,0,0,0,1,0,0,0,0
"POINT (11.118653546000100 49.401509261999998)",Unfall 120266 (2022) Kat:3, Licht: 0,120266,3,6,2,12,07,2,1,0,0,1,0,0,0,0
"POINT (11.100814678000100 49.465192479000102)",Unfall 120390 (2022) Kat:3, Licht: 0,120390,3,2,6,11,11,3,1,0,0,1,1,0,0,0
"POINT (11.065404294000100 49.428035080000001)",Unfall 120401 (2022) Kat:3, Licht: 2,120401,3,3,6,12,18,3,0,2,0,1,1,0,0,0
"POINT (11.163575263000000 49.406909025000097)",Unfall 120402 (2022) Kat:3, Licht: 0,120402,3,2,4,12,15,4,1,0,0,1,0,0,0,0
"POINT (11.072589759000000 49.404610736999999)",Unfall 120495 (2022) Kat:3, Licht: 0,120495,3,6,2,12,14,7,0,0,0,1,0,0,0,0
"POINT (11.071151421000000 49.429543653000103)",Unfall 120496 (2022) Kat:3, Licht: 0,120496,3,6,1,12,13,2,1,0,0,0,0,0,1,1
"POINT (11.146900728000000 49.463982909999999)",Unfall 120588 (2022) Kat:3, Licht: 0,120588,3,6,2,12,14,4,2,0,0,1,0,0,0,0
"POINT (11.058802894000101 49.443220619999998)",Unfall 120642 (2022) Kat:3, Licht: 2,120642,3,6,2,12,03,1,1,2,0,1,0,0,0,0
"POINT (11.071903083000100 49.454693431000102)",Unfall 207712 (2022) Kat:3, Licht: 0,207712,3,6,2,01,11,6,0,0,0,1,0,0,0,0
"POINT (11.017345847000099 49.456149260000103)",Unfall 207726 (2022) Kat:3, Licht: 2,207726,3,2,5,01,17,6,1,2,0,1,0,0,0,0
"POINT (11.069457928000100 49.447207198999998)",Unfall 207739 (2022) Kat:3, Licht: 0,207739,3,3,1,01,12,6,0,0,1,1,0,0,0,0