WKT,Name,OBJECTID,UKATEGORIE,UTYP1,UART,UMONAT,USTUNDE,UWOCHENTAG,STRZUSTAND,ULICHTVERH,ISTRAD,ISTPKW,ISTFUSS,ISTKRAD,ISTGKFZ,ISTSONSTIG
"POINT (11.103800681000100 49.459900851000000)",Unfall 207746 (2022) Kat:3, Licht: 0,207746,3,1,1,01,13,5,0,0,0,1,0,0,0,0
"POINT (11.063411144000000 49.383811008000102)",Unfall 207775 (2022) Kat:2, Licht: 0,207775,2,1,0,01,09,7,2,0,1,0,0,0,0,0
"POINT (11.101371359000000 49.443158755000098)",Unfall 207784 (2022) Kat:3, Licht: 2,207784,3,2,5,01,22,6,0,2,1,1,0,0,0,0
"POINT (11.074439617000101 49.454285073000101)",Unfall 207806 (2022) Kat:3, Licht: 0,207806,3,2,6,01,15,6,0,0,0,1,1,0,0,0
"POINT (11.065817274000000 49.449389455000102)",Unfall 207813 (2022) Kat:3, Licht: 2,207813,3,6,2,01,16,2,0,2,0,1,0,0,0,0
"POINT (11.122558197000000 49.416792264999998)",Unfall 207830 (2022) Kat:3, Licht: 0,207830,3,1,0,01,14,6,0,0,1,0,0,0,0,0
"POINT (11.067526864000101 49.437366793000102)",Unfall 207844 (2022) Kat:3, Licht: 0,207844,3,7,6,01,12,6,0,0,1,0,1,0,0,0
"POINT (11.067065710000101 49.439115270000102)",Unfall 207854 (2022) Kat:3, Licht: 2,207854,3,1,0,01,17,2,1,2,1,0,0,0,0,0
"POINT (11.088640340000000 49.453948998999998)",Unfall 207862 (2022) Kat:3, Licht: 0,207862,3,2,5,01,08,3,1,0,1,1,0,0,0,0
"POINT (11.008408651000000 49.445967361999998)",Unfall 207900 (2022) Kat:3, Licht: 2,207900,3,2,5,01,17,5,0,2,0,1,0,0,0,0
"POINT (11.090564596000000 49.438266715000097)",Unfall 207902 (2022) Kat:3, Licht: 0,207902,3,2,3,01,15,4,0,0,0,1,0,0,0,1
"POINT (11.018547923000000 49.431131458000003)",Unfall 207910 (2022) Kat:3, Licht: 2,207910,3,3,5,01,06,5,0,2,0,1,0,0,0,0
"POINT (11.067031503000100 49.438962149000098)",Unfall 207939 (2022) Kat:3, Licht: 2,207939,3,7,1,01,22,6,1,2,1,1,0,0,0,0
"POINT (11.039748604000099 49.440298084000098)",Unfall 207958 (2022) Kat:3, Licht: 2,207958,3,6,3,01,17,3,0,2,0,1,0,0,0,0
"POINT (11.077526172000001 49.473878505000101)",Unfall 207968 (2022) Kat:3, Licht: 0,207968,3,2,5,01,13,2,0,0,0,1,0,0,0,0
"POINT (11.106283109000101 49.445839777000103)",Unfall 207995 (2022) Kat:3, Licht: 2,207995,3,2,4,01,18,2,0,2,1,1,0,0,0,0
"POINT (11.101379714000100 49.443198914000000)",Unfall 208003 (2022) Kat:3, Licht: 2,208003,3,2,5,01,18,3,1,2,1,1,0,0,0,0
"POINT (11.068956192000000 49.439289680999998)",Unfall 208021 (2022) Kat:2, Licht: 2,208021,2,1,0,01,01,7,1,2,0,0,0,0,0,1
"POINT (11.085679973000000 49.439751367000000)",Unfall 208036 (2022) Kat:3, Licht: 2,208036,3,1,0,01,04,2,1,2,0,1,0,0,0,0
"POINT (11.099569294000000 49.447536765000102)",Unfall 208038 (2022) Kat:3, Licht: 2,208038,3,6,4,01,03,7,0,2,1,0,1,0,0,0
"POINT (11.104810942000000 49.485994120999997)",Unfall 208060 (2022) Kat:3, Licht: 1,208060,3,2,4,01,07,2,1,1,1,1,0,0,0,0
"POINT (11.108939019999999 49.485450172000100)",Unfall 208077 (2022) Kat:3, Licht: 2,208077,3,6,2,01,21,7,2,2,0,1,0,0,0,0
"POINT (11.066469012000001 49.457998590999999)",Unfall 208112 (2022) Kat:3, Licht: 0,208112,3,6,0,01,14,2,0,0,0,1,0,0,0,1
"POINT (11.049442359000100 49.442163258000100)",Unfall 208120 (2022) Kat:2, Licht: 0,208120,2,1,0,01,15,2,1,0,1,0,0,0,0,0
"POINT (11.078844352000001 49.440044530000101)",Unfall 208184 (2022) Kat:3, Licht: 2,208184,3,1,0,01,19,6,1,2,1,0,0,0,0,0
"POINT (11.057940619000000 49.460195253000101)",Unfall 208195 (2022) Kat:3, Licht: 0,208195,3,1,0,01,14,5,0,0,1,0,0,0,0,0
"POINT (11.046125532000101 49.431576987000000)",Unfall 208220 (2022) Kat:3, Licht: 0,208220,3,2,5,01,14,3,0,0,0,1,0,0,0,1
"POINT (11.090269081000001 49.439730662999999)",Unfall 208322 (2022) Kat:3, Licht: 0,208322,3,1,0,01,08,3,1,0,1,0,0,0,0,0
"POINT (11.068929422000100 49.439266209000003)",Unfall 208394 (2022) Kat:3, Licht: 2,208394,3,2,5,01,00,4,1,2,0,1,0,0,0,0
"POINT (11.066896234000099 49.451072815000003)",Unfall 208418 (2022) Kat:3, Licht: 0,208418,3,1,0,01,13,5,0,0,1,0,0,0,0,0
"POINT (11.190997956000000 49.425832227000100)",Unfall 208423 (2022) Kat:3, Licht: 2,208423,3,5,1,01,18,4,0,2,0,1,0,0,0,1
"POINT (11.124814484000099 49.409913829000097)",Unfall 208426 (2022) Kat:3, Licht: 0,208426,3,6,3,01,15,2,1,0,0,1,0,0,0,0
"POINT (11.091129814000100 49.441870002000002)",Unfall 208475 (2022) Kat:3, Licht: 2,208475,3,7,0,01,07,2,1,2,1,1,0,0,0,0
"POINT (11.081976795000100 49.447569874000102)",Unfall 208480 (2022) Kat:3, Licht: 0,208480,3,6,5,01,11,6,0,0,1,1,0,0,0,0
"POINT (11.075076954000100 49.462540375000103)",Unfall 208519 (2022) Kat:3, Licht: 2,208519,3,3,0,01,17,6,0,2,1,1,0,0,0,0
"POINT (11.067258181000099 49.448633559000001)",Unfall 208538 (2022) Kat:3, Licht: 2,208538,3,7,0,01,02,2,1,2,1,0,0,0,0,0
"POINT (11.045387481000001 49.443695429000101)",Unfall 208571 (2022) Kat:3, Licht: 0,208571,3,3,5,01,13,3,0,0,0,1,0,0,0,0
"POINT (11.081387082999999 49.446642245000099)",Unfall 208610 (2022) Kat:3, Licht: 0,208610,3,2,5,01,08,2,0,0,1,1,0,0,0,0
"POINT (11.135103647999999 49.454186028000002)",Unfall 208652 (2022) Kat:3, Licht: 0,208652,3,1,0,01,12,2,1,0,1,0,0,0,0,0
"POINT (11.084075714000100 49.455094072000101)",Unfall 208665 (2022) Kat:3, Licht: 2,208665,3,6,3,01,18,3,0,2,1,1,0,0,0,0
"POINT (11.049104029000000 49.434842732000000)",Unfall 208703 (2022) Kat:3, Licht: 2,208703,3,2,6,01,07,6,0,2,0,1,1,0,0,0
"POINT (11.082067141000000 49.450065935000097)",Unfall 208752 (2022) Kat:3, Licht: 0,208752,3,3,3,02,10,6,0,0,0,1,0,0,0,0
"POINT (11.121991467999999 49.442561871000102)",Unfall 208759 (2022) Kat:3, Licht: 2,208759,3,6,1,02,18,4,0,2,1,1,0,0,0,0
"POINT (11.135795508999999 49.413439342000103)",Unfall 208771 (2022) Kat:3, Licht: 0,208771,3,3,5,02,11,6,0,0,1,1,0,0,0,0
"POINT (11.111728097000000 49.405284934000100)",Unfall 208772 (2022) Kat:3, Licht: 0,208772,3,3,5,02,09,7,0,0,1,1,0,0,0,0
"POINT (11.066263252000100 49.448198750000103)",Unfall 208786 (2022) Kat:3, Licht: 2,208786,3,2,5,01,18,7,0,2,1,1,0,0,0,0
"POINT (11.072074262999999 49.448313917000100)",Unfall 208794 (2022) Kat:3, Licht: 0,208794,3,6,3,02,12,5,0,0,0,1,0,0,0,0
"POINT (11.065314610000000 49.448572749999997)",Unfall 208819 (2022) Kat:3, Licht: 0,208819,3,6,2,02,14,1,0,0,0,1,0,0,0,0
"POINT (11.078399061000001 49.442740797000098)",Unfall 208821 (2022) Kat:3, Licht: 0,208821,3,1,0,02,12,4,1,0,1,0,0,0,0,0
"POINT (11.006433190999999 49.435689939000000)",Unfall 208830 (2022) Kat:3, Licht: 0,208830,3,6,2,01,14,5,0,0,0,1,0,0,0,0
"POINT (11.089273626000001 49.402126516000102)",Unfall 208847 (2022) Kat:3, Licht: 0,208847,3,7,0,02,16,2,0,0,0,1,1,0,0,0
"POINT (11.097421414000101 49.445874688000103)",Unfall 208854 (2022) Kat:3, Licht: 0,208854,3,2,3,02,16,7,0,0,1,1,0,0,0,0
"POINT (11.088426307000100 49.441329109999998)",Unfall 208896 (2022) Kat:3, Licht: 2,208896,3,2,4,02,06,6,1,2,1,1,0,0,0,0
"POINT (11.059186585000100 49.457594132000096)",Unfall 208901 (2022) Kat:3, Licht: 2,208901,3,6,4,02,21,5,0,2,1,0,0,0,0,0
"POINT (10.999273222000101 49.446665659000097)",Unfall 208904 (2022) Kat:3, Licht: 2,208904,3,6,3,02,05,6,1,2,0,1,0,0,1,0
"POINT (11.087394543000100 49.440086585000103)",Unfall 208906 (2022) Kat:3, Licht: 2,208906,3,3,5,02,20,3,0,2,1,1,0,0,0,0
"POINT (11.044269732000000 49.452971701000102)",Unfall 208922 (2022) Kat:3, Licht: 0,208922,3,1,0,02,14,5,0,0,0,0,0,0,0,1
"POINT (11.073951581000101 49.439435936000102)",Unfall 208957 (2022) Kat:2, Licht: 2,208957,2,2,5,02,07,5,1,2,1,1,0,0,0,0
"POINT (11.082158621000101 49.439138376000102)",Unfall 208960 (2022) Kat:3, Licht: 0,208960,3,7,6,01,13,5,2,0,1,0,1,0,0,0
"POINT (11.071220709000000 49.475524280000101)",Unfall 208972 (2022) Kat:2, Licht: 0,208972,2,3,5,02,10,2,0,0,1,1,0,0,0,0
"POINT (11.088284173000000 49.405796979000101)",Unfall 208985 (2022) Kat:2, Licht: 0,208985,2,7,0,02,11,4,0,0,0,0,0,0,0,1
"POINT (11.050842431000000 49.452397382000100)",Unfall 208990 (2022) Kat:3, Licht: 2,208990,3,6,2,02,21,7,0,2,0,1,0,0,0,0
"POINT (11.055749122000099 49.443311090000101)",Unfall 208995 (2022) Kat:3, Licht: 2,208995,3,3,5,01,21,2,1,2,0,1,0,0,0,0
"POINT (11.091656522000100 49.455329081000102)",Unfall 209000 (2022) Kat:3, Licht: 0,209000,3,6,2,02,16,1,0,0,0,1,0,0,0,0
"POINT (11.131533294000100 49.428209428999999)",Unfall 209012 (2022) Kat:3, Licht: 0,209012,3,6,3,02,11,3,0,0,0,1,0,0,0,0
"POINT (11.063006238000099 49.426273725000001)",Unfall 209016 (2022) Kat:3, Licht: 2,209016,3,3,5,02,19,7,0,2,0,1,0,0,0,0
"POINT (11.092337014000099 49.436544439999999)",Unfall 209020 (2022) Kat:3, Licht: 0,209020,3,3,3,02,08,3,1,0,0,1,0,0,0,0
"POINT (11.071601887000000 49.473833155000101)",Unfall 209038 (2022) Kat:3, Licht: 2,209038,3,3,5,01,17,5,1,2,1,1,0,0,0,0
"POINT (11.078126467000100 49.455745694000001)",Unfall 209039 (2022) Kat:3, Licht: 0,209039,3,4,6,02,09,6,1,0,1,0,1,0,0,0
"POINT (11.072213735000000 49.484620900000003)",Unfall 209048 (2022) Kat:3, Licht: 0,209048,3,6,2,02,16,3,0,0,0,1,0,0,0,0
"POINT (11.086814264000100 49.453327403000102)",Unfall 209051 (2022) Kat:3, Licht: 0,209051,3,4,6,02,13,4,0,0,0,1,1,0,0,0
"POINT (11.053621886000000 49.403313117000003)",Unfall 209053 (2022) Kat:3, Licht: 0,209053,3,3,5,02,09,2,0,0,1,0,0,0,0,1
"POINT (11.057074406000000 49.442264927000103)",Unfall 209054 (2022) Kat:3, Licht: 2,209054,3,6,4,02,17,6,0,2,1,0,0,0,0,0
"POINT (11.080912950000000 49.452219761000002)",Unfall 209068 (2022) Kat:3, Licht: 0,209068,3,1,0,02,16,5,0,0,0,0,0,0,0,1
"POINT (11.097681785000100 49.445879492000103)",Unfall 209090 (2022) Kat:3, Licht: 0,209090,3,2,3,02,09,3,1,0,1,1,0,0,0,0
"POINT (11.053777568999999 49.440387255000097)",Unfall 209111 (2022) Kat:3, Licht: 0,209111,3,6,2,02,15,3,0,0,0,1,0,1,0,0
"POINT (11.070270495999999 49.455015195999998)",Unfall 209115 (2022) Kat:3, Licht: 0,209115,3,6,2,01,14,5,1,0,0,1,0,0,0,0
"POINT (11.082070281000000 49.447782786000097)",Unfall 209128 (2022) Kat:3, Licht: 0,209128,3,6,1,02,14,5,0,0,0,1,0,0,0,0
"POINT (11.097504988000001 49.444651625000098)",Unfall 209157 (2022) Kat:3, Licht: 0,209157,3,3,5,01,07,3,0,0,0,1,0,0,0,0
"POINT (11.053872276000000 49.406718288000000)",Unfall 209209 (2022) Kat:3, Licht: 2,209209,3,3,5,01,04,3,1,2,0,1,0,0,1,0
"POINT (11.082038772000001 49.450684015999997)",Unfall 209210 (2022) Kat:3, Licht: 2,209210,3,6,1,02,21,3,0,2,0,1,0,0,0,1
"POINT (11.113549785000000 49.439067749000102)",Unfall 209222 (2022) Kat:3, Licht: 2,209222,3,7,0,01,17,2,1,2,0,0,0,0,0,1
"POINT (11.126066493000099 49.441408893000101)",Unfall 209224 (2022) Kat:3, Licht: 0,209224,3,1,9,01,11,4,0,0,0,1,0,0,0,0
"POINT (11.104938360000100 49.442744047000097)",Unfall 209244 (2022) Kat:2, Licht: 0,209244,2,7,0,01,14,5,1,0,0,0,0,0,0,1
"POINT (11.078562656000001 49.440884140999998)",Unfall 209249 (2022) Kat:3, Licht: 2,209249,3,3,5,02,21,3,0,2,1,1,0,0,0,0
"POINT (11.045458504000100 49.444469113000103)",Unfall 209253 (2022) Kat:3, Licht: 0,209253,3,4,6,02,13,3,1,0,0,1,1,0,0,0
"POINT (11.026991331000000 49.442783955000003)",Unfall 209266 (2022) Kat:3, Licht: 0,209266,3,3,5,02,14,2,0,0,1,1,0,0,0,0
"POINT (11.077161544999999 49.451866241000097)",Unfall 209276 (2022) Kat:3, Licht: 0,209276,3,7,1,02,12,3,0,0,1,1,0,0,0,0
"POINT (11.090316451000000 49.439251667000100)",Unfall 209298 (2022) Kat:3, Licht: 1,209298,3,3,1,01,16,5,1,1,0,1,0,0,0,0
"POINT (11.032924102000001 49.433166450000002)",Unfall 209302 (2022) Kat:3, Licht: 0,209302,3,3,1,02,13,4,0,0,0,1,0,0,0,0
"POINT (11.074375002000099 49.434099942000003)",Unfall 209311 (2022) Kat:3, Licht: 0,209311,3,3,5,01,13,6,1,0,1,1,0,0,0,0
"POINT (11.053957722000099 49.434099791999998)",Unfall 209336 (2022) Kat:3, Licht: 2,209336,3,1,0,02,19,4,0,2,0,0,0,0,0,1
"POINT (11.083263400000000 49.436373477000103)",Unfall 209340 (2022) Kat:3, Licht: 1,209340,3,2,4,01,17,7,0,1,0,1,0,0,0,0
"POINT (11.068136647000101 49.435094386999999)",Unfall 209359 (2022) Kat:3, Licht: 0,209359,3,6,2,02,13,4,1,0,0,1,0,0,1,0
"POINT (11.079791689000000 49.437252178000101)",Unfall 209364 (2022) Kat:3, Licht: 2,209364,3,2,5,01,07,3,0,2,1,1,0,0,0,0
"POINT (11.085774888000101 49.450235427000102)",Unfall 209368 (2022) Kat:2, Licht: 0,209368,2,4,6,02,16,7,1,0,1,0,1,0,0,0
"POINT (11.101455227000001 49.441482534000002)",Unfall 209369 (2022) Kat:3, Licht: 0,209369,3,3,5,01,08,5,1,0,1,1,0,0,0,0
"POINT (11.083426582000101 49.436193471000102)",Unfall 209376 (2022) Kat:3, Licht: 2,209376,3,1,0,02,22,6,1,2,0,0,0,0,0,1
"POINT (11.069905201999999 49.462374121000003)",Unfall 209380 (2022) Kat:3, Licht: 0,209380,3,7,6,02,10,2,0,0,0,1,1,0,0,0
"POINT (11.047494248000000 49.433662327000000)",Unfall 209383 (2022) Kat:3, Licht: 0,209383,3,3,5,02,14,7,0,0,1,1,0,0,0,0
"POINT (11.083255250000001 49.436384042999997)",Unfall 209414 (2022) Kat:3, Licht: 1,209414,3,3,5,02,06,3,1,1,0,1,0,0,0,0
"POINT (11.086735257000001 49.452925311999998)",Unfall 209420 (2022) Kat:3, Licht: 2,209420,3,1,0,02,03,1,0,2,0,0,0,0,0,1
"POINT (11.081863472000100 49.466054730000103)",Unfall 209425 (2022) Kat:3, Licht: 0,209425,3,3,5,02,13,6,0,0,1,1,0,0,0,0
"POINT (11.070618035000100 49.456564821000001)",Unfall 209426 (2022) Kat:3, Licht: 2,209426,3,6,1,01,21,4,0,2,0,1,0,0,0,0
"POINT (11.096915587000099 49.437570504000099)",Unfall 209437 (2022) Kat:2, Licht: 0,209437,2,7,0,02,08,7,1,0,0,0,0,0,0,1
"POINT (11.074857572999999 49.446731290000102)",Unfall 209464 (2022) Kat:3, Licht: 0,209464,3,6,2,02,14,3,0,0,0,1,0,0,0,0
"POINT (11.045562888000100 49.454287199000099)",Unfall 209475 (2022) Kat:3, Licht: 2,209475,3,2,5,02,05,6,0,2,1,1,0,0,0,0
"POINT (11.055916346000100 49.445551473000101)",Unfall 209495 (2022) Kat:3, Licht: 0,209495,3,7,0,02,15,4,1,0,0,0,0,0,1,0
"POINT (11.059518948000100 49.460681995000101)",Unfall 209525 (2022) Kat:3, Licht: 0,209525,3,2,5,02,10,2,0,0,1,1,0,0,0,0
"POINT (11.066820477000000 49.431081186000000)",Unfall 209526 (2022) Kat:3, Licht: 0,209526,3,7,0,02,16,6,0,0,1,0,0,0,0,0
"POINT (11.082583665000101 49.448700049000102)",Unfall 209531 (2022) Kat:3, Licht: 2,209531,3,1,9,02,05,5,0,2,0,1,0,0,0,0
"POINT (11.068657877000000 49.441742896999997)",Unfall 209541 (2022) Kat:3, Licht: 2,209541,3,4,6,02,20,4,1,2,1,0,1,0,0,0
"POINT (11.081276855000100 49.442334965000001)",Unfall 209551 (2022) Kat:3, Licht: 2,209551,3,6,2,01,17,4,0,2,0,1,0,0,0,0
"POINT (11.071373391000099 49.456779063000099)",Unfall 209563 (2022) Kat:3, Licht: 2,209563,3,1,0,02,18,4,0,2,1,0,0,0,0,0
"POINT (11.087844000000100 49.454670905000100)",Unfall 209575 (2022) Kat:3, Licht: 0,209575,3,7,5,02,14,7,0,0,1,0,0,0,0,0
"POINT (11.061818661000100 49.448797338000098)",Unfall 209618 (2022) Kat:3, Licht: 2,209618,3,4,6,01,21,7,1,2,0,1,1,0,0,0
"POINT (11.066864066000100 49.406040962000098)",Unfall 209620 (2022) Kat:3, Licht: 2,209620,3,3,5,02,18,3,0,2,0,1,0,0,0,0
"POINT (11.066160629000001 49.458212545000002)",Unfall 209622 (2022) Kat:3, Licht: 0,209622,3,2,6,01,08,2,2,0,0,1,1,0,0,0
"POINT (11.131475914000101 49.434597815000103)",Unfall 209630 (2022) Kat:2, Licht: 0,209630,2,7,0,02,15,6,0,0,1,0,0,0,0,0
"POINT (11.081911659000101 49.440440262999999)",Unfall 209638 (2022) Kat:3, Licht: 2,209638,3,2,5,02,18,3,1,2,1,1,0,0,0,0
"POINT (11.138061252000099 49.468013884000101)",Unfall 209641 (2022) Kat:3, Licht: 0,209641,3,2,6,02,15,1,0,0,1,0,1,0,0,0
"POINT (11.059446882000000 49.451012255000101)",Unfall 209642 (2022) Kat:3, Licht: 0,209642,3,3,5,02,07,4,1,0,1,1,0,0,0,0
"POINT (11.051962332000100 49.443449083000097)",Unfall 209652 (2022) Kat:3, Licht: 0,209652,3,3,5,02,13,5,0,0,1,1,0,0,0,0
"POINT (11.074043933000000 49.451716539000103)",Unfall 209667 (2022) Kat:3, Licht: 0,209667,3,3,5,01,11,5,0,0,1,1,0,0,0,0
"POINT (11.009548616000099 49.456005307000098)",Unfall 209678 (2022) Kat:3, Licht: 0,209678,3,6,2,02,14,7,0,0,0,1,0,0,0,0
"POINT (11.036483704000000 49.440804817000100)",Unfall 209691 (2022) Kat:3, Licht: 0,209691,3,7,3,02,07,5,0,0,0,1,0,0,0,0
"POINT (11.070170181000000 49.406072639000101)",Unfall 209727 (2022) Kat:3, Licht: 0,209727,3,6,3,02,15,6,0,0,1,0,0,0,0,0
"POINT (11.085860471000000 49.445009159999998)",Unfall 209737 (2022) Kat:3, Licht: 0,209737,3,4,6,02,13,7,0,0,0,1,1,0,0,0
"POINT (11.046607743999999 49.432799804000098)",Unfall 209740 (2022) Kat:3, Licht: 0,209740,3,5,0,02,08,5,0,0,1,1,0,0,0,0
"POINT (11.084911526000001 49.422369766000003)",Unfall 209761 (2022) Kat:3, Licht: 0,209761,3,6,2,03,12,3,0,0,0,1,0,0,0,0
"POINT (11.079630686000000 49.378953045000102)",Unfall 209763 (2022) Kat:3, Licht: 0,209763,3,7,7,03,09,6,0,0,1,0,1,0,0,0
"POINT (11.058400016000100 49.449905569000101)",Unfall 209768 (2022) Kat:3, Licht: 0,209768,3,1,0,02,14,5,0,0,0,0,0,1,0,0
"POINT (11.080865298999999 49.446768346000098)",Unfall 209810 (2022) Kat:3, Licht: 0,209810,3,6,2,02,15,1,0,0,0,1,0,0,0,0
"POINT (11.012042292000000 49.448739613999997)",Unfall 209832 (2022) Kat:3, Licht: 0,209832,3,3,5,03,15,3,1,0,0,1,0,0,0,0
"POINT (11.065753340000100 49.447600276999999)",Unfall 209837 (2022) Kat:3, Licht: 0,209837,3,3,3,03,09,4,0,0,1,0,0,1,0,0
"POINT (11.071169069000099 49.470879277999998)",Unfall 209846 (2022) Kat:3, Licht: 0,209846,3,3,5,03,14,6,0,0,1,1,0,0,0,0
"POINT (11.053860353000101 49.406642099000102)",Unfall 209851 (2022) Kat:3, Licht: 0,209851,3,4,6,03,12,2,0,0,0,1,1,0,0,0
"POINT (11.082970058000100 49.446812076000100)",Unfall 209856 (2022) Kat:3, Licht: 0,209856,3,1,0,03,13,1,0,0,1,0,0,0,0,0
"POINT (11.083250259000099 49.449750113999997)",Unfall 209859 (2022) Kat:3, Licht: 0,209859,3,3,5,02,10,6,0,0,0,1,0,0,0,1
"POINT (11.046363164000100 49.509746504000098)",Unfall 209861 (2022) Kat:3, Licht: 2,209861,3,1,0,03,19,7,0,2,1,0,0,0,0,0
"POINT (11.067058692000000 49.439083855000000)",Unfall 209876 (2022) Kat:3, Licht: 0,209876,3,5,1,02,11,5,0,0,0,1,0,0,0,1
"POINT (11.082802184000100 49.447096311000102)",Unfall 209879 (2022) Kat:3, Licht: 2,209879,3,3,5,03,01,6,0,2,0,1,0,0,0,0
"POINT (11.075655693000000 49.444991395000002)",Unfall 209882 (2022) Kat:3, Licht: 0,209882,3,3,5,02,15,6,0,0,1,1,0,0,0,0
"POINT (11.097559510000099 49.458972046000000)",Unfall 209894 (2022) Kat:3, Licht: 0,209894,3,6,2,03,11,6,0,0,1,1,0,0,0,0
"POINT (11.125603206000100 49.408380464000103)",Unfall 209910 (2022) Kat:3, Licht: 2,209910,3,1,0,03,20,7,0,2,1,0,0,0,0,0
"POINT (11.085079259000100 49.440787417000102)",Unfall 209922 (2022) Kat:3, Licht: 0,209922,3,3,5,02,16,5,0,0,1,1,0,0,0,0
"POINT (11.118621768000001 49.422591730000100)",Unfall 209933 (2022) Kat:3, Licht: 0,209933,3,3,5,03,11,1,0,0,0,1,0,0,0,0
"POINT (11.123083053000100 49.416956057999997)",Unfall 209943 (2022) Kat:3, Licht: 0,209943,3,6,3,03,07,2,1,0,1,0,0,0,1,0
"POINT (11.058888573000001 49.443333643000102)",Unfall 209958 (2022) Kat:3, Licht: 2,209958,3,6,2,03,18,4,0,2,0,1,0,0,0,0
"POINT (11.076578801000000 49.449040295000003)",Unfall 209962 (2022) Kat:3, Licht: 0,209962,3,1,0,03,16,3,1,0,1,0,0,0,0,0
"POINT (11.080143985000101 49.415865569000097)",Unfall 209964 (2022) Kat:2, Licht: 0,209964,2,7,4,03,11,6,0,0,1,1,0,0,0,0
"POINT (11.050010448000000 49.364479250999999)",Unfall 209967 (2022) Kat:2, Licht: 0,209967,2,1,0,03,14,6,0,0,1,0,0,0,0,0
"POINT (11.058484440000001 49.460037077999999)",Unfall 209993 (2022) Kat:3, Licht: 2,209993,3,1,4,03,21,4,0,2,0,1,0,0,0,0
"POINT (11.082061927000000 49.459042320999998)",Unfall 210006 (2022) Kat:3, Licht: 0,210006,3,6,2,03,15,7,0,0,0,1,0,0,0,0
"POINT (11.089262944000000 49.467711250000001)",Unfall 210033 (2022) Kat:3, Licht: 0,210033,3,3,5,03,16,4,0,0,0,1,0,0,0,0
"POINT (11.092053719000001 49.444362974999997)",Unfall 210044 (2022) Kat:3, Licht: 2,210044,3,3,5,02,21,5,1,2,1,0,0,0,0,1
"POINT (11.090084794000100 49.441353858000099)",Unfall 210048 (2022) Kat:3, Licht: 0,210048,3,6,2,03,13,3,0,0,0,1,0,0,0,0
"POINT (11.040082459000100 49.470567369999998)",Unfall 210056 (2022) Kat:3, Licht: 0,210056,3,7,0,03,14,5,0,0,0,1,0,0,0,1
"POINT (11.067411589000100 49.439486433000098)",Unfall 210082 (2022) Kat:3, Licht: 2,210082,3,4,3,03,19,3,0,2,0,1,1,0,0,0
"POINT (11.139196084000000 49.415179330999997)",Unfall 210093 (2022) Kat:3, Licht: 0,210093,3,2,5,03,10,6,0,0,1,1,0,0,0,0
"POINT (11.054079282000000 49.451361656000103)",Unfall 210140 (2022) Kat:3, Licht: 0,210140,3,7,0,03,16,2,0,0,1,0,0,0,0,0
"POINT (11.068561112000101 49.444656071000097)",Unfall 210150 (2022) Kat:3, Licht: 2,210150,3,2,0,03,22,3,1,2,1,1,0,0,0,0
"POINT (11.089315805000100 49.456323607999998)",Unfall 210151 (2022) Kat:3, Licht: 0,210151,3,6,3,02,13,6,0,0,0,1,0,1,0,0
"POINT (11.116233604000101 49.477469188000001)",Unfall 210153 (2022) Kat:3, Licht: 0,210153,3,3,5,03,13,6,0,0,1,1,0,0,0,0
"POINT (11.011357457000001 49.447990456000099)",Unfall 210158 (2022) Kat:3, Licht: 0,210158,3,2,5,03,14,4,0,0,0,1,0,1,0,0
"POINT (11.036196100000000 49.455166228000103)",Unfall 210160 (2022) Kat:3, Licht: 0,210160,3,6,1,03,13,2,0,0,0,1,0,0,0,0
"POINT (11.102644451000099 49.412889935000102)",Unfall 210164 (2022) Kat:3, Licht: 0,210164,3,1,1,03,17,6,0,0,0,1,0,0,0,0
"POINT (11.085119527000099 49.447269311000099)",Unfall 210177 (2022) Kat:3, Licht: 0,210177,3,1,0,03,09,2,1,0,1,0,0,0,0,0
"POINT (11.063244851000000 49.458976694000100)",Unfall 210186 (2022) Kat:3, Licht: 0,210186,3,7,0,03,13,2,0,0,0,0,0,0,0,1
"POINT (11.131894645999999 49.433123588999997)",Unfall 210189 (2022) Kat:3, Licht: 0,210189,3,6,0,02,16,4,0,0,1,1,0,0,0,0
"POINT (11.088057402000100 49.461311225000003)",Unfall 210201 (2022) Kat:3, Licht: 1,210201,3,7,1,03,05,7,0,1,0,1,0,0,0,0
"POINT (11.039671151000100 49.512157307999999)",Unfall 210203 (2022) Kat:3, Licht: 0,210203,3,2,5,03,13,7,0,0,1,1,0,0,0,0
"POINT (11.078967040000100 49.449752693000100)",Unfall 210214 (2022) Kat:3, Licht: 0,210214,3,7,6,03,09,3,0,0,0,0,1,0,1,0
"POINT (11.015999144000000 49.453670159000097)",Unfall 210242 (2022) Kat:3, Licht: 2,210242,3,3,5,03,23,5,0,2,0,1,0,0,0,0
"POINT (11.082023077000001 49.406297578000100)",Unfall 210247 (2022) Kat:3, Licht: 1,210247,3,3,5,03,19,3,1,1,0,1,0,0,0,0