WKT,Name,OBJECTID,UKATEGORIE,UTYP1,UART,UMONAT,USTUNDE,UWOCHENTAG,STRZUSTAND,ULICHTVERH,ISTRAD,ISTPKW,ISTFUSS,ISTKRAD,ISTGKFZ,ISTSONSTIG
"POINT (11.086866809000099 49.453254112000103)",Unfall 210250 (2022) Kat:3, Licht: 2,210250,3,2,5,03,22,6,1,2,0,1,0,0,0,1
"POINT (11.055996186000099 49.420470690999998)",Unfall 210269 (2022) Kat:2, Licht: 1,210269,2,1,9,03,18,5,0,1,1,0,0,0,0,0
"POINT (11.072591262000101 49.453474363000097)",Unfall 210306 (2022) Kat:3, Licht: 2,210306,3,7,6,03,19,6,0,2,0,1,1,0,0,0
"POINT (11.012661443000100 49.449560912999999)",Unfall 210310 (2022) Kat:3, Licht: 0,210310,3,1,0,03,14,5,0,0,1,0,0,0,0,0
"POINT (11.081988033000099 49.459286579000000)",Unfall 210322 (2022) Kat:2, Licht: 0,210322,2,4,6,03,15,4,0,0,0,1,1,0,0,0
"POINT (11.059729891000099 49.393751146000099)",Unfall 210377 (2022) Kat:2, Licht: 1,210377,2,3,5,03,18,3,1,1,0,1,0,1,0,0
"POINT (11.074639345000000 49.430966988000101)",Unfall 210381 (2022) Kat:3, Licht: 0,210381,3,6,1,03,14,3,0,0,1,1,0,0,0,0
"POINT (11.097240318000001 49.458991158000103)",Unfall 210383 (2022) Kat:3, Licht: 0,210383,3,6,2,03,10,3,0,0,0,1,0,0,0,0
"POINT (11.090040500000001 49.457690442000100)",Unfall 210392 (2022) Kat:3, Licht: 0,210392,3,4,6,02,15,4,0,0,0,0,1,0,0,1
"POINT (11.080169830000001 49.446641960000100)",Unfall 210405 (2022) Kat:2, Licht: 0,210405,2,3,5,03,12,4,0,0,1,0,0,0,0,1
"POINT (11.031600263000000 49.418217685999998)",Unfall 210439 (2022) Kat:2, Licht: 2,210439,2,1,0,02,22,4,1,2,1,0,0,0,0,0
"POINT (11.090021202000100 49.468616812000100)",Unfall 210443 (2022) Kat:3, Licht: 0,210443,3,1,8,03,11,5,0,0,0,0,0,1,0,0
"POINT (11.076732642000000 49.446651596999999)",Unfall 210459 (2022) Kat:2, Licht: 2,210459,2,3,5,03,20,3,0,2,1,0,0,0,0,0
"POINT (11.126126789000100 49.424378326000102)",Unfall 210469 (2022) Kat:3, Licht: 2,210469,3,1,1,02,23,1,0,2,1,0,0,0,0,1
"POINT (11.173492779000100 49.412436103000097)",Unfall 210497 (2022) Kat:3, Licht: 0,210497,3,2,5,03,15,6,0,0,1,1,0,0,0,0
"POINT (11.074042194000100 49.439154332999998)",Unfall 210513 (2022) Kat:3, Licht: 1,210513,3,6,2,03,18,2,0,1,0,1,0,1,0,0
"POINT (11.078431266000100 49.439953471000102)",Unfall 210517 (2022) Kat:3, Licht: 2,210517,3,3,5,03,23,5,0,2,0,1,0,1,0,0
"POINT (11.090408232000099 49.438706823000103)",Unfall 210520 (2022) Kat:3, Licht: 0,210520,3,1,0,02,11,6,0,0,1,0,0,0,0,0
"POINT (11.064518774000000 49.439755616000099)",Unfall 210532 (2022) Kat:3, Licht: 0,210532,3,3,5,02,17,2,0,0,1,1,0,0,0,0
"POINT (11.093542657000100 49.462621968000100)",Unfall 210549 (2022) Kat:3, Licht: 0,210549,3,7,0,03,16,3,0,0,0,0,1,0,0,1
"POINT (11.088385224000000 49.443114759000103)",Unfall 210568 (2022) Kat:3, Licht: 2,210568,3,2,3,02,19,6,1,2,1,1,0,0,0,0
"POINT (11.097624263000100 49.446671364000103)",Unfall 210573 (2022) Kat:3, Licht: 0,210573,3,6,1,03,08,7,0,0,0,0,0,1,1,0
"POINT (11.028639794000100 49.467694024000103)",Unfall 210578 (2022) Kat:3, Licht: 0,210578,3,3,5,02,12,7,0,0,1,1,0,0,0,0
"POINT (11.055133829000100 49.461600763000000)",Unfall 210584 (2022) Kat:3, Licht: 0,210584,3,3,0,03,14,6,0,0,0,1,0,1,0,0
"POINT (11.077255952000000 49.448529380000103)",Unfall 210591 (2022) Kat:3, Licht: 0,210591,3,6,3,03,07,5,0,0,1,0,0,0,0,1
"POINT (11.088022293000099 49.457554125000101)",Unfall 210595 (2022) Kat:3, Licht: 0,210595,3,2,6,03,14,2,0,0,0,1,1,0,0,0
"POINT (11.081589036000000 49.441800896000103)",Unfall 210604 (2022) Kat:3, Licht: 2,210604,3,1,0,02,20,3,1,2,1,0,0,0,0,0
"POINT (11.075133440000100 49.434318948000097)",Unfall 210608 (2022) Kat:3, Licht: 2,210608,3,7,0,02,05,4,1,2,1,0,0,0,0,0
"POINT (11.050191981000101 49.453664827000097)",Unfall 210621 (2022) Kat:3, Licht: 0,210621,3,3,5,03,15,4,0,0,1,0,0,0,0,1
"POINT (11.103796301999999 49.450717516000097)",Unfall 210633 (2022) Kat:3, Licht: 2,210633,3,2,6,03,05,3,0,2,0,1,1,0,0,0
"POINT (11.109343248000100 49.484166696000003)",Unfall 210690 (2022) Kat:3, Licht: 2,210690,3,1,0,03,01,7,0,2,0,0,0,0,0,1
"POINT (11.081940667000000 49.447818054000003)",Unfall 210704 (2022) Kat:3, Licht: 1,210704,3,6,0,03,18,3,0,1,1,0,1,0,0,0
"POINT (11.074557122000000 49.452233188000001)",Unfall 210719 (2022) Kat:2, Licht: 0,210719,2,1,0,03,15,1,0,0,1,0,0,0,0,0
"POINT (11.046877243000001 49.442304846000098)",Unfall 210723 (2022) Kat:3, Licht: 0,210723,3,6,2,02,16,3,0,0,0,1,0,0,0,0
"POINT (11.053612115000000 49.358555382000098)",Unfall 210729 (2022) Kat:3, Licht: 0,210729,3,3,5,03,08,5,0,0,0,1,0,0,0,0
"POINT (11.065530320000100 49.461736474000098)",Unfall 210732 (2022) Kat:3, Licht: 0,210732,3,2,5,03,14,5,0,0,1,1,0,0,0,0
"POINT (11.105819793000000 49.480280651999998)",Unfall 210742 (2022) Kat:3, Licht: 0,210742,3,6,2,03,09,4,0,0,0,1,0,0,0,0
"POINT (11.081989820000000 49.447592848000099)",Unfall 210748 (2022) Kat:3, Licht: 0,210748,3,7,0,03,11,7,0,0,0,0,1,1,0,0
"POINT (11.003477754000100 49.450661823000097)",Unfall 210759 (2022) Kat:3, Licht: 0,210759,3,6,2,02,16,4,0,0,0,1,0,0,0,0
"POINT (11.106059155000001 49.479649844000100)",Unfall 210775 (2022) Kat:3, Licht: 0,210775,3,1,2,03,14,4,0,0,0,1,0,0,0,0
"POINT (11.070902243000001 49.437265857000099)",Unfall 210806 (2022) Kat:3, Licht: 0,210806,3,3,5,04,08,6,1,0,1,1,0,0,0,0
"POINT (11.126271532000001 49.463365699000100)",Unfall 210812 (2022) Kat:2, Licht: 0,210812,2,1,0,03,12,1,0,0,0,0,0,1,0,0
"POINT (11.085109935000000 49.436487215000099)",Unfall 210822 (2022) Kat:2, Licht: 0,210822,2,7,6,03,07,3,0,0,1,0,1,0,0,0
"POINT (11.089556306000100 49.461488012000103)",Unfall 210830 (2022) Kat:2, Licht: 0,210830,2,1,0,04,17,6,1,0,0,0,0,1,0,0
"POINT (11.050718616999999 49.461574415000001)",Unfall 210853 (2022) Kat:2, Licht: 2,210853,2,1,0,04,03,7,1,2,0,0,0,0,0,1
"POINT (11.087833404000000 49.457622581000102)",Unfall 210899 (2022) Kat:3, Licht: 0,210899,3,6,4,04,07,2,0,0,1,1,0,0,0,0
"POINT (11.070671239999999 49.463715524000101)",Unfall 210900 (2022) Kat:3, Licht: 0,210900,3,5,2,03,15,1,0,0,1,1,0,0,0,0
"POINT (11.052357161000000 49.451908850000102)",Unfall 210905 (2022) Kat:3, Licht: 0,210905,3,2,5,03,09,2,0,0,1,1,0,0,0,0
"POINT (11.041102364000000 49.410402240000103)",Unfall 210969 (2022) Kat:3, Licht: 0,210969,3,3,5,03,14,5,0,0,0,1,0,0,0,0
"POINT (11.133458886000000 49.402118277000099)",Unfall 210978 (2022) Kat:3, Licht: 0,210978,3,3,5,03,08,6,0,0,1,1,0,0,0,0
"POINT (11.082187303000101 49.460082227000001)",Unfall 210994 (2022) Kat:3, Licht: 0,210994,3,1,0,04,18,4,0,0,1,0,0,0,0,0
"POINT (11.082390353000100 49.435952862000100)",Unfall 211021 (2022) Kat:3, Licht: 0,211021,3,6,1,03,16,3,0,0,1,0,0,0,0,1
"POINT (11.110439308000000 49.465526781000101)",Unfall 211022 (2022) Kat:3, Licht: 0,211022,3,1,1,04,15,1,0,0,0,1,0,0,0,1
"POINT (11.092200643000099 49.435931396999997)",Unfall 211030 (2022) Kat:3, Licht: 2,211030,3,1,0,03,01,1,0,2,1,0,0,0,0,0
"POINT (11.079749434000099 49.455844513000002)",Unfall 211056 (2022) Kat:2, Licht: 0,211056,2,3,2,04,10,5,0,0,1,1,0,0,0,0
"POINT (11.076435262000100 49.446673013000101)",Unfall 211083 (2022) Kat:3, Licht: 2,211083,3,1,0,03,00,7,0,2,1,0,0,0,0,0
"POINT (11.082390657000101 49.440504557000096)",Unfall 211084 (2022) Kat:3, Licht: 1,211084,3,6,1,04,19,6,1,1,0,1,0,0,0,0
"POINT (11.061099877000100 49.460150794000100)",Unfall 211091 (2022) Kat:2, Licht: 0,211091,2,1,0,04,18,5,1,0,1,0,0,0,0,0
"POINT (11.080672289000100 49.445875620999999)",Unfall 211113 (2022) Kat:3, Licht: 0,211113,3,3,5,03,16,6,0,0,1,0,0,0,0,1
"POINT (11.172086156000001 49.411704569999998)",Unfall 211144 (2022) Kat:3, Licht: 0,211144,3,6,2,03,16,4,0,0,0,1,0,0,0,0
"POINT (11.074416160000100 49.446887366000098)",Unfall 211147 (2022) Kat:3, Licht: 1,211147,3,7,5,03,20,4,0,1,1,0,0,0,0,0
"POINT (11.095620837000100 49.464637692000103)",Unfall 211151 (2022) Kat:3, Licht: 0,211151,3,1,1,04,09,7,1,0,1,1,0,0,0,0
"POINT (11.147662036000000 49.462891030000002)",Unfall 211154 (2022) Kat:3, Licht: 0,211154,3,2,5,04,16,7,0,0,1,1,0,0,0,0
"POINT (11.095781735999999 49.453892103999998)",Unfall 211188 (2022) Kat:3, Licht: 0,211188,3,6,2,03,10,4,0,0,1,0,0,0,0,1
"POINT (11.165114267000000 49.395346496000101)",Unfall 211226 (2022) Kat:3, Licht: 2,211226,3,6,2,04,06,6,1,2,0,1,0,0,0,0
"POINT (11.040503637000000 49.458328662000000)",Unfall 211242 (2022) Kat:3, Licht: 0,211242,3,7,0,03,11,3,0,0,1,1,0,0,0,0
"POINT (11.102763338999999 49.438687296000097)",Unfall 211255 (2022) Kat:3, Licht: 0,211255,3,2,5,04,11,7,1,0,0,1,0,0,0,1
"POINT (11.100258540000000 49.443083902000097)",Unfall 211296 (2022) Kat:3, Licht: 2,211296,3,6,1,03,19,5,0,2,0,0,0,1,0,0
"POINT (10.998356510000100 49.447944276000001)",Unfall 211299 (2022) Kat:3, Licht: 0,211299,3,6,3,03,11,1,0,0,0,1,0,1,0,0
"POINT (11.078581021000000 49.465234876000103)",Unfall 211316 (2022) Kat:3, Licht: 2,211316,3,3,5,04,19,6,1,2,1,1,0,0,0,0
"POINT (11.128985007000001 49.407245887999999)",Unfall 211358 (2022) Kat:2, Licht: 0,211358,2,2,5,04,17,3,0,0,1,1,0,0,0,0
"POINT (11.130998122999999 49.438069372000001)",Unfall 211363 (2022) Kat:3, Licht: 1,211363,3,6,2,03,18,2,0,1,0,1,0,1,0,0
"POINT (11.084392184000000 49.406880011000098)",Unfall 211381 (2022) Kat:2, Licht: 0,211381,2,1,0,03,11,5,0,0,1,0,0,0,0,0
"POINT (11.082026473000001 49.465452687999999)",Unfall 211382 (2022) Kat:3, Licht: 0,211382,3,1,0,03,13,7,0,0,0,1,0,0,0,0
"POINT (11.048721055000000 49.387353568999998)",Unfall 211419 (2022) Kat:3, Licht: 0,211419,3,3,5,04,16,4,0,0,0,1,0,0,1,0
"POINT (11.003121694000100 49.450453868000103)",Unfall 211433 (2022) Kat:3, Licht: 0,211433,3,3,5,04,18,6,1,0,0,1,0,0,0,1
"POINT (11.080733241000100 49.445753087000099)",Unfall 211447 (2022) Kat:3, Licht: 0,211447,3,2,4,03,12,3,0,0,1,1,0,0,0,0
"POINT (11.083743643000000 49.464343108999998)",Unfall 211467 (2022) Kat:3, Licht: 0,211467,3,1,0,03,14,5,0,0,1,0,0,0,0,0
"POINT (11.089415227000099 49.446165429000096)",Unfall 211474 (2022) Kat:3, Licht: 0,211474,3,6,5,03,15,3,0,0,1,0,0,0,0,1
"POINT (11.042404871000000 49.440517676000098)",Unfall 211480 (2022) Kat:3, Licht: 0,211480,3,3,0,04,08,3,1,0,0,1,0,1,0,0
"POINT (11.080696531999999 49.451780053999997)",Unfall 211482 (2022) Kat:3, Licht: 0,211482,3,7,0,04,18,7,0,0,1,0,0,0,0,0
"POINT (11.113295359000100 49.486202471000098)",Unfall 211490 (2022) Kat:3, Licht: 0,211490,3,4,6,03,15,1,0,0,0,0,1,1,0,0
"POINT (11.122548341000000 49.422034285000102)",Unfall 211507 (2022) Kat:3, Licht: 0,211507,3,2,5,04,12,6,1,0,0,1,0,0,0,0
"POINT (11.101373798000100 49.443170479999999)",Unfall 211514 (2022) Kat:2, Licht: 0,211514,2,2,5,04,19,5,1,0,0,1,0,0,0,1
"POINT (11.059969995000101 49.445658807000001)",Unfall 211520 (2022) Kat:3, Licht: 0,211520,3,3,5,04,16,7,0,0,1,1,0,0,0,0
"POINT (11.121129604000000 49.427498652000097)",Unfall 211538 (2022) Kat:2, Licht: 2,211538,2,1,0,03,20,6,0,2,1,0,0,0,0,0
"POINT (11.075781603999999 49.454385097000099)",Unfall 211549 (2022) Kat:2, Licht: 0,211549,2,4,6,03,09,3,0,0,0,1,1,0,0,0
"POINT (11.062741522000101 49.459090947000000)",Unfall 211564 (2022) Kat:3, Licht: 0,211564,3,1,0,04,18,5,1,0,0,0,0,1,0,0
"POINT (11.105094322000101 49.443350210000098)",Unfall 211573 (2022) Kat:3, Licht: 0,211573,3,4,6,03,16,4,0,0,0,0,1,0,0,1
"POINT (11.065260729000000 49.437263039000101)",Unfall 211581 (2022) Kat:3, Licht: 0,211581,3,6,6,04,10,7,0,0,0,1,1,0,0,0
"POINT (11.087494175000099 49.443089191000098)",Unfall 211603 (2022) Kat:3, Licht: 0,211603,3,4,6,03,09,7,0,0,0,1,1,0,0,0
"POINT (11.100184356000099 49.446016256000100)",Unfall 211621 (2022) Kat:2, Licht: 0,211621,2,7,3,03,16,4,0,0,0,1,0,1,0,0
"POINT (11.069392822000101 49.465636700000097)",Unfall 211624 (2022) Kat:3, Licht: 0,211624,3,7,6,03,07,4,0,0,1,0,1,0,0,0
"POINT (11.082402466000101 49.460922150000002)",Unfall 211643 (2022) Kat:3, Licht: 2,211643,3,3,5,04,19,7,0,2,0,1,0,0,0,1
"POINT (11.091714718000000 49.457780767000003)",Unfall 211660 (2022) Kat:3, Licht: 0,211660,3,4,6,04,14,6,1,0,0,1,1,0,0,0
"POINT (11.098605063999999 49.443857784999999)",Unfall 211671 (2022) Kat:3, Licht: 0,211671,3,3,5,03,07,4,0,0,0,1,0,0,0,0
"POINT (11.059360821000000 49.458073165000002)",Unfall 211675 (2022) Kat:3, Licht: 0,211675,3,7,4,03,18,3,0,0,1,0,0,0,0,0
"POINT (11.051564218000101 49.439071001999999)",Unfall 211682 (2022) Kat:2, Licht: 1,211682,2,2,5,03,06,5,0,1,1,1,0,0,0,0
"POINT (11.018814745000000 49.453516702999998)",Unfall 211690 (2022) Kat:2, Licht: 0,211690,2,3,5,04,12,5,1,0,0,1,0,0,0,1
"POINT (11.081012712000099 49.431001397000003)",Unfall 211718 (2022) Kat:3, Licht: 0,211718,3,7,0,04,12,6,1,0,0,1,1,0,0,0
"POINT (11.039244885000100 49.459066792999998)",Unfall 211726 (2022) Kat:3, Licht: 0,211726,3,1,6,03,17,7,0,0,0,0,1,0,0,1
"POINT (11.031664635000000 49.413973989000098)",Unfall 211727 (2022) Kat:3, Licht: 0,211727,3,7,0,03,14,5,0,0,0,0,0,1,0,0
"POINT (11.102030022000100 49.488623505000099)",Unfall 211729 (2022) Kat:3, Licht: 0,211729,3,4,6,04,07,4,0,0,0,1,1,0,0,0
"POINT (11.177975155000100 49.389045490000100)",Unfall 211782 (2022) Kat:3, Licht: 0,211782,3,3,5,04,12,6,0,0,0,1,0,0,1,0
"POINT (11.135219425000100 49.405117200000099)",Unfall 211812 (2022) Kat:3, Licht: 2,211812,3,1,0,03,22,7,0,2,0,0,0,0,0,1
"POINT (11.044523271999999 49.442030170000102)",Unfall 211839 (2022) Kat:3, Licht: 0,211839,3,6,2,04,17,6,1,0,0,1,0,0,0,1
"POINT (11.070247483999999 49.460860309000097)",Unfall 211866 (2022) Kat:3, Licht: 0,211866,3,3,5,04,09,4,0,0,0,1,0,0,0,0
"POINT (11.071371307000000 49.456781038000003)",Unfall 211875 (2022) Kat:3, Licht: 0,211875,3,2,5,04,08,4,0,0,1,1,0,0,0,0
"POINT (11.080530404000100 49.443743447000003)",Unfall 211885 (2022) Kat:3, Licht: 0,211885,3,5,0,04,13,4,0,0,1,1,0,0,0,0
"POINT (11.087406876999999 49.445827047000101)",Unfall 211899 (2022) Kat:2, Licht: 0,211899,2,1,0,04,12,2,1,0,1,0,0,0,0,0
"POINT (11.052151434000100 49.453014060000001)",Unfall 211901 (2022) Kat:3, Licht: 1,211901,3,7,1,04,20,6,0,1,0,1,0,1,0,0
"POINT (11.076059661000000 49.460885251999997)",Unfall 211906 (2022) Kat:2, Licht: 0,211906,2,1,0,04,10,6,0,0,1,0,0,0,0,0
"POINT (11.039741381000100 49.425799495000000)",Unfall 211910 (2022) Kat:3, Licht: 0,211910,3,6,2,04,12,2,0,0,0,1,0,0,0,1
"POINT (11.067648676999999 49.435118321000097)",Unfall 211920 (2022) Kat:3, Licht: 0,211920,3,3,5,04,11,1,0,0,1,1,0,0,0,0
"POINT (11.051391777999999 49.450664253000099)",Unfall 211928 (2022) Kat:2, Licht: 0,211928,2,3,5,04,12,6,0,0,1,1,0,0,0,0
"POINT (11.104515908000099 49.460108876000000)",Unfall 211949 (2022) Kat:3, Licht: 2,211949,3,7,6,04,20,5,0,2,0,0,1,1,0,0
"POINT (11.052897753000000 49.348240374000099)",Unfall 211963 (2022) Kat:2, Licht: 0,211963,2,7,0,04,17,7,0,0,1,0,0,0,0,0
"POINT (11.030198384000100 49.426349392000098)",Unfall 211965 (2022) Kat:3, Licht: 0,211965,3,6,2,05,11,1,0,0,0,0,0,1,0,0
"POINT (11.057801548000000 49.460238330000003)",Unfall 211968 (2022) Kat:2, Licht: 2,211968,2,1,0,04,20,4,0,2,1,0,0,0,0,0
"POINT (11.036714210000101 49.382769053000096)",Unfall 211969 (2022) Kat:3, Licht: 0,211969,3,7,0,04,11,3,1,0,1,1,0,0,0,0
"POINT (11.081494958000100 49.442407672000101)",Unfall 211973 (2022) Kat:3, Licht: 0,211973,3,4,6,04,18,2,0,0,0,1,1,0,0,0
"POINT (11.084761899000100 49.421804811000101)",Unfall 211976 (2022) Kat:3, Licht: 0,211976,3,3,5,04,19,5,0,0,1,1,0,0,0,0
"POINT (11.050422998000000 49.442111953999998)",Unfall 212000 (2022) Kat:3, Licht: 0,212000,3,3,5,04,19,5,0,0,0,1,0,1,0,0
"POINT (11.035574810000099 49.448817570000102)",Unfall 212055 (2022) Kat:3, Licht: 0,212055,3,1,3,04,17,6,0,0,0,1,0,1,0,0
"POINT (11.077492290000100 49.434945671999998)",Unfall 212065 (2022) Kat:3, Licht: 0,212065,3,3,1,04,17,6,0,0,0,1,0,0,0,0
"POINT (11.073265687999999 49.446925024000102)",Unfall 212079 (2022) Kat:3, Licht: 0,212079,3,6,6,04,11,2,0,0,1,0,1,0,0,0
"POINT (11.075495040000000 49.461646805000001)",Unfall 212102 (2022) Kat:2, Licht: 2,212102,2,6,1,04,20,6,0,2,0,1,0,1,0,0
"POINT (11.064557599000100 49.461577410000103)",Unfall 212106 (2022) Kat:3, Licht: 0,212106,3,1,0,04,06,4,1,0,1,0,0,0,0,0
"POINT (11.082591308000101 49.419486000000099)",Unfall 212109 (2022) Kat:2, Licht: 0,212109,2,1,0,04,10,3,0,0,0,0,0,1,0,0
"POINT (11.082865888000100 49.440568343000102)",Unfall 212125 (2022) Kat:3, Licht: 0,212125,3,7,3,04,10,4,0,0,0,1,0,1,0,0
"POINT (11.069713337000101 49.456988088999999)",Unfall 212132 (2022) Kat:3, Licht: 0,212132,3,1,0,04,16,2,0,0,1,0,0,0,0,0
"POINT (11.102764814000100 49.440275326000098)",Unfall 212138 (2022) Kat:3, Licht: 0,212138,3,2,5,04,07,6,0,0,1,1,0,0,0,0
"POINT (11.085863820000000 49.445111501000000)",Unfall 212140 (2022) Kat:3, Licht: 0,212140,3,6,2,04,18,1,0,0,0,1,0,0,0,0
"POINT (11.035409178000100 49.403368809000000)",Unfall 212143 (2022) Kat:2, Licht: 1,212143,2,7,6,04,16,5,0,1,0,1,1,0,0,0
"POINT (11.018305748000000 49.469295352000103)",Unfall 212175 (2022) Kat:3, Licht: 0,212175,3,1,0,04,14,4,0,0,1,0,0,0,0,0
"POINT (11.071449330000100 49.463768747000103)",Unfall 212188 (2022) Kat:3, Licht: 0,212188,3,3,5,04,15,6,0,0,1,1,0,0,0,0
"POINT (11.086796503000100 49.453071717000100)",Unfall 212256 (2022) Kat:3, Licht: 0,212256,3,4,6,04,13,2,0,0,0,1,1,0,0,0
"POINT (11.151592169000001 49.466290002000100)",Unfall 212301 (2022) Kat:3, Licht: 0,212301,3,3,5,04,16,2,0,0,1,0,0,0,0,0
"POINT (11.040713088000100 49.440859994000000)",Unfall 212317 (2022) Kat:3, Licht: 0,212317,3,1,0,04,12,3,0,0,0,0,0,0,0,1
"POINT (11.147433420000000 49.415069561999999)",Unfall 212343 (2022) Kat:3, Licht: 0,212343,3,1,2,04,08,2,0,0,0,1,0,0,0,0
"POINT (11.116513047000099 49.472166497000003)",Unfall 212362 (2022) Kat:3, Licht: 0,212362,3,2,4,04,15,6,0,0,0,1,0,0,0,0
"POINT (11.083626498000100 49.447318272000103)",Unfall 212364 (2022) Kat:3, Licht: 0,212364,3,4,6,04,18,5,0,0,0,1,1,0,0,0
"POINT (11.080512260000001 49.416193040000103)",Unfall 212414 (2022) Kat:2, Licht: 2,212414,2,1,0,04,04,5,0,2,0,0,0,0,0,1
"POINT (11.137772342000099 49.401607509000002)",Unfall 212451 (2022) Kat:3, Licht: 0,212451,3,6,1,04,07,4,1,0,0,1,0,0,0,0
"POINT (11.048554628000000 49.453159963000097)",Unfall 212466 (2022) Kat:3, Licht: 0,212466,3,1,8,04,08,1,0,0,0,1,0,0,0,0
"POINT (11.078683052000001 49.454474511999997)",Unfall 212480 (2022) Kat:2, Licht: 0,212480,2,1,0,04,10,3,1,0,1,0,0,0,0,0
"POINT (11.038017331000001 49.409859707000102)",Unfall 212485 (2022) Kat:3, Licht: 0,212485,3,7,6,04,14,5,0,0,0,1,1,0,0,0
"POINT (11.012800727000100 49.449747914000099)",Unfall 212497 (2022) Kat:3, Licht: 0,212497,3,7,0,04,16,3,0,0,0,0,0,0,0,1
"POINT (11.101424314000001 49.441479315000002)",Unfall 212505 (2022) Kat:3, Licht: 0,212505,3,3,5,04,16,2,0,0,1,1,0,0,0,0
"POINT (11.100247237000101 49.359332364000103)",Unfall 212509 (2022) Kat:3, Licht: 0,212509,3,7,6,05,09,1,0,0,0,1,1,0,0,0
"POINT (11.057873302000100 49.460216105000001)",Unfall 212542 (2022) Kat:3, Licht: 0,212542,3,1,0,04,14,7,0,0,1,0,0,0,0,0
"POINT (11.079659505000100 49.473841177000097)",Unfall 212565 (2022) Kat:2, Licht: 0,212565,2,2,5,04,14,3,0,0,1,0,0,0,0,0
"POINT (11.020567840000099 49.431005260000099)",Unfall 212582 (2022) Kat:3, Licht: 0,212582,3,3,5,04,15,7,1,0,0,1,0,0,0,0
"POINT (11.082702665000101 49.419784270000001)",Unfall 212584 (2022) Kat:2, Licht: 0,212584,2,3,5,04,10,6,0,0,1,1,0,0,0,0
"POINT (11.087157042999999 49.448942562000099)",Unfall 212586 (2022) Kat:3, Licht: 0,212586,3,1,0,04,17,3,0,0,1,0,0,0,0,0
"POINT (11.102672192000099 49.438896826000096)",Unfall 212602 (2022) Kat:3, Licht: 2,212602,3,7,0,04,21,6,0,2,1,0,0,0,0,1
"POINT (11.088924430000100 49.455674976000097)",Unfall 212614 (2022) Kat:2, Licht: 2,212614,2,1,0,04,00,1,0,2,1,0,0,0,0,0
"POINT (11.071799996999999 49.439732831000100)",Unfall 212656 (2022) Kat:3, Licht: 0,212656,3,4,6,04,13,2,0,0,0,1,1,0,0,0
"POINT (11.066289180000100 49.448217197000098)",Unfall 212659 (2022) Kat:3, Licht: 0,212659,3,2,5,04,11,7,0,0,1,0,0,0,0,1
"POINT (11.121117924000000 49.421219113000099)",Unfall 212708 (2022) Kat:3, Licht: 0,212708,3,7,6,04,17,3,0,0,0,1,1,0,0,0
"POINT (11.085036546000000 49.422899221000101)",Unfall 212723 (2022) Kat:2, Licht: 0,212723,2,3,3,04,05,4,0,0,0,1,0,1,0,0
"POINT (11.090269127999999 49.439721593999998)",Unfall 212734 (2022) Kat:2, Licht: 0,212734,2,1,0,04,11,5,0,0,1,0,0,0,0,0
"POINT (11.027229374000100 49.466295459999998)",Unfall 212752 (2022) Kat:3, Licht: 0,212752,3,3,5,04,16,6,0,0,1,1,0,0,0,0
"POINT (11.057944050000099 49.450377289000102)",Unfall 212754 (2022) Kat:2, Licht: 0,212754,2,3,5,04,11,5,0,0,1,0,0,0,0,1
"POINT (11.100507443000000 49.460621483000097)",Unfall 212756 (2022) Kat:3, Licht: 0,212756,3,3,5,04,11,4,0,0,1,1,0,0,0,0
"POINT (11.117135496000101 49.441714707000102)",Unfall 212759 (2022) Kat:3, Licht: 0,212759,3,6,2,04,16,3,0,0,0,1,0,0,0,0
"POINT (11.087460265000100 49.405994701000097)",Unfall 212790 (2022) Kat:3, Licht: 0,212790,3,7,0,04,12,7,0,0,0,0,0,0,0,1
"POINT (11.136049580000099 49.399995579000098)",Unfall 212813 (2022) Kat:3, Licht: 0,212813,3,6,1,04,08,3,0,0,0,1,0,0,0,0
"POINT (11.073480691000000 49.449255714000103)",Unfall 212818 (2022) Kat:3, Licht: 0,212818,3,7,0,04,12,2,0,0,1,1,0,0,0,0
"POINT (11.068852296999999 49.445386213000099)",Unfall 212834 (2022) Kat:3, Licht: 0,212834,3,6,1,04,08,6,0,0,0,1,0,1,0,0
"POINT (11.110582632000000 49.433322402999998)",Unfall 212874 (2022) Kat:3, Licht: 2,212874,3,3,5,05,00,1,0,2,1,1,0,0,0,0
"POINT (11.032775976000000 49.517188697000101)",Unfall 212914 (2022) Kat:3, Licht: 0,212914,3,7,0,04,09,6,0,0,1,0,0,0,0,0
"POINT (11.069913243000000 49.447171345000100)",Unfall 212933 (2022) Kat:3, Licht: 2,212933,3,1,0,05,04,6,0,2,0,0,0,0,0,1
"POINT (11.128751338000001 49.403580650000002)",Unfall 212950 (2022) Kat:2, Licht: 0,212950,2,6,0,05,17,6,0,0,0,1,0,0,0,1
"POINT (11.081079472000100 49.443550946000101)",Unfall 212952 (2022) Kat:3, Licht: 0,212952,3,2,3,05,13,5,0,0,1,1,0,0,0,0
"POINT (11.086188110000000 49.436646643000103)",Unfall 212953 (2022) Kat:2, Licht: 0,212953,2,6,3,05,16,7,0,0,0,1,0,0,0,1