WKT,Name,OBJECTID,UKATEGORIE,UTYP1,UART,UMONAT,USTUNDE,UWOCHENTAG,STRZUSTAND,ULICHTVERH,ISTRAD,ISTPKW,ISTFUSS,ISTKRAD,ISTGKFZ,ISTSONSTIG
"POINT (11.061620361999999 49.443987642000103)",Unfall 212983 (2022) Kat:3, Licht: 0,212983,3,1,0,05,08,6,0,0,0,0,0,1,0,0
"POINT (11.092079217000000 49.461065365000103)",Unfall 212999 (2022) Kat:3, Licht: 0,212999,3,7,0,05,07,5,0,0,1,1,0,0,0,0
"POINT (11.081464980000000 49.440382627000098)",Unfall 213013 (2022) Kat:3, Licht: 0,213013,3,6,1,05,07,2,0,0,0,1,0,0,0,0
"POINT (11.039755737000100 49.426552344000100)",Unfall 213028 (2022) Kat:3, Licht: 0,213028,3,3,5,05,12,5,0,0,1,1,0,0,0,0
"POINT (11.005252048999999 49.442221276000097)",Unfall 213032 (2022) Kat:3, Licht: 0,213032,3,3,5,05,10,4,0,0,0,1,0,0,0,0
"POINT (11.070771154999999 49.428015246000001)",Unfall 213042 (2022) Kat:3, Licht: 0,213042,3,3,5,05,07,3,0,0,0,1,0,0,0,0
"POINT (11.053857379000000 49.406750567000103)",Unfall 213086 (2022) Kat:3, Licht: 0,213086,3,2,5,05,12,3,0,0,0,1,0,0,0,0
"POINT (11.024929524000100 49.518373726000000)",Unfall 213089 (2022) Kat:3, Licht: 0,213089,3,3,5,05,10,6,0,0,0,1,0,0,0,0
"POINT (11.103727072000000 49.489549443000001)",Unfall 213137 (2022) Kat:3, Licht: 0,213137,3,2,5,05,09,4,0,0,0,1,0,0,0,0
"POINT (11.081513936000000 49.468123961000103)",Unfall 213138 (2022) Kat:3, Licht: 0,213138,3,3,5,05,16,6,0,0,1,1,0,0,0,0
"POINT (11.022564482000099 49.521269199000102)",Unfall 213152 (2022) Kat:3, Licht: 0,213152,3,1,0,05,07,2,0,0,1,0,0,0,0,0
"POINT (11.094916528000100 49.464146683000102)",Unfall 213156 (2022) Kat:3, Licht: 2,213156,3,1,0,05,04,1,0,2,0,0,0,0,0,1
"POINT (11.079735052000000 49.437252151000102)",Unfall 213205 (2022) Kat:3, Licht: 0,213205,3,3,5,05,16,3,0,0,1,1,0,0,0,0
"POINT (11.084072086999999 49.456251183000099)",Unfall 213211 (2022) Kat:3, Licht: 0,213211,3,3,5,05,18,2,0,0,1,1,0,0,0,0
"POINT (11.082058881000000 49.447786134000097)",Unfall 213223 (2022) Kat:3, Licht: 0,213223,3,1,0,05,10,5,0,0,1,0,0,0,0,0
"POINT (11.057864149000100 49.450346869999997)",Unfall 213249 (2022) Kat:3, Licht: 2,213249,3,3,5,05,22,5,0,2,0,1,0,0,0,0
"POINT (11.078955061000000 49.453215349000097)",Unfall 213284 (2022) Kat:3, Licht: 0,213284,3,7,0,05,20,1,0,0,1,0,0,0,0,0
"POINT (11.058601156000099 49.406241584000000)",Unfall 213302 (2022) Kat:3, Licht: 0,213302,3,6,2,05,16,2,0,0,0,1,0,0,0,0
"POINT (11.016080059000000 49.426563893999997)",Unfall 213312 (2022) Kat:3, Licht: 0,213312,3,1,0,05,11,2,0,0,1,0,0,0,0,0
"POINT (11.129280433000099 49.430527719000096)",Unfall 213322 (2022) Kat:3, Licht: 0,213322,3,3,5,05,11,5,0,0,0,1,0,0,0,0
"POINT (11.107100619000100 49.416105954999999)",Unfall 213329 (2022) Kat:3, Licht: 0,213329,3,4,6,05,19,6,0,0,0,1,1,0,0,0
"POINT (11.105016817999999 49.484453336000101)",Unfall 213355 (2022) Kat:3, Licht: 0,213355,3,6,3,05,16,3,1,0,1,0,0,1,0,0
"POINT (11.082733605000000 49.439265025000097)",Unfall 213373 (2022) Kat:3, Licht: 0,213373,3,5,0,05,17,2,0,0,1,0,0,0,1,0
"POINT (11.055962612000000 49.445594106999998)",Unfall 213420 (2022) Kat:3, Licht: 0,213420,3,7,4,05,07,2,0,0,1,0,0,0,0,0
"POINT (11.062633605000000 49.423178461000099)",Unfall 213483 (2022) Kat:3, Licht: 0,213483,3,3,5,05,14,5,0,0,0,1,0,0,0,0
"POINT (11.054468759000001 49.451227662000100)",Unfall 213495 (2022) Kat:3, Licht: 0,213495,3,6,2,05,16,3,0,0,0,1,0,0,0,0
"POINT (11.057931986000000 49.433104446000101)",Unfall 213497 (2022) Kat:3, Licht: 0,213497,3,2,0,05,14,4,0,0,0,1,0,1,0,0
"POINT (11.045172183000000 49.429953328000103)",Unfall 213498 (2022) Kat:3, Licht: 0,213498,3,6,3,05,18,6,0,0,0,1,0,1,0,0
"POINT (11.117125901000099 49.408723321000103)",Unfall 213536 (2022) Kat:3, Licht: 0,213536,3,1,0,05,18,7,0,0,1,0,0,0,0,0
"POINT (11.049088072000099 49.442180160000099)",Unfall 213541 (2022) Kat:3, Licht: 0,213541,3,6,2,05,06,3,0,0,0,1,0,0,0,0
"POINT (11.066752251000000 49.457075137000103)",Unfall 213543 (2022) Kat:3, Licht: 0,213543,3,3,5,05,13,4,0,0,0,1,0,0,0,1
"POINT (11.064157028000100 49.446695179000102)",Unfall 213563 (2022) Kat:3, Licht: 0,213563,3,7,6,05,16,7,0,0,0,1,1,0,0,0
"POINT (11.082253912000100 49.439136398000102)",Unfall 213632 (2022) Kat:3, Licht: 0,213632,3,6,3,05,11,6,0,0,1,1,0,0,0,0
"POINT (11.092215318000100 49.406162817000101)",Unfall 213640 (2022) Kat:2, Licht: 0,213640,2,3,5,05,10,7,0,0,1,1,0,0,0,0
"POINT (11.078733952000100 49.450035851000102)",Unfall 213649 (2022) Kat:3, Licht: 2,213649,3,1,0,05,04,1,0,2,0,0,0,0,0,1
"POINT (11.139229608999999 49.450054028000103)",Unfall 213667 (2022) Kat:3, Licht: 0,213667,3,1,0,05,12,7,0,0,1,0,0,0,0,0
"POINT (11.025210104999999 49.464218287000101)",Unfall 213683 (2022) Kat:3, Licht: 2,213683,3,6,2,05,22,6,0,2,0,1,0,0,0,0
"POINT (11.043935958000100 49.469345549000103)",Unfall 213706 (2022) Kat:3, Licht: 0,213706,3,1,0,05,19,7,0,0,1,0,0,0,0,0
"POINT (11.067536991000100 49.447182101000102)",Unfall 213729 (2022) Kat:3, Licht: 0,213729,3,6,3,05,12,2,0,0,0,1,0,0,0,0
"POINT (11.005553883000101 49.443098124000102)",Unfall 213737 (2022) Kat:3, Licht: 0,213737,3,3,5,05,14,3,0,0,1,1,0,0,0,0
"POINT (11.075079437000101 49.462545632000101)",Unfall 213740 (2022) Kat:3, Licht: 0,213740,3,3,5,05,10,5,0,0,1,1,0,0,0,0
"POINT (11.054551413000100 49.450695924999998)",Unfall 213745 (2022) Kat:3, Licht: 0,213745,3,7,0,05,17,4,0,0,1,1,0,0,0,0
"POINT (11.082333394000001 49.460833077000103)",Unfall 213775 (2022) Kat:3, Licht: 0,213775,3,3,6,05,11,7,0,0,0,1,1,0,0,0
"POINT (11.080506008000000 49.374151882000000)",Unfall 213787 (2022) Kat:3, Licht: 0,213787,3,7,0,05,10,5,0,0,0,1,0,0,0,0
"POINT (11.005581440000100 49.434627663000100)",Unfall 213790 (2022) Kat:3, Licht: 0,213790,3,7,0,05,10,2,0,0,1,0,0,0,0,1
"POINT (11.069433457000100 49.419307595000099)",Unfall 213807 (2022) Kat:3, Licht: 0,213807,3,1,0,05,12,7,0,0,1,0,0,0,0,0
"POINT (11.053896955000001 49.405355585000102)",Unfall 213812 (2022) Kat:3, Licht: 2,213812,3,3,5,05,03,7,0,2,1,1,0,0,0,0
"POINT (11.018353347000099 49.469286969000102)",Unfall 213906 (2022) Kat:3, Licht: 0,213906,3,6,4,05,07,3,0,0,1,1,0,0,0,0
"POINT (11.086141819000000 49.454332233000102)",Unfall 213914 (2022) Kat:3, Licht: 0,213914,3,1,0,05,12,6,0,0,1,0,0,0,0,0
"POINT (11.007139800000100 49.430678208000103)",Unfall 213941 (2022) Kat:3, Licht: 2,213941,3,1,0,05,03,1,0,2,1,0,0,0,0,0
"POINT (11.068369256000000 49.443062292000000)",Unfall 213943 (2022) Kat:3, Licht: 0,213943,3,1,0,05,11,5,0,0,1,0,0,0,0,0
"POINT (11.028821625000001 49.436735007999999)",Unfall 213952 (2022) Kat:3, Licht: 0,213952,3,3,5,05,08,2,0,0,0,1,0,0,0,0
"POINT (11.074394903000000 49.434056118999997)",Unfall 213963 (2022) Kat:3, Licht: 0,213963,3,6,2,05,07,4,0,0,1,1,0,0,0,0
"POINT (11.043216795999999 49.370952020000097)",Unfall 213970 (2022) Kat:3, Licht: 0,213970,3,3,5,05,13,6,0,0,0,1,0,0,0,0
"POINT (11.061011106000000 49.480093865000100)",Unfall 214001 (2022) Kat:3, Licht: 0,214001,3,2,5,05,12,2,0,0,0,1,0,0,0,0
"POINT (11.077785423000000 49.450249309000100)",Unfall 214006 (2022) Kat:3, Licht: 0,214006,3,6,4,05,19,1,0,0,1,0,0,0,0,1
"POINT (11.117335935000000 49.451084569000002)",Unfall 214054 (2022) Kat:2, Licht: 0,214054,2,1,0,05,12,2,1,0,1,0,0,0,0,0
"POINT (11.067372982000100 49.448667690000001)",Unfall 214074 (2022) Kat:3, Licht: 0,214074,3,4,6,05,21,5,0,0,1,0,1,0,0,0
"POINT (11.126151106000099 49.463410714000098)",Unfall 214079 (2022) Kat:3, Licht: 0,214079,3,3,5,05,18,1,0,0,1,1,0,0,0,0
"POINT (11.096064403000099 49.445678933000103)",Unfall 214088 (2022) Kat:3, Licht: 0,214088,3,2,6,05,16,4,0,0,0,1,1,0,0,0
"POINT (11.088681393000099 49.469615261999998)",Unfall 214101 (2022) Kat:3, Licht: 0,214101,3,1,0,05,14,5,0,0,1,0,0,0,0,0
"POINT (11.075074470000100 49.462535117000101)",Unfall 214107 (2022) Kat:3, Licht: 1,214107,3,3,5,05,21,3,0,1,1,1,0,0,0,0
"POINT (11.082339033000000 49.460914806000098)",Unfall 214109 (2022) Kat:3, Licht: 2,214109,3,1,0,05,21,2,1,2,1,0,0,0,0,0
"POINT (11.093593397000101 49.458162045000101)",Unfall 214124 (2022) Kat:3, Licht: 0,214124,3,2,4,05,08,2,0,0,1,1,0,0,0,0
"POINT (11.082974731000000 49.410749062000001)",Unfall 214170 (2022) Kat:2, Licht: 0,214170,2,6,3,05,16,4,0,0,1,1,0,0,0,0
"POINT (11.046698299000100 49.452178565000096)",Unfall 214194 (2022) Kat:3, Licht: 1,214194,3,4,6,05,20,3,0,1,1,0,1,0,0,0
"POINT (11.106132368999999 49.479393653000002)",Unfall 214195 (2022) Kat:3, Licht: 0,214195,3,2,5,05,15,5,0,0,0,1,0,1,0,0
"POINT (11.064624968000000 49.428762059000100)",Unfall 214210 (2022) Kat:3, Licht: 0,214210,3,1,0,05,06,3,0,0,1,0,0,0,0,0
"POINT (11.126637550000099 49.446511440999998)",Unfall 214211 (2022) Kat:3, Licht: 0,214211,3,3,5,05,17,1,0,0,1,0,0,0,0,0
"POINT (11.085640550000100 49.450282517000097)",Unfall 214227 (2022) Kat:3, Licht: 2,214227,3,3,5,05,03,7,0,2,0,1,0,0,0,0
"POINT (11.098511998999999 49.474412863000097)",Unfall 214242 (2022) Kat:3, Licht: 0,214242,3,3,5,05,07,4,1,0,1,1,0,0,0,0
"POINT (11.034439007000101 49.456578213000100)",Unfall 214250 (2022) Kat:3, Licht: 0,214250,3,3,0,05,11,5,0,0,1,1,0,0,0,0
"POINT (11.079278460000101 49.449385006999997)",Unfall 214253 (2022) Kat:3, Licht: 0,214253,3,4,6,05,11,4,0,0,0,1,1,0,0,0
"POINT (11.006080394000000 49.512351802000097)",Unfall 214275 (2022) Kat:3, Licht: 0,214275,3,3,0,05,13,6,0,0,0,0,0,1,0,1
"POINT (11.035855679000100 49.409414162000097)",Unfall 214277 (2022) Kat:3, Licht: 0,214277,3,7,0,05,19,7,0,0,1,0,0,0,0,0
"POINT (11.081919793999999 49.440441355000097)",Unfall 214279 (2022) Kat:3, Licht: 0,214279,3,2,5,05,05,3,0,0,0,1,0,0,0,1
"POINT (11.067422065000100 49.439485094000098)",Unfall 214280 (2022) Kat:3, Licht: 0,214280,3,4,0,05,14,5,0,0,0,1,1,0,0,0
"POINT (11.079301425000001 49.436470028000002)",Unfall 214319 (2022) Kat:3, Licht: 0,214319,3,2,5,05,15,7,0,0,1,0,0,1,0,0
"POINT (11.045166951000100 49.443287048999998)",Unfall 214365 (2022) Kat:3, Licht: 0,214365,3,7,1,05,10,3,0,0,1,1,0,0,0,0
"POINT (11.083693976000101 49.455454943000099)",Unfall 214449 (2022) Kat:3, Licht: 0,214449,3,6,3,05,16,1,0,0,1,0,0,0,0,0
"POINT (11.081231650000101 49.442480592999999)",Unfall 214473 (2022) Kat:3, Licht: 0,214473,3,6,3,05,16,2,0,0,1,1,0,0,0,0
"POINT (11.062640438000100 49.347368670999998)",Unfall 214480 (2022) Kat:3, Licht: 0,214480,3,7,1,05,09,5,0,0,0,1,0,0,0,0
"POINT (11.044352231000101 49.422587321999998)",Unfall 214486 (2022) Kat:3, Licht: 0,214486,3,6,3,05,18,5,0,0,0,0,0,0,0,1
"POINT (11.118014532000100 49.480962015999999)",Unfall 214532 (2022) Kat:3, Licht: 0,214532,3,1,0,05,12,2,0,0,0,0,0,0,0,1
"POINT (11.055460729000099 49.445131822000100)",Unfall 214537 (2022) Kat:3, Licht: 0,214537,3,6,1,05,18,5,0,0,0,1,0,0,0,0
"POINT (11.067134826000000 49.439424662000100)",Unfall 214555 (2022) Kat:3, Licht: 2,214555,3,6,0,05,23,3,0,2,0,0,0,1,0,0
"POINT (11.054805048000000 49.451293206999999)",Unfall 214556 (2022) Kat:3, Licht: 0,214556,3,7,6,05,12,5,0,0,0,0,1,0,0,1
"POINT (11.087853735000101 49.448135297000100)",Unfall 214573 (2022) Kat:3, Licht: 0,214573,3,7,0,05,12,2,0,0,1,0,0,0,0,0
"POINT (11.132502773000100 49.458309643000099)",Unfall 214579 (2022) Kat:3, Licht: 2,214579,3,1,0,05,23,3,0,2,0,0,0,0,0,1
"POINT (11.037653192000100 49.439540259000097)",Unfall 214592 (2022) Kat:2, Licht: 0,214592,2,1,0,05,20,4,0,0,1,0,0,0,0,0
"POINT (11.048518931000000 49.451525592000102)",Unfall 214599 (2022) Kat:3, Licht: 0,214599,3,4,6,05,10,6,0,0,0,1,1,0,0,0
"POINT (11.011512400000100 49.447909344000003)",Unfall 214627 (2022) Kat:3, Licht: 0,214627,3,6,2,05,17,2,0,0,0,1,0,1,0,0
"POINT (11.071564052999999 49.447051853000097)",Unfall 214632 (2022) Kat:3, Licht: 0,214632,3,1,0,05,06,1,0,0,0,0,0,0,0,1
"POINT (11.095891118999999 49.467222800999998)",Unfall 214644 (2022) Kat:3, Licht: 0,214644,3,7,0,05,18,6,0,0,0,1,0,0,0,0
"POINT (11.057164168000000 49.449033395000100)",Unfall 214648 (2022) Kat:3, Licht: 0,214648,3,4,6,05,09,7,0,0,1,0,1,0,0,0
"POINT (11.101143547000000 49.459725671000101)",Unfall 214651 (2022) Kat:3, Licht: 2,214651,3,1,0,05,04,5,0,2,0,0,0,0,0,1
"POINT (11.163941417000000 49.462027673000101)",Unfall 214688 (2022) Kat:3, Licht: 0,214688,3,1,0,05,12,1,0,0,1,0,0,0,0,0
"POINT (11.068139937000099 49.448983910000003)",Unfall 214697 (2022) Kat:3, Licht: 2,214697,3,6,1,05,20,7,0,2,0,1,0,0,0,1
"POINT (11.095871430000001 49.443105640000098)",Unfall 214700 (2022) Kat:3, Licht: 0,214700,3,3,5,05,14,5,0,0,1,0,0,1,0,0
"POINT (11.068094518000100 49.434893410000001)",Unfall 214715 (2022) Kat:3, Licht: 0,214715,3,4,6,05,13,4,0,0,0,0,1,0,0,1
"POINT (11.045241051000099 49.435282712999999)",Unfall 214731 (2022) Kat:3, Licht: 0,214731,3,3,5,05,17,6,0,0,1,0,0,0,0,1
"POINT (11.104440567999999 49.442881059999998)",Unfall 214748 (2022) Kat:3, Licht: 0,214748,3,3,5,05,18,5,0,0,0,1,0,0,0,0
"POINT (11.125748175000099 49.431871485999999)",Unfall 214786 (2022) Kat:3, Licht: 0,214786,3,3,0,05,09,2,1,0,0,1,0,0,0,1
"POINT (11.043191938000099 49.411743319000003)",Unfall 214790 (2022) Kat:3, Licht: 0,214790,3,3,5,05,11,3,0,0,0,1,0,0,0,1
"POINT (11.096060964000101 49.452252465000100)",Unfall 214825 (2022) Kat:3, Licht: 0,214825,3,6,4,05,13,3,0,0,1,0,0,0,0,0
"POINT (11.051879969000000 49.455569197999999)",Unfall 214827 (2022) Kat:3, Licht: 2,214827,3,2,4,05,21,2,0,2,0,1,0,1,0,0
"POINT (11.027345983000000 49.436320068999997)",Unfall 214840 (2022) Kat:2, Licht: 0,214840,2,3,5,05,05,3,1,0,1,0,0,1,0,0
"POINT (11.098416256000100 49.460473057999998)",Unfall 214856 (2022) Kat:3, Licht: 2,214856,3,1,0,05,02,7,0,2,0,0,0,0,0,1
"POINT (11.167937737000001 49.469886234999997)",Unfall 214893 (2022) Kat:2, Licht: 0,214893,2,1,0,05,15,1,0,0,1,0,0,0,0,0
"POINT (11.082040065000101 49.488759174999998)",Unfall 214898 (2022) Kat:3, Licht: 0,214898,3,6,2,05,13,3,0,0,0,1,0,0,0,0
"POINT (11.075104249000001 49.444950959000003)",Unfall 214902 (2022) Kat:3, Licht: 0,214902,3,6,1,05,18,5,0,0,0,1,0,0,0,0
"POINT (11.075316749000001 49.462005577000099)",Unfall 214951 (2022) Kat:3, Licht: 0,214951,3,6,2,05,14,5,0,0,0,1,0,0,1,0
"POINT (11.069259152000001 49.452868035000101)",Unfall 214960 (2022) Kat:3, Licht: 0,214960,3,6,1,05,20,4,0,0,0,1,0,1,0,0
"POINT (11.077716929000101 49.452269004000101)",Unfall 214977 (2022) Kat:3, Licht: 0,214977,3,3,6,05,09,2,0,0,0,1,1,0,0,0
"POINT (11.110336067000000 49.402243597000101)",Unfall 214986 (2022) Kat:3, Licht: 0,214986,3,7,1,06,19,4,0,0,1,0,0,0,0,0
"POINT (11.057565902000000 49.459135875000101)",Unfall 214998 (2022) Kat:3, Licht: 0,214998,3,3,5,06,08,6,0,0,0,1,0,0,0,0
"POINT (11.117912003000100 49.423176625000103)",Unfall 215000 (2022) Kat:3, Licht: 2,215000,3,7,0,06,22,7,0,2,1,0,0,0,0,0
"POINT (11.051716440000099 49.439785294000004)",Unfall 215021 (2022) Kat:3, Licht: 0,215021,3,6,2,06,17,7,0,0,0,1,0,0,0,0
"POINT (11.055726554000000 49.386681065000097)",Unfall 215048 (2022) Kat:3, Licht: 0,215048,3,3,5,06,07,6,0,0,1,0,0,0,1,0
"POINT (11.059090682000001 49.457333470999998)",Unfall 215060 (2022) Kat:3, Licht: 0,215060,3,3,5,06,19,5,0,0,0,1,0,0,0,1
"POINT (11.113928086000000 49.453921661000003)",Unfall 215061 (2022) Kat:2, Licht: 0,215061,2,7,0,06,12,4,0,0,0,0,0,0,0,1
"POINT (11.096776189000000 49.465798356999997)",Unfall 215072 (2022) Kat:3, Licht: 2,215072,3,6,2,06,01,7,0,2,0,1,0,0,0,0
"POINT (11.018974549000101 49.431553667999999)",Unfall 215077 (2022) Kat:3, Licht: 0,215077,3,2,0,06,07,6,0,0,1,1,0,0,0,0
"POINT (11.035676857000100 49.407959916999999)",Unfall 215113 (2022) Kat:3, Licht: 0,215113,3,3,5,06,13,6,0,0,1,1,0,0,0,0
"POINT (11.068808944000100 49.449281951000003)",Unfall 215116 (2022) Kat:3, Licht: 0,215116,3,6,2,05,14,1,1,0,1,1,0,0,0,0
"POINT (11.081982298000099 49.436119970000000)",Unfall 215125 (2022) Kat:3, Licht: 0,215125,3,2,5,05,14,6,0,0,1,1,0,0,0,0
"POINT (11.061185545000100 49.445793117000100)",Unfall 215128 (2022) Kat:3, Licht: 0,215128,3,1,0,06,12,6,0,0,1,0,0,0,0,0
"POINT (11.104026252000001 49.414870684000100)",Unfall 215148 (2022) Kat:3, Licht: 0,215148,3,7,1,06,17,5,0,0,1,1,0,0,0,0
"POINT (11.070357403999999 49.440872356000099)",Unfall 215161 (2022) Kat:3, Licht: 0,215161,3,5,6,06,12,6,0,0,0,1,1,0,0,0
"POINT (11.116493855000000 49.443764504999997)",Unfall 215167 (2022) Kat:3, Licht: 0,215167,3,6,3,06,18,3,0,0,1,1,0,0,0,0
"POINT (11.100140654000000 49.446012955000100)",Unfall 215170 (2022) Kat:3, Licht: 0,215170,3,4,6,05,10,2,0,0,0,1,1,0,0,0
"POINT (11.030699708000000 49.399488823000098)",Unfall 215199 (2022) Kat:3, Licht: 0,215199,3,1,0,06,14,5,0,0,1,0,0,0,0,0
"POINT (11.082870253000101 49.457177178999999)",Unfall 215211 (2022) Kat:3, Licht: 0,215211,3,6,3,05,07,2,0,0,1,0,0,0,0,0
"POINT (11.028034522000000 49.468748582000003)",Unfall 215212 (2022) Kat:3, Licht: 2,215212,3,1,0,06,00,7,0,2,0,0,0,0,0,1
"POINT (11.063690551000001 49.440944419000097)",Unfall 215230 (2022) Kat:2, Licht: 0,215230,2,6,3,05,19,3,0,0,1,1,0,0,0,0
"POINT (11.037205247999999 49.423325163000101)",Unfall 215275 (2022) Kat:3, Licht: 0,215275,3,3,5,06,06,5,0,0,0,1,0,1,0,0
"POINT (11.074688449000099 49.449115823000099)",Unfall 215292 (2022) Kat:3, Licht: 2,215292,3,1,0,06,02,2,0,2,0,0,0,0,0,1
"POINT (11.070115358000100 49.437101643000098)",Unfall 215327 (2022) Kat:3, Licht: 0,215327,3,1,0,05,10,1,0,0,0,0,0,0,0,1
"POINT (11.096263306000001 49.431700155999998)",Unfall 215347 (2022) Kat:3, Licht: 0,215347,3,3,5,05,18,2,0,0,1,1,0,0,0,0
"POINT (11.121598376000099 49.442731100000103)",Unfall 215360 (2022) Kat:3, Licht: 0,215360,3,3,5,06,16,5,0,0,1,1,0,0,0,0
"POINT (11.069457111000100 49.457051626000101)",Unfall 215371 (2022) Kat:2, Licht: 0,215371,2,7,0,06,19,5,0,0,1,0,0,0,0,0
"POINT (11.085517350000000 49.446171424000099)",Unfall 215379 (2022) Kat:2, Licht: 2,215379,2,1,0,06,21,6,0,2,1,0,0,0,0,0
"POINT (11.075800168000100 49.435079694000102)",Unfall 215383 (2022) Kat:3, Licht: 0,215383,3,7,3,06,16,5,0,0,0,1,0,1,0,0
"POINT (11.070382771000000 49.455313791999998)",Unfall 215393 (2022) Kat:3, Licht: 0,215393,3,6,4,05,17,7,0,0,1,0,0,0,0,0
"POINT (11.071570551000001 49.473910358000097)",Unfall 215399 (2022) Kat:3, Licht: 0,215399,3,3,5,06,18,7,0,0,0,1,0,0,0,1
"POINT (11.081531546000100 49.441792506000098)",Unfall 215438 (2022) Kat:3, Licht: 2,215438,3,3,5,06,21,1,0,2,1,0,0,1,0,0
"POINT (11.070402195000000 49.455403138000101)",Unfall 215446 (2022) Kat:3, Licht: 0,215446,3,7,0,05,14,2,0,0,0,0,0,0,0,1
"POINT (11.081528110000001 49.441526386000099)",Unfall 215449 (2022) Kat:3, Licht: 2,215449,3,6,0,06,23,4,1,2,0,1,0,1,0,0
"POINT (11.080910862000099 49.443056556999998)",Unfall 215484 (2022) Kat:3, Licht: 0,215484,3,3,5,06,09,5,0,0,1,1,0,0,0,0
"POINT (11.074993734000000 49.462917054000101)",Unfall 215501 (2022) Kat:3, Licht: 0,215501,3,7,1,05,19,1,0,0,1,1,0,0,0,0
"POINT (11.045531895000099 49.491956495000103)",Unfall 215529 (2022) Kat:3, Licht: 0,215529,3,2,5,06,16,4,0,0,1,1,0,0,0,0
"POINT (11.072348380999999 49.460881379999996)",Unfall 215564 (2022) Kat:3, Licht: 0,215564,3,1,0,06,11,6,0,0,1,0,0,0,0,0
"POINT (11.105556790000000 49.427250835999999)",Unfall 215598 (2022) Kat:3, Licht: 2,215598,3,1,0,06,21,6,0,2,0,0,0,0,0,1
"POINT (11.031679486000000 49.473598117000101)",Unfall 215604 (2022) Kat:3, Licht: 0,215604,3,3,5,06,18,3,0,0,1,1,0,0,0,0
"POINT (11.102557576000001 49.438754099000100)",Unfall 215622 (2022) Kat:3, Licht: 0,215622,3,2,4,05,17,2,0,0,0,1,0,0,0,0
"POINT (11.092500094000100 49.461518589000001)",Unfall 215636 (2022) Kat:2, Licht: 0,215636,2,1,0,06,08,5,0,0,1,0,0,0,0,0
"POINT (11.099427336000099 49.443081531000097)",Unfall 215655 (2022) Kat:3, Licht: 0,215655,3,3,4,06,19,3,0,0,0,1,0,0,0,0
"POINT (11.069753205000000 49.447686027000003)",Unfall 215661 (2022) Kat:3, Licht: 2,215661,3,1,0,06,22,4,1,2,1,0,0,0,0,0
"POINT (11.079134447000101 49.492730003000098)",Unfall 215678 (2022) Kat:3, Licht: 2,215678,3,1,0,06,23,6,0,2,0,0,0,0,0,1
"POINT (11.053628263000100 49.403721685000100)",Unfall 215691 (2022) Kat:1, Licht: 0,215691,1,3,5,06,19,2,0,0,0,1,0,0,0,0
"POINT (11.064230078000000 49.448076342000000)",Unfall 215705 (2022) Kat:3, Licht: 0,215705,3,7,6,06,15,3,0,0,0,1,1,0,0,0
"POINT (11.074563511000100 49.446811822000001)",Unfall 215710 (2022) Kat:3, Licht: 0,215710,3,6,1,06,18,5,0,0,0,1,0,0,0,0
"POINT (11.069156795000000 49.452708977000000)",Unfall 215721 (2022) Kat:3, Licht: 0,215721,3,2,5,06,11,7,1,0,0,1,0,0,0,1
"POINT (11.077034069000000 49.441748050000101)",Unfall 215728 (2022) Kat:3, Licht: 0,215728,3,3,5,06,12,2,0,0,1,1,0,0,0,0
"POINT (11.071748807000100 49.462477996000104)",Unfall 215755 (2022) Kat:3, Licht: 0,215755,3,3,5,06,18,4,0,0,0,1,0,0,0,0
"POINT (11.054744886000000 49.451138243999999)",Unfall 215773 (2022) Kat:3, Licht: 0,215773,3,2,5,06,18,7,0,0,0,1,0,1,0,0
"POINT (11.120929404000000 49.420677920999999)",Unfall 215774 (2022) Kat:3, Licht: 0,215774,3,6,6,05,17,6,1,0,0,1,1,0,0,0
"POINT (11.136362778000001 49.446900106000001)",Unfall 215800 (2022) Kat:3, Licht: 0,215800,3,7,0,06,17,7,0,0,0,1,0,0,0,1
"POINT (11.010947961999999 49.463079716000003)",Unfall 215801 (2022) Kat:3, Licht: 0,215801,3,3,5,06,15,5,0,0,0,1,0,0,0,0
"POINT (11.081313868000100 49.446619017000003)",Unfall 215811 (2022) Kat:3, Licht: 0,215811,3,4,6,05,12,7,0,0,0,1,1,0,0,0
"POINT (11.085486425999999 49.446221561000101)",Unfall 215812 (2022) Kat:3, Licht: 0,215812,3,6,3,06,10,6,0,0,0,1,0,0,1,0
"POINT (11.082586559999999 49.449954675000100)",Unfall 215834 (2022) Kat:2, Licht: 0,215834,2,6,4,05,06,2,0,0,1,0,0,0,0,0
"POINT (11.118991021000101 49.474462095000000)",Unfall 215841 (2022) Kat:3, Licht: 0,215841,3,6,2,06,15,4,0,0,0,1,0,1,0,0
"POINT (11.076107966000100 49.411832492000002)",Unfall 215881 (2022) Kat:3, Licht: 0,215881,3,6,1,05,10,3,0,0,0,1,0,0,0,0
"POINT (11.059574273000100 49.459752131000101)",Unfall 215888 (2022) Kat:2, Licht: 0,215888,2,7,0,05,10,2,0,0,0,0,0,0,0,1
"POINT (11.125505499000001 49.418223668000103)",Unfall 215918 (2022) Kat:2, Licht: 0,215918,2,1,0,06,12,1,1,0,0,0,0,1,0,0