WKT,Name,OBJECTID,UKATEGORIE,UTYP1,UART,UMONAT,USTUNDE,UWOCHENTAG,STRZUSTAND,ULICHTVERH,ISTRAD,ISTPKW,ISTFUSS,ISTKRAD,ISTGKFZ,ISTSONSTIG
"POINT (11.064807230000000 49.446014709000103)",Unfall 215928 (2022) Kat:3, Licht: 0,215928,3,3,5,06,17,4,0,0,1,1,0,0,0,0
"POINT (11.011875071000100 49.448536357000101)",Unfall 215941 (2022) Kat:3, Licht: 0,215941,3,3,3,06,13,6,0,0,0,1,0,1,0,0
"POINT (11.011617307000099 49.448253702000002)",Unfall 215956 (2022) Kat:3, Licht: 0,215956,3,3,5,06,13,6,0,0,0,1,0,0,0,1
"POINT (11.100088192999999 49.438511219000098)",Unfall 215984 (2022) Kat:3, Licht: 0,215984,3,1,0,06,13,4,0,0,1,0,0,0,0,0
"POINT (11.038832382000100 49.422731316000103)",Unfall 216000 (2022) Kat:3, Licht: 0,216000,3,6,2,06,14,4,0,0,0,1,0,0,0,1
"POINT (11.128242693000100 49.445307973000098)",Unfall 216003 (2022) Kat:3, Licht: 0,216003,3,4,6,06,18,4,0,0,0,1,1,0,0,0
"POINT (11.135127809000000 49.422458300000102)",Unfall 216023 (2022) Kat:2, Licht: 0,216023,2,3,5,06,06,4,0,0,1,0,0,0,0,1
"POINT (11.080194046000001 49.441313766000100)",Unfall 216033 (2022) Kat:3, Licht: 0,216033,3,7,6,06,10,5,0,0,1,0,1,0,0,0
"POINT (11.125538212000000 49.413597754000101)",Unfall 216064 (2022) Kat:3, Licht: 2,216064,3,1,0,06,23,2,0,2,0,0,0,0,0,1
"POINT (11.125274586000000 49.440815541000099)",Unfall 216072 (2022) Kat:3, Licht: 0,216072,3,6,1,06,15,5,0,0,1,1,0,0,0,0
"POINT (11.070667108000100 49.433367660000002)",Unfall 216076 (2022) Kat:3, Licht: 0,216076,3,3,5,06,20,6,0,0,1,1,0,0,0,0
"POINT (11.090409162000100 49.438702379000098)",Unfall 216091 (2022) Kat:3, Licht: 0,216091,3,1,0,06,17,6,1,0,1,0,0,0,0,0
"POINT (11.075476147000099 49.411538731000100)",Unfall 216103 (2022) Kat:3, Licht: 0,216103,3,3,5,06,19,5,0,0,1,0,0,0,0,0
"POINT (11.142274360000000 49.451162247000099)",Unfall 216122 (2022) Kat:3, Licht: 0,216122,3,1,0,06,17,1,0,0,1,0,0,0,0,0
"POINT (11.047307218000100 49.441701646000098)",Unfall 216151 (2022) Kat:3, Licht: 0,216151,3,7,1,06,11,5,0,0,1,1,0,0,0,0
"POINT (11.081444747000001 49.468882659000002)",Unfall 216193 (2022) Kat:3, Licht: 0,216193,3,3,5,06,10,3,0,0,1,1,0,0,0,0
"POINT (11.088336983000000 49.464405821000099)",Unfall 216210 (2022) Kat:3, Licht: 0,216210,3,3,5,06,20,4,0,0,0,1,0,0,0,0
"POINT (11.137965723000001 49.401445642000098)",Unfall 216255 (2022) Kat:3, Licht: 0,216255,3,6,3,06,16,2,0,0,0,1,0,1,0,0
"POINT (11.040673016000000 49.440805796000099)",Unfall 216258 (2022) Kat:3, Licht: 0,216258,3,2,3,06,20,6,0,0,0,1,0,0,0,0
"POINT (11.105020922000101 49.484774385000001)",Unfall 216271 (2022) Kat:2, Licht: 0,216271,2,7,6,06,18,4,0,0,1,0,1,0,0,0
"POINT (11.045230925000100 49.442334774000102)",Unfall 216283 (2022) Kat:3, Licht: 0,216283,3,2,4,06,08,6,0,0,0,1,0,0,0,0
"POINT (11.064271601000000 49.444373075000001)",Unfall 216287 (2022) Kat:3, Licht: 2,216287,3,1,0,06,03,1,0,2,0,0,0,0,0,1
"POINT (11.085733676000100 49.474662213999999)",Unfall 216298 (2022) Kat:3, Licht: 0,216298,3,3,5,06,15,3,0,0,0,1,0,1,0,0
"POINT (11.108008708000099 49.446820849000098)",Unfall 216344 (2022) Kat:3, Licht: 0,216344,3,3,5,06,18,3,0,0,1,1,0,0,0,0
"POINT (11.122521394000000 49.422049901000001)",Unfall 216350 (2022) Kat:2, Licht: 0,216350,2,1,0,06,12,2,0,0,0,0,0,1,0,0
"POINT (11.055334876000099 49.460702234999999)",Unfall 216366 (2022) Kat:3, Licht: 2,216366,3,6,6,06,00,7,0,2,0,0,1,0,0,1
"POINT (11.079867588000100 49.447150321000002)",Unfall 216382 (2022) Kat:3, Licht: 0,216382,3,7,0,06,19,1,0,0,0,1,1,0,0,0
"POINT (11.073041866000001 49.450167360000101)",Unfall 216392 (2022) Kat:3, Licht: 0,216392,3,7,6,06,18,3,0,0,1,0,1,0,0,0
"POINT (11.144186399000001 49.412652866000002)",Unfall 216408 (2022) Kat:3, Licht: 0,216408,3,3,5,06,06,3,0,0,0,1,0,0,1,0
"POINT (11.102233883000100 49.445225127000100)",Unfall 216409 (2022) Kat:3, Licht: 0,216409,3,7,0,06,12,4,0,0,1,0,0,0,0,0
"POINT (11.027106949000000 49.436335780000000)",Unfall 216426 (2022) Kat:3, Licht: 0,216426,3,6,2,06,07,3,0,0,0,1,0,1,0,0
"POINT (11.089121713999999 49.442353859999997)",Unfall 216443 (2022) Kat:3, Licht: 0,216443,3,3,5,06,17,4,1,0,0,1,0,0,0,1
"POINT (11.111407324000000 49.467922830000099)",Unfall 216444 (2022) Kat:3, Licht: 0,216444,3,3,5,06,14,2,0,0,0,1,0,1,0,0
"POINT (11.080708047000000 49.445803734000002)",Unfall 216484 (2022) Kat:3, Licht: 2,216484,3,1,0,06,02,1,0,2,0,0,0,1,0,0
"POINT (11.057506879000099 49.446898103000102)",Unfall 216504 (2022) Kat:3, Licht: 2,216504,3,1,0,06,22,5,0,2,0,0,0,1,0,0
"POINT (11.057459709000099 49.497165903999999)",Unfall 216512 (2022) Kat:2, Licht: 0,216512,2,1,0,06,15,2,0,0,1,0,0,0,0,0
"POINT (11.082350713000000 49.437833437999998)",Unfall 216526 (2022) Kat:3, Licht: 0,216526,3,6,2,06,16,6,0,0,0,1,0,1,0,0
"POINT (11.114254335000100 49.456182390999999)",Unfall 216537 (2022) Kat:3, Licht: 0,216537,3,3,5,06,20,5,0,0,1,1,0,0,0,0
"POINT (11.066347738999999 49.353115419000098)",Unfall 216549 (2022) Kat:3, Licht: 0,216549,3,1,0,06,10,5,0,0,1,0,0,0,0,0
"POINT (11.142369551000099 49.451199150999997)",Unfall 216565 (2022) Kat:3, Licht: 0,216565,3,1,0,06,15,7,0,0,1,0,0,0,0,0
"POINT (11.037319458000100 49.442340661999999)",Unfall 216587 (2022) Kat:3, Licht: 0,216587,3,4,6,06,13,5,0,0,0,1,1,0,0,0
"POINT (11.052448352000100 49.448581115000103)",Unfall 216609 (2022) Kat:3, Licht: 0,216609,3,3,5,06,11,2,0,0,1,1,0,0,0,0
"POINT (11.036011665000000 49.409445036000101)",Unfall 216621 (2022) Kat:3, Licht: 0,216621,3,3,5,06,16,4,0,0,0,1,0,0,0,1
"POINT (11.098993940000099 49.443547904000098)",Unfall 216639 (2022) Kat:2, Licht: 0,216639,2,3,5,06,19,3,0,0,1,1,0,0,0,0
"POINT (11.080056207000000 49.415780733000098)",Unfall 216669 (2022) Kat:3, Licht: 2,216669,3,1,0,06,23,4,0,2,1,0,0,0,0,0
"POINT (11.072529294000001 49.484615714000000)",Unfall 216670 (2022) Kat:2, Licht: 0,216670,2,3,5,06,13,6,0,0,1,1,0,0,0,0
"POINT (11.063882327000000 49.446600649000104)",Unfall 216686 (2022) Kat:3, Licht: 2,216686,3,5,1,06,22,3,0,2,1,1,0,0,0,0
"POINT (11.083611217000101 49.447475420000004)",Unfall 216714 (2022) Kat:3, Licht: 0,216714,3,3,5,06,19,5,0,0,0,1,0,0,0,0
"POINT (11.105766089999999 49.355039073999997)",Unfall 216773 (2022) Kat:2, Licht: 0,216773,2,5,1,06,15,4,0,0,1,1,0,0,0,0
"POINT (11.084380847000000 49.451274304999998)",Unfall 216774 (2022) Kat:3, Licht: 0,216774,3,3,5,06,17,6,1,0,1,1,0,0,0,0
"POINT (11.097369967000100 49.450131480000003)",Unfall 216804 (2022) Kat:2, Licht: 2,216804,2,7,0,06,22,3,0,2,0,0,0,0,0,1
"POINT (11.101502418999999 49.446717532000001)",Unfall 216823 (2022) Kat:3, Licht: 0,216823,3,6,0,06,10,4,0,0,1,1,0,0,0,0
"POINT (11.084013705000100 49.451573804000098)",Unfall 216829 (2022) Kat:3, Licht: 1,216829,3,1,8,06,05,1,0,1,1,0,0,0,0,0
"POINT (11.119229709000001 49.414797259000103)",Unfall 216841 (2022) Kat:3, Licht: 0,216841,3,7,0,06,14,3,0,0,1,1,0,0,0,0
"POINT (11.168391183000001 49.409622696000000)",Unfall 216843 (2022) Kat:3, Licht: 0,216843,3,6,2,06,12,6,0,0,1,1,0,0,0,0
"POINT (11.063920668000000 49.408852828000100)",Unfall 216856 (2022) Kat:3, Licht: 0,216856,3,7,1,06,07,2,1,0,0,1,0,0,0,0
"POINT (11.097249879000101 49.460430205000101)",Unfall 216858 (2022) Kat:3, Licht: 0,216858,3,6,2,06,20,2,0,0,1,0,0,0,0,1
"POINT (11.080328422999999 49.454441781000099)",Unfall 216868 (2022) Kat:3, Licht: 0,216868,3,3,5,06,19,2,0,0,0,1,1,0,0,0
"POINT (11.104360841000100 49.464494032000097)",Unfall 216869 (2022) Kat:3, Licht: 0,216869,3,1,0,06,06,3,0,0,1,0,0,0,0,0
"POINT (11.053138576000000 49.410379644000002)",Unfall 216871 (2022) Kat:3, Licht: 0,216871,3,3,0,06,17,6,1,0,0,0,0,1,1,0
"POINT (11.030119265000099 49.390193999000097)",Unfall 216890 (2022) Kat:3, Licht: 2,216890,3,7,0,06,22,6,0,2,0,1,0,1,0,0
"POINT (11.068914247000100 49.445598421000099)",Unfall 216896 (2022) Kat:3, Licht: 0,216896,3,2,4,06,19,4,0,0,1,1,0,0,0,0
"POINT (11.070154672000101 49.461040328000102)",Unfall 216920 (2022) Kat:3, Licht: 0,216920,3,1,0,06,09,4,0,0,0,1,0,0,0,1
"POINT (11.091358601000000 49.466273723000000)",Unfall 216921 (2022) Kat:3, Licht: 0,216921,3,6,2,06,14,6,0,0,1,0,0,0,0,0
"POINT (11.097286860000100 49.449891051000101)",Unfall 216926 (2022) Kat:3, Licht: 0,216926,3,3,5,06,17,3,0,0,0,1,0,1,0,0
"POINT (11.126434074000001 49.410480580000097)",Unfall 216944 (2022) Kat:3, Licht: 0,216944,3,7,2,06,11,6,0,0,0,1,0,0,0,0
"POINT (11.150783664000100 49.400751489000100)",Unfall 216981 (2022) Kat:3, Licht: 0,216981,3,3,5,06,19,6,0,0,1,1,0,0,0,0
"POINT (11.018283354000101 49.453370421999999)",Unfall 216987 (2022) Kat:3, Licht: 0,216987,3,6,2,06,12,3,0,0,0,1,0,0,0,0
"POINT (11.137076905000100 49.449413684000000)",Unfall 216993 (2022) Kat:3, Licht: 0,216993,3,7,0,06,11,7,0,0,1,1,0,0,0,0
"POINT (11.088785932000100 49.455675918000097)",Unfall 216997 (2022) Kat:3, Licht: 0,216997,3,6,4,06,16,1,0,0,1,0,0,0,0,0
"POINT (11.035285974000001 49.381213969000001)",Unfall 217002 (2022) Kat:3, Licht: 0,217002,3,1,0,06,15,5,0,0,1,0,0,0,0,0
"POINT (11.072552743000101 49.449384061000003)",Unfall 217006 (2022) Kat:3, Licht: 2,217006,3,2,0,06,22,3,0,2,0,1,1,0,0,0
"POINT (11.106358204000101 49.474928859999999)",Unfall 217033 (2022) Kat:2, Licht: 0,217033,2,1,0,06,10,1,0,0,1,0,0,0,0,0
"POINT (11.077001141000000 49.441763862000101)",Unfall 217044 (2022) Kat:3, Licht: 2,217044,3,3,5,06,01,7,0,2,0,1,0,0,0,0
"POINT (11.067103319000100 49.439283623000101)",Unfall 217083 (2022) Kat:3, Licht: 0,217083,3,7,0,06,14,2,0,0,1,0,0,0,0,0
"POINT (11.054425235000100 49.509641213000101)",Unfall 217106 (2022) Kat:3, Licht: 0,217106,3,3,0,06,16,4,0,0,1,1,0,0,0,0
"POINT (11.063332747000100 49.448326549000100)",Unfall 217108 (2022) Kat:3, Licht: 0,217108,3,6,3,06,13,5,0,0,0,1,0,0,1,0
"POINT (11.080964032000100 49.460933513000001)",Unfall 217109 (2022) Kat:3, Licht: 0,217109,3,3,5,06,14,3,0,0,0,1,0,0,0,0
"POINT (11.034068820000099 49.490789490000097)",Unfall 217122 (2022) Kat:3, Licht: 0,217122,3,1,0,06,21,2,0,0,0,0,0,1,0,0
"POINT (11.064076114000001 49.458794661000098)",Unfall 217169 (2022) Kat:3, Licht: 0,217169,3,3,5,06,09,2,0,0,1,1,0,0,0,0
"POINT (11.069370967999999 49.457072987000103)",Unfall 217184 (2022) Kat:3, Licht: 0,217184,3,1,0,06,12,3,0,0,1,0,0,0,0,0
"POINT (11.058908548000000 49.459921266000002)",Unfall 217192 (2022) Kat:2, Licht: 0,217192,2,1,0,06,15,5,0,0,1,0,0,0,0,0
"POINT (11.077903687999999 49.477905229999998)",Unfall 217196 (2022) Kat:3, Licht: 0,217196,3,6,4,07,14,7,0,0,1,1,0,0,0,0
"POINT (11.138027381000001 49.467993964000101)",Unfall 217213 (2022) Kat:3, Licht: 0,217213,3,6,3,07,17,4,0,0,1,0,0,0,0,0
"POINT (11.097536849999999 49.448430366000103)",Unfall 217222 (2022) Kat:3, Licht: 0,217222,3,6,2,07,18,6,0,0,0,1,0,0,0,0
"POINT (11.160203624000101 49.467565995000001)",Unfall 217292 (2022) Kat:2, Licht: 0,217292,2,3,5,07,20,7,0,0,1,1,0,0,0,0
"POINT (11.109153042999999 49.444802144000100)",Unfall 217301 (2022) Kat:3, Licht: 0,217301,3,1,0,07,14,4,0,0,1,0,0,0,0,0
"POINT (11.049388754000100 49.452871299000002)",Unfall 217321 (2022) Kat:3, Licht: 0,217321,3,1,0,06,19,1,0,0,0,0,0,0,0,1
"POINT (11.087645524999999 49.461258572000098)",Unfall 217326 (2022) Kat:3, Licht: 2,217326,3,1,0,07,00,3,0,2,1,0,0,0,0,0
"POINT (11.090140077999999 49.405830053000003)",Unfall 217355 (2022) Kat:3, Licht: 0,217355,3,1,0,06,18,3,0,0,0,0,0,1,0,0
"POINT (11.068041676000099 49.448940684000000)",Unfall 217391 (2022) Kat:3, Licht: 2,217391,3,6,4,06,22,3,0,2,1,1,0,0,0,0
"POINT (11.071279860000100 49.481619924000000)",Unfall 217451 (2022) Kat:2, Licht: 0,217451,2,1,0,06,11,2,0,0,1,1,0,0,0,0
"POINT (11.071264510000001 49.462558872000002)",Unfall 217474 (2022) Kat:3, Licht: 0,217474,3,2,3,06,14,2,0,0,1,1,0,0,0,0
"POINT (11.116864886000000 49.480824630000001)",Unfall 217485 (2022) Kat:3, Licht: 0,217485,3,3,5,06,18,3,0,0,0,1,0,0,0,0
"POINT (11.116096627999999 49.454871472999997)",Unfall 217495 (2022) Kat:3, Licht: 0,217495,3,7,0,07,08,3,0,0,0,0,0,1,0,0
"POINT (11.095231858000000 49.458551612000100)",Unfall 217513 (2022) Kat:3, Licht: 0,217513,3,4,6,07,12,2,0,0,0,0,1,0,0,1
"POINT (11.084604882000100 49.466669636000098)",Unfall 217523 (2022) Kat:3, Licht: 2,217523,3,1,0,06,22,1,0,2,1,0,0,0,0,0
"POINT (11.070233923000000 49.456863386000101)",Unfall 217527 (2022) Kat:3, Licht: 0,217527,3,6,2,06,11,4,0,0,0,1,0,0,0,0
"POINT (11.104758960000000 49.472071803000098)",Unfall 217537 (2022) Kat:3, Licht: 0,217537,3,3,5,06,11,1,0,0,0,1,1,0,0,0
"POINT (11.075121229000001 49.446768550000101)",Unfall 217541 (2022) Kat:3, Licht: 0,217541,3,1,0,07,16,3,0,0,1,0,0,0,0,0
"POINT (11.081087793000099 49.442887446000000)",Unfall 217576 (2022) Kat:3, Licht: 0,217576,3,6,1,07,17,3,0,0,0,1,0,0,0,0
"POINT (11.080421447000001 49.440153049000102)",Unfall 217589 (2022) Kat:3, Licht: 0,217589,3,3,5,07,14,7,0,0,1,0,0,0,0,0
"POINT (11.124268769000000 49.442881569000100)",Unfall 217591 (2022) Kat:2, Licht: 2,217591,2,1,0,06,23,2,0,2,1,0,0,0,0,0
"POINT (11.113511935000099 49.453689887000102)",Unfall 217606 (2022) Kat:3, Licht: 0,217606,3,2,5,06,11,3,0,0,0,1,0,1,0,0
"POINT (11.089538504000100 49.441941317000001)",Unfall 217611 (2022) Kat:2, Licht: 0,217611,2,6,0,07,15,2,0,0,1,0,0,0,0,0
"POINT (11.042111992000100 49.434959950000099)",Unfall 217627 (2022) Kat:3, Licht: 0,217627,3,7,6,07,10,3,0,0,0,1,1,0,0,0
"POINT (11.042494484000001 49.459040106000003)",Unfall 217697 (2022) Kat:3, Licht: 0,217697,3,7,0,06,13,7,0,0,1,0,0,0,0,1
"POINT (11.059489708000100 49.460648053000099)",Unfall 217699 (2022) Kat:3, Licht: 0,217699,3,7,1,07,11,7,0,0,0,1,0,1,0,0
"POINT (11.048638232000000 49.451693611000103)",Unfall 217701 (2022) Kat:3, Licht: 0,217701,3,5,2,06,19,2,0,0,0,1,0,0,0,0
"POINT (11.093190998000100 49.448258973000101)",Unfall 217706 (2022) Kat:3, Licht: 0,217706,3,6,3,07,17,4,0,0,0,1,0,1,0,0
"POINT (11.079673901000000 49.415271750999999)",Unfall 217736 (2022) Kat:2, Licht: 0,217736,2,1,0,06,11,5,0,0,1,0,0,0,0,0
"POINT (11.088632820000001 49.476907190000098)",Unfall 217742 (2022) Kat:2, Licht: 0,217742,2,7,6,06,07,1,0,0,1,0,1,0,0,0
"POINT (11.049959724000100 49.451142189000102)",Unfall 217746 (2022) Kat:3, Licht: 0,217746,3,6,2,07,19,3,0,0,0,1,0,1,0,0
"POINT (11.080229712000101 49.435234747000003)",Unfall 217766 (2022) Kat:3, Licht: 0,217766,3,1,0,07,15,2,0,0,1,0,0,0,0,0
"POINT (11.045306542000001 49.442313005000102)",Unfall 217775 (2022) Kat:3, Licht: 0,217775,3,2,5,06,18,3,0,0,0,1,0,0,0,0
"POINT (11.068721984000000 49.467709500000097)",Unfall 217780 (2022) Kat:3, Licht: 0,217780,3,7,0,06,06,4,0,0,1,0,0,0,0,0
"POINT (11.027739816000100 49.423397604000101)",Unfall 217809 (2022) Kat:3, Licht: 0,217809,3,7,1,07,09,1,0,0,0,1,1,0,0,0
"POINT (11.080984474999999 49.444125734000103)",Unfall 217843 (2022) Kat:3, Licht: 1,217843,3,6,6,07,20,6,0,1,0,0,1,0,0,1
"POINT (11.109312725000100 49.492652975000098)",Unfall 217860 (2022) Kat:3, Licht: 0,217860,3,1,4,06,15,3,0,0,0,1,0,1,0,0
"POINT (11.041756061000100 49.457406462000101)",Unfall 217861 (2022) Kat:3, Licht: 0,217861,3,6,3,07,15,7,0,0,1,1,0,0,0,0
"POINT (11.087872340000001 49.454695444000002)",Unfall 217862 (2022) Kat:3, Licht: 0,217862,3,1,0,07,17,1,0,0,0,0,0,0,0,1
"POINT (11.145011240000001 49.412206604000097)",Unfall 217868 (2022) Kat:3, Licht: 0,217868,3,3,5,06,17,5,0,0,1,1,0,0,0,0
"POINT (11.062811068000000 49.461279302999998)",Unfall 217890 (2022) Kat:3, Licht: 0,217890,3,6,3,07,12,2,0,0,1,1,0,0,0,0
"POINT (11.160268440999999 49.415151819000101)",Unfall 217894 (2022) Kat:3, Licht: 0,217894,3,2,3,06,11,3,0,0,0,1,0,0,1,0
"POINT (11.079649169000000 49.493549023000099)",Unfall 217912 (2022) Kat:3, Licht: 0,217912,3,7,6,07,11,2,0,0,1,0,1,0,0,0
"POINT (11.128256108000100 49.474240736000098)",Unfall 217919 (2022) Kat:2, Licht: 0,217919,2,3,5,07,13,7,0,0,0,1,0,0,0,0
"POINT (11.086423056999999 49.430452291999998)",Unfall 217936 (2022) Kat:3, Licht: 0,217936,3,6,1,06,17,3,0,0,0,1,0,0,0,0
"POINT (11.085959366000100 49.444084332000003)",Unfall 217938 (2022) Kat:3, Licht: 0,217938,3,7,0,07,19,2,0,0,1,0,0,0,0,0
"POINT (11.010531660000000 49.525717160000099)",Unfall 217952 (2022) Kat:3, Licht: 0,217952,3,1,0,07,16,3,0,0,1,0,0,0,0,0
"POINT (11.095993863000000 49.433318211000000)",Unfall 217981 (2022) Kat:3, Licht: 0,217981,3,3,5,06,08,3,0,0,1,1,0,0,0,0
"POINT (11.093694141000100 49.452981146000099)",Unfall 217986 (2022) Kat:2, Licht: 0,217986,2,1,8,07,16,2,0,0,0,1,0,1,0,0
"POINT (11.086661251000100 49.441964423999998)",Unfall 218034 (2022) Kat:3, Licht: 0,218034,3,3,5,06,16,4,0,0,0,1,0,0,0,0
"POINT (11.052683721000101 49.457367800000000)",Unfall 218050 (2022) Kat:3, Licht: 0,218050,3,2,5,07,19,3,0,0,1,1,0,0,0,0
"POINT (11.071258914000101 49.430565367000000)",Unfall 218052 (2022) Kat:3, Licht: 0,218052,3,2,5,06,05,2,1,0,1,1,0,0,0,0
"POINT (11.075050662000001 49.446836750000003)",Unfall 218063 (2022) Kat:3, Licht: 0,218063,3,6,4,06,18,3,0,0,1,0,1,0,0,0
"POINT (11.085284709000099 49.459635521999999)",Unfall 218083 (2022) Kat:3, Licht: 0,218083,3,1,0,07,17,2,0,0,0,0,0,0,0,1
"POINT (11.127268641000100 49.448882169000100)",Unfall 218084 (2022) Kat:3, Licht: 0,218084,3,2,2,06,18,4,0,0,0,1,0,1,0,0
"POINT (11.040058605000100 49.429875030000098)",Unfall 218101 (2022) Kat:3, Licht: 0,218101,3,1,8,06,09,2,0,0,0,1,0,0,0,0
"POINT (11.086700814000000 49.439933503000098)",Unfall 218123 (2022) Kat:3, Licht: 0,218123,3,3,6,07,17,3,0,0,1,0,1,0,0,0
"POINT (11.066284856999999 49.448214122000103)",Unfall 218149 (2022) Kat:3, Licht: 2,218149,3,3,5,07,22,7,0,2,1,0,0,0,0,1
"POINT (11.105199338000000 49.460360182000002)",Unfall 218152 (2022) Kat:3, Licht: 0,218152,3,3,5,07,13,3,0,0,1,1,0,0,0,0
"POINT (11.056756113000100 49.508466931000001)",Unfall 218162 (2022) Kat:3, Licht: 0,218162,3,5,6,07,15,1,0,0,0,1,1,0,0,0
"POINT (11.014573191000100 49.451966912000003)",Unfall 218170 (2022) Kat:3, Licht: 0,218170,3,6,3,07,09,7,0,0,0,1,0,0,0,0
"POINT (11.122873732000100 49.467260645000103)",Unfall 218182 (2022) Kat:3, Licht: 0,218182,3,1,0,07,19,5,0,0,1,0,0,0,0,0
"POINT (11.103791847000000 49.450490803000001)",Unfall 218201 (2022) Kat:3, Licht: 0,218201,3,1,0,07,12,1,0,0,1,0,0,0,0,0
"POINT (11.078863730000000 49.438638807000103)",Unfall 218204 (2022) Kat:3, Licht: 0,218204,3,3,5,07,14,6,0,0,1,1,0,0,0,0
"POINT (11.071900148999999 49.447092489000099)",Unfall 218231 (2022) Kat:3, Licht: 0,218231,3,2,3,07,10,5,0,0,1,1,0,0,0,0
"POINT (11.088676773000000 49.454013030000098)",Unfall 218251 (2022) Kat:3, Licht: 0,218251,3,7,0,07,15,4,0,0,1,0,0,0,0,0
"POINT (11.131195492000099 49.404809882999999)",Unfall 218300 (2022) Kat:3, Licht: 0,218300,3,3,5,07,16,1,0,0,0,1,0,0,0,0
"POINT (11.059530592000000 49.453068788000103)",Unfall 218340 (2022) Kat:3, Licht: 2,218340,3,1,1,07,22,4,0,2,0,1,0,1,0,0
"POINT (11.083227428000001 49.441491948000099)",Unfall 218365 (2022) Kat:2, Licht: 0,218365,2,3,5,07,10,3,0,0,0,0,0,1,0,1
"POINT (11.071582635000000 49.438866791000102)",Unfall 218383 (2022) Kat:2, Licht: 0,218383,2,2,5,07,13,1,0,0,1,1,0,0,0,0
"POINT (11.068226288000099 49.410256064000102)",Unfall 218410 (2022) Kat:3, Licht: 0,218410,3,7,0,07,11,7,0,0,0,0,0,1,0,0
"POINT (11.175202838000100 49.398274306000097)",Unfall 218427 (2022) Kat:3, Licht: 0,218427,3,3,4,07,19,4,0,0,1,1,0,0,0,0
"POINT (11.074448915000101 49.460900232000000)",Unfall 218431 (2022) Kat:3, Licht: 0,218431,3,1,0,07,18,5,1,0,0,0,0,1,0,0
"POINT (11.019334482000000 49.431656556000100)",Unfall 218434 (2022) Kat:3, Licht: 0,218434,3,3,5,07,18,1,0,0,1,1,0,0,0,0
"POINT (11.083697089999999 49.450653160000101)",Unfall 218449 (2022) Kat:3, Licht: 0,218449,3,2,4,07,18,3,0,0,1,1,0,0,0,0
"POINT (11.058468486000001 49.448595225000098)",Unfall 218480 (2022) Kat:3, Licht: 0,218480,3,2,3,07,10,5,1,0,0,1,0,1,0,0
"POINT (11.042296812000099 49.455251199000003)",Unfall 218483 (2022) Kat:3, Licht: 2,218483,3,1,0,07,03,7,0,2,0,0,0,0,0,1
"POINT (11.045366303000000 49.497066197999999)",Unfall 218523 (2022) Kat:3, Licht: 0,218523,3,3,5,07,16,6,0,0,0,1,0,1,0,0
"POINT (11.042543585000001 49.448471052999999)",Unfall 218526 (2022) Kat:3, Licht: 0,218526,3,6,3,07,14,6,0,0,1,1,0,0,0,0
"POINT (11.127296104999999 49.463036893000002)",Unfall 218529 (2022) Kat:3, Licht: 0,218529,3,1,0,07,14,5,1,0,1,0,0,0,0,0
"POINT (11.103221556000101 49.431086163000003)",Unfall 218562 (2022) Kat:3, Licht: 0,218562,3,6,2,07,11,5,1,0,0,1,0,0,0,0
"POINT (11.057967845000100 49.460186819999997)",Unfall 218602 (2022) Kat:3, Licht: 0,218602,3,1,0,07,10,7,0,0,1,0,0,0,0,0
"POINT (11.031664960000100 49.473615619999997)",Unfall 218635 (2022) Kat:2, Licht: 0,218635,2,1,0,07,18,6,0,0,1,0,0,0,0,0
"POINT (11.092208410000101 49.440805044999998)",Unfall 218654 (2022) Kat:3, Licht: 0,218654,3,6,3,07,12,5,0,0,1,0,0,0,0,0
"POINT (11.090961461000100 49.465410851999998)",Unfall 218655 (2022) Kat:3, Licht: 0,218655,3,3,5,07,18,1,0,0,1,0,0,0,0,0
"POINT (11.013693474000000 49.527239742000098)",Unfall 218671 (2022) Kat:3, Licht: 0,218671,3,3,5,07,09,3,0,0,1,1,0,0,0,0
"POINT (11.133894137000000 49.424841729000001)",Unfall 218683 (2022) Kat:3, Licht: 0,218683,3,7,0,07,18,1,0,0,0,0,0,1,0,0
"POINT (11.090095973000100 49.441331204000100)",Unfall 218684 (2022) Kat:3, Licht: 0,218684,3,6,1,07,12,4,0,0,0,1,0,0,0,1
"POINT (11.013447041000100 49.430029914000002)",Unfall 218692 (2022) Kat:3, Licht: 0,218692,3,7,0,07,17,7,0,0,0,1,1,0,0,0
"POINT (11.026384333000101 49.470160550000102)",Unfall 218698 (2022) Kat:3, Licht: 0,218698,3,3,5,07,17,2,0,0,0,1,0,1,0,0
"POINT (11.096507680000100 49.456249426000099)",Unfall 218735 (2022) Kat:3, Licht: 2,218735,3,3,5,07,23,6,0,2,0,1,0,0,0,0
"POINT (11.036738313000100 49.471180165000099)",Unfall 218746 (2022) Kat:3, Licht: 0,218746,3,7,1,07,16,6,0,0,0,1,0,1,0,0
"POINT (11.105645638000100 49.460784101000101)",Unfall 218764 (2022) Kat:3, Licht: 0,218764,3,6,3,07,19,5,0,0,1,1,0,0,0,0
"POINT (11.053751182999999 49.462296310000099)",Unfall 218770 (2022) Kat:3, Licht: 0,218770,3,5,1,07,16,2,0,0,1,1,0,0,0,0