WKT,Name,OBJECTID,UKATEGORIE,UTYP1,UART,UMONAT,USTUNDE,UWOCHENTAG,STRZUSTAND,ULICHTVERH,ISTRAD,ISTPKW,ISTFUSS,ISTKRAD,ISTGKFZ,ISTSONSTIG
"POINT (11.045218047000001 49.442417446999997)",Unfall 218798 (2022) Kat:3, Licht: 0,218798,3,2,5,07,18,3,0,0,1,1,0,0,0,0
"POINT (11.082934610000100 49.447184393000001)",Unfall 218821 (2022) Kat:3, Licht: 0,218821,3,6,2,07,17,2,0,0,0,1,0,0,0,0
"POINT (11.069243965000100 49.447222068000002)",Unfall 218835 (2022) Kat:3, Licht: 0,218835,3,6,2,07,16,4,0,0,0,1,0,0,0,0
"POINT (11.033842030000100 49.515026495000001)",Unfall 218872 (2022) Kat:3, Licht: 0,218872,3,1,0,07,15,2,0,0,1,0,0,0,0,0
"POINT (11.036564461000101 49.455480814000097)",Unfall 218875 (2022) Kat:2, Licht: 0,218875,2,2,6,07,13,5,0,0,0,1,1,0,0,0
"POINT (11.111295688000000 49.468025268000098)",Unfall 218916 (2022) Kat:3, Licht: 0,218916,3,4,0,07,20,1,0,0,0,1,1,0,0,0
"POINT (11.082015869999999 49.447638795000003)",Unfall 218922 (2022) Kat:3, Licht: 0,218922,3,2,5,07,09,2,0,0,1,1,0,0,0,0
"POINT (11.158399401000100 49.401063180000101)",Unfall 218950 (2022) Kat:3, Licht: 0,218950,3,3,5,07,07,5,0,0,0,1,0,0,0,0
"POINT (11.082701500000001 49.447650842000002)",Unfall 218954 (2022) Kat:3, Licht: 0,218954,3,1,0,07,09,5,0,0,0,0,0,0,0,1
"POINT (11.082731690000100 49.447645040000097)",Unfall 218958 (2022) Kat:3, Licht: 0,218958,3,6,3,07,19,6,0,0,0,1,0,1,0,0
"POINT (11.134650798999999 49.398339226000097)",Unfall 218959 (2022) Kat:3, Licht: 0,218959,3,6,3,07,16,3,0,0,1,1,0,0,0,0
"POINT (11.078859779000000 49.438645088999998)",Unfall 218971 (2022) Kat:3, Licht: 0,218971,3,3,5,07,13,6,0,0,1,1,0,0,0,0
"POINT (11.097601947999999 49.445877125000003)",Unfall 218973 (2022) Kat:3, Licht: 0,218973,3,2,5,07,09,2,0,0,0,1,0,0,0,1
"POINT (11.059887350000100 49.449419868000099)",Unfall 218991 (2022) Kat:3, Licht: 0,218991,3,6,2,07,07,5,0,0,1,0,0,0,0,1
"POINT (11.055474394999999 49.462918684000002)",Unfall 219008 (2022) Kat:3, Licht: 0,219008,3,3,5,07,13,3,0,0,1,1,0,0,0,0
"POINT (11.088021728999999 49.443188927999998)",Unfall 219025 (2022) Kat:2, Licht: 2,219025,2,1,0,07,22,1,0,2,0,0,0,1,0,0
"POINT (11.088774311000099 49.436775533000102)",Unfall 219045 (2022) Kat:3, Licht: 0,219045,3,1,0,07,17,2,0,0,1,0,0,0,0,0
"POINT (11.067877047000000 49.447460692999996)",Unfall 219055 (2022) Kat:3, Licht: 0,219055,3,6,3,07,19,3,0,0,0,1,0,0,0,0
"POINT (11.116297972000000 49.503012417000001)",Unfall 219075 (2022) Kat:3, Licht: 0,219075,3,7,0,07,15,7,0,0,0,0,0,0,0,1
"POINT (11.086623058000001 49.447234473000002)",Unfall 219076 (2022) Kat:2, Licht: 2,219076,2,1,0,07,02,1,0,2,0,0,0,0,0,1
"POINT (11.067796483000100 49.447483886000001)",Unfall 219082 (2022) Kat:3, Licht: 0,219082,3,1,0,07,10,2,0,0,1,0,1,0,0,0
"POINT (11.076463861000001 49.493058748000102)",Unfall 219088 (2022) Kat:3, Licht: 0,219088,3,1,0,07,14,7,0,0,1,0,0,0,0,0
"POINT (11.033892190000101 49.403769529000002)",Unfall 219105 (2022) Kat:3, Licht: 1,219105,3,3,5,07,21,3,0,1,1,1,0,0,0,0
"POINT (11.090406093000100 49.435186596999998)",Unfall 219127 (2022) Kat:3, Licht: 0,219127,3,7,0,07,08,7,0,0,1,0,0,0,0,0
"POINT (11.088813663000099 49.457722622000098)",Unfall 219128 (2022) Kat:3, Licht: 0,219128,3,1,0,07,17,1,0,0,1,0,0,0,0,0
"POINT (11.099555715000101 49.443004900000098)",Unfall 219133 (2022) Kat:3, Licht: 0,219133,3,3,5,07,13,2,0,0,1,0,0,0,0,1
"POINT (11.075646747000100 49.454898282000002)",Unfall 219181 (2022) Kat:3, Licht: 0,219181,3,2,6,07,08,6,0,0,0,1,1,0,0,0
"POINT (11.065840014000100 49.463673849000003)",Unfall 219185 (2022) Kat:3, Licht: 0,219185,3,2,2,07,16,2,0,0,0,1,0,1,0,0
"POINT (11.092739129000099 49.444076347000099)",Unfall 219225 (2022) Kat:3, Licht: 2,219225,3,7,0,07,23,7,1,2,0,0,0,0,0,1
"POINT (11.109389695000100 49.471240590000001)",Unfall 219279 (2022) Kat:3, Licht: 0,219279,3,2,5,07,18,3,0,0,1,0,0,1,0,0
"POINT (11.031566119000001 49.513300997000002)",Unfall 219342 (2022) Kat:3, Licht: 0,219342,3,3,5,07,13,5,0,0,1,1,0,0,0,0
"POINT (11.063534861000100 49.448298084999998)",Unfall 219346 (2022) Kat:3, Licht: 0,219346,3,3,5,07,12,7,1,0,0,1,0,0,0,0
"POINT (11.059125833000101 49.449625480000101)",Unfall 219354 (2022) Kat:2, Licht: 0,219354,2,4,6,07,18,5,0,0,0,1,1,0,0,0
"POINT (11.067955830000100 49.447199032000100)",Unfall 219367 (2022) Kat:3, Licht: 0,219367,3,3,5,07,16,4,0,0,1,0,0,0,0,1
"POINT (11.071746435000000 49.453284811000103)",Unfall 219378 (2022) Kat:3, Licht: 0,219378,3,5,1,07,18,4,0,0,1,1,0,0,0,0
"POINT (11.064805605000100 49.440203111000102)",Unfall 219394 (2022) Kat:3, Licht: 0,219394,3,3,5,07,16,6,0,0,0,1,0,0,0,0
"POINT (11.038248212999999 49.434289621000097)",Unfall 219422 (2022) Kat:3, Licht: 0,219422,3,3,5,07,16,4,0,0,0,1,0,0,0,1
"POINT (11.090765007000099 49.459510504999997)",Unfall 219453 (2022) Kat:2, Licht: 0,219453,2,3,5,07,06,4,0,0,1,1,0,0,0,0
"POINT (11.086496114999999 49.428921952000103)",Unfall 219478 (2022) Kat:3, Licht: 0,219478,3,7,0,07,16,3,1,0,0,0,0,1,0,1
"POINT (11.099671454999999 49.458490128999998)",Unfall 219505 (2022) Kat:3, Licht: 0,219505,3,1,0,07,18,2,0,0,1,0,0,0,0,0
"POINT (11.086541363000000 49.428816539000103)",Unfall 219546 (2022) Kat:3, Licht: 0,219546,3,7,0,07,16,3,1,0,0,0,0,1,0,1
"POINT (11.093657522000100 49.452985161000100)",Unfall 219552 (2022) Kat:3, Licht: 2,219552,3,1,8,07,03,5,1,2,0,1,0,0,0,0
"POINT (11.061517472000000 49.386183491000097)",Unfall 219569 (2022) Kat:3, Licht: 2,219569,3,1,0,07,00,6,0,2,1,0,0,0,0,0
"POINT (11.046605165000100 49.432795849000101)",Unfall 219597 (2022) Kat:3, Licht: 0,219597,3,3,5,07,20,5,0,0,0,1,0,1,0,0
"POINT (11.081209714000099 49.442371590999997)",Unfall 219608 (2022) Kat:3, Licht: 0,219608,3,2,4,07,13,4,0,0,0,1,0,1,0,0
"POINT (11.084706276000100 49.434791085000001)",Unfall 219609 (2022) Kat:3, Licht: 0,219609,3,5,0,07,20,1,0,0,1,1,0,0,0,0
"POINT (11.128173210000099 49.474158873000100)",Unfall 219612 (2022) Kat:3, Licht: 2,219612,3,1,0,07,02,7,1,2,0,1,0,0,0,0
"POINT (11.051407546000100 49.461357180999997)",Unfall 219613 (2022) Kat:3, Licht: 0,219613,3,1,0,07,10,6,0,0,1,0,0,0,0,0
"POINT (11.028385899000099 49.459057223000102)",Unfall 219619 (2022) Kat:3, Licht: 0,219619,3,6,1,07,15,4,0,0,0,1,0,0,0,1
"POINT (11.095785357000100 49.467130908999998)",Unfall 219629 (2022) Kat:3, Licht: 0,219629,3,2,3,07,17,5,0,0,1,1,0,0,0,0
"POINT (11.081880694000100 49.433737217999997)",Unfall 219647 (2022) Kat:3, Licht: 0,219647,3,2,5,07,16,6,0,0,0,1,0,0,0,1
"POINT (11.013539257000000 49.443131604000001)",Unfall 219671 (2022) Kat:3, Licht: 0,219671,3,4,6,07,09,3,0,0,0,1,1,0,0,0
"POINT (11.078669828000001 49.448792101000002)",Unfall 219683 (2022) Kat:3, Licht: 2,219683,3,7,6,07,01,6,0,2,0,1,1,1,0,0
"POINT (11.065839768000000 49.385928894000102)",Unfall 219702 (2022) Kat:3, Licht: 0,219702,3,1,0,07,19,7,0,0,1,0,0,0,0,0
"POINT (11.081582793999999 49.472400383000000)",Unfall 219703 (2022) Kat:2, Licht: 0,219703,2,3,5,07,09,6,0,0,1,1,0,0,0,0
"POINT (11.085866053000100 49.445351855000098)",Unfall 219740 (2022) Kat:3, Licht: 2,219740,3,1,8,07,02,7,1,2,0,0,0,0,0,1
"POINT (11.072734403000000 49.446877458000102)",Unfall 219770 (2022) Kat:3, Licht: 0,219770,3,3,6,07,11,5,0,0,0,1,1,0,0,0
"POINT (11.046415012000100 49.446001258000102)",Unfall 219775 (2022) Kat:3, Licht: 0,219775,3,6,3,07,12,4,0,0,1,1,0,0,0,0
"POINT (11.062890152000000 49.456179518000098)",Unfall 219813 (2022) Kat:2, Licht: 0,219813,2,1,0,07,20,7,0,0,1,0,0,0,0,0
"POINT (11.024582952000101 49.452564585000097)",Unfall 219828 (2022) Kat:3, Licht: 0,219828,3,7,1,07,19,6,0,0,1,1,0,0,0,0
"POINT (11.040125257000099 49.447604433999999)",Unfall 219832 (2022) Kat:3, Licht: 0,219832,3,6,2,07,16,3,0,0,0,1,0,0,0,0
"POINT (11.055902933000000 49.351371035000099)",Unfall 219858 (2022) Kat:1, Licht: 0,219858,1,6,4,07,15,6,0,0,0,1,0,0,0,1
"POINT (11.071854897000000 49.425090120000000)",Unfall 219902 (2022) Kat:3, Licht: 0,219902,3,2,5,07,06,3,0,0,1,1,0,0,0,0
"POINT (11.110491402999999 49.500867098000100)",Unfall 219941 (2022) Kat:2, Licht: 0,219941,2,7,0,07,11,1,0,0,1,0,0,0,0,0
"POINT (11.078707326000000 49.454266326999999)",Unfall 219944 (2022) Kat:3, Licht: 0,219944,3,1,0,07,13,7,1,0,1,0,0,0,0,0
"POINT (11.078736978000100 49.453917020000098)",Unfall 219964 (2022) Kat:3, Licht: 0,219964,3,3,1,07,16,4,0,0,1,1,0,0,0,0
"POINT (11.076290089000100 49.439679421999998)",Unfall 219966 (2022) Kat:3, Licht: 0,219966,3,1,0,07,09,5,1,0,1,0,0,0,0,0
"POINT (11.100247095000000 49.355259770000004)",Unfall 219980 (2022) Kat:3, Licht: 0,219980,3,1,0,07,20,4,0,0,1,0,0,0,0,0
"POINT (11.050349216000001 49.440253101000103)",Unfall 219991 (2022) Kat:3, Licht: 0,219991,3,3,5,07,12,4,0,0,0,1,0,0,0,1
"POINT (11.065738954000000 49.439925486999996)",Unfall 219996 (2022) Kat:2, Licht: 0,219996,2,5,1,07,22,3,0,0,1,1,0,0,0,0
"POINT (11.006167118000100 49.512275412000101)",Unfall 220001 (2022) Kat:3, Licht: 0,220001,3,2,5,07,13,5,0,0,0,1,0,1,0,0
"POINT (11.132508024000099 49.458298506000098)",Unfall 220013 (2022) Kat:2, Licht: 0,220013,2,7,0,07,11,5,0,0,1,1,0,0,0,0
"POINT (11.090269222000099 49.439703457000100)",Unfall 220024 (2022) Kat:3, Licht: 0,220024,3,7,6,07,14,4,0,0,1,0,1,0,0,0
"POINT (11.068580079000100 49.444483008000098)",Unfall 220030 (2022) Kat:3, Licht: 0,220030,3,2,5,07,10,6,0,0,0,1,0,0,0,0
"POINT (11.104936464000000 49.486022106000100)",Unfall 220046 (2022) Kat:3, Licht: 0,220046,3,1,0,07,15,5,0,0,0,0,0,1,0,0
"POINT (11.068749824000101 49.446072575000102)",Unfall 220070 (2022) Kat:1, Licht: 2,220070,1,1,6,07,00,1,0,2,0,1,1,0,0,0
"POINT (11.086719135000100 49.428375676000002)",Unfall 220165 (2022) Kat:3, Licht: 0,220165,3,2,3,07,15,5,0,0,1,0,0,0,0,0
"POINT (11.104607660999999 49.446623985000002)",Unfall 220182 (2022) Kat:3, Licht: 0,220182,3,7,6,07,14,6,0,0,1,0,1,0,0,0
"POINT (11.059228801000099 49.449874680999997)",Unfall 220186 (2022) Kat:3, Licht: 0,220186,3,3,4,07,14,3,0,0,0,1,0,0,0,0
"POINT (11.086412270000000 49.429628235999999)",Unfall 220191 (2022) Kat:3, Licht: 0,220191,3,2,4,07,08,4,0,0,0,0,0,0,0,1
"POINT (11.102571824000099 49.438293414999997)",Unfall 220228 (2022) Kat:3, Licht: 0,220228,3,6,2,07,17,7,0,0,0,1,0,0,0,0
"POINT (11.077168882000000 49.438362042999998)",Unfall 220235 (2022) Kat:3, Licht: 0,220235,3,3,5,07,19,4,0,0,1,1,0,0,0,0
"POINT (11.111438812000101 49.405525468000100)",Unfall 220254 (2022) Kat:3, Licht: 0,220254,3,6,4,08,07,3,0,0,1,0,0,0,0,0
"POINT (11.074801097000000 49.445217738000103)",Unfall 220265 (2022) Kat:3, Licht: 0,220265,3,2,4,08,14,4,0,0,0,1,0,1,0,0
"POINT (11.124003415000100 49.454828606000000)",Unfall 220294 (2022) Kat:3, Licht: 0,220294,3,7,0,08,19,2,0,0,1,0,0,0,0,0
"POINT (11.112219892000001 49.448699792000099)",Unfall 220338 (2022) Kat:3, Licht: 0,220338,3,6,2,08,18,3,0,0,1,1,0,0,0,0
"POINT (11.087693076000100 49.447247783000101)",Unfall 220395 (2022) Kat:3, Licht: 0,220395,3,7,5,08,13,5,0,0,0,1,0,0,0,1
"POINT (11.095593627000000 49.458629819000102)",Unfall 220399 (2022) Kat:3, Licht: 2,220399,3,1,0,08,22,6,0,2,1,0,0,0,0,0
"POINT (11.082250506999999 49.460282054000103)",Unfall 220402 (2022) Kat:3, Licht: 0,220402,3,3,0,08,11,2,0,0,0,1,0,0,0,1
"POINT (11.054057523000001 49.410601235000101)",Unfall 220430 (2022) Kat:3, Licht: 0,220430,3,7,1,08,17,5,0,0,0,1,0,0,0,0
"POINT (11.091280099000100 49.436489952000002)",Unfall 220473 (2022) Kat:3, Licht: 2,220473,3,2,5,08,00,5,0,2,1,1,0,0,0,0
"POINT (11.084238282999999 49.448707576000103)",Unfall 220483 (2022) Kat:3, Licht: 0,220483,3,7,1,07,15,7,1,0,0,1,0,1,0,0
"POINT (11.129425729999999 49.398328968999998)",Unfall 220510 (2022) Kat:2, Licht: 0,220510,2,7,1,08,12,2,0,0,1,0,0,0,0,1
"POINT (11.055725442000000 49.448878636000103)",Unfall 220532 (2022) Kat:3, Licht: 0,220532,3,4,6,08,13,7,0,0,1,0,1,0,0,0
"POINT (11.075749399000101 49.443681156000103)",Unfall 220536 (2022) Kat:3, Licht: 0,220536,3,3,6,08,14,6,0,0,0,1,1,0,0,0
"POINT (11.098960903000000 49.450177224000100)",Unfall 220569 (2022) Kat:3, Licht: 0,220569,3,3,5,08,16,2,0,0,1,1,0,0,0,0
"POINT (11.071288730999999 49.462556599999999)",Unfall 220587 (2022) Kat:3, Licht: 0,220587,3,2,5,08,08,5,0,0,0,1,1,0,0,0
"POINT (11.130414296000000 49.407830008000097)",Unfall 220613 (2022) Kat:3, Licht: 0,220613,3,3,5,08,08,6,0,0,1,1,0,0,0,0
"POINT (11.069616345000000 49.445403070000097)",Unfall 220625 (2022) Kat:3, Licht: 0,220625,3,3,5,07,14,1,0,0,1,1,0,0,0,0
"POINT (11.058654497000100 49.449797746000101)",Unfall 220653 (2022) Kat:3, Licht: 2,220653,3,1,0,08,23,7,0,2,0,0,0,1,0,0
"POINT (11.059059512999999 49.457242411000003)",Unfall 220679 (2022) Kat:2, Licht: 0,220679,2,2,5,08,11,3,0,0,1,1,0,0,0,0
"POINT (11.038785690000100 49.407798715000098)",Unfall 220693 (2022) Kat:3, Licht: 0,220693,3,6,3,08,12,4,0,0,0,1,0,0,1,0
"POINT (11.076277762000100 49.440468838000101)",Unfall 220695 (2022) Kat:3, Licht: 2,220695,3,1,0,08,23,3,0,2,0,0,0,0,0,1
"POINT (11.113152641000100 49.445066784000097)",Unfall 220715 (2022) Kat:3, Licht: 0,220715,3,4,6,08,19,1,0,0,0,1,1,0,0,1
"POINT (11.072657261000099 49.484614540000102)",Unfall 220716 (2022) Kat:3, Licht: 0,220716,3,7,7,08,06,5,0,0,1,0,0,0,0,0
"POINT (11.036828114000100 49.455393731000100)",Unfall 220719 (2022) Kat:3, Licht: 0,220719,3,5,1,08,13,6,0,0,0,1,0,0,0,0
"POINT (11.105295594999999 49.447431901000101)",Unfall 220794 (2022) Kat:3, Licht: 0,220794,3,7,0,08,15,7,0,0,1,0,0,0,0,0
"POINT (11.079494109000100 49.449164457000101)",Unfall 220812 (2022) Kat:3, Licht: 0,220812,3,3,5,08,10,1,0,0,1,1,0,0,0,0
"POINT (11.110758920000000 49.446039290000002)",Unfall 220821 (2022) Kat:3, Licht: 0,220821,3,4,6,08,12,2,0,0,0,1,1,0,0,0
"POINT (11.070988249999999 49.440654875000099)",Unfall 220834 (2022) Kat:3, Licht: 0,220834,3,7,6,08,19,4,0,0,0,1,1,0,0,0
"POINT (11.091641581999999 49.461565680000000)",Unfall 220838 (2022) Kat:3, Licht: 0,220838,3,6,3,08,12,5,0,0,0,1,0,1,0,0
"POINT (11.071954704000101 49.447088978000103)",Unfall 220841 (2022) Kat:3, Licht: 0,220841,3,2,5,08,09,6,0,0,0,1,0,0,0,1
"POINT (11.083561956000000 49.450693802000004)",Unfall 220856 (2022) Kat:2, Licht: 0,220856,2,2,5,08,18,7,0,0,1,0,0,0,0,0
"POINT (11.015074761999999 49.442718900000003)",Unfall 220883 (2022) Kat:3, Licht: 0,220883,3,1,0,08,07,2,0,0,1,0,0,0,0,0
"POINT (11.056446019000100 49.445980794999997)",Unfall 220885 (2022) Kat:3, Licht: 0,220885,3,2,3,08,09,3,0,0,1,0,0,0,1,0
"POINT (11.113360742000101 49.403841896000102)",Unfall 220886 (2022) Kat:3, Licht: 0,220886,3,7,5,08,10,5,0,0,1,1,0,0,0,0
"POINT (11.077174869000000 49.446680280000102)",Unfall 220904 (2022) Kat:3, Licht: 2,220904,3,7,6,08,23,7,0,2,0,1,1,0,0,0
"POINT (11.095638376000100 49.443106242000098)",Unfall 220955 (2022) Kat:3, Licht: 0,220955,3,1,0,07,14,7,1,0,1,0,0,0,0,0
"POINT (11.131227611000000 49.432364921999998)",Unfall 220956 (2022) Kat:2, Licht: 0,220956,2,1,0,08,17,6,0,0,1,0,0,0,0,0
"POINT (11.085330237000100 49.446478384999999)",Unfall 220975 (2022) Kat:3, Licht: 2,220975,3,7,0,08,20,6,0,2,1,0,0,0,0,0
"POINT (11.023829449000100 49.461264649999997)",Unfall 221029 (2022) Kat:3, Licht: 0,221029,3,4,6,08,17,2,0,0,0,1,1,0,0,0
"POINT (11.033715250000100 49.438217991000002)",Unfall 221035 (2022) Kat:3, Licht: 0,221035,3,6,2,08,16,6,0,0,0,1,0,0,0,0
"POINT (11.095494538000001 49.460703060000100)",Unfall 221063 (2022) Kat:3, Licht: 0,221063,3,3,5,08,15,4,0,0,1,1,0,0,0,0
"POINT (11.089330480999999 49.457445898000103)",Unfall 221066 (2022) Kat:3, Licht: 0,221066,3,3,0,07,11,1,0,0,0,1,0,1,0,0
"POINT (11.095595280000101 49.460504730000103)",Unfall 221073 (2022) Kat:3, Licht: 0,221073,3,3,5,08,08,6,0,0,0,1,0,1,0,0
"POINT (11.039135074000100 49.391959159000102)",Unfall 221086 (2022) Kat:3, Licht: 0,221086,3,1,0,08,16,3,0,0,1,0,0,0,0,0
"POINT (11.123638500000000 49.453257511000103)",Unfall 221110 (2022) Kat:3, Licht: 0,221110,3,7,1,08,07,3,0,0,0,1,0,0,0,0
"POINT (11.103107967000000 49.458487429000101)",Unfall 221112 (2022) Kat:3, Licht: 0,221112,3,3,5,08,17,4,0,0,0,1,0,1,0,0
"POINT (11.064330741999999 49.456697201000097)",Unfall 221119 (2022) Kat:3, Licht: 0,221119,3,2,3,08,19,6,0,0,1,0,0,0,0,0
"POINT (11.087023035000099 49.461435596999998)",Unfall 221142 (2022) Kat:3, Licht: 2,221142,3,1,0,08,23,1,0,2,1,0,0,0,0,0
"POINT (11.067812787999999 49.451760578000098)",Unfall 221143 (2022) Kat:3, Licht: 0,221143,3,7,0,08,16,5,0,0,1,0,1,0,0,0
"POINT (11.099154212000000 49.372536533000101)",Unfall 221153 (2022) Kat:3, Licht: 0,221153,3,2,5,08,20,5,0,0,0,1,0,1,0,0
"POINT (11.075909261000000 49.454405219000101)",Unfall 221159 (2022) Kat:3, Licht: 0,221159,3,2,4,08,17,7,0,0,1,1,0,0,0,0
"POINT (11.087020860000100 49.463415849000100)",Unfall 221163 (2022) Kat:3, Licht: 0,221163,3,3,5,08,16,6,0,0,1,1,0,0,0,0
"POINT (11.096256240000100 49.456891376999998)",Unfall 221170 (2022) Kat:3, Licht: 2,221170,3,1,1,07,00,7,0,2,0,1,0,0,0,1
"POINT (11.108444051999999 49.478778091000002)",Unfall 221185 (2022) Kat:3, Licht: 0,221185,3,3,5,08,16,2,0,0,1,1,0,0,0,0
"POINT (11.099115284000000 49.459367198000102)",Unfall 221202 (2022) Kat:3, Licht: 0,221202,3,6,3,08,12,6,0,0,0,1,0,0,0,0
"POINT (11.088203650000001 49.474099299999999)",Unfall 221234 (2022) Kat:2, Licht: 1,221234,2,7,6,08,20,4,0,1,1,0,1,0,0,0
"POINT (11.071877549000000 49.447736287000097)",Unfall 221238 (2022) Kat:3, Licht: 2,221238,3,1,0,07,23,1,0,2,0,0,0,0,0,1
"POINT (11.008455251000001 49.445974905000099)",Unfall 221244 (2022) Kat:3, Licht: 0,221244,3,2,4,08,12,6,0,0,0,1,0,0,0,0
"POINT (11.082252052000101 49.460286484999997)",Unfall 221264 (2022) Kat:3, Licht: 0,221264,3,2,5,08,18,3,0,0,1,1,0,0,0,0
"POINT (11.080581688000100 49.446052963000099)",Unfall 221269 (2022) Kat:3, Licht: 0,221269,3,1,0,08,20,6,0,0,0,0,0,1,0,0
"POINT (11.098579206000100 49.454783466999999)",Unfall 221343 (2022) Kat:3, Licht: 0,221343,3,7,0,08,11,2,0,0,1,0,0,0,0,0
"POINT (11.089662768000000 49.441500736000101)",Unfall 221365 (2022) Kat:3, Licht: 0,221365,3,4,6,08,16,6,1,0,0,1,1,0,0,0
"POINT (11.075806472000099 49.442074415000000)",Unfall 221373 (2022) Kat:2, Licht: 1,221373,2,7,5,08,06,4,0,1,0,1,0,1,0,0
"POINT (11.090633995000100 49.438084860000103)",Unfall 221379 (2022) Kat:2, Licht: 0,221379,2,1,0,08,17,6,1,0,1,0,0,0,0,0
"POINT (11.073331064000101 49.464913932000101)",Unfall 221382 (2022) Kat:3, Licht: 0,221382,3,3,0,08,12,2,0,0,1,1,0,0,0,0
"POINT (11.045805375000000 49.431253280000099)",Unfall 221410 (2022) Kat:3, Licht: 0,221410,3,3,5,08,17,7,0,0,0,1,0,0,0,0
"POINT (11.060622862000100 49.435508909000099)",Unfall 221438 (2022) Kat:3, Licht: 0,221438,3,1,0,08,08,4,0,0,0,0,0,0,0,1
"POINT (11.065386121000101 49.488892327000002)",Unfall 221456 (2022) Kat:2, Licht: 0,221456,2,1,0,08,14,1,0,0,1,0,0,0,0,0
"POINT (11.097361017000001 49.450239807000102)",Unfall 221469 (2022) Kat:2, Licht: 0,221469,2,3,5,08,16,3,0,0,1,1,0,0,0,0
"POINT (11.081051828000099 49.442987911000003)",Unfall 221475 (2022) Kat:2, Licht: 0,221475,2,4,6,08,17,2,0,0,0,0,1,1,0,0
"POINT (11.021988948000100 49.516604809000100)",Unfall 221477 (2022) Kat:3, Licht: 1,221477,3,7,0,08,05,1,0,1,1,0,0,0,0,0
"POINT (11.094629171000101 49.443081527000103)",Unfall 221501 (2022) Kat:3, Licht: 0,221501,3,1,0,08,16,7,1,0,1,0,0,0,0,0
"POINT (11.098234020000101 49.444300212000002)",Unfall 221522 (2022) Kat:3, Licht: 2,221522,3,3,5,08,19,2,0,2,1,1,0,0,0,0
"POINT (11.086814607000100 49.457458952000103)",Unfall 221542 (2022) Kat:3, Licht: 0,221542,3,3,6,08,10,5,0,0,0,0,1,0,1,0
"POINT (11.080381286000000 49.446427255000103)",Unfall 221552 (2022) Kat:3, Licht: 0,221552,3,2,5,08,17,7,0,0,1,0,0,1,0,0
"POINT (11.029097881000000 49.461493894000100)",Unfall 221559 (2022) Kat:3, Licht: 0,221559,3,7,1,08,16,2,0,0,1,1,0,0,0,0
"POINT (11.040069965000001 49.459074273000098)",Unfall 221569 (2022) Kat:3, Licht: 0,221569,3,7,0,08,16,3,0,0,1,0,0,0,0,0
"POINT (11.068004882000000 49.435077090999997)",Unfall 221593 (2022) Kat:3, Licht: 0,221593,3,2,4,08,19,2,0,0,0,1,0,0,0,0
"POINT (11.111743440000099 49.444494681999998)",Unfall 221603 (2022) Kat:2, Licht: 0,221603,2,7,0,08,15,2,0,0,1,0,0,0,0,0
"POINT (11.115252298000000 49.413008379000097)",Unfall 221611 (2022) Kat:2, Licht: 0,221611,2,2,4,08,16,3,0,0,0,1,0,1,0,0
"POINT (11.097407654000101 49.445874598000003)",Unfall 221632 (2022) Kat:3, Licht: 0,221632,3,4,6,08,11,1,0,0,0,0,1,0,0,1
"POINT (11.071615868000000 49.473833393000099)",Unfall 221644 (2022) Kat:3, Licht: 0,221644,3,2,4,08,13,7,0,0,0,1,0,0,0,0
"POINT (11.097512463999999 49.447780633999997)",Unfall 221646 (2022) Kat:2, Licht: 0,221646,2,6,2,08,12,3,0,0,0,0,0,1,1,0
"POINT (11.118867241000000 49.414762919000097)",Unfall 221649 (2022) Kat:3, Licht: 0,221649,3,6,2,08,16,5,0,0,0,1,0,0,0,0
"POINT (11.075695066000000 49.456376947000102)",Unfall 221665 (2022) Kat:3, Licht: 2,221665,3,1,0,08,21,5,0,2,1,0,0,0,0,0
"POINT (11.119617322000099 49.410493218000099)",Unfall 221678 (2022) Kat:3, Licht: 0,221678,3,5,0,08,11,7,0,0,0,1,0,0,0,1
"POINT (11.048684955000100 49.387453266000101)",Unfall 221693 (2022) Kat:2, Licht: 0,221693,2,4,6,08,16,2,0,0,0,1,1,0,0,0
"POINT (11.058724714000000 49.456209994000098)",Unfall 221707 (2022) Kat:2, Licht: 0,221707,2,1,0,08,16,1,0,0,0,0,0,1,0,0
"POINT (11.074981083000100 49.449096754999999)",Unfall 221709 (2022) Kat:3, Licht: 0,221709,3,7,6,08,19,4,0,0,1,0,1,0,0,0
"POINT (11.072390521999999 49.448951864000001)",Unfall 221713 (2022) Kat:3, Licht: 0,221713,3,1,0,08,14,4,0,0,1,0,0,0,0,0
"POINT (11.102775380000001 49.439198546000100)",Unfall 221717 (2022) Kat:3, Licht: 0,221717,3,6,2,08,14,6,0,0,0,1,0,1,0,0
"POINT (11.018230774000100 49.430924056000002)",Unfall 221719 (2022) Kat:3, Licht: 0,221719,3,3,5,08,15,2,0,0,0,1,0,0,0,1
"POINT (11.057514853000001 49.460323768000102)",Unfall 221737 (2022) Kat:3, Licht: 0,221737,3,1,0,08,09,2,0,0,1,0,0,0,0,0