WKT,Name,OBJECTID,UKATEGORIE,UTYP1,UART,UMONAT,USTUNDE,UWOCHENTAG,STRZUSTAND,ULICHTVERH,ISTRAD,ISTPKW,ISTFUSS,ISTKRAD,ISTGKFZ,ISTSONSTIG
"POINT (11.088517849000000 49.443681094000098)",Unfall 224976 (2022) Kat:3, Licht: 0,224976,3,3,5,10,08,5,0,0,0,1,0,1,0,0
"POINT (11.086085277000100 49.470823922000100)",Unfall 224983 (2022) Kat:3, Licht: 0,224983,3,7,0,10,17,4,0,0,1,1,0,0,0,0
"POINT (11.094502416000100 49.406931327000102)",Unfall 225013 (2022) Kat:3, Licht: 0,225013,3,7,0,10,15,6,0,0,1,0,0,0,0,0
"POINT (11.047216232000000 49.420136933999999)",Unfall 225014 (2022) Kat:3, Licht: 0,225014,3,6,2,10,07,2,0,0,0,1,0,0,0,0
"POINT (11.099914093000100 49.463944892000001)",Unfall 225017 (2022) Kat:3, Licht: 0,225017,3,4,6,10,13,6,0,0,1,0,1,0,0,0
"POINT (11.055107158000100 49.485996461000099)",Unfall 225021 (2022) Kat:3, Licht: 0,225021,3,7,6,10,14,4,0,0,0,1,1,0,0,0
"POINT (11.057616902000101 49.483925219000099)",Unfall 225031 (2022) Kat:2, Licht: 0,225031,2,3,5,10,15,2,0,0,1,1,0,0,0,0
"POINT (11.054146824000000 49.451600740000103)",Unfall 225050 (2022) Kat:3, Licht: 1,225050,3,6,6,10,18,7,0,1,1,0,1,0,0,0
"POINT (11.072604894000101 49.460863201000102)",Unfall 225076 (2022) Kat:3, Licht: 0,225076,3,2,5,10,17,4,0,0,1,1,0,0,0,0
"POINT (11.075226025000100 49.376416906000003)",Unfall 225125 (2022) Kat:2, Licht: 0,225125,2,7,0,10,17,4,0,0,1,0,1,0,0,0
"POINT (11.088920705000000 49.455675002000099)",Unfall 225127 (2022) Kat:3, Licht: 0,225127,3,6,2,10,15,6,1,0,0,1,0,0,0,0
"POINT (11.113864270000001 49.477153635000001)",Unfall 225135 (2022) Kat:3, Licht: 0,225135,3,3,5,10,17,1,0,0,0,1,0,1,0,0
"POINT (11.011302807000000 49.447996585000098)",Unfall 225137 (2022) Kat:3, Licht: 0,225137,3,3,5,10,16,5,0,0,0,1,0,0,0,0
"POINT (11.082195404000100 49.460109526000103)",Unfall 225152 (2022) Kat:3, Licht: 2,225152,3,3,5,10,21,4,0,2,1,1,0,0,0,0
"POINT (11.135979556000100 49.453374330000003)",Unfall 225153 (2022) Kat:3, Licht: 0,225153,3,1,0,10,17,7,1,0,1,0,0,0,0,0
"POINT (11.068687992999999 49.445209169000101)",Unfall 225154 (2022) Kat:3, Licht: 2,225154,3,5,1,10,17,5,0,2,1,1,0,0,0,0
"POINT (11.163964712000100 49.462379108999997)",Unfall 225156 (2022) Kat:3, Licht: 1,225156,3,7,0,10,18,2,0,1,1,0,0,0,0,0
"POINT (11.096493367000100 49.443104031000097)",Unfall 225166 (2022) Kat:2, Licht: 0,225166,2,1,0,10,10,1,1,0,0,0,0,1,0,0
"POINT (11.082853419999999 49.491054277000003)",Unfall 225184 (2022) Kat:3, Licht: 1,225184,3,1,0,10,18,6,1,1,1,0,0,0,0,0
"POINT (11.132887972000001 49.458635570000098)",Unfall 225185 (2022) Kat:2, Licht: 0,225185,2,7,6,10,09,3,0,0,0,1,1,0,0,0
"POINT (11.019417713000101 49.453481983000103)",Unfall 225202 (2022) Kat:2, Licht: 0,225202,2,1,0,10,13,4,0,0,0,0,0,0,0,1
"POINT (11.090585569000000 49.438211756999998)",Unfall 225209 (2022) Kat:3, Licht: 0,225209,3,2,3,10,16,7,0,0,0,1,0,0,0,1
"POINT (11.096541674999999 49.407122972000103)",Unfall 225249 (2022) Kat:2, Licht: 0,225249,2,3,5,10,15,6,0,0,0,1,0,0,0,0
"POINT (11.069317480000100 49.466211596999997)",Unfall 225255 (2022) Kat:3, Licht: 0,225255,3,7,6,10,17,4,0,0,0,1,1,0,0,0
"POINT (11.037776660000100 49.449308031000001)",Unfall 225269 (2022) Kat:3, Licht: 2,225269,3,3,5,10,21,2,0,2,0,1,0,0,0,0
"POINT (11.128317960000100 49.445265540999998)",Unfall 225292 (2022) Kat:3, Licht: 0,225292,3,6,2,10,14,5,0,0,1,1,0,0,0,0
"POINT (11.076987951000000 49.441761976000102)",Unfall 225296 (2022) Kat:3, Licht: 0,225296,3,3,5,10,08,2,0,0,1,1,0,0,0,0
"POINT (11.070673164000000 49.488008311000002)",Unfall 225300 (2022) Kat:3, Licht: 0,225300,3,3,5,10,15,1,0,0,1,1,0,0,0,0
"POINT (11.053101052000001 49.401906247000099)",Unfall 225317 (2022) Kat:3, Licht: 0,225317,3,1,8,10,15,2,0,0,0,1,0,0,0,0
"POINT (11.090345204000100 49.440785757000100)",Unfall 225351 (2022) Kat:3, Licht: 0,225351,3,3,0,10,16,1,0,0,0,1,0,1,0,0
"POINT (11.069500347000000 49.453407605999999)",Unfall 225357 (2022) Kat:3, Licht: 0,225357,3,6,3,10,07,4,0,0,0,1,0,0,1,0
"POINT (11.081322849000101 49.460932055999997)",Unfall 225363 (2022) Kat:3, Licht: 2,225363,3,1,0,10,19,3,0,2,1,0,0,0,0,0
"POINT (11.060401602000100 49.484399688000103)",Unfall 225379 (2022) Kat:3, Licht: 0,225379,3,3,5,10,15,3,0,0,0,1,0,0,0,1
"POINT (11.050671651000100 49.452452688999998)",Unfall 225381 (2022) Kat:2, Licht: 0,225381,2,4,6,10,13,1,0,0,0,1,1,0,0,0
"POINT (11.136210773000100 49.453135560000099)",Unfall 225394 (2022) Kat:3, Licht: 0,225394,3,1,0,10,16,7,0,0,1,0,0,0,0,0
"POINT (11.074829807000100 49.473888659000103)",Unfall 225395 (2022) Kat:3, Licht: 0,225395,3,6,2,10,16,4,0,0,0,1,0,0,0,0
"POINT (11.044038199999999 49.441917476000100)",Unfall 225425 (2022) Kat:3, Licht: 2,225425,3,1,0,10,21,5,0,2,0,0,0,0,0,1
"POINT (11.055975167000000 49.349718762000101)",Unfall 225432 (2022) Kat:3, Licht: 0,225432,3,3,5,10,09,3,0,0,0,1,0,0,0,0
"POINT (11.065960213000000 49.436613308000098)",Unfall 225440 (2022) Kat:3, Licht: 0,225440,3,3,0,10,12,7,0,0,0,1,0,0,0,0
"POINT (11.075690416000000 49.452324359000002)",Unfall 225449 (2022) Kat:3, Licht: 0,225449,3,6,6,10,13,2,0,0,0,0,1,0,0,1
"POINT (11.072741202000000 49.446906655000099)",Unfall 225487 (2022) Kat:3, Licht: 2,225487,3,6,1,10,22,7,0,2,0,1,0,0,0,0
"POINT (11.081620058000100 49.446716159000097)",Unfall 225494 (2022) Kat:3, Licht: 0,225494,3,4,6,10,15,5,0,0,0,1,1,0,0,0
"POINT (11.032735624000100 49.421338435000102)",Unfall 225497 (2022) Kat:3, Licht: 2,225497,3,3,0,10,07,6,0,2,0,0,0,0,0,1
"POINT (11.071371369000101 49.456780979000001)",Unfall 225498 (2022) Kat:3, Licht: 0,225498,3,2,5,10,17,5,0,0,1,1,0,0,0,0
"POINT (11.120923284000099 49.438298379000102)",Unfall 225526 (2022) Kat:3, Licht: 2,225526,3,1,0,10,00,3,0,2,0,0,0,0,0,1
"POINT (11.070650551000000 49.439116384999998)",Unfall 225530 (2022) Kat:3, Licht: 2,225530,3,7,6,10,19,5,1,2,0,0,1,0,0,1
"POINT (11.070965740000100 49.470112561000100)",Unfall 225540 (2022) Kat:3, Licht: 0,225540,3,2,5,10,14,3,0,0,1,1,0,0,0,0
"POINT (11.091583620000099 49.460242956999998)",Unfall 225564 (2022) Kat:3, Licht: 0,225564,3,1,0,10,16,6,0,0,1,0,0,0,0,0
"POINT (11.067757151000000 49.457404203000102)",Unfall 225571 (2022) Kat:3, Licht: 1,225571,3,2,5,10,19,1,0,1,0,1,0,1,0,0
"POINT (11.071377802000001 49.456774881999998)",Unfall 225620 (2022) Kat:3, Licht: 2,225620,3,2,5,10,22,2,0,2,1,1,0,0,0,0
"POINT (11.044915972000100 49.469433251000098)",Unfall 225684 (2022) Kat:2, Licht: 0,225684,2,3,5,11,16,4,0,0,1,1,0,0,0,0
"POINT (11.068432844000000 49.427003800000101)",Unfall 225689 (2022) Kat:3, Licht: 0,225689,3,7,0,10,11,5,0,0,0,0,0,1,0,0
"POINT (11.091102343999999 49.456712559000003)",Unfall 225702 (2022) Kat:3, Licht: 0,225702,3,3,5,10,13,6,0,0,1,0,0,0,1,0
"POINT (11.131415890000000 49.404518136000000)",Unfall 225729 (2022) Kat:3, Licht: 0,225729,3,2,5,10,11,7,0,0,0,1,1,0,0,0
"POINT (11.033661207000000 49.449263573000103)",Unfall 225765 (2022) Kat:3, Licht: 1,225765,3,2,5,11,16,4,0,1,1,1,0,0,0,0
"POINT (11.053581983000100 49.443609455999997)",Unfall 225770 (2022) Kat:3, Licht: 2,225770,3,3,5,11,17,2,0,2,0,1,0,0,0,0
"POINT (11.028393512999999 49.469508206000100)",Unfall 225782 (2022) Kat:3, Licht: 0,225782,3,1,0,11,16,6,0,0,0,0,0,1,0,0
"POINT (11.083377688000001 49.436366615000097)",Unfall 225786 (2022) Kat:3, Licht: 2,225786,3,2,5,11,22,3,0,2,0,0,0,1,0,0
"POINT (11.093851814000100 49.406525467000101)",Unfall 225803 (2022) Kat:3, Licht: 2,225803,3,2,5,11,19,4,1,2,0,1,0,0,0,1
"POINT (11.093522172000100 49.448227703999997)",Unfall 225833 (2022) Kat:3, Licht: 2,225833,3,1,0,11,23,6,1,2,1,0,0,0,0,0
"POINT (11.050452114000100 49.463653137999998)",Unfall 225858 (2022) Kat:3, Licht: 0,225858,3,6,2,10,16,4,0,0,0,1,0,1,0,0
"POINT (11.090749554000100 49.459704405000103)",Unfall 225894 (2022) Kat:3, Licht: 0,225894,3,5,1,10,17,7,0,0,1,1,0,0,0,0
"POINT (11.085541156000000 49.450279431000098)",Unfall 225904 (2022) Kat:3, Licht: 2,225904,3,3,5,10,01,1,0,2,0,1,0,0,0,0
"POINT (11.092445355000100 49.435734888000098)",Unfall 225911 (2022) Kat:3, Licht: 0,225911,3,6,3,10,11,7,0,0,0,1,0,0,0,0
"POINT (11.071732236000100 49.454749057000100)",Unfall 225931 (2022) Kat:3, Licht: 1,225931,3,1,0,10,07,5,0,1,1,0,0,0,0,0
"POINT (11.064441321000100 49.462461099999999)",Unfall 225937 (2022) Kat:3, Licht: 0,225937,3,6,2,10,14,2,1,0,0,1,0,0,0,0
"POINT (11.179015023000000 49.389116236000099)",Unfall 225938 (2022) Kat:3, Licht: 0,225938,3,3,5,10,15,4,0,0,1,1,0,0,0,0
"POINT (11.144331074000000 49.412751477000000)",Unfall 225981 (2022) Kat:3, Licht: 0,225981,3,2,5,11,10,4,0,0,0,1,0,0,0,1
"POINT (11.131427211000100 49.461816818000003)",Unfall 225982 (2022) Kat:3, Licht: 2,225982,3,1,7,11,17,3,1,2,1,0,0,0,0,0
"POINT (11.139173538000000 49.400475431000103)",Unfall 226001 (2022) Kat:3, Licht: 0,226001,3,1,0,10,11,1,0,0,1,0,0,0,0,0
"POINT (11.046294958000001 49.475881349000097)",Unfall 226017 (2022) Kat:3, Licht: 1,226017,3,1,0,10,07,2,0,1,1,0,0,0,0,0
"POINT (11.120789419000101 49.476831617000101)",Unfall 226037 (2022) Kat:3, Licht: 0,226037,3,2,5,10,12,6,0,0,0,1,0,1,0,0
"POINT (11.070408228000099 49.455430888000102)",Unfall 226039 (2022) Kat:2, Licht: 0,226039,2,7,0,10,12,2,0,0,0,0,0,0,0,1
"POINT (11.088319952000100 49.471145563999997)",Unfall 226045 (2022) Kat:3, Licht: 0,226045,3,3,5,11,09,5,0,0,1,1,0,0,0,0
"POINT (11.075478256000100 49.473892415000101)",Unfall 226056 (2022) Kat:3, Licht: 0,226056,3,6,2,11,14,4,0,0,0,1,0,0,0,0
"POINT (11.075872407000100 49.443598866999999)",Unfall 226143 (2022) Kat:3, Licht: 0,226143,3,1,0,10,11,2,0,0,0,1,0,1,0,0
"POINT (11.067762596000000 49.457402473000101)",Unfall 226151 (2022) Kat:3, Licht: 0,226151,3,2,5,10,09,5,0,0,1,1,0,0,0,0
"POINT (11.067966416999999 49.441119014000002)",Unfall 226175 (2022) Kat:3, Licht: 0,226175,3,2,4,10,14,7,0,0,1,1,0,0,0,0
"POINT (11.048955787000100 49.408297247000100)",Unfall 226215 (2022) Kat:3, Licht: 0,226215,3,2,5,10,11,7,0,0,0,1,0,0,0,0
"POINT (11.092201293000100 49.461196499000003)",Unfall 226269 (2022) Kat:3, Licht: 2,226269,3,1,0,10,06,6,0,2,1,0,0,0,0,0
"POINT (11.119917321000100 49.429805279000000)",Unfall 226271 (2022) Kat:3, Licht: 0,226271,3,1,0,10,15,7,1,0,0,0,0,0,0,1
"POINT (11.110666761000100 49.406129339000103)",Unfall 226274 (2022) Kat:3, Licht: 1,226274,3,2,3,10,17,5,0,1,1,1,0,0,0,0
"POINT (11.053870087000099 49.406704300999998)",Unfall 226279 (2022) Kat:3, Licht: 0,226279,3,2,0,10,17,2,0,0,0,0,0,0,0,1
"POINT (11.097631501000000 49.447570333999998)",Unfall 226306 (2022) Kat:2, Licht: 0,226306,2,7,0,10,13,5,0,0,1,0,0,0,0,0
"POINT (11.079699331000000 49.440153907000102)",Unfall 226316 (2022) Kat:3, Licht: 0,226316,3,6,1,10,06,1,0,0,0,1,0,0,0,0
"POINT (11.075586036000100 49.444220701000098)",Unfall 226335 (2022) Kat:2, Licht: 2,226335,2,7,4,11,15,4,1,2,1,0,1,0,0,0
"POINT (11.058613739000100 49.455862773000000)",Unfall 226341 (2022) Kat:3, Licht: 0,226341,3,6,3,10,15,1,0,0,1,0,0,0,0,0
"POINT (11.111855384000000 49.453053920999999)",Unfall 226348 (2022) Kat:3, Licht: 0,226348,3,3,5,10,12,2,1,0,1,1,0,0,0,0
"POINT (11.086726744000000 49.439870155999998)",Unfall 226351 (2022) Kat:3, Licht: 0,226351,3,1,0,10,09,5,0,0,0,0,0,0,0,1
"POINT (11.019883444000101 49.443606724000098)",Unfall 226369 (2022) Kat:3, Licht: 0,226369,3,3,5,10,14,7,0,0,1,1,0,0,0,0
"POINT (11.040869654000099 49.409087233999998)",Unfall 226381 (2022) Kat:3, Licht: 2,226381,3,6,2,11,21,4,0,2,0,1,0,0,0,0
"POINT (11.047558289000101 49.415640091999997)",Unfall 226394 (2022) Kat:3, Licht: 0,226394,3,1,0,11,10,3,1,0,1,0,0,0,0,0
"POINT (11.090569909000100 49.442710169000101)",Unfall 226398 (2022) Kat:3, Licht: 1,226398,3,1,0,11,17,2,0,1,0,0,0,0,0,1
"POINT (11.099438311000000 49.374776293000103)",Unfall 226400 (2022) Kat:2, Licht: 0,226400,2,1,0,10,09,6,1,0,1,0,0,0,0,0
"POINT (11.097420037000100 49.474358705999997)",Unfall 226401 (2022) Kat:3, Licht: 0,226401,3,3,5,11,13,3,0,0,1,1,0,0,0,0
"POINT (11.026503047000100 49.450809182999997)",Unfall 226409 (2022) Kat:3, Licht: 0,226409,3,1,7,10,12,1,0,0,1,1,0,0,0,0
"POINT (11.086667009999999 49.462067118999997)",Unfall 226410 (2022) Kat:3, Licht: 0,226410,3,6,1,10,12,3,0,0,1,0,0,0,1,0
"POINT (11.109370815000000 49.436703891000001)",Unfall 226414 (2022) Kat:3, Licht: 0,226414,3,1,0,10,13,1,0,0,1,0,0,0,0,0
"POINT (11.138904856000099 49.400515443000103)",Unfall 226418 (2022) Kat:3, Licht: 0,226418,3,7,6,11,14,4,1,0,0,0,1,0,0,1
"POINT (11.081920804999999 49.447823335000102)",Unfall 226419 (2022) Kat:3, Licht: 2,226419,3,1,0,11,20,7,0,2,1,0,0,0,0,0
"POINT (11.172888150000100 49.409896273000101)",Unfall 226424 (2022) Kat:2, Licht: 0,226424,2,6,4,10,17,7,0,0,1,1,0,0,0,0
"POINT (11.135109412000100 49.454207134000100)",Unfall 226430 (2022) Kat:3, Licht: 1,226430,3,6,0,11,17,4,0,1,1,0,0,0,0,0
"POINT (11.071404082000100 49.456749973999997)",Unfall 226444 (2022) Kat:3, Licht: 0,226444,3,6,4,11,09,4,1,0,1,0,0,0,0,0
"POINT (11.164999813000099 49.395448107000000)",Unfall 226465 (2022) Kat:3, Licht: 1,226465,3,3,5,11,07,6,1,1,0,1,0,0,1,0
"POINT (11.066290413000001 49.448218075000099)",Unfall 226476 (2022) Kat:3, Licht: 0,226476,3,2,3,10,16,4,0,0,1,1,0,0,0,0
"POINT (11.056469070000000 49.434725260999997)",Unfall 226488 (2022) Kat:3, Licht: 2,226488,3,6,4,10,19,1,1,2,1,0,0,0,0,0
"POINT (11.059637218000001 49.435058646000101)",Unfall 226498 (2022) Kat:3, Licht: 0,226498,3,2,5,11,08,5,0,0,1,1,0,0,0,0
"POINT (11.108727432000000 49.444940073000097)",Unfall 226539 (2022) Kat:3, Licht: 1,226539,3,3,0,11,16,4,1,1,0,1,0,1,0,0
"POINT (11.115782305000000 49.474016139000099)",Unfall 226551 (2022) Kat:3, Licht: 0,226551,3,3,5,10,17,2,1,0,0,1,0,0,0,0
"POINT (11.025487309000001 49.464456515000101)",Unfall 226572 (2022) Kat:3, Licht: 0,226572,3,6,3,11,11,7,0,0,0,1,0,1,0,0
"POINT (11.049504554000100 49.444422052000000)",Unfall 226580 (2022) Kat:3, Licht: 0,226580,3,2,4,10,14,6,0,0,0,1,0,1,0,0
"POINT (11.092329981000001 49.461335067000100)",Unfall 226598 (2022) Kat:3, Licht: 0,226598,3,7,0,11,11,3,0,0,1,0,0,0,0,0
"POINT (11.031701935999999 49.473588364000101)",Unfall 226618 (2022) Kat:3, Licht: 2,226618,3,3,5,10,05,7,0,2,0,1,0,0,0,0
"POINT (11.029773035000099 49.514164414000000)",Unfall 226625 (2022) Kat:3, Licht: 2,226625,3,1,0,10,22,7,0,2,1,0,0,0,0,0
"POINT (11.104771720000000 49.472115051999999)",Unfall 226648 (2022) Kat:2, Licht: 2,226648,2,4,6,11,05,2,1,2,0,1,1,0,0,0
"POINT (11.070616498000000 49.456563572000100)",Unfall 226659 (2022) Kat:2, Licht: 2,226659,2,7,0,11,17,4,0,2,0,0,1,0,0,1
"POINT (11.063916129000100 49.460834614000099)",Unfall 226669 (2022) Kat:2, Licht: 1,226669,2,7,1,11,07,5,1,1,1,1,0,0,0,0
"POINT (11.057592323000099 49.460300934000003)",Unfall 226670 (2022) Kat:2, Licht: 1,226670,2,1,0,11,16,4,0,1,1,0,0,0,0,0
"POINT (11.072748998000099 49.457838649000102)",Unfall 226684 (2022) Kat:3, Licht: 0,226684,3,6,2,11,13,6,0,0,0,1,0,0,0,0
"POINT (11.088303509000101 49.455081014000001)",Unfall 226685 (2022) Kat:3, Licht: 1,226685,3,1,0,11,15,5,1,1,0,0,0,0,0,1
"POINT (11.093074719000100 49.454809851000100)",Unfall 226705 (2022) Kat:3, Licht: 0,226705,3,3,5,11,08,6,1,0,1,1,0,0,0,0
"POINT (11.028363486000000 49.469517119999999)",Unfall 226751 (2022) Kat:3, Licht: 2,226751,3,3,5,11,19,2,1,2,0,1,0,0,0,0
"POINT (11.057552549000000 49.484048056000098)",Unfall 226756 (2022) Kat:3, Licht: 0,226756,3,2,5,11,12,5,0,0,0,1,0,0,0,0
"POINT (11.081494576000100 49.473875562000003)",Unfall 226759 (2022) Kat:2, Licht: 2,226759,2,7,6,11,21,2,0,2,0,1,1,0,0,0
"POINT (11.105264422000101 49.481621654000001)",Unfall 226768 (2022) Kat:3, Licht: 0,226768,3,4,6,11,15,5,0,0,1,0,1,0,0,0
"POINT (11.139208554000000 49.415282849000100)",Unfall 226799 (2022) Kat:3, Licht: 2,226799,3,2,5,11,17,5,1,2,1,1,0,0,0,0
"POINT (11.068736661000100 49.467668654000100)",Unfall 226801 (2022) Kat:3, Licht: 0,226801,3,1,0,11,10,2,1,0,1,0,0,0,0,0
"POINT (11.068654476000100 49.447260453000098)",Unfall 226805 (2022) Kat:2, Licht: 1,226805,2,1,0,11,16,4,0,1,1,0,0,0,0,0
"POINT (11.021916651000000 49.377636103000000)",Unfall 226813 (2022) Kat:3, Licht: 2,226813,3,1,0,11,19,1,0,2,1,0,0,0,0,0
"POINT (11.045332967000000 49.466673098999998)",Unfall 226849 (2022) Kat:3, Licht: 0,226849,3,1,9,11,12,2,0,0,0,1,0,0,0,0
"POINT (11.092183362000100 49.441503028000099)",Unfall 226852 (2022) Kat:2, Licht: 0,226852,2,1,7,11,15,2,0,0,1,0,0,0,0,0
"POINT (11.118048950000100 49.465587179000103)",Unfall 226881 (2022) Kat:2, Licht: 0,226881,2,1,0,11,12,4,0,0,1,0,0,0,0,0
"POINT (11.113489862000099 49.453738289000100)",Unfall 226883 (2022) Kat:3, Licht: 2,226883,3,1,0,11,16,5,1,2,0,0,0,1,0,0
"POINT (11.086010476000100 49.425409156999997)",Unfall 226892 (2022) Kat:2, Licht: 0,226892,2,3,5,11,15,1,1,0,0,1,0,0,0,1
"POINT (11.057596790000000 49.460299618000100)",Unfall 226896 (2022) Kat:3, Licht: 2,226896,3,1,0,11,22,5,0,2,1,0,0,0,0,0
"POINT (11.079269330000001 49.446522051000002)",Unfall 226913 (2022) Kat:3, Licht: 0,226913,3,7,0,11,11,5,1,0,0,1,0,0,0,1
"POINT (11.028550608000000 49.431843159000003)",Unfall 226920 (2022) Kat:3, Licht: 0,226920,3,3,5,11,11,6,1,0,0,1,0,1,0,0
"POINT (11.091547451000100 49.441131030000101)",Unfall 226933 (2022) Kat:3, Licht: 2,226933,3,1,1,11,01,7,0,2,0,1,0,0,0,1
"POINT (11.096869142999999 49.448681391000001)",Unfall 226967 (2022) Kat:3, Licht: 2,226967,3,6,0,11,17,6,1,2,0,1,0,0,0,0
"POINT (11.109021447000000 49.444844791000001)",Unfall 226999 (2022) Kat:3, Licht: 2,226999,3,2,3,11,18,6,0,2,1,1,0,0,0,0
"POINT (11.081294812000101 49.442383026000101)",Unfall 227018 (2022) Kat:3, Licht: 0,227018,3,3,5,11,11,4,0,0,0,1,0,0,0,0
"POINT (11.081347461000099 49.442109673000097)",Unfall 227032 (2022) Kat:3, Licht: 2,227032,3,2,4,11,18,2,0,2,0,1,0,1,0,0
"POINT (11.074421019000100 49.437947969000000)",Unfall 227034 (2022) Kat:3, Licht: 0,227034,3,1,0,11,13,5,1,0,1,0,0,0,0,0
"POINT (11.045316281000099 49.442314664000001)",Unfall 227052 (2022) Kat:3, Licht: 2,227052,3,2,5,11,17,3,0,2,0,1,0,1,0,0
"POINT (11.081699204000101 49.440989102000103)",Unfall 227117 (2022) Kat:3, Licht: 0,227117,3,6,0,11,15,6,0,0,1,1,0,0,0,0
"POINT (11.091131997000000 49.434088385000102)",Unfall 227121 (2022) Kat:2, Licht: 2,227121,2,1,0,11,06,1,0,2,1,0,0,0,0,0
"POINT (11.069774084000100 49.452446730000098)",Unfall 227129 (2022) Kat:3, Licht: 2,227129,3,3,5,11,17,6,1,2,1,0,0,1,0,0
"POINT (11.067082347000101 49.439189743999997)",Unfall 227133 (2022) Kat:3, Licht: 0,227133,3,3,5,11,13,7,1,0,0,1,0,0,0,1
"POINT (11.097545091000001 49.445856370999998)",Unfall 227172 (2022) Kat:3, Licht: 2,227172,3,3,5,11,17,6,1,2,0,1,0,0,0,0
"POINT (11.097809287000100 49.459111696000001)",Unfall 227186 (2022) Kat:2, Licht: 2,227186,2,2,5,11,18,5,0,2,1,1,0,0,0,0
"POINT (11.068113251000099 49.436684606000000)",Unfall 227198 (2022) Kat:3, Licht: 1,227198,3,2,6,11,16,6,1,1,0,1,1,0,0,0
"POINT (11.034583021000101 49.449057111000101)",Unfall 227263 (2022) Kat:3, Licht: 0,227263,3,7,4,11,15,2,0,0,0,1,0,0,0,1
"POINT (11.125477258000000 49.396756687000000)",Unfall 227278 (2022) Kat:3, Licht: 0,227278,3,6,0,11,14,7,1,0,0,1,0,0,0,0
"POINT (11.062632697000000 49.405701358999998)",Unfall 227286 (2022) Kat:3, Licht: 2,227286,3,2,4,11,18,4,0,2,0,1,0,0,0,0
"POINT (11.072736385000001 49.484613814000099)",Unfall 227289 (2022) Kat:3, Licht: 2,227289,3,6,2,11,17,2,0,2,0,1,0,0,0,0
"POINT (11.082629628000101 49.419838857999999)",Unfall 227295 (2022) Kat:3, Licht: 2,227295,3,2,5,11,17,3,1,2,1,1,0,0,0,0
"POINT (11.077364643000100 49.446664804000100)",Unfall 227305 (2022) Kat:3, Licht: 2,227305,3,1,0,11,20,1,1,2,0,0,0,1,0,0
"POINT (11.062765680000000 49.461271463999999)",Unfall 227310 (2022) Kat:3, Licht: 2,227310,3,1,0,11,22,4,1,2,1,0,0,0,0,0
"POINT (11.021550918999999 49.463046889000097)",Unfall 227397 (2022) Kat:2, Licht: 0,227397,2,1,3,11,15,1,0,0,1,0,0,0,0,0
"POINT (11.062785013999999 49.448567148999999)",Unfall 227405 (2022) Kat:3, Licht: 1,227405,3,6,2,11,16,7,1,1,0,1,0,0,0,0
"POINT (11.108341605000000 49.441775077999999)",Unfall 227435 (2022) Kat:3, Licht: 0,227435,3,1,0,11,07,3,2,0,1,0,0,0,0,0
"POINT (11.147498425000000 49.414790541000102)",Unfall 227445 (2022) Kat:2, Licht: 0,227445,2,3,6,11,15,2,0,0,0,1,1,0,0,0
"POINT (11.066276422000000 49.448208120000103)",Unfall 227452 (2022) Kat:3, Licht: 0,227452,3,2,5,11,13,2,0,0,1,1,0,0,0,0
"POINT (11.083462933000000 49.447297653000099)",Unfall 227479 (2022) Kat:3, Licht: 2,227479,3,2,6,11,00,1,0,2,0,1,1,0,0,0
"POINT (11.094876776000000 49.463998351999997)",Unfall 227488 (2022) Kat:3, Licht: 0,227488,3,6,2,11,10,4,0,0,0,1,0,0,0,0
"POINT (11.073175744000000 49.451580927000101)",Unfall 227495 (2022) Kat:3, Licht: 0,227495,3,4,6,11,12,2,0,0,1,0,1,0,0,0
"POINT (11.040734339000000 49.407876405000103)",Unfall 227516 (2022) Kat:3, Licht: 0,227516,3,7,0,11,11,2,0,0,1,0,0,0,0,0
"POINT (11.065622124000100 49.413296903000102)",Unfall 227525 (2022) Kat:3, Licht: 0,227525,3,6,3,11,06,4,1,0,0,1,0,0,0,0
"POINT (11.144031370000100 49.412561117999999)",Unfall 227554 (2022) Kat:3, Licht: 0,227554,3,6,2,11,13,5,1,0,0,1,0,0,0,0
"POINT (11.008994682999999 49.424736924999998)",Unfall 227561 (2022) Kat:3, Licht: 0,227561,3,1,0,11,13,4,1,0,0,0,0,1,0,0
"POINT (11.057899364000001 49.434687385000103)",Unfall 227567 (2022) Kat:3, Licht: 0,227567,3,2,5,11,06,2,0,0,1,1,0,0,0,0
"POINT (11.097637486000099 49.460424982000099)",Unfall 227577 (2022) Kat:3, Licht: 0,227577,3,3,5,11,15,5,1,0,1,1,0,0,0,0
"POINT (11.083774747000099 49.460855719999998)",Unfall 227584 (2022) Kat:2, Licht: 2,227584,2,3,5,11,06,3,0,2,0,1,0,0,0,1
"POINT (11.065912760000099 49.463792679000100)",Unfall 227599 (2022) Kat:3, Licht: 0,227599,3,3,5,11,09,6,0,0,1,1,0,0,0,0
"POINT (11.045380846000100 49.454346639999997)",Unfall 227667 (2022) Kat:3, Licht: 2,227667,3,6,4,11,17,7,0,2,1,0,0,0,0,1
"POINT (11.138661772000001 49.450544582000099)",Unfall 227678 (2022) Kat:3, Licht: 2,227678,3,1,9,11,01,3,0,2,0,1,0,0,0,0