WKT,Name,OBJECTID,UKATEGORIE,UTYP1,UART,UMONAT,USTUNDE,UWOCHENTAG,STRZUSTAND,ULICHTVERH,ISTRAD,ISTPKW,ISTFUSS,ISTKRAD,ISTGKFZ,ISTSONSTIG
"POINT (11.068627631000000 49.425570128000103)",Unfall 227710 (2022) Kat:3, Licht: 0,227710,3,3,5,12,09,3,0,0,0,1,0,0,0,0
"POINT (11.084971181000100 49.449601793000099)",Unfall 227720 (2022) Kat:3, Licht: 1,227720,3,6,3,12,16,7,0,1,0,1,0,0,0,0
"POINT (11.062250703000100 49.447511447000103)",Unfall 227723 (2022) Kat:3, Licht: 2,227723,3,1,1,12,20,4,1,2,0,1,0,0,0,0
"POINT (11.082651959000000 49.462310928000100)",Unfall 227734 (2022) Kat:3, Licht: 0,227734,3,2,6,12,09,6,1,0,0,1,1,0,0,0
"POINT (11.014131259000100 49.453787065000000)",Unfall 227747 (2022) Kat:3, Licht: 0,227747,3,2,5,12,12,7,0,0,0,1,0,0,0,0
"POINT (11.088222032999999 49.455710431999997)",Unfall 227766 (2022) Kat:3, Licht: 0,227766,3,2,4,12,13,4,0,0,1,1,0,0,0,0
"POINT (11.053604340000000 49.403636887000097)",Unfall 227792 (2022) Kat:3, Licht: 0,227792,3,3,5,12,11,6,1,0,0,1,0,0,0,1
"POINT (11.131215413000101 49.404780756999997)",Unfall 227815 (2022) Kat:3, Licht: 2,227815,3,3,4,12,18,4,1,2,0,1,0,0,0,0
"POINT (10.999454413000000 49.448338190000101)",Unfall 227823 (2022) Kat:3, Licht: 0,227823,3,6,2,12,13,6,1,0,0,1,0,0,0,1
"POINT (11.046190861000101 49.442365621000100)",Unfall 227835 (2022) Kat:3, Licht: 2,227835,3,1,4,12,00,7,1,2,0,1,0,0,0,0
"POINT (11.095254910000101 49.464148593000097)",Unfall 227843 (2022) Kat:3, Licht: 2,227843,3,1,0,12,01,6,0,2,0,0,0,0,0,1
"POINT (11.089301361000000 49.457199521000099)",Unfall 227866 (2022) Kat:3, Licht: 1,227866,3,6,1,12,16,4,0,1,0,1,0,0,0,0
"POINT (11.031608355000101 49.473534839000102)",Unfall 227875 (2022) Kat:3, Licht: 2,227875,3,2,5,12,20,2,1,2,1,1,0,0,0,0
"POINT (11.127085272000000 49.430193759000097)",Unfall 227886 (2022) Kat:3, Licht: 2,227886,3,2,3,12,06,3,1,2,1,1,0,0,0,0
"POINT (11.106157786000001 49.465553022000101)",Unfall 227888 (2022) Kat:3, Licht: 0,227888,3,1,0,12,13,4,1,0,1,0,0,0,0,0
"POINT (11.024005489000000 49.471018759000103)",Unfall 227894 (2022) Kat:3, Licht: 2,227894,3,6,2,12,17,5,1,2,0,1,0,0,0,0
"POINT (11.088486531000100 49.447519636999999)",Unfall 227914 (2022) Kat:3, Licht: 0,227914,3,6,3,12,08,4,0,0,0,1,0,0,0,1
"POINT (11.082271602000000 49.438244953999998)",Unfall 227937 (2022) Kat:3, Licht: 0,227937,3,2,3,12,09,4,1,0,1,1,0,0,0,0
"POINT (11.065472292000001 49.462012510000100)",Unfall 227949 (2022) Kat:3, Licht: 2,227949,3,5,0,12,18,6,0,2,1,1,0,0,0,0
"POINT (11.098603572000100 49.443859153000098)",Unfall 227965 (2022) Kat:3, Licht: 2,227965,3,3,5,12,17,7,0,2,0,1,0,0,0,0
"POINT (11.082748848000101 49.419839382000099)",Unfall 227995 (2022) Kat:3, Licht: 0,227995,3,3,5,12,12,2,1,0,1,1,0,0,0,0
"POINT (11.042060572000000 49.455454981999999)",Unfall 228014 (2022) Kat:3, Licht: 1,228014,3,6,2,12,07,6,2,1,0,1,0,0,0,0
"POINT (11.078121549000100 49.432999543000101)",Unfall 228020 (2022) Kat:3, Licht: 2,228020,3,3,5,12,16,5,1,2,0,1,0,0,0,0
"POINT (11.032677033000001 49.385078315999998)",Unfall 228049 (2022) Kat:3, Licht: 0,228049,3,1,0,12,10,4,0,0,0,0,0,0,0,1
"POINT (11.031439775000001 49.470146622000101)",Unfall 228051 (2022) Kat:3, Licht: 0,228051,3,4,6,12,13,6,2,0,0,1,1,0,0,0
"POINT (11.069499796000100 49.453405789000001)",Unfall 228053 (2022) Kat:3, Licht: 1,228053,3,6,2,12,16,6,1,1,0,1,0,0,0,0
"POINT (11.015506156000100 49.452149765000101)",Unfall 228061 (2022) Kat:2, Licht: 0,228061,2,7,0,12,09,2,2,0,1,0,0,0,0,1
"POINT (11.069435409000100 49.465981308000003)",Unfall 228076 (2022) Kat:2, Licht: 0,228076,2,7,0,12,15,3,1,0,0,0,0,0,0,1
"POINT (11.085016726999999 49.423375841000102)",Unfall 228078 (2022) Kat:3, Licht: 0,228078,3,2,0,12,13,6,0,0,1,0,0,0,0,1
"POINT (11.003168561000100 49.450480465000098)",Unfall 228079 (2022) Kat:3, Licht: 0,228079,3,2,0,12,10,6,1,0,0,1,0,1,0,0
"POINT (11.098696248000101 49.444582681999997)",Unfall 228091 (2022) Kat:3, Licht: 1,228091,3,1,0,12,17,2,1,1,1,0,0,0,0,0
"POINT (11.068198618000100 49.447386446000102)",Unfall 228108 (2022) Kat:3, Licht: 0,228108,3,6,2,12,15,3,0,0,0,1,0,0,0,0
"POINT (11.153127880000101 49.463684145000101)",Unfall 228114 (2022) Kat:3, Licht: 0,228114,3,6,4,12,15,4,2,0,0,0,0,1,0,1
"POINT (11.086443972000000 49.431233667000100)",Unfall 228125 (2022) Kat:3, Licht: 2,228125,3,1,1,12,00,7,1,2,0,1,0,0,0,0
"POINT (11.071602645000000 49.473630601000103)",Unfall 228131 (2022) Kat:3, Licht: 0,228131,3,6,2,12,15,4,2,0,0,1,0,0,0,0
"POINT (11.167521620000100 49.395929051000103)",Unfall 228135 (2022) Kat:3, Licht: 0,228135,3,3,5,12,11,6,0,0,1,1,0,0,0,0
"POINT (11.036443077000101 49.433827116000003)",Unfall 228143 (2022) Kat:3, Licht: 0,228143,3,3,5,12,09,5,1,0,0,1,0,0,0,0
"POINT (11.056228480000099 49.442938370000000)",Unfall 228148 (2022) Kat:3, Licht: 2,228148,3,6,2,12,16,5,0,2,0,1,0,0,0,1
"POINT (11.036268623000099 49.404714775999999)",Unfall 228150 (2022) Kat:3, Licht: 2,228150,3,3,5,12,17,1,1,2,0,1,0,0,0,0
"POINT (11.075885757000000 49.454380854000100)",Unfall 228183 (2022) Kat:3, Licht: 2,228183,3,7,7,12,16,6,1,2,1,0,0,0,0,1
"POINT (11.077162198000099 49.438378829000001)",Unfall 228188 (2022) Kat:3, Licht: 0,228188,3,3,5,12,14,5,0,0,1,1,0,0,0,0
"POINT (11.060498701000000 49.396254628000101)",Unfall 228222 (2022) Kat:3, Licht: 0,228222,3,3,5,12,16,5,0,0,1,0,0,0,1,0
"POINT (11.104901674000100 49.483584128000103)",Unfall 228245 (2022) Kat:3, Licht: 2,228245,3,1,5,12,20,2,1,2,1,1,0,0,0,0
"POINT (11.043575434999999 49.454945234000000)",Unfall 228248 (2022) Kat:3, Licht: 2,228248,3,7,2,12,19,5,1,2,0,1,1,0,0,1
"POINT (11.081171237000000 49.446580570000002)",Unfall 228266 (2022) Kat:3, Licht: 0,228266,3,6,2,12,13,6,1,0,0,1,0,0,0,1
"POINT (11.035080605000100 49.438568224000100)",Unfall 228267 (2022) Kat:3, Licht: 1,228267,3,2,4,12,08,2,1,1,1,1,0,0,0,0
"POINT (11.060778331000099 49.444118682000102)",Unfall 228277 (2022) Kat:3, Licht: 2,228277,3,6,9,12,01,7,0,2,0,1,0,0,0,0
"POINT (11.115095883000000 49.412969518000097)",Unfall 228286 (2022) Kat:3, Licht: 2,228286,3,2,3,12,06,5,0,2,1,1,0,0,0,0
"POINT (11.073372957000100 49.451581036000100)",Unfall 228294 (2022) Kat:3, Licht: 1,228294,3,1,0,12,08,2,2,1,1,0,0,0,0,0
"POINT (11.089340602000000 49.457516165000101)",Unfall 228327 (2022) Kat:3, Licht: 2,228327,3,6,2,12,16,7,0,2,0,1,0,0,0,0
"POINT (11.080370181999999 49.416112394999999)",Unfall 228335 (2022) Kat:2, Licht: 2,228335,2,1,0,12,23,5,1,2,1,0,0,0,0,0
"POINT (11.076263778000101 49.432546559000102)",Unfall 228350 (2022) Kat:3, Licht: 0,228350,3,3,5,12,09,1,1,0,0,1,0,0,0,0
"POINT (11.088482582999999 49.447985006000103)",Unfall 228351 (2022) Kat:3, Licht: 0,228351,3,1,0,12,15,2,1,0,0,0,0,0,0,1
"POINT (11.018949143000000 49.458554310000103)",Unfall 228368 (2022) Kat:3, Licht: 0,228368,3,6,2,12,09,3,1,0,0,1,0,0,0,0
"POINT (11.081782692000001 49.440735661000097)",Unfall 228391 (2022) Kat:3, Licht: 0,228391,3,6,2,12,14,6,0,0,0,1,0,0,0,0
"POINT (11.077409038000001 49.446661184000000)",Unfall 228396 (2022) Kat:3, Licht: 2,228396,3,6,2,12,18,6,1,2,0,1,0,0,0,0
"POINT (11.106127498999999 49.465599179000002)",Unfall 228424 (2022) Kat:2, Licht: 2,228424,2,2,4,12,07,2,2,2,1,1,0,0,0,0
"POINT (11.088264282000100 49.447435670000097)",Unfall 228427 (2022) Kat:3, Licht: 0,228427,3,6,1,12,12,5,0,0,0,1,0,0,0,0
"POINT (11.065512006000100 49.447672507000000)",Unfall 228428 (2022) Kat:3, Licht: 0,228428,3,3,5,12,11,4,2,0,1,1,0,0,0,0
"POINT (11.067931725000101 49.457611950999997)",Unfall 228437 (2022) Kat:2, Licht: 0,228437,2,7,1,12,10,4,0,0,0,1,0,0,0,0
"POINT (11.080549119000100 49.449992587000096)",Unfall 228450 (2022) Kat:3, Licht: 0,228450,3,4,6,12,14,6,1,0,0,1,1,0,0,0
"POINT (11.052957192000100 49.451764911000097)",Unfall 228455 (2022) Kat:3, Licht: 2,228455,3,3,5,12,21,3,0,2,1,1,0,0,0,0
"POINT (11.063023690000000 49.426245767000097)",Unfall 228472 (2022) Kat:3, Licht: 2,228472,3,3,5,12,17,4,1,2,0,1,0,0,0,0
"POINT (11.010955660000000 49.462956986000101)",Unfall 228479 (2022) Kat:3, Licht: 0,228479,3,1,0,12,11,6,1,0,0,0,0,0,0,1
"POINT (11.067962732000099 49.448906567999998)",Unfall 228546 (2022) Kat:3, Licht: 0,228546,3,7,0,12,15,4,2,0,1,1,0,0,0,0
"POINT (11.090973254000099 49.440880892999999)",Unfall 228561 (2022) Kat:2, Licht: 0,228561,2,7,6,12,14,7,0,0,0,1,1,0,0,0
"POINT (11.072405261000000 49.448951274000102)",Unfall 228562 (2022) Kat:3, Licht: 2,228562,3,3,5,12,19,5,1,2,0,1,0,0,0,0
"POINT (11.071590802999999 49.473722522000102)",Unfall 228566 (2022) Kat:3, Licht: 0,228566,3,2,3,12,10,5,0,0,1,1,0,0,0,0
"POINT (11.010713121000000 49.458825359000102)",Unfall 228574 (2022) Kat:3, Licht: 1,228574,3,3,5,12,15,4,2,1,0,1,0,0,0,0
"POINT (11.086393302999999 49.433226926000003)",Unfall 228584 (2022) Kat:3, Licht: 2,228584,3,3,5,12,17,2,1,2,1,1,0,0,0,0
"POINT (11.083827348000099 49.450700912999999)",Unfall 228590 (2022) Kat:3, Licht: 0,228590,3,3,5,12,13,5,0,0,1,1,0,0,0,0
"POINT (11.058299480000100 49.450064763000100)",Unfall 228631 (2022) Kat:3, Licht: 0,228631,3,3,5,12,13,1,1,0,0,1,0,0,0,0
"POINT (11.099055674000100 49.443499193999997)",Unfall 228633 (2022) Kat:1, Licht: 0,228633,1,2,5,12,14,5,0,0,1,0,0,0,1,0
"POINT (11.067354511000101 49.444670232000099)",Unfall 228674 (2022) Kat:3, Licht: 2,228674,3,4,6,12,23,5,1,2,0,1,1,0,0,0
"POINT (11.134963345000100 49.422564567999999)",Unfall 228706 (2022) Kat:3, Licht: 0,228706,3,3,5,12,14,1,0,0,0,1,0,0,0,0
"POINT (11.112025343000001 49.444465381000001)",Unfall 228708 (2022) Kat:3, Licht: 0,228708,3,1,0,12,12,6,0,0,0,0,0,1,0,0
"POINT (11.097096232000100 49.471243414000099)",Unfall 228732 (2022) Kat:3, Licht: 2,228732,3,1,0,12,07,2,1,2,1,0,0,0,0,0
"POINT (11.097076782000000 49.445872440000102)",Unfall 228753 (2022) Kat:3, Licht: 2,228753,3,1,0,12,20,6,1,2,1,0,0,0,0,0
"POINT (11.068818570000101 49.449335378000100)",Unfall 228776 (2022) Kat:3, Licht: 2,228776,3,2,5,12,17,5,0,2,0,1,0,0,0,1
"POINT (11.051907192000000 49.407272343999999)",Unfall 228796 (2022) Kat:2, Licht: 2,228796,2,1,9,12,03,1,2,2,0,1,0,0,0,0
"POINT (11.089109009000000 49.457659161999999)",Unfall 228797 (2022) Kat:2, Licht: 1,228797,2,3,0,12,16,2,1,1,0,1,0,0,0,1
"POINT (11.026868001000000 49.451465388000003)",Unfall 228799 (2022) Kat:3, Licht: 0,228799,3,6,3,12,11,5,1,0,0,1,0,0,0,0
"POINT (11.128638834000100 49.480472791000103)",Unfall 228804 (2022) Kat:3, Licht: 0,228804,3,1,0,12,14,5,0,0,0,0,0,1,0,0
"POINT (11.065457779000001 49.448484440000101)",Unfall 228976 (2022) Kat:3, Licht: 2,228976,3,6,6,12,20,7,0,2,1,0,1,0,0,0
"POINT (11.081252429000074 49.371629582000025)",Unfall 98865 (2023) Kat:3, Licht: 0,98865,3,6,2,01,12,4,1,0,0,1,0,0,1,0
"POINT (11.023338440000032 49.461568791000047)",Unfall 98895 (2023) Kat:3, Licht: 0,98895,3,3,5,01,09,3,0,0,1,1,0,0,0,0
"POINT (11.131158795000033 49.459780558000034)",Unfall 98896 (2023) Kat:3, Licht: 0,98896,3,2,5,01,13,3,0,0,0,1,0,0,0,0
"POINT (11.080281706000051 49.430356168000060)",Unfall 98897 (2023) Kat:3, Licht: 0,98897,3,6,3,01,08,3,0,0,0,1,0,0,1,0
"POINT (11.037682970000048 49.508845803000042)",Unfall 98936 (2023) Kat:3, Licht: 2,98936,3,6,3,01,20,2,0,2,0,1,0,0,0,0
"POINT (11.121309099000030 49.442827708000038)",Unfall 98963 (2023) Kat:3, Licht: 2,98963,3,2,4,01,02,1,0,2,0,1,0,0,0,0
"POINT (11.034933074000037 49.409040682000068)",Unfall 100026 (2023) Kat:3, Licht: 2,100026,3,4,6,02,06,5,1,2,0,1,1,0,0,0
"POINT (11.051037812000061 49.360197525000046)",Unfall 100027 (2023) Kat:3, Licht: 2,100027,3,7,6,02,18,5,1,2,0,1,1,0,0,0
"POINT (11.100716939000051 49.465239338000060)",Unfall 100104 (2023) Kat:2, Licht: 2,100104,2,2,4,02,20,4,1,2,1,1,0,0,0,0
"POINT (11.103869592000024 49.474471527000048)",Unfall 100188 (2023) Kat:3, Licht: 2,100188,3,3,5,01,19,2,0,2,0,1,0,0,0,0
"POINT (11.076100905000033 49.430655212000033)",Unfall 100445 (2023) Kat:3, Licht: 1,100445,3,3,5,01,06,3,0,1,0,1,0,0,0,1
"POINT (11.023187381000071 49.461618912000063)",Unfall 100529 (2023) Kat:3, Licht: 2,100529,3,4,6,01,05,1,1,2,0,1,1,0,0,0
"POINT (11.035060816000055 49.406109701000048)",Unfall 100570 (2023) Kat:3, Licht: 0,100570,3,3,5,01,13,7,1,0,0,1,0,0,0,0
"POINT (11.122077662000038 49.456931376000057)",Unfall 100571 (2023) Kat:3, Licht: 0,100571,3,3,5,01,09,7,0,0,0,1,0,0,0,0
"POINT (11.078194480000036 49.415646889000072)",Unfall 100643 (2023) Kat:3, Licht: 2,100643,3,3,2,01,19,6,1,2,0,1,0,0,0,0
"POINT (11.035456489000069 49.421122446000027)",Unfall 100644 (2023) Kat:3, Licht: 2,100644,3,6,2,01,07,6,1,2,0,1,0,0,0,1
"POINT (11.095980546000021 49.431233739000049)",Unfall 100790 (2023) Kat:3, Licht: 2,100790,3,3,5,01,17,4,1,2,1,1,0,0,0,0
"POINT (11.092531028000053 49.470242015000053)",Unfall 100791 (2023) Kat:3, Licht: 0,100791,3,1,0,01,11,4,1,0,0,0,0,0,0,1
"POINT (11.098681847000023 49.431322781000063)",Unfall 100792 (2023) Kat:3, Licht: 2,100792,3,3,5,01,17,4,1,2,0,1,0,0,0,0
"POINT (11.036575925000022 49.438841694000075)",Unfall 100853 (2023) Kat:3, Licht: 0,100853,3,6,2,01,14,3,0,0,0,1,0,0,1,0
"POINT (11.036651694000057 49.449563589000036)",Unfall 100910 (2023) Kat:3, Licht: 0,100910,3,6,2,01,15,2,1,0,0,1,0,0,0,0
"POINT (11.001566166000032 49.438368833000027)",Unfall 100911 (2023) Kat:2, Licht: 2,100911,2,6,2,01,05,2,0,2,0,1,0,0,0,0
"POINT (11.005064822000065 49.438849556000037)",Unfall 100975 (2023) Kat:3, Licht: 0,100975,3,1,8,01,15,6,1,0,0,1,0,0,0,0
"POINT (11.087403740000070 49.406027480000034)",Unfall 101004 (2023) Kat:3, Licht: 2,101004,3,7,5,01,04,7,0,2,0,1,0,1,0,0
"POINT (11.116179243000033 49.481861487000060)",Unfall 101005 (2023) Kat:3, Licht: 0,101005,3,6,2,01,09,7,0,0,0,1,0,0,0,0
"POINT (11.032990632000065 49.420686143000069)",Unfall 101049 (2023) Kat:3, Licht: 0,101049,3,2,5,01,08,6,0,0,1,1,0,0,0,0
"POINT (11.054326971000023 49.444799905000082)",Unfall 101108 (2023) Kat:3, Licht: 0,101108,3,6,2,01,09,5,0,0,0,1,0,0,0,0
"POINT (11.037380839000036 49.422619449000081)",Unfall 101109 (2023) Kat:3, Licht: 0,101109,3,6,2,01,11,5,0,0,0,1,0,0,0,0
"POINT (11.055125608000026 49.465680394000060)",Unfall 101190 (2023) Kat:3, Licht: 0,101190,3,6,2,01,14,6,1,0,0,1,0,0,0,0
"POINT (11.116643896000028 49.435796523000079)",Unfall 101225 (2023) Kat:2, Licht: 1,101225,2,2,5,01,07,3,1,1,1,1,0,0,0,0
"POINT (11.067950723000024 49.381174243000032)",Unfall 101314 (2023) Kat:3, Licht: 1,101314,3,6,4,01,07,3,1,1,0,1,0,0,0,0
"POINT (11.035994336000044 49.440869153000051)",Unfall 101316 (2023) Kat:3, Licht: 2,101316,3,2,5,01,22,1,1,2,0,1,0,0,0,0
"POINT (11.084116970000025 49.344428762000064)",Unfall 101345 (2023) Kat:3, Licht: 2,101345,3,1,8,01,01,7,0,2,0,1,0,0,0,0
"POINT (11.056446689000040 49.429268783000055)",Unfall 101423 (2023) Kat:3, Licht: 0,101423,3,6,1,03,12,6,0,0,0,1,0,0,0,0
"POINT (11.076806719000047 49.397967600000072)",Unfall 101568 (2023) Kat:2, Licht: 1,101568,2,6,3,03,05,3,0,1,0,1,0,0,1,0
"POINT (11.084309267000037 49.394873669000049)",Unfall 101571 (2023) Kat:3, Licht: 0,101571,3,6,2,03,06,3,0,0,0,1,0,0,0,0
"POINT (11.086886011000047 49.429178372000081)",Unfall 101586 (2023) Kat:3, Licht: 0,101586,3,7,6,03,16,5,0,0,1,0,1,0,0,0
"POINT (11.059221920000027 49.347156585000050)",Unfall 101605 (2023) Kat:2, Licht: 0,101605,2,3,5,03,17,2,0,0,1,1,0,0,0,0
"POINT (11.102995029000056 49.431352058000073)",Unfall 101606 (2023) Kat:3, Licht: 0,101606,3,6,2,03,15,2,0,0,0,1,0,0,0,0
"POINT (11.038186955000072 49.434076691000030)",Unfall 101709 (2023) Kat:3, Licht: 0,101709,3,6,2,03,07,6,1,0,0,1,0,0,1,0
"POINT (11.032781794000073 49.522985406000032)",Unfall 101710 (2023) Kat:3, Licht: 0,101710,3,6,2,03,07,6,0,0,0,1,0,0,0,1
"POINT (11.065593475000071 49.427884590000076)",Unfall 101809 (2023) Kat:3, Licht: 2,101809,3,6,5,03,19,4,1,2,0,1,0,0,0,0
"POINT (11.119248783000046 49.456058730000052)",Unfall 101888 (2023) Kat:3, Licht: 0,101888,3,6,3,03,07,2,0,0,0,1,0,0,1,0
"POINT (11.055280140000036 49.353536005000080)",Unfall 101890 (2023) Kat:3, Licht: 0,101890,3,3,3,03,08,2,0,0,0,1,0,0,0,1
"POINT (11.034848066000052 49.409187239000062)",Unfall 101891 (2023) Kat:3, Licht: 2,101891,3,2,5,03,05,2,0,2,0,1,0,1,0,0
"POINT (11.012401187000023 49.465343106000034)",Unfall 101927 (2023) Kat:3, Licht: 0,101927,3,3,5,03,16,1,0,0,0,1,0,0,0,0
"POINT (11.125214410000069 49.466783960000043)",Unfall 101928 (2023) Kat:3, Licht: 0,101928,3,1,0,03,15,1,0,0,1,0,0,0,0,1
"POINT (11.086630451000076 49.429165210000065)",Unfall 101929 (2023) Kat:3, Licht: 1,101929,3,2,6,03,06,1,0,1,0,1,1,0,0,0
"POINT (11.125208046000068 49.466781923000042)",Unfall 101988 (2023) Kat:3, Licht: 1,101988,3,6,2,03,17,6,0,1,0,1,0,1,0,0
"POINT (11.097540877000029 49.356749346000072)",Unfall 101989 (2023) Kat:3, Licht: 0,101989,3,3,5,03,14,6,0,0,0,1,0,0,0,0
"POINT (11.079131248000067 49.414664870000081)",Unfall 101990 (2023) Kat:3, Licht: 0,101990,3,7,5,03,08,6,0,0,0,1,0,0,0,0
"POINT (11.042765496000072 49.449743138000031)",Unfall 101991 (2023) Kat:3, Licht: 0,101991,3,6,2,03,14,6,0,0,0,1,0,0,0,0
"POINT (11.103072956000062 49.463956627000073)",Unfall 102047 (2023) Kat:2, Licht: 0,102047,2,3,5,03,11,5,0,0,0,1,0,0,0,0
"POINT (11.034830937000038 49.457796397000038)",Unfall 102048 (2023) Kat:2, Licht: 0,102048,2,1,8,03,15,5,0,0,0,1,0,0,0,0
"POINT (11.041135358000076 49.455602114000044)",Unfall 102050 (2023) Kat:3, Licht: 0,102050,3,3,5,03,14,5,0,0,0,1,0,1,0,0
"POINT (11.054748461000031 49.465836334000073)",Unfall 102090 (2023) Kat:3, Licht: 0,102090,3,6,2,03,15,4,0,0,0,1,0,0,0,1
"POINT (11.040578046000064 49.455784454000081)",Unfall 102091 (2023) Kat:3, Licht: 0,102091,3,6,2,03,15,4,0,0,0,1,0,0,0,0
"POINT (11.130803261000040 49.459600392000027)",Unfall 102139 (2023) Kat:3, Licht: 0,102139,3,7,6,03,13,2,0,0,0,0,1,0,0,1
"POINT (11.103212640000038 49.431508533000056)",Unfall 102186 (2023) Kat:3, Licht: 1,102186,3,3,5,02,05,2,0,1,0,1,0,0,0,0
"POINT (11.058583703000068 49.484430054000029)",Unfall 102187 (2023) Kat:3, Licht: 0,102187,3,1,2,02,11,2,0,0,0,1,0,0,0,0
"POINT (11.071498283000039 49.429738701000076)",Unfall 102276 (2023) Kat:3, Licht: 0,102276,3,2,4,02,10,7,1,0,0,1,0,0,0,0
"POINT (11.016148398000041 49.468560749000062)",Unfall 102325 (2023) Kat:3, Licht: 0,102325,3,6,2,02,15,6,0,0,0,1,0,0,0,0
"POINT (11.144840234000071 49.463590065000062)",Unfall 102365 (2023) Kat:3, Licht: 2,102365,3,6,2,02,17,5,1,2,0,1,0,0,0,0
"POINT (11.043972280000048 49.370031169000072)",Unfall 102366 (2023) Kat:3, Licht: 0,102366,3,3,5,02,15,5,0,0,0,1,0,0,0,0
"POINT (11.037184898000021 49.399351600000045)",Unfall 102367 (2023) Kat:3, Licht: 0,102367,3,4,6,02,07,5,0,0,0,1,1,0,0,0
"POINT (11.036295658000029 49.439240085000051)",Unfall 102400 (2023) Kat:3, Licht: 0,102400,3,6,3,02,14,3,0,0,0,1,0,0,1,0
"POINT (11.050331415000073 49.462318160000052)",Unfall 102444 (2023) Kat:3, Licht: 0,102444,3,6,2,02,15,3,0,0,0,1,0,1,0,0
"POINT (11.190377075000072 49.407052241000031)",Unfall 102484 (2023) Kat:3, Licht: 0,102484,3,6,2,02,06,2,0,0,0,1,0,0,0,0
"POINT (11.055139274000055 49.445015008000041)",Unfall 102498 (2023) Kat:3, Licht: 0,102498,3,3,5,02,15,2,0,0,1,1,0,0,0,0
"POINT (11.039998403000027 49.454275518000031)",Unfall 102499 (2023) Kat:3, Licht: 2,102499,3,7,5,02,18,2,0,2,0,1,1,0,0,0
"POINT (11.173416963000022 49.400572055000055)",Unfall 102501 (2023) Kat:3, Licht: 0,102501,3,6,4,02,16,2,0,0,0,1,0,0,0,0
"POINT (11.077861334000033 49.345756712000082)",Unfall 102557 (2023) Kat:3, Licht: 0,102557,3,6,2,02,09,7,0,0,0,1,0,0,0,0
"POINT (11.096096299000067 49.431111421000026)",Unfall 102606 (2023) Kat:3, Licht: 0,102606,3,3,5,02,14,6,1,0,1,1,0,0,0,0
"POINT (11.096118679000028 49.431237680000038)",Unfall 102608 (2023) Kat:3, Licht: 0,102608,3,6,2,02,15,6,0,0,0,1,0,0,0,0
"POINT (11.103411350000044 49.472865014000035)",Unfall 102609 (2023) Kat:3, Licht: 0,102609,3,2,4,02,13,6,1,0,0,1,0,0,0,0
"POINT (11.103950238000039 49.427878495000073)",Unfall 102610 (2023) Kat:3, Licht: 2,102610,3,6,2,02,18,6,1,2,0,1,0,0,0,0
"POINT (11.141827968000030 49.463035589000071)",Unfall 102676 (2023) Kat:2, Licht: 0,102676,2,3,6,02,11,5,0,0,1,0,1,0,0,0
"POINT (11.047511488000055 49.430052616000069)",Unfall 102678 (2023) Kat:3, Licht: 2,102678,3,6,2,02,18,5,1,2,0,1,0,0,0,0
"POINT (11.061285789000067 49.428665315000046)",Unfall 102679 (2023) Kat:3, Licht: 2,102679,3,2,4,02,06,5,0,2,0,1,0,0,0,1
"POINT (11.112983407000058 49.459737018000055)",Unfall 102729 (2023) Kat:3, Licht: 0,102729,3,6,2,03,08,3,0,0,0,1,0,0,0,0
"POINT (11.103251066000041 49.472870970000031)",Unfall 102779 (2023) Kat:3, Licht: 0,102779,3,2,4,02,06,6,1,0,0,1,0,0,0,0
"POINT (11.072250384000029 49.339947574000064)",Unfall 102797 (2023) Kat:3, Licht: 2,102797,3,6,3,02,06,3,1,2,0,1,0,0,1,0
"POINT (11.036307389000058 49.448646157000042)",Unfall 102802 (2023) Kat:3, Licht: 2,102802,3,6,2,02,19,3,0,2,0,1,0,0,0,0
"POINT (11.125513513000044 49.466879712000036)",Unfall 102803 (2023) Kat:3, Licht: 0,102803,3,2,5,02,13,3,0,0,0,1,0,0,0,0
"POINT (11.104892965000033 49.395166536000033)",Unfall 102883 (2023) Kat:3, Licht: 0,102883,3,6,2,02,15,2,0,0,0,1,0,0,1,0
"POINT (11.102800843000068 49.431332892000057)",Unfall 102889 (2023) Kat:3, Licht: 0,102889,3,6,2,02,16,1,0,0,0,1,0,0,0,1
"POINT (11.058329557000036 49.466798754000081)",Unfall 102892 (2023) Kat:3, Licht: 0,102892,3,6,2,02,09,2,1,0,0,1,0,0,0,0
"POINT (11.059010547000071 49.442454921000035)",Unfall 102925 (2023) Kat:3, Licht: 0,102925,3,3,5,03,15,6,0,0,0,1,0,0,0,1
"POINT (11.092057055000055 49.430221001000064)",Unfall 102932 (2023) Kat:3, Licht: 0,102932,3,7,1,03,14,6,0,0,0,1,0,0,0,1
"POINT (11.047450922000053 49.460296524000057)",Unfall 102947 (2023) Kat:2, Licht: 2,102947,2,1,0,02,03,1,0,2,1,0,0,0,0,0
"POINT (11.103452451000067 49.429348838000067)",Unfall 102948 (2023) Kat:3, Licht: 0,102948,3,6,2,02,12,1,1,0,0,1,0,0,0,0
"POINT (11.037970481000059 49.451321448000044)",Unfall 102979 (2023) Kat:3, Licht: 0,102979,3,6,1,02,13,7,0,0,0,1,0,0,0,0