WKT,Name,OBJECTID,UKATEGORIE,UTYP1,UART,UMONAT,USTUNDE,UWOCHENTAG,STRZUSTAND,ULICHTVERH,ISTRAD,ISTPKW,ISTFUSS,ISTKRAD,ISTGKFZ,ISTSONSTIG
"POINT (11.036092223000026 49.447717918000080)",Unfall 102981 (2023) Kat:3, Licht: 2,102981,3,1,9,02,05,7,0,2,0,1,0,0,0,0
"POINT (11.028371447000040 49.378223610000077)",Unfall 102990 (2023) Kat:3, Licht: 0,102990,3,6,1,02,08,5,0,0,0,1,0,0,0,0
"POINT (11.113879964000034 49.360476365000068)",Unfall 103024 (2023) Kat:3, Licht: 0,103024,3,1,2,02,12,6,0,0,0,1,0,0,1,0
"POINT (11.031826521000028 49.454153373000054)",Unfall 103030 (2023) Kat:3, Licht: 0,103030,3,6,2,02,10,6,0,0,0,1,0,0,1,0
"POINT (11.098526704000051 49.367312237000078)",Unfall 103031 (2023) Kat:3, Licht: 2,103031,3,6,2,02,21,6,0,2,0,1,0,0,0,0
"POINT (11.106897347000029 49.354215776000046)",Unfall 103054 (2023) Kat:2, Licht: 0,103054,2,6,2,03,15,6,0,0,0,1,0,0,1,1
"POINT (11.036914528000068 49.438116606000051)",Unfall 103097 (2023) Kat:3, Licht: 2,103097,3,6,2,02,17,5,0,2,0,1,0,0,0,0
"POINT (11.055119552000065 49.445023011000046)",Unfall 103098 (2023) Kat:3, Licht: 2,103098,3,4,6,02,05,5,2,2,0,1,1,0,0,0
"POINT (11.103441486000065 49.429403000000036)",Unfall 103156 (2023) Kat:3, Licht: 2,103156,3,6,1,03,20,3,0,2,0,1,0,0,0,0
"POINT (11.039996579000046 49.454002660000072)",Unfall 103176 (2023) Kat:3, Licht: 1,103176,3,6,2,02,07,4,0,1,0,1,0,1,0,0
"POINT (11.064674717000059 49.473389426000040)",Unfall 103177 (2023) Kat:3, Licht: 0,103177,3,6,2,02,12,4,0,0,0,1,0,0,0,0
"POINT (11.086351216000025 49.429153148000069)",Unfall 103178 (2023) Kat:3, Licht: 0,103178,3,2,5,02,13,4,0,0,0,1,0,0,0,0
"POINT (11.086392910000029 49.429299908000075)",Unfall 103241 (2023) Kat:3, Licht: 2,103241,3,3,5,02,19,3,0,2,0,1,0,0,0,0
"POINT (11.035059915000033 49.409177191000026)",Unfall 103242 (2023) Kat:3, Licht: 2,103242,3,2,4,02,06,3,1,2,0,1,0,0,0,1
"POINT (11.035712667000041 49.442191511000033)",Unfall 103244 (2023) Kat:3, Licht: 0,103244,3,6,2,02,12,3,0,0,0,1,0,0,0,0
"POINT (11.047149777000072 49.367340605000038)",Unfall 103245 (2023) Kat:3, Licht: 2,103245,3,6,2,02,18,3,0,2,0,1,0,0,0,0
"POINT (11.036626519000038 49.438771918000043)",Unfall 103247 (2023) Kat:3, Licht: 0,103247,3,6,3,02,09,3,0,0,0,1,0,1,0,0
"POINT (11.037942817000044 49.451690106000058)",Unfall 103248 (2023) Kat:3, Licht: 2,103248,3,2,4,02,05,3,1,2,0,1,0,0,0,1
"POINT (11.115304007000077 49.390886895000051)",Unfall 103406 (2023) Kat:3, Licht: 0,103406,3,3,5,03,11,4,0,0,0,1,0,0,0,0
"POINT (11.106798195000067 49.460925721000081)",Unfall 103423 (2023) Kat:2, Licht: 0,103423,2,3,5,02,12,7,0,0,1,1,0,0,0,0
"POINT (11.037797277000038 49.397007089000056)",Unfall 103425 (2023) Kat:3, Licht: 0,103425,3,2,5,02,10,7,1,0,1,1,0,0,0,0
"POINT (11.102277117000028 49.471332257000029)",Unfall 103450 (2023) Kat:3, Licht: 0,103450,3,3,5,03,13,4,0,0,0,1,0,0,0,1
"POINT (10.994250609000062 49.437396021000040)",Unfall 103471 (2023) Kat:3, Licht: 0,103471,3,2,5,02,09,6,0,0,0,1,0,0,0,0
"POINT (11.029381327000067 49.420778879000068)",Unfall 103483 (2023) Kat:3, Licht: 0,103483,3,7,0,03,17,7,0,0,1,0,0,0,0,0
"POINT (11.110259792000022 49.394362665000074)",Unfall 103527 (2023) Kat:2, Licht: 2,103527,2,1,9,02,03,5,2,2,0,1,0,0,0,0
"POINT (11.115050800000063 49.459155926000051)",Unfall 103572 (2023) Kat:3, Licht: 0,103572,3,6,2,04,14,1,0,0,0,1,0,0,0,0
"POINT (11.036314706000041 49.439213980000034)",Unfall 103675 (2023) Kat:3, Licht: 0,103675,3,6,2,04,10,5,0,0,0,1,0,0,0,0
"POINT (11.130132979000052 49.432934320000072)",Unfall 103740 (2023) Kat:3, Licht: 0,103740,3,3,5,04,11,4,0,0,1,1,0,0,0,0
"POINT (11.072892581000076 49.404008430000033)",Unfall 103799 (2023) Kat:3, Licht: 0,103799,3,6,2,04,08,3,0,0,0,1,0,1,0,0
"POINT (11.166623790000074 49.391272753000067)",Unfall 103840 (2023) Kat:3, Licht: 0,103840,3,5,1,04,15,2,0,0,0,1,0,0,1,0
"POINT (11.036508226000024 49.448656797000069)",Unfall 103844 (2023) Kat:3, Licht: 0,103844,3,6,2,04,13,2,0,0,0,1,0,0,0,0
"POINT (11.066345525000031 49.468955703000063)",Unfall 103845 (2023) Kat:3, Licht: 0,103845,3,1,0,04,12,2,0,0,0,0,0,1,0,0
"POINT (11.103328752000039 49.472649875000059)",Unfall 103910 (2023) Kat:3, Licht: 0,103910,3,6,2,04,16,7,0,0,0,1,0,0,0,1
"POINT (11.021067782000046 49.462341072000072)",Unfall 103964 (2023) Kat:3, Licht: 0,103964,3,1,0,03,16,6,1,0,0,0,0,1,0,0
"POINT (11.087054086000023 49.394493047000026)",Unfall 104039 (2023) Kat:3, Licht: 0,104039,3,6,2,03,14,5,1,0,0,1,0,0,0,0
"POINT (11.135827469000048 49.430909402000054)",Unfall 104040 (2023) Kat:3, Licht: 0,104040,3,6,2,03,17,5,0,0,0,1,0,0,0,0
"POINT (11.165125556000021 49.469001661000050)",Unfall 104042 (2023) Kat:3, Licht: 0,104042,3,6,2,03,12,5,1,0,0,1,0,0,0,0
"POINT (11.017060668000056 49.463780837000058)",Unfall 104097 (2023) Kat:3, Licht: 0,104097,3,2,5,03,10,4,0,0,0,1,0,0,0,0
"POINT (11.180540520000022 49.469331000000068)",Unfall 104098 (2023) Kat:3, Licht: 0,104098,3,7,0,03,08,4,1,0,1,0,0,0,0,0
"POINT (11.162283082000044 49.408947572000045)",Unfall 104099 (2023) Kat:2, Licht: 0,104099,2,3,5,03,17,4,0,0,1,1,0,0,0,0
"POINT (11.050430874000028 49.446835313000065)",Unfall 104100 (2023) Kat:2, Licht: 0,104100,2,6,2,03,07,4,0,0,0,1,0,0,0,1
"POINT (11.068287440000063 49.469351506000066)",Unfall 104101 (2023) Kat:3, Licht: 0,104101,3,6,2,03,13,4,0,0,0,0,0,1,0,0
"POINT (11.068366705000074 49.469491273000074)",Unfall 104102 (2023) Kat:3, Licht: 0,104102,3,6,2,03,08,4,1,0,0,1,0,0,0,0
"POINT (11.114980640000056 49.403787313000066)",Unfall 104104 (2023) Kat:3, Licht: 0,104104,3,6,2,03,18,4,0,0,0,1,0,0,0,0
"POINT (11.113268028000050 49.411572110000066)",Unfall 104182 (2023) Kat:3, Licht: 0,104182,3,6,2,03,08,3,0,0,0,1,0,0,0,0
"POINT (11.052479428000026 49.429856596000036)",Unfall 104246 (2023) Kat:3, Licht: 0,104246,3,2,4,03,14,2,0,0,0,1,0,0,0,0
"POINT (11.060604056000045 49.480425070000081)",Unfall 104247 (2023) Kat:3, Licht: 0,104247,3,3,5,03,08,2,0,0,1,1,0,0,0,0
"POINT (11.062724064000065 49.440444816000081)",Unfall 104307 (2023) Kat:3, Licht: 0,104307,3,6,2,03,15,1,1,0,0,1,0,0,0,0
"POINT (11.035150501000032 49.406626544000062)",Unfall 104358 (2023) Kat:2, Licht: 0,104358,2,3,5,03,12,7,1,0,1,1,0,0,0,0
"POINT (11.120613979000041 49.453426384000068)",Unfall 104450 (2023) Kat:3, Licht: 0,104450,3,6,2,03,16,5,0,0,0,1,0,1,0,0
"POINT (11.037078117000021 49.457071874000064)",Unfall 104451 (2023) Kat:3, Licht: 0,104451,3,7,1,03,14,5,0,0,0,1,0,1,0,0
"POINT (11.100377948000073 49.431238306000068)",Unfall 104452 (2023) Kat:3, Licht: 0,104452,3,6,3,03,14,5,0,0,0,1,0,0,0,0
"POINT (11.121149686000024 49.452916045000052)",Unfall 104514 (2023) Kat:3, Licht: 0,104514,3,6,2,03,16,4,0,0,0,1,0,0,0,0
"POINT (11.054879281000069 49.444527084000072)",Unfall 104515 (2023) Kat:3, Licht: 0,104515,3,3,5,03,08,4,0,0,1,0,0,0,0,0
"POINT (11.125267484000062 49.434686480000039)",Unfall 104516 (2023) Kat:2, Licht: 0,104516,2,6,2,03,10,4,0,0,0,1,0,1,0,0
"POINT (11.038411654000072 49.423866832000044)",Unfall 104517 (2023) Kat:3, Licht: 0,104517,3,6,2,03,15,4,0,0,0,0,0,1,1,0
"POINT (10.999076707000029 49.438092632000064)",Unfall 104518 (2023) Kat:3, Licht: 1,104518,3,6,2,03,06,4,0,1,0,1,0,0,0,0
"POINT (11.103237476000061 49.431511206000039)",Unfall 104584 (2023) Kat:3, Licht: 2,104584,3,3,5,03,00,3,0,2,0,1,0,0,0,0
"POINT (11.040142569000068 49.381227268000032)",Unfall 104585 (2023) Kat:2, Licht: 2,104585,2,2,4,03,21,3,0,2,0,1,0,1,0,0
"POINT (11.167085128000053 49.469008450000047)",Unfall 104586 (2023) Kat:3, Licht: 0,104586,3,6,1,03,13,3,0,0,0,1,0,0,0,1
"POINT (11.036773237000034 49.449793719000070)",Unfall 104612 (2023) Kat:3, Licht: 0,104612,3,6,2,03,12,3,0,0,1,0,0,0,0,0
"POINT (11.052867040000024 49.464507604000062)",Unfall 104676 (2023) Kat:3, Licht: 0,104676,3,6,2,04,15,2,0,0,0,1,0,0,0,0
"POINT (11.036929506000035 49.450087561000032)",Unfall 104771 (2023) Kat:3, Licht: 0,104771,3,6,2,05,07,4,0,0,0,1,0,0,0,0
"POINT (11.100133118000031 49.431231428000046)",Unfall 104892 (2023) Kat:3, Licht: 0,104892,3,3,5,05,18,2,0,0,0,1,0,0,0,1
"POINT (11.043363957000054 49.392647570000065)",Unfall 104893 (2023) Kat:1, Licht: 2,104893,1,1,1,05,23,2,0,2,0,1,0,0,1,0
"POINT (11.059855549000076 49.442181704000063)",Unfall 104894 (2023) Kat:3, Licht: 0,104894,3,6,2,05,07,2,0,0,0,1,0,1,0,0
"POINT (11.152960658000040 49.465352526000061)",Unfall 104936 (2023) Kat:3, Licht: 2,104936,3,1,0,05,21,1,0,2,1,0,0,0,0,0
"POINT (11.098736305000045 49.431322353000041)",Unfall 104937 (2023) Kat:3, Licht: 0,104937,3,3,5,05,12,1,0,0,0,1,0,0,0,0
"POINT (11.038527094000074 49.456597558000055)",Unfall 105018 (2023) Kat:3, Licht: 0,105018,3,4,6,05,20,7,0,0,1,0,1,0,0,0
"POINT (11.084148227000071 49.429664198000069)",Unfall 105065 (2023) Kat:3, Licht: 0,105065,3,6,3,05,09,6,0,0,0,1,0,0,0,1
"POINT (11.065457398000035 49.427201307000075)",Unfall 105066 (2023) Kat:2, Licht: 0,105066,2,4,6,05,15,6,0,0,0,1,1,0,0,0
"POINT (11.103798292000022 49.474175189000050)",Unfall 105067 (2023) Kat:3, Licht: 0,105067,3,6,2,05,15,6,0,0,0,1,0,0,0,0
"POINT (11.116662333000022 49.435812106000071)",Unfall 105068 (2023) Kat:3, Licht: 0,105068,3,3,5,05,11,6,0,0,1,0,0,0,0,1
"POINT (11.138327977000074 49.472512570000049)",Unfall 105069 (2023) Kat:3, Licht: 0,105069,3,6,1,05,07,6,0,0,0,1,0,0,0,0
"POINT (11.106197763000068 49.419367462000025)",Unfall 105230 (2023) Kat:3, Licht: 0,105230,3,1,0,05,16,5,0,0,1,0,0,0,0,0
"POINT (11.035835062000046 49.452166112000043)",Unfall 105250 (2023) Kat:3, Licht: 0,105250,3,7,0,05,06,4,0,0,0,0,0,1,0,0
"POINT (11.098036655000044 49.467236261000039)",Unfall 105251 (2023) Kat:3, Licht: 0,105251,3,6,2,05,16,4,0,0,0,1,0,0,0,0
"POINT (11.051384066000026 49.463238279000052)",Unfall 105323 (2023) Kat:3, Licht: 0,105323,3,2,5,05,11,3,0,0,0,1,0,1,0,0
"POINT (11.117758680000065 49.438093572000071)",Unfall 105324 (2023) Kat:3, Licht: 0,105324,3,2,5,05,13,3,0,0,0,1,0,0,0,1
"POINT (11.103617757000052 49.474366559000032)",Unfall 105325 (2023) Kat:3, Licht: 0,105325,3,6,5,05,15,3,0,0,1,0,1,0,0,0
"POINT (10.993708124000023 49.437164907000067)",Unfall 105383 (2023) Kat:3, Licht: 0,105383,3,1,0,05,11,2,1,0,1,0,0,0,0,0
"POINT (11.036533963000068 49.438899564000053)",Unfall 105429 (2023) Kat:3, Licht: 0,105429,3,6,2,04,19,1,0,0,0,0,0,1,0,0
"POINT (11.071646387000044 49.429633949000049)",Unfall 105481 (2023) Kat:3, Licht: 0,105481,3,6,2,04,15,7,0,0,0,1,0,0,0,0
"POINT (11.118572295000035 49.455445067000028)",Unfall 105548 (2023) Kat:3, Licht: 2,105548,3,1,8,04,00,6,0,2,0,1,0,0,0,0
"POINT (11.070477936000032 49.429408750000050)",Unfall 105549 (2023) Kat:3, Licht: 0,105549,3,4,6,04,13,6,1,0,0,1,1,0,0,0
"POINT (11.029908631000069 49.420710622000058)",Unfall 105610 (2023) Kat:2, Licht: 0,105610,2,1,0,04,08,5,0,0,1,0,0,0,0,0
"POINT (11.037754492000033 49.423034357000063)",Unfall 105611 (2023) Kat:3, Licht: 0,105611,3,1,9,04,13,5,0,0,0,1,0,0,0,0
"POINT (11.148557600000061 49.473197652000067)",Unfall 105668 (2023) Kat:3, Licht: 0,105668,3,6,2,04,06,4,0,0,0,1,0,0,0,0
"POINT (11.063562194000042 49.467744840000080)",Unfall 105726 (2023) Kat:3, Licht: 2,105726,3,3,5,04,23,3,0,2,0,1,0,0,0,0
"POINT (11.062903590000076 49.437174568000046)",Unfall 105727 (2023) Kat:3, Licht: 0,105727,3,6,1,04,13,3,0,0,0,1,0,0,1,0
"POINT (11.098664427000074 49.431322917000045)",Unfall 105786 (2023) Kat:3, Licht: 0,105786,3,3,5,04,15,2,0,0,0,1,0,0,0,1
"POINT (11.029669633000026 49.420786748000069)",Unfall 105787 (2023) Kat:3, Licht: 2,105787,3,1,0,04,22,2,0,2,1,0,0,0,0,0
"POINT (11.054792139000028 49.444569356000045)",Unfall 105788 (2023) Kat:2, Licht: 2,105788,2,3,5,04,23,2,0,2,0,1,1,0,0,0
"POINT (11.103252976000022 49.431512873000031)",Unfall 105894 (2023) Kat:3, Licht: 2,105894,3,3,5,04,20,7,0,2,0,1,0,0,0,0
"POINT (11.057001907000028 49.444174846000067)",Unfall 105896 (2023) Kat:3, Licht: 0,105896,3,6,2,04,12,7,0,0,0,1,0,0,0,0
"POINT (11.143422067000074 49.463322028000050)",Unfall 105897 (2023) Kat:3, Licht: 0,105897,3,1,0,04,16,7,0,0,1,0,1,0,0,0
"POINT (11.118717784000069 49.464516259000050)",Unfall 105899 (2023) Kat:3, Licht: 0,105899,3,1,0,04,18,7,0,0,1,0,0,0,0,0
"POINT (11.037921827000048 49.396505004000062)",Unfall 105969 (2023) Kat:2, Licht: 1,105969,2,2,4,04,05,5,0,1,1,1,0,0,0,0
"POINT (11.098848995000026 49.468072925000058)",Unfall 105994 (2023) Kat:3, Licht: 0,105994,3,3,2,04,13,6,0,0,1,1,0,0,0,0
"POINT (11.012488198000028 49.465311673000031)",Unfall 105995 (2023) Kat:3, Licht: 0,105995,3,6,2,04,12,6,0,0,0,1,0,0,0,0
"POINT (11.038109490000068 49.451857143000041)",Unfall 106057 (2023) Kat:3, Licht: 0,106057,3,3,5,04,13,5,0,0,0,1,0,0,0,0
"POINT (11.035223925000025 49.406912311000042)",Unfall 106058 (2023) Kat:3, Licht: 0,106058,3,6,3,04,19,5,0,0,1,1,0,0,0,0
"POINT (11.037204156000030 49.399293007000040)",Unfall 106059 (2023) Kat:3, Licht: 2,106059,3,2,4,04,05,5,0,2,0,1,0,0,0,0
"POINT (11.036163105000071 49.419411932000060)",Unfall 106106 (2023) Kat:3, Licht: 2,106106,3,6,0,04,00,4,0,2,1,0,0,0,0,0
"POINT (11.118454405000023 49.455833264000034)",Unfall 106172 (2023) Kat:3, Licht: 1,106172,3,2,4,04,20,3,0,1,0,1,0,0,0,0
"POINT (11.086093255000037 49.394711675000053)",Unfall 106212 (2023) Kat:2, Licht: 0,106212,2,6,2,04,13,2,0,0,0,1,0,0,0,1
"POINT (11.053853393000054 49.490683701000080)",Unfall 106214 (2023) Kat:3, Licht: 2,106214,3,1,0,04,00,2,0,2,1,0,0,0,0,0
"POINT (11.098745244000042 49.467756695000048)",Unfall 106215 (2023) Kat:3, Licht: 0,106215,3,3,5,04,09,2,0,0,1,1,0,0,0,0
"POINT (11.097211532000074 49.358789345000048)",Unfall 106268 (2023) Kat:3, Licht: 0,106268,3,2,5,04,19,1,0,0,0,1,0,0,0,0
"POINT (11.039668090000021 49.453593179000052)",Unfall 106280 (2023) Kat:3, Licht: 0,106280,3,7,0,05,15,7,0,0,1,0,0,0,0,0
"POINT (11.125289948000045 49.434677657000066)",Unfall 106371 (2023) Kat:3, Licht: 0,106371,3,3,5,05,09,5,0,0,0,1,0,0,0,1
"POINT (11.028377405000072 49.378226121000068)",Unfall 106394 (2023) Kat:3, Licht: 0,106394,3,6,3,04,13,5,1,0,1,1,0,0,0,0
"POINT (11.103260870000042 49.472926638000047)",Unfall 106410 (2023) Kat:3, Licht: 2,106410,3,2,4,05,00,1,0,2,0,1,0,0,0,0
"POINT (11.032625913000061 49.523375450000060)",Unfall 106441 (2023) Kat:3, Licht: 0,106441,3,7,6,04,10,4,0,0,0,1,1,0,0,0
"POINT (11.097037734000025 49.467479989000026)",Unfall 106442 (2023) Kat:3, Licht: 1,106442,3,6,1,04,19,4,1,1,0,1,0,0,0,0
"POINT (11.042395779000060 49.456909588000030)",Unfall 106444 (2023) Kat:3, Licht: 2,106444,3,6,2,04,21,4,1,2,0,1,0,0,0,0
"POINT (11.037323161000074 49.422560125000075)",Unfall 106513 (2023) Kat:3, Licht: 0,106513,3,6,2,04,16,3,0,0,0,1,0,0,0,0
"POINT (11.072943440000074 49.469570475000069)",Unfall 106514 (2023) Kat:3, Licht: 0,106514,3,2,5,04,11,3,0,0,1,1,0,0,0,0
"POINT (11.098021325000047 49.394777598000076)",Unfall 106523 (2023) Kat:3, Licht: 2,106523,3,6,2,05,04,2,0,2,0,0,0,0,1,1
"POINT (11.058911815000044 49.443164554000077)",Unfall 106549 (2023) Kat:3, Licht: 0,106549,3,6,2,05,12,4,0,0,0,1,0,0,0,0
"POINT (11.079165349000050 49.414772594000056)",Unfall 106567 (2023) Kat:3, Licht: 0,106567,3,3,5,04,14,2,0,0,0,1,0,0,0,1
"POINT (11.100764068000046 49.465216743000042)",Unfall 106697 (2023) Kat:2, Licht: 2,106697,2,7,0,06,22,6,0,2,1,0,0,0,0,0
"POINT (11.055126654000048 49.445020129000056)",Unfall 106698 (2023) Kat:3, Licht: 0,106698,3,2,0,06,14,6,0,0,1,1,0,0,0,0
"POINT (11.086430916000040 49.400882546000048)",Unfall 106822 (2023) Kat:3, Licht: 0,106822,3,3,5,06,06,4,0,0,0,1,0,1,0,0
"POINT (11.116280931000063 49.403265841000064)",Unfall 106823 (2023) Kat:3, Licht: 0,106823,3,3,5,06,18,4,0,0,1,1,0,0,0,0
"POINT (11.047662045000038 49.460430386000041)",Unfall 106886 (2023) Kat:3, Licht: 0,106886,3,6,2,06,17,3,0,0,0,1,0,0,0,0
"POINT (11.070582970000032 49.469494211000040)",Unfall 106887 (2023) Kat:3, Licht: 0,106887,3,1,0,06,09,3,0,0,1,0,0,0,0,0
"POINT (11.101788420000048 49.431275418000041)",Unfall 106888 (2023) Kat:3, Licht: 0,106888,3,3,5,06,17,3,0,0,1,1,0,0,0,0
"POINT (11.062673036000035 49.440571348000049)",Unfall 106980 (2023) Kat:3, Licht: 2,106980,3,3,5,06,21,5,0,2,0,1,0,0,0,0
"POINT (11.078613831000041 49.342559373000029)",Unfall 107004 (2023) Kat:2, Licht: 1,107004,2,6,3,06,20,1,0,1,0,1,0,0,0,0
"POINT (11.122374230000048 49.435932758000035)",Unfall 107008 (2023) Kat:3, Licht: 2,107008,3,3,5,06,01,1,0,2,1,1,0,0,0,0
"POINT (11.112104011000042 49.434304565000048)",Unfall 107077 (2023) Kat:2, Licht: 0,107077,2,1,0,06,16,7,0,0,1,0,0,0,0,0
"POINT (11.117804684000021 49.437801578000062)",Unfall 107098 (2023) Kat:3, Licht: 0,107098,3,1,0,06,16,5,1,0,1,0,0,0,0,0
"POINT (11.022968468000045 49.461691386000041)",Unfall 107174 (2023) Kat:3, Licht: 0,107174,3,3,5,06,10,6,0,0,1,1,0,0,0,0
"POINT (11.103388399000039 49.472805232000042)",Unfall 107175 (2023) Kat:3, Licht: 0,107175,3,3,5,06,08,6,0,0,1,1,0,0,0,0
"POINT (11.107777620000036 49.417902208000044)",Unfall 107349 (2023) Kat:3, Licht: 0,107349,3,6,2,05,14,4,0,0,0,1,0,0,0,0
"POINT (11.078525922000040 49.415324225000063)",Unfall 107350 (2023) Kat:2, Licht: 0,107350,2,1,9,05,08,4,0,0,0,0,0,1,0,0
"POINT (11.095259957000053 49.394763971000032)",Unfall 107431 (2023) Kat:3, Licht: 2,107431,3,6,3,05,21,3,0,2,0,1,0,0,0,0
"POINT (11.120645962000026 49.465308043000050)",Unfall 107433 (2023) Kat:3, Licht: 0,107433,3,1,0,05,14,3,0,0,0,0,0,1,0,0
"POINT (11.073492075000047 49.469437838000033)",Unfall 107434 (2023) Kat:3, Licht: 0,107434,3,6,1,05,18,3,0,0,0,1,0,0,0,0
"POINT (11.148757146000037 49.464346493000050)",Unfall 107516 (2023) Kat:3, Licht: 2,107516,3,6,3,05,22,2,0,2,0,1,0,1,0,0
"POINT (11.112128620000021 49.461844720000045)",Unfall 107591 (2023) Kat:3, Licht: 0,107591,3,7,6,06,12,3,0,0,0,1,1,0,0,0
"POINT (11.072777498000050 49.404255641000077)",Unfall 107773 (2023) Kat:3, Licht: 0,107773,3,6,2,05,16,6,0,0,0,1,0,0,0,1
"POINT (11.064189161000058 49.474141796000026)",Unfall 107779 (2023) Kat:3, Licht: 0,107779,3,6,3,05,15,6,0,0,1,1,0,0,0,0
"POINT (11.127891304000059 49.467893743000047)",Unfall 107780 (2023) Kat:3, Licht: 0,107780,3,3,3,05,09,6,0,0,0,1,0,0,0,0
"POINT (11.074541165000028 49.469427659000075)",Unfall 107901 (2023) Kat:3, Licht: 0,107901,3,6,3,05,10,5,0,0,0,1,0,1,0,0
"POINT (11.043414722000023 49.428322167000033)",Unfall 107977 (2023) Kat:3, Licht: 0,107977,3,7,6,05,16,4,0,0,1,0,1,0,0,0
"POINT (11.085787825000068 49.397365103000027)",Unfall 108041 (2023) Kat:3, Licht: 0,108041,3,1,0,05,11,1,0,0,1,0,0,0,0,0
"POINT (11.056091809000065 49.466505108000035)",Unfall 108043 (2023) Kat:2, Licht: 0,108043,2,3,5,05,18,3,0,0,1,0,0,0,0,0
"POINT (11.163575263000041 49.406909025000061)",Unfall 108044 (2023) Kat:3, Licht: 0,108044,3,2,4,05,09,3,0,0,0,1,0,1,0,0
"POINT (11.052880590000029 49.492577217000076)",Unfall 108045 (2023) Kat:3, Licht: 1,108045,3,6,2,05,20,3,0,1,0,1,0,0,0,0
"POINT (11.115180790000068 49.390789863000066)",Unfall 108177 (2023) Kat:3, Licht: 0,108177,3,6,1,06,16,4,0,0,0,1,0,0,0,0
"POINT (11.037102418000075 49.399539747000063)",Unfall 108192 (2023) Kat:3, Licht: 0,108192,3,4,6,05,11,6,0,0,0,0,1,0,1,0
"POINT (11.073666391000074 49.402280468000072)",Unfall 108242 (2023) Kat:3, Licht: 0,108242,3,6,2,05,13,1,0,0,0,1,0,0,0,1
"POINT (11.040795681000077 49.455022116000066)",Unfall 108352 (2023) Kat:2, Licht: 0,108352,2,7,6,06,09,2,0,0,0,0,1,0,0,1
"POINT (11.055660501000034 49.429385572000058)",Unfall 108400 (2023) Kat:2, Licht: 0,108400,2,6,3,05,09,6,0,0,1,1,0,0,0,0
"POINT (11.035063000000036 49.406126417000053)",Unfall 108402 (2023) Kat:3, Licht: 0,108402,3,2,5,05,13,6,0,0,0,1,0,1,0,0
"POINT (11.084944954000036 49.429364888000066)",Unfall 108651 (2023) Kat:3, Licht: 0,108651,3,7,0,05,13,3,0,0,0,0,0,0,0,1
"POINT (11.088596310000071 49.470204130000070)",Unfall 108652 (2023) Kat:3, Licht: 0,108652,3,6,2,05,05,3,0,0,0,0,0,1,0,1
"POINT (10.994215031000067 49.437499801000058)",Unfall 108728 (2023) Kat:3, Licht: 0,108728,3,6,2,05,18,2,0,0,0,1,0,0,0,0
"POINT (11.116705967000030 49.435850850000065)",Unfall 108729 (2023) Kat:2, Licht: 0,108729,2,3,5,05,14,2,0,0,1,1,0,0,0,0
"POINT (11.057626441000025 49.443191725000077)",Unfall 108952 (2023) Kat:3, Licht: 0,108952,3,6,3,05,19,6,0,0,0,1,0,0,1,0
"POINT (11.115453839000054 49.401617227000031)",Unfall 108953 (2023) Kat:3, Licht: 0,108953,3,6,1,05,17,6,1,0,0,1,0,0,0,0
"POINT (11.103839708000066 49.474337409000043)",Unfall 109029 (2023) Kat:3, Licht: 0,109029,3,4,6,05,13,5,0,0,0,1,1,0,0,0
"POINT (11.123673500000052 49.435350908000032)",Unfall 109030 (2023) Kat:3, Licht: 0,109030,3,3,5,05,14,5,1,0,0,1,0,0,0,1
"POINT (11.101815895000072 49.431276573000048)",Unfall 109042 (2023) Kat:3, Licht: 0,109042,3,3,5,05,10,6,0,0,1,0,0,0,1,0
"POINT (11.065308695000056 49.428048451000052)",Unfall 109098 (2023) Kat:3, Licht: 0,109098,3,1,0,05,06,1,0,0,0,0,0,0,0,1
"POINT (11.037344036000036 49.398791606000032)",Unfall 109167 (2023) Kat:3, Licht: 2,109167,3,2,0,06,00,1,0,2,1,1,0,0,0,0
"POINT (11.121392372000059 49.443042477000063)",Unfall 109245 (2023) Kat:3, Licht: 0,109245,3,6,2,06,12,7,0,0,0,1,0,0,0,1
"POINT (11.200832720000051 49.416905431000032)",Unfall 109305 (2023) Kat:3, Licht: 0,109305,3,6,2,06,08,6,0,0,0,1,0,0,1,0
"POINT (11.122450281000056 49.447711887000025)",Unfall 109308 (2023) Kat:3, Licht: 0,109308,3,6,2,06,10,6,1,0,0,1,0,0,1,0
"POINT (11.038207913000065 49.434399504000055)",Unfall 109309 (2023) Kat:3, Licht: 0,109309,3,1,0,06,10,6,0,0,1,0,0,0,0,0
"POINT (11.035993922000046 49.440793040000074)",Unfall 109441 (2023) Kat:3, Licht: 0,109441,3,3,5,06,11,4,0,0,0,1,0,0,0,1
"POINT (11.036273552000068 49.415753967000057)",Unfall 109442 (2023) Kat:3, Licht: 0,109442,3,7,3,06,16,4,0,0,0,1,0,0,0,0
"POINT (11.024150542000029 49.461158040000043)",Unfall 109443 (2023) Kat:3, Licht: 0,109443,3,6,2,06,12,4,0,0,0,1,0,0,0,0