WKT,Name,OBJECTID,UKATEGORIE,UTYP1,UART,UMONAT,USTUNDE,UWOCHENTAG,STRZUSTAND,ULICHTVERH,ISTRAD,ISTPKW,ISTFUSS,ISTKRAD,ISTGKFZ,ISTSONSTIG
"POINT (11.102461002000041 49.431312236000053)",Unfall 109537 (2023) Kat:3, Licht: 0,109537,3,6,2,06,18,3,0,0,0,1,0,0,0,0
"POINT (11.043375061000063 49.428271120000034)",Unfall 109538 (2023) Kat:3, Licht: 0,109538,3,6,3,06,10,3,0,0,0,1,0,0,0,0
"POINT (11.073072753000076 49.429847509000069)",Unfall 109628 (2023) Kat:3, Licht: 0,109628,3,3,5,06,07,2,0,0,1,1,0,0,0,0
"POINT (11.124706690000039 49.434919044000026)",Unfall 109629 (2023) Kat:3, Licht: 0,109629,3,3,5,06,15,2,0,0,1,1,0,0,0,0
"POINT (11.065260864000038 49.425771135000048)",Unfall 109630 (2023) Kat:3, Licht: 0,109630,3,1,0,06,18,2,0,0,1,0,0,0,0,0
"POINT (11.150009427000043 49.473402630000066)",Unfall 109755 (2023) Kat:2, Licht: 2,109755,2,4,6,06,03,7,0,2,0,1,1,0,0,0
"POINT (11.044911289000026 49.458667745000071)",Unfall 109756 (2023) Kat:3, Licht: 0,109756,3,6,0,06,19,7,0,0,1,0,1,0,0,0
"POINT (11.055172407000043 49.445001562000073)",Unfall 109757 (2023) Kat:3, Licht: 0,109757,3,6,4,06,19,7,0,0,1,1,0,0,0,0
"POINT (11.034800370000028 49.457806213000026)",Unfall 109758 (2023) Kat:3, Licht: 2,109758,3,2,5,06,02,7,0,2,0,1,0,0,0,1
"POINT (11.100912798000024 49.431251323000026)",Unfall 109759 (2023) Kat:3, Licht: 0,109759,3,2,3,06,12,7,0,0,0,1,0,1,0,0
"POINT (11.043483461000051 49.457659635000027)",Unfall 109760 (2023) Kat:3, Licht: 0,109760,3,4,6,06,12,7,0,0,0,1,1,0,0,0
"POINT (11.037538213000062 49.422784377000028)",Unfall 109845 (2023) Kat:3, Licht: 2,109845,3,6,3,06,22,6,0,2,0,1,0,1,0,0
"POINT (11.133780301000058 49.471346889000074)",Unfall 109846 (2023) Kat:3, Licht: 0,109846,3,3,5,06,09,6,0,0,1,1,0,0,0,0
"POINT (11.103411350000044 49.472865014000035)",Unfall 109948 (2023) Kat:3, Licht: 0,109948,3,3,5,06,12,5,0,0,0,1,0,0,0,1
"POINT (11.044829563000064 49.458613190000051)",Unfall 109949 (2023) Kat:3, Licht: 2,109949,3,2,5,06,23,5,0,2,0,1,0,1,0,0
"POINT (11.085589749000064 49.396427941000070)",Unfall 109950 (2023) Kat:2, Licht: 0,109950,2,1,9,06,09,5,0,0,1,0,0,0,0,0
"POINT (11.103238598000075 49.472818077000056)",Unfall 109951 (2023) Kat:3, Licht: 0,109951,3,3,6,06,17,5,0,0,1,0,1,0,0,0
"POINT (11.102758767000068 49.431330646000049)",Unfall 110106 (2023) Kat:3, Licht: 0,110106,3,6,3,06,15,6,0,0,0,1,0,0,0,0
"POINT (11.073678761000053 49.371416873000044)",Unfall 110151 (2023) Kat:3, Licht: 0,110151,3,6,2,06,15,3,0,0,0,1,0,0,0,0
"POINT (11.038587536000023 49.424085694000041)",Unfall 110251 (2023) Kat:3, Licht: 0,110251,3,6,2,06,13,7,0,0,0,1,0,1,0,0
"POINT (11.062440335000076 49.440947874000074)",Unfall 110271 (2023) Kat:3, Licht: 0,110271,3,6,4,06,17,2,0,0,1,0,0,0,0,0
"POINT (11.034838723000064 49.409203346000027)",Unfall 110272 (2023) Kat:3, Licht: 0,110272,3,2,4,06,15,2,0,0,0,1,0,0,0,0
"POINT (11.118457852000063 49.401671763000081)",Unfall 110273 (2023) Kat:3, Licht: 0,110273,3,6,2,06,10,2,0,0,0,1,0,0,0,0
"POINT (11.104058331000033 49.475110748000077)",Unfall 110373 (2023) Kat:3, Licht: 0,110373,3,3,5,06,09,1,0,0,0,1,0,0,0,0
"POINT (11.106334200000049 49.460758606000070)",Unfall 110450 (2023) Kat:3, Licht: 0,110450,3,1,0,07,12,7,0,0,1,0,0,0,0,0
"POINT (11.106075761000056 49.460542566000072)",Unfall 110451 (2023) Kat:3, Licht: 0,110451,3,2,6,07,10,7,0,0,0,1,1,0,0,0
"POINT (11.065503283000055 49.426719553000055)",Unfall 110525 (2023) Kat:3, Licht: 0,110525,3,2,3,07,16,6,0,0,0,1,0,0,0,1
"POINT (11.015392262000034 49.465111567000065)",Unfall 110526 (2023) Kat:2, Licht: 0,110526,2,6,2,07,08,6,0,0,0,1,0,0,1,0
"POINT (11.077756151000074 49.370913155000039)",Unfall 110595 (2023) Kat:3, Licht: 2,110595,3,3,5,07,22,5,0,2,0,0,0,1,0,1
"POINT (11.106204240000068 49.477379709000047)",Unfall 110596 (2023) Kat:3, Licht: 0,110596,3,3,5,07,18,5,0,0,1,0,0,1,0,0
"POINT (11.106526445000043 49.460158007000075)",Unfall 110673 (2023) Kat:3, Licht: 0,110673,3,3,5,07,18,4,0,0,0,1,0,0,0,1
"POINT (10.994144430000063 49.437356148000049)",Unfall 110674 (2023) Kat:2, Licht: 0,110674,2,2,5,07,18,4,0,0,0,1,0,1,0,0
"POINT (11.105893114000025 49.460494898000036)",Unfall 110751 (2023) Kat:2, Licht: 0,110751,2,2,5,07,20,3,0,0,0,1,0,0,0,0
"POINT (10.994093756000041 49.437417396000058)",Unfall 110752 (2023) Kat:3, Licht: 0,110752,3,2,5,07,14,3,0,0,1,1,0,0,0,0
"POINT (11.036347288000059 49.448771607000026)",Unfall 110843 (2023) Kat:3, Licht: 0,110843,3,2,3,07,18,2,0,0,1,1,0,0,0,0
"POINT (11.035870899000031 49.445010890000049)",Unfall 110918 (2023) Kat:2, Licht: 2,110918,2,1,0,07,03,1,0,2,1,0,0,0,0,0
"POINT (11.106037121000043 49.460581461000061)",Unfall 110919 (2023) Kat:3, Licht: 0,110919,3,2,5,07,11,1,0,0,0,1,0,0,0,0
"POINT (11.140637702000049 49.472208654000042)",Unfall 110920 (2023) Kat:3, Licht: 2,110920,3,1,0,07,01,1,0,2,0,0,0,1,0,0
"POINT (11.103170057000057 49.431375498000079)",Unfall 110992 (2023) Kat:3, Licht: 0,110992,3,6,0,07,14,7,0,0,0,1,0,0,0,1
"POINT (11.118451530000073 49.392175316000078)",Unfall 111084 (2023) Kat:3, Licht: 1,111084,3,1,8,07,20,6,0,1,0,0,0,1,0,0
"POINT (11.123567299000058 49.435398594000048)",Unfall 111088 (2023) Kat:3, Licht: 0,111088,3,6,4,07,13,6,0,0,0,1,0,1,0,0
"POINT (11.062416856000027 49.440970478000054)",Unfall 111089 (2023) Kat:3, Licht: 0,111089,3,6,1,07,13,6,0,0,0,1,0,1,0,0
"POINT (11.034195846000046 49.410484945000064)",Unfall 111183 (2023) Kat:3, Licht: 0,111183,3,2,5,07,15,5,0,0,0,1,0,0,0,0
"POINT (11.105179559000021 49.461603386000036)",Unfall 111184 (2023) Kat:3, Licht: 0,111184,3,6,2,07,14,5,0,0,0,1,0,0,0,0
"POINT (11.125761730000022 49.466986566000060)",Unfall 111275 (2023) Kat:3, Licht: 0,111275,3,4,6,07,16,5,0,0,0,1,1,0,0,0
"POINT (11.086820840000030 49.406471690000046)",Unfall 111289 (2023) Kat:3, Licht: 0,111289,3,6,2,07,15,4,0,0,0,1,0,0,0,0
"POINT (11.035678200000063 49.402194389000044)",Unfall 111368 (2023) Kat:3, Licht: 0,111368,3,2,4,07,06,3,0,0,1,1,0,0,0,0
"POINT (11.032556581000051 49.441257386000075)",Unfall 111369 (2023) Kat:2, Licht: 0,111369,2,1,1,07,08,3,0,0,0,1,0,0,0,0
"POINT (11.065392383000074 49.427897972000039)",Unfall 111370 (2023) Kat:3, Licht: 1,111370,3,2,3,07,21,3,0,1,1,1,0,0,0,0
"POINT (11.036416817000031 49.448283906000029)",Unfall 111371 (2023) Kat:3, Licht: 0,111371,3,6,2,07,14,3,0,0,0,1,0,0,0,0
"POINT (11.103261837000048 49.472946207000064)",Unfall 111455 (2023) Kat:3, Licht: 0,111455,3,3,5,07,13,2,0,0,1,1,0,0,0,0
"POINT (11.052138066000055 49.429963424000050)",Unfall 111463 (2023) Kat:3, Licht: 2,111463,3,6,2,07,22,2,0,2,0,1,0,1,0,0
"POINT (11.040278418000071 49.381416119000050)",Unfall 111529 (2023) Kat:3, Licht: 0,111529,3,6,2,07,11,1,0,0,0,1,0,0,0,0
"POINT (11.112664154000072 49.461966479000068)",Unfall 111602 (2023) Kat:3, Licht: 0,111602,3,7,6,07,11,7,0,0,1,1,1,0,0,0
"POINT (11.039934086000073 49.425699643000030)",Unfall 111603 (2023) Kat:3, Licht: 0,111603,3,6,2,07,12,7,0,0,0,1,0,0,0,0
"POINT (11.032990632000065 49.420686143000069)",Unfall 111663 (2023) Kat:3, Licht: 0,111663,3,2,3,07,18,6,0,0,1,1,0,0,0,0
"POINT (11.104990303000022 49.424301125000056)",Unfall 111917 (2023) Kat:3, Licht: 2,111917,3,1,8,06,03,4,1,2,0,1,0,0,0,0
"POINT (11.103395929000044 49.431532688000061)",Unfall 111918 (2023) Kat:3, Licht: 0,111918,3,1,0,06,17,4,0,0,1,0,0,0,0,0
"POINT (11.124020004000045 49.466402261000042)",Unfall 112006 (2023) Kat:3, Licht: 0,112006,3,6,2,06,16,3,0,0,0,1,0,0,0,0
"POINT (11.058968853000067 49.428890936000073)",Unfall 112007 (2023) Kat:3, Licht: 0,112007,3,2,5,06,11,3,0,0,0,1,0,0,0,1
"POINT (11.036124354000037 49.420708764000040)",Unfall 112009 (2023) Kat:2, Licht: 2,112009,2,6,3,06,21,3,0,2,0,1,0,1,0,0
"POINT (11.107668908000051 49.459728731000041)",Unfall 112010 (2023) Kat:3, Licht: 0,112010,3,6,2,07,13,1,0,0,0,1,0,1,0,0
"POINT (11.200507035000044 49.419617444000039)",Unfall 112011 (2023) Kat:3, Licht: 0,112011,3,3,5,06,13,3,0,0,0,1,0,0,0,0
"POINT (11.152912405000052 49.416173218000040)",Unfall 112127 (2023) Kat:2, Licht: 0,112127,2,3,3,06,06,2,0,0,1,1,0,0,0,0
"POINT (11.126996976000044 49.467510677000064)",Unfall 112128 (2023) Kat:3, Licht: 0,112128,3,6,2,06,17,2,0,0,0,1,0,0,0,0
"POINT (11.098721533000059 49.431322469000065)",Unfall 112129 (2023) Kat:3, Licht: 0,112129,3,6,2,06,09,2,0,0,0,1,0,1,0,0
"POINT (11.025668283000073 49.375521951000053)",Unfall 112194 (2023) Kat:3, Licht: 0,112194,3,3,0,08,17,6,0,0,1,1,0,0,0,0
"POINT (11.096871410000062 49.467664564000074)",Unfall 112265 (2023) Kat:3, Licht: 0,112265,3,7,5,08,14,5,0,0,1,1,0,0,0,0
"POINT (10.994098605000033 49.437566775000050)",Unfall 112395 (2023) Kat:3, Licht: 0,112395,3,2,5,08,15,3,0,0,1,1,0,0,0,0
"POINT (11.103839708000066 49.474337409000043)",Unfall 112396 (2023) Kat:3, Licht: 0,112396,3,3,3,08,13,3,0,0,1,1,0,0,0,0
"POINT (11.036326696000060 49.448707660000082)",Unfall 112397 (2023) Kat:3, Licht: 0,112397,3,2,3,08,17,3,0,0,1,1,0,0,0,0
"POINT (11.109137654000051 49.433469759000047)",Unfall 112462 (2023) Kat:2, Licht: 0,112462,2,1,0,08,19,2,0,0,1,0,0,0,0,0
"POINT (11.124932811000065 49.434824525000067)",Unfall 112527 (2023) Kat:3, Licht: 0,112527,3,1,0,08,16,1,0,0,0,0,0,1,0,0
"POINT (11.035214831000076 49.403316015000030)",Unfall 112528 (2023) Kat:3, Licht: 0,112528,3,3,5,08,13,1,0,0,1,1,0,0,0,0
"POINT (11.052824112000053 49.464469866000059)",Unfall 112529 (2023) Kat:3, Licht: 0,112529,3,6,2,08,19,1,0,0,0,1,0,0,0,0
"POINT (11.043322410000030 49.428203093000036)",Unfall 112587 (2023) Kat:3, Licht: 0,112587,3,3,5,08,18,7,0,0,1,0,0,0,0,1
"POINT (11.012401187000023 49.465343106000034)",Unfall 112588 (2023) Kat:3, Licht: 0,112588,3,6,2,08,16,7,0,0,0,1,0,0,0,0
"POINT (11.017975465000063 49.420131170000047)",Unfall 112589 (2023) Kat:3, Licht: 0,112589,3,7,0,08,11,7,0,0,1,0,0,0,0,0
"POINT (11.117835130000060 49.402192401000036)",Unfall 112680 (2023) Kat:3, Licht: 0,112680,3,3,5,08,09,6,0,0,0,1,0,0,0,1
"POINT (11.131158795000033 49.459780558000034)",Unfall 112860 (2023) Kat:3, Licht: 0,112860,3,3,5,08,07,3,0,0,1,1,0,0,0,0
"POINT (11.034741638000071 49.413804159000051)",Unfall 112916 (2023) Kat:3, Licht: 0,112916,3,3,6,08,15,2,1,0,0,1,1,0,0,0
"POINT (11.086078237000038 49.429152697000063)",Unfall 112917 (2023) Kat:3, Licht: 0,112917,3,6,2,08,19,2,0,0,0,1,0,1,0,0
"POINT (11.037187749000054 49.399342930000046)",Unfall 112940 (2023) Kat:3, Licht: 0,112940,3,1,0,08,11,6,0,0,0,0,0,0,0,1
"POINT (11.122428239000044 49.447538184000052)",Unfall 112955 (2023) Kat:3, Licht: 0,112955,3,6,2,08,16,1,0,0,0,1,0,0,0,0
"POINT (11.035801494000054 49.440887239000062)",Unfall 112991 (2023) Kat:3, Licht: 0,112991,3,7,0,08,18,7,0,0,1,0,0,0,0,0
"POINT (11.036192604000064 49.439385130000062)",Unfall 113056 (2023) Kat:3, Licht: 0,113056,3,2,5,08,12,6,0,0,1,1,0,0,0,0
"POINT (11.059402060000025 49.483383506000052)",Unfall 113122 (2023) Kat:3, Licht: 0,113122,3,6,2,08,17,5,0,0,0,1,0,1,0,0
"POINT (11.093331611000053 49.470247545000063)",Unfall 113178 (2023) Kat:3, Licht: 0,113178,3,6,2,08,15,4,1,0,0,1,0,0,1,0
"POINT (11.122263775000022 49.398846551000076)",Unfall 113179 (2023) Kat:3, Licht: 0,113179,3,3,5,08,07,4,0,0,1,1,0,0,0,0
"POINT (11.055149899000071 49.445010696000054)",Unfall 113180 (2023) Kat:2, Licht: 2,113180,2,1,9,08,04,4,0,2,0,1,0,0,0,0
"POINT (11.039261083000042 49.431827216000045)",Unfall 113254 (2023) Kat:3, Licht: 0,113254,3,6,3,08,18,3,0,0,0,1,0,0,1,0
"POINT (11.066924383000071 49.421375336000040)",Unfall 113302 (2023) Kat:3, Licht: 0,113302,3,6,3,08,15,6,0,0,0,1,0,0,1,0
"POINT (11.111375185000043 49.459919606000028)",Unfall 113305 (2023) Kat:3, Licht: 0,113305,3,7,6,07,07,2,0,0,1,0,1,0,0,0
"POINT (11.102230609000060 49.471493164000037)",Unfall 113306 (2023) Kat:3, Licht: 0,113306,3,4,6,07,19,2,0,0,1,0,1,0,0,0
"POINT (11.055301515000053 49.444947926000054)",Unfall 113307 (2023) Kat:3, Licht: 0,113307,3,6,2,07,17,2,0,0,0,1,0,0,0,1
"POINT (11.037990092000030 49.434245133000047)",Unfall 113331 (2023) Kat:3, Licht: 0,113331,3,2,5,08,18,4,1,0,0,1,0,0,0,0
"POINT (11.143746615000055 49.427695161000031)",Unfall 113365 (2023) Kat:3, Licht: 0,113365,3,3,5,07,20,1,0,0,0,1,0,1,0,0
"POINT (11.114256379000039 49.391590448000045)",Unfall 113447 (2023) Kat:3, Licht: 0,113447,3,1,0,07,15,7,0,0,0,0,0,1,0,0
"POINT (11.104455211000072 49.425696472000027)",Unfall 113452 (2023) Kat:3, Licht: 0,113452,3,6,2,07,12,7,1,0,0,1,0,0,0,1
"POINT (11.098726102000057 49.431196697000075)",Unfall 113453 (2023) Kat:3, Licht: 0,113453,3,6,2,07,18,7,0,0,0,1,0,0,0,0
"POINT (11.110080391000054 49.508459202000040)",Unfall 113533 (2023) Kat:3, Licht: 0,113533,3,1,9,07,08,6,1,0,0,1,0,0,0,0
"POINT (11.112586736000026 49.393823263000058)",Unfall 113534 (2023) Kat:3, Licht: 0,113534,3,6,9,07,13,6,0,0,0,1,0,0,0,0
"POINT (11.114528349000068 49.391964914000027)",Unfall 113535 (2023) Kat:3, Licht: 0,113535,3,1,9,07,10,6,1,0,0,0,0,1,0,0
"POINT (11.058709829000065 49.484226277000062)",Unfall 113537 (2023) Kat:3, Licht: 0,113537,3,3,5,07,14,6,0,0,0,1,0,0,0,1
"POINT (11.060993815000074 49.442097604000026)",Unfall 113539 (2023) Kat:3, Licht: 0,113539,3,1,9,07,09,6,1,0,0,1,0,0,0,0
"POINT (11.112365215000068 49.479865619000066)",Unfall 113540 (2023) Kat:2, Licht: 1,113540,2,1,6,07,20,6,1,1,1,0,1,0,0,0
"POINT (11.040197108000029 49.454251386000067)",Unfall 113541 (2023) Kat:3, Licht: 0,113541,3,2,5,07,12,6,0,0,1,1,0,0,0,0
"POINT (11.122331149000047 49.398791997000046)",Unfall 113542 (2023) Kat:3, Licht: 0,113542,3,1,0,07,14,6,0,0,1,0,0,0,0,0
"POINT (11.103887830000076 49.431507645000067)",Unfall 113543 (2023) Kat:3, Licht: 0,113543,3,1,0,07,18,6,1,0,1,0,0,0,0,0
"POINT (11.065257740000050 49.425667608000026)",Unfall 113655 (2023) Kat:3, Licht: 1,113655,3,6,5,07,21,5,0,1,0,1,0,1,0,1
"POINT (11.100881127000036 49.350544597000066)",Unfall 113819 (2023) Kat:2, Licht: 0,113819,2,1,2,07,09,3,0,0,0,1,0,0,0,1
"POINT (11.058651544000043 49.443304988000079)",Unfall 113826 (2023) Kat:3, Licht: 0,113826,3,6,9,07,16,3,0,0,0,1,0,0,0,0
"POINT (11.097152224000070 49.431144336000045)",Unfall 113828 (2023) Kat:3, Licht: 0,113828,3,7,0,07,12,3,0,0,0,0,0,0,0,1
"POINT (11.036352818000069 49.448788782000065)",Unfall 113916 (2023) Kat:3, Licht: 0,113916,3,2,5,07,16,2,0,0,1,1,0,0,0,0
"POINT (11.037901461000047 49.396587019000037)",Unfall 113917 (2023) Kat:3, Licht: 0,113917,3,6,4,07,14,2,0,0,0,1,0,0,1,0
"POINT (11.012591447000034 49.465401669000073)",Unfall 114090 (2023) Kat:3, Licht: 0,114090,3,3,5,07,09,7,0,0,0,1,0,0,0,0
"POINT (11.107316543000024 49.459684897000045)",Unfall 114092 (2023) Kat:3, Licht: 0,114092,3,6,0,07,17,7,0,0,0,0,0,1,0,0
"POINT (11.080960292000043 49.430418062000058)",Unfall 114190 (2023) Kat:3, Licht: 0,114190,3,4,6,07,19,6,0,0,0,1,1,0,0,0
"POINT (11.032701077000070 49.523181251000040)",Unfall 114191 (2023) Kat:3, Licht: 2,114191,3,6,2,07,20,6,0,2,0,1,0,0,0,1
"POINT (11.028519333000077 49.420725422000032)",Unfall 114192 (2023) Kat:2, Licht: 0,114192,2,6,3,07,14,6,0,0,1,0,0,1,0,0
"POINT (11.054825512000036 49.489434957000071)",Unfall 114193 (2023) Kat:3, Licht: 0,114193,3,7,0,07,08,6,0,0,1,0,0,0,0,0
"POINT (11.002641537000045 49.438553470000045)",Unfall 114315 (2023) Kat:3, Licht: 0,114315,3,3,5,07,15,5,0,0,1,1,0,0,0,0
"POINT (11.061017487000072 49.428697883000041)",Unfall 114316 (2023) Kat:3, Licht: 0,114316,3,4,6,07,14,5,0,0,0,0,1,0,1,0
"POINT (11.032921725000051 49.420685951000053)",Unfall 114317 (2023) Kat:3, Licht: 0,114317,3,2,4,07,08,5,0,0,1,1,0,0,0,0
"POINT (11.006040497000072 49.428287628000078)",Unfall 114363 (2023) Kat:2, Licht: 1,114363,2,1,0,08,21,6,1,1,1,0,0,0,0,0
"POINT (11.087339167000039 49.405865154000026)",Unfall 114448 (2023) Kat:3, Licht: 0,114448,3,1,0,07,15,4,0,0,1,0,0,0,0,0
"POINT (11.036349974000075 49.400957369000025)",Unfall 114566 (2023) Kat:3, Licht: 2,114566,3,3,5,07,21,3,0,2,1,1,0,0,0,0
"POINT (11.058983127000033 49.443127847000028)",Unfall 114567 (2023) Kat:3, Licht: 0,114567,3,2,0,07,19,3,0,0,0,1,0,0,0,1
"POINT (11.037796404000062 49.423086491000049)",Unfall 114568 (2023) Kat:3, Licht: 0,114568,3,6,2,07,13,3,0,0,0,1,0,0,0,0
"POINT (11.042005551000045 49.505107445000078)",Unfall 114670 (2023) Kat:2, Licht: 0,114670,2,7,3,07,18,2,0,0,1,0,0,0,0,0
"POINT (11.056450702000063 49.443775366000068)",Unfall 114671 (2023) Kat:3, Licht: 0,114671,3,6,2,07,17,2,0,0,0,1,0,0,0,1
"POINT (11.113577942000063 49.459604105000039)",Unfall 114673 (2023) Kat:3, Licht: 0,114673,3,6,2,07,07,2,1,0,0,0,0,1,0,1
"POINT (11.002327346000072 49.431235544000060)",Unfall 114674 (2023) Kat:2, Licht: 0,114674,2,1,0,07,18,2,0,0,0,0,0,0,0,1
"POINT (11.185369650000041 49.418777944000055)",Unfall 114675 (2023) Kat:3, Licht: 0,114675,3,6,2,07,10,2,0,0,1,1,0,0,0,0
"POINT (11.136528976000022 49.430665764000025)",Unfall 114676 (2023) Kat:2, Licht: 0,114676,2,1,8,07,07,2,1,0,0,1,0,0,0,0
"POINT (11.051299556000060 49.463370719000068)",Unfall 114748 (2023) Kat:3, Licht: 2,114748,3,7,5,08,22,4,1,2,0,1,0,0,0,0
"POINT (11.017093424000052 49.463768531000028)",Unfall 114784 (2023) Kat:3, Licht: 0,114784,3,3,5,07,14,1,0,0,0,1,0,0,0,0
"POINT (11.033215624000036 49.441076014000032)",Unfall 114785 (2023) Kat:3, Licht: 0,114785,3,1,0,07,18,1,0,0,1,0,0,0,0,0
"POINT (11.037704131000055 49.451336153000057)",Unfall 114787 (2023) Kat:2, Licht: 2,114787,2,1,0,07,22,1,0,2,1,0,0,0,0,0
"POINT (11.070717612000067 49.469612495000035)",Unfall 114850 (2023) Kat:2, Licht: 0,114850,2,3,5,09,15,2,0,0,1,0,0,0,1,0
"POINT (11.036834263000060 49.438502959000061)",Unfall 114851 (2023) Kat:3, Licht: 2,114851,3,6,1,09,21,2,0,2,0,1,0,1,0,0
"POINT (11.032499002000066 49.523335843000041)",Unfall 114923 (2023) Kat:3, Licht: 0,114923,3,2,5,09,14,1,0,0,1,1,0,0,0,0
"POINT (11.116892071000052 49.393383058000040)",Unfall 114924 (2023) Kat:2, Licht: 0,114924,2,1,0,09,12,1,1,0,1,0,0,0,0,0
"POINT (11.098023399000056 49.394777717000068)",Unfall 115001 (2023) Kat:3, Licht: 0,115001,3,6,3,09,12,7,0,0,0,1,0,1,0,0
"POINT (11.121490443000027 49.442785824000055)",Unfall 115092 (2023) Kat:3, Licht: 0,115092,3,3,6,09,06,6,1,0,0,0,1,0,0,1
"POINT (11.065731012000072 49.428017296000064)",Unfall 115155 (2023) Kat:3, Licht: 0,115155,3,4,0,08,15,5,0,0,0,0,1,0,0,1
"POINT (11.082609408000053 49.430094879000080)",Unfall 115205 (2023) Kat:3, Licht: 2,115205,3,3,6,08,22,4,0,2,1,0,1,0,0,0
"POINT (11.007507251000050 49.425849548000031)",Unfall 115259 (2023) Kat:3, Licht: 0,115259,3,3,1,08,07,3,0,0,1,1,0,0,0,0
"POINT (11.019974444000070 49.441097238000054)",Unfall 115260 (2023) Kat:2, Licht: 0,115260,2,1,0,08,16,3,0,0,0,0,0,0,0,1
"POINT (11.117068973000073 49.393512915000031)",Unfall 115261 (2023) Kat:3, Licht: 0,115261,3,1,9,08,14,3,1,0,0,1,0,0,0,0
"POINT (11.181572663000054 49.410740338000039)",Unfall 115262 (2023) Kat:3, Licht: 0,115262,3,1,8,08,09,3,1,0,0,1,0,0,0,0
"POINT (11.095307238000032 49.469710357000054)",Unfall 115389 (2023) Kat:2, Licht: 0,115389,2,1,0,08,19,1,1,0,0,0,0,1,0,0
"POINT (11.055928411000025 49.488045037000063)",Unfall 115390 (2023) Kat:3, Licht: 0,115390,3,6,2,08,16,1,1,0,0,1,0,0,0,0
"POINT (11.120765008000035 49.453505843000073)",Unfall 115391 (2023) Kat:3, Licht: 0,115391,3,6,2,08,16,1,1,0,0,1,0,0,0,0
"POINT (11.073217724000074 49.402773723000053)",Unfall 115434 (2023) Kat:3, Licht: 0,115434,3,6,3,08,13,7,0,0,0,1,0,0,1,0
"POINT (11.123587211000029 49.397948797000026)",Unfall 115435 (2023) Kat:2, Licht: 0,115435,2,6,3,08,16,7,1,0,1,1,0,0,0,0
"POINT (11.086564174000046 49.429161503000046)",Unfall 115436 (2023) Kat:3, Licht: 2,115436,3,6,2,08,21,7,1,2,0,1,0,0,0,0
"POINT (11.176088329000038 49.399264015000028)",Unfall 115437 (2023) Kat:3, Licht: 0,115437,3,2,4,08,10,7,0,0,0,1,0,1,0,0
"POINT (11.072761174000050 49.403793371000063)",Unfall 115517 (2023) Kat:3, Licht: 0,115517,3,6,3,08,06,6,0,0,0,1,0,0,1,0
"POINT (11.048875803000044 49.365015547000041)",Unfall 115605 (2023) Kat:3, Licht: 0,115605,3,6,2,08,17,5,0,0,0,1,0,1,0,0
"POINT (11.096253115000025 49.431240108000054)",Unfall 115606 (2023) Kat:3, Licht: 0,115606,3,2,5,08,10,5,0,0,0,1,0,0,0,0
"POINT (11.022964741000067 49.461692616000050)",Unfall 115683 (2023) Kat:3, Licht: 2,115683,3,3,5,08,23,4,0,2,0,1,0,0,0,0
"POINT (11.055195680000054 49.444992117000027)",Unfall 115684 (2023) Kat:3, Licht: 0,115684,3,6,2,08,17,4,0,0,0,1,0,0,0,0
"POINT (11.074658845000044 49.430180177000068)",Unfall 115757 (2023) Kat:2, Licht: 0,115757,2,1,9,08,13,3,0,0,0,1,0,0,0,0
"POINT (11.117315268000027 49.482341193000082)",Unfall 115758 (2023) Kat:3, Licht: 0,115758,3,1,0,08,14,3,0,0,0,0,0,1,0,0
"POINT (11.036012951000032 49.440304975000060)",Unfall 115759 (2023) Kat:2, Licht: 0,115759,2,1,0,08,09,3,0,0,1,0,0,0,0,0
"POINT (11.098495259000060 49.431318927000063)",Unfall 115848 (2023) Kat:3, Licht: 0,115848,3,3,5,08,10,2,0,0,1,1,0,0,0,0
"POINT (11.135676941000042 49.472125010000070)",Unfall 116009 (2023) Kat:3, Licht: 0,116009,3,1,0,08,09,7,0,0,1,0,0,0,0,0
"POINT (11.035900296000023 49.445334924000065)",Unfall 116111 (2023) Kat:3, Licht: 2,116111,3,1,0,09,00,1,0,2,0,0,0,0,0,1
"POINT (11.087340122000057 49.405866328000059)",Unfall 116154 (2023) Kat:2, Licht: 0,116154,2,2,5,09,10,7,0,0,1,1,0,0,0,0
"POINT (11.103315166000073 49.473311679000062)",Unfall 116212 (2023) Kat:3, Licht: 0,116212,3,6,3,09,08,6,1,0,0,1,0,1,0,0
"POINT (11.084219928000039 49.344306466000035)",Unfall 116313 (2023) Kat:3, Licht: 0,116313,3,6,3,09,15,5,0,0,0,1,0,0,1,0
"POINT (11.153055025000072 49.465378046000069)",Unfall 116316 (2023) Kat:3, Licht: 0,116316,3,3,5,09,15,5,0,0,1,1,0,0,0,0
"POINT (11.022473751000064 49.461860547000072)",Unfall 116317 (2023) Kat:3, Licht: 2,116317,3,1,0,09,20,5,0,2,1,0,0,0,0,0
"POINT (11.162550016000068 49.408508928000060)",Unfall 116318 (2023) Kat:3, Licht: 0,116318,3,1,0,09,16,5,0,0,1,0,0,0,0,0
"POINT (11.054561604000071 49.429544004000036)",Unfall 116319 (2023) Kat:2, Licht: 0,116319,2,7,6,09,15,5,0,0,1,0,1,0,0,0