WKT,Name,OBJECTID,UKATEGORIE,UTYP1,UART,UMONAT,USTUNDE,UWOCHENTAG,STRZUSTAND,ULICHTVERH,ISTRAD,ISTPKW,ISTFUSS,ISTKRAD,ISTGKFZ,ISTSONSTIG
"POINT (11.080080646000056 49.389870543000029)",Unfall 116320 (2023) Kat:3, Licht: 0,116320,3,1,0,09,18,5,0,0,1,0,0,0,0,0
"POINT (11.076202068000043 49.430684019000068)",Unfall 116472 (2023) Kat:3, Licht: 0,116472,3,2,4,09,09,3,0,0,0,1,0,1,0,0
"POINT (11.037725633000036 49.423000229000081)",Unfall 116626 (2023) Kat:3, Licht: 0,116626,3,1,0,09,11,1,0,0,0,0,0,1,0,0
"POINT (11.125774699000033 49.466992149000077)",Unfall 116797 (2023) Kat:2, Licht: 2,116797,2,1,0,09,20,6,0,2,1,0,0,0,0,0
"POINT (11.048462724000046 49.365870992000055)",Unfall 116798 (2023) Kat:2, Licht: 2,116798,2,1,0,09,20,6,0,2,1,0,0,0,0,0
"POINT (11.093404318000069 49.430357669000045)",Unfall 116799 (2023) Kat:3, Licht: 0,116799,3,2,6,09,16,6,0,0,0,1,1,0,0,0
"POINT (11.130231051000067 49.432900235000034)",Unfall 116800 (2023) Kat:3, Licht: 0,116800,3,3,5,09,15,6,0,0,1,1,0,0,0,0
"POINT (11.034008859000039 49.513574494000068)",Unfall 116816 (2023) Kat:3, Licht: 0,116816,3,6,2,09,07,5,0,0,0,1,0,1,0,0
"POINT (11.108793754000033 49.461333651000075)",Unfall 117038 (2023) Kat:3, Licht: 0,117038,3,3,5,09,16,3,0,0,0,1,0,0,0,0
"POINT (11.040076535000026 49.454372806000038)",Unfall 117039 (2023) Kat:3, Licht: 0,117039,3,2,5,09,18,3,0,0,0,1,1,0,0,0
"POINT (11.204109374000041 49.420133560000068)",Unfall 117121 (2023) Kat:3, Licht: 0,117121,3,6,3,09,18,2,0,0,0,1,0,0,1,0
"POINT (11.044414641000060 49.449102368000069)",Unfall 117125 (2023) Kat:1, Licht: 2,117125,1,4,6,09,23,2,0,2,0,1,1,0,0,0
"POINT (11.145965685000021 49.463806096000042)",Unfall 117126 (2023) Kat:3, Licht: 0,117126,3,6,2,09,16,2,0,0,0,1,0,0,0,0
"POINT (11.083981159000075 49.394585115000041)",Unfall 117233 (2023) Kat:3, Licht: 0,117233,3,6,2,09,14,1,0,0,0,1,0,0,0,0
"POINT (11.115383124000061 49.391027891000078)",Unfall 117337 (2023) Kat:3, Licht: 2,117337,3,6,2,09,00,7,0,2,0,1,0,0,0,1
"POINT (11.121091291000027 49.456638949000080)",Unfall 117457 (2023) Kat:3, Licht: 0,117457,3,1,0,09,11,6,1,0,0,0,0,1,0,1
"POINT (11.012904622000065 49.465298460000042)",Unfall 117458 (2023) Kat:3, Licht: 0,117458,3,6,2,09,16,6,0,0,0,1,0,1,0,0
"POINT (11.092519436000032 49.394624261000047)",Unfall 117580 (2023) Kat:3, Licht: 1,117580,3,6,3,09,19,5,0,1,0,1,0,0,1,0
"POINT (11.037816079000038 49.423266792000049)",Unfall 117588 (2023) Kat:3, Licht: 0,117588,3,6,2,09,18,5,0,0,0,1,0,0,0,0
"POINT (11.055263533000073 49.444964583000058)",Unfall 117589 (2023) Kat:3, Licht: 0,117589,3,6,2,09,18,5,0,0,0,1,0,0,0,0
"POINT (11.064273771000046 49.474446610000030)",Unfall 117728 (2023) Kat:3, Licht: 0,117728,3,1,0,09,17,4,0,0,1,0,0,0,0,0
"POINT (11.099508840000055 49.356045334000044)",Unfall 117836 (2023) Kat:2, Licht: 0,117836,2,7,0,09,15,3,0,0,0,0,0,0,0,1
"POINT (11.035993351000059 49.440759454000045)",Unfall 117837 (2023) Kat:3, Licht: 0,117837,3,2,5,09,13,3,0,0,1,0,0,0,1,0
"POINT (11.061530756000025 49.466958530000056)",Unfall 117839 (2023) Kat:3, Licht: 0,117839,3,2,5,09,19,3,0,0,1,1,0,0,0,0
"POINT (11.099630776000026 49.375464858000043)",Unfall 117973 (2023) Kat:3, Licht: 2,117973,3,3,5,10,17,5,0,2,0,1,0,0,0,0
"POINT (11.016139240000030 49.467150497000034)",Unfall 118034 (2023) Kat:3, Licht: 2,118034,3,6,2,10,20,4,1,2,0,1,0,0,0,1
"POINT (11.044196771000031 49.429296165000039)",Unfall 118035 (2023) Kat:3, Licht: 2,118035,3,3,5,10,05,4,0,2,1,1,0,0,0,0
"POINT (11.054808408000042 49.444561292000060)",Unfall 118110 (2023) Kat:3, Licht: 2,118110,3,3,5,10,04,3,0,2,0,1,0,0,0,0
"POINT (11.049017243000037 49.430112780000059)",Unfall 118111 (2023) Kat:3, Licht: 2,118111,3,6,2,10,20,3,0,2,0,1,0,0,0,0
"POINT (11.058144961000039 49.442868834000080)",Unfall 118171 (2023) Kat:3, Licht: 0,118171,3,6,3,10,16,2,0,0,0,1,0,0,0,0
"POINT (11.048984109000060 49.364772968000068)",Unfall 118172 (2023) Kat:3, Licht: 1,118172,3,3,5,10,17,2,0,1,1,1,0,0,0,0
"POINT (10.996976572000051 49.435231757000054)",Unfall 118173 (2023) Kat:3, Licht: 2,118173,3,1,0,10,18,2,1,2,0,1,0,1,0,0
"POINT (11.036945158000037 49.449747121000030)",Unfall 118261 (2023) Kat:3, Licht: 1,118261,3,1,9,10,06,7,0,1,0,1,0,0,0,0
"POINT (11.036456823000037 49.448458982000034)",Unfall 118262 (2023) Kat:3, Licht: 0,118262,3,2,5,10,13,7,0,0,1,1,0,0,0,0
"POINT (11.066493923000053 49.428028253000036)",Unfall 118332 (2023) Kat:3, Licht: 1,118332,3,4,6,10,17,6,0,1,0,1,1,0,0,0
"POINT (11.041712585000028 49.430123508000065)",Unfall 118333 (2023) Kat:3, Licht: 0,118333,3,6,2,10,10,6,1,0,0,1,0,0,0,0
"POINT (11.045826270000077 49.429912056000035)",Unfall 118411 (2023) Kat:3, Licht: 0,118411,3,4,6,10,17,5,1,0,1,0,1,0,0,0
"POINT (11.116002661000039 49.481629042000066)",Unfall 118461 (2023) Kat:3, Licht: 0,118461,3,2,4,10,16,4,0,0,1,1,0,0,0,0
"POINT (11.104595869000036 49.425240516000031)",Unfall 118462 (2023) Kat:3, Licht: 0,118462,3,6,2,10,10,4,0,0,0,1,0,0,0,0
"POINT (11.003283244000045 49.438620519000040)",Unfall 118509 (2023) Kat:2, Licht: 0,118509,2,6,0,10,16,3,0,0,0,1,0,1,0,0
"POINT (11.116891898000063 49.393468239000072)",Unfall 118629 (2023) Kat:3, Licht: 0,118629,3,1,0,10,16,1,0,0,0,1,0,0,0,0
"POINT (11.083723811000027 49.429788338000037)",Unfall 118672 (2023) Kat:3, Licht: 0,118672,3,7,3,10,15,7,1,0,0,1,0,0,0,0
"POINT (11.103866384000071 49.474459647000060)",Unfall 118674 (2023) Kat:3, Licht: 0,118674,3,6,2,10,15,7,1,0,0,1,0,0,0,1
"POINT (11.122292089000041 49.435969255000032)",Unfall 118675 (2023) Kat:3, Licht: 0,118675,3,2,4,10,12,7,1,0,1,1,0,0,0,0
"POINT (11.066226364000045 49.427947472000028)",Unfall 118748 (2023) Kat:3, Licht: 2,118748,3,3,5,10,21,6,0,2,0,1,0,0,0,0
"POINT (11.103293021000070 49.431393526000079)",Unfall 118749 (2023) Kat:3, Licht: 0,118749,3,6,2,10,16,6,0,0,0,1,0,0,0,0
"POINT (11.026630786000055 49.460474564000037)",Unfall 118919 (2023) Kat:3, Licht: 0,118919,3,6,2,10,15,4,0,0,0,1,0,0,0,0
"POINT (11.024126914000021 49.461307175000059)",Unfall 119068 (2023) Kat:3, Licht: 0,119068,3,6,2,10,14,2,0,0,0,1,0,0,0,1
"POINT (11.016984910000076 49.463809443000059)",Unfall 119069 (2023) Kat:3, Licht: 2,119069,3,2,5,10,21,2,1,2,0,1,0,0,0,1
"POINT (11.111282081000070 49.415998158000036)",Unfall 119154 (2023) Kat:1, Licht: 2,119154,1,1,0,10,20,1,0,2,1,0,0,0,0,0
"POINT (11.067799619000027 49.417804728000078)",Unfall 119297 (2023) Kat:3, Licht: 0,119297,3,6,3,10,12,6,0,0,0,1,0,0,0,0
"POINT (11.060680085000058 49.345796204000067)",Unfall 119298 (2023) Kat:3, Licht: 0,119298,3,3,5,10,11,6,0,0,0,1,0,0,0,0
"POINT (11.036255938000068 49.439294517000064)",Unfall 119373 (2023) Kat:3, Licht: 0,119373,3,6,3,10,10,5,0,0,0,1,0,0,1,0
"POINT (11.132167663000075 49.432214513000076)",Unfall 119411 (2023) Kat:3, Licht: 2,119411,3,6,2,10,18,4,1,2,0,1,0,0,0,0
"POINT (11.081036756000060 49.469437315000050)",Unfall 119416 (2023) Kat:3, Licht: 1,119416,3,6,2,10,07,3,0,1,0,1,0,0,0,0
"POINT (11.048992568000074 49.364754024000035)",Unfall 119509 (2023) Kat:2, Licht: 0,119509,2,2,4,10,11,6,0,0,1,1,0,0,0,0
"POINT (11.081413900000030 49.469432319000077)",Unfall 119559 (2023) Kat:3, Licht: 0,119559,3,3,6,10,17,3,1,0,0,1,1,0,0,0
"POINT (11.036080947000073 49.419967740000061)",Unfall 119602 (2023) Kat:2, Licht: 0,119602,2,2,5,10,15,2,0,0,1,1,0,0,0,0
"POINT (11.160238218000075 49.411771544000032)",Unfall 119603 (2023) Kat:3, Licht: 0,119603,3,1,0,10,10,2,0,0,0,0,0,1,0,1
"POINT (11.185396335000064 49.418778047000046)",Unfall 119652 (2023) Kat:3, Licht: 0,119652,3,3,5,10,15,2,0,0,1,1,0,0,0,0
"POINT (11.106389240000055 49.394960486000059)",Unfall 119695 (2023) Kat:3, Licht: 0,119695,3,7,9,10,17,1,0,0,0,0,0,1,0,0
"POINT (11.120534956000029 49.465269676000048)",Unfall 119700 (2023) Kat:2, Licht: 2,119700,2,1,0,10,19,1,0,2,1,0,0,0,0,0
"POINT (11.036390323000035 49.448905255000057)",Unfall 119777 (2023) Kat:3, Licht: 0,119777,3,6,2,09,11,7,0,0,0,1,0,0,0,0
"POINT (11.102946826000050 49.464064611000026)",Unfall 119778 (2023) Kat:2, Licht: 1,119778,2,2,6,09,19,7,1,1,0,1,1,0,0,0
"POINT (11.035800072000029 49.440763858000025)",Unfall 119780 (2023) Kat:3, Licht: 0,119780,3,6,2,09,13,7,0,0,0,1,0,0,0,0
"POINT (11.107627256000058 49.418100451000043)",Unfall 119802 (2023) Kat:3, Licht: 0,119802,3,6,3,10,07,5,0,0,0,1,0,0,0,0
"POINT (11.039817756000048 49.376905993000037)",Unfall 119812 (2023) Kat:3, Licht: 0,119812,3,1,0,10,16,7,0,0,1,1,0,0,0,0
"POINT (11.044841341000051 49.502889613000036)",Unfall 119867 (2023) Kat:3, Licht: 0,119867,3,7,0,09,17,6,0,0,0,0,0,0,0,1
"POINT (11.107670966000057 49.461112964000051)",Unfall 119869 (2023) Kat:3, Licht: 0,119869,3,6,3,09,18,6,0,0,0,1,0,0,0,1
"POINT (11.036127418000035 49.447871633000034)",Unfall 119870 (2023) Kat:3, Licht: 0,119870,3,6,2,09,09,6,0,0,0,1,0,0,1,0
"POINT (11.064240987000062 49.474002942000027)",Unfall 119986 (2023) Kat:3, Licht: 0,119986,3,6,4,09,16,5,0,0,1,0,0,0,0,0
"POINT (11.050370819000022 49.361683137000057)",Unfall 119987 (2023) Kat:3, Licht: 0,119987,3,1,7,09,12,5,0,0,1,0,0,0,0,1
"POINT (11.033302519000074 49.412528422000037)",Unfall 119989 (2023) Kat:3, Licht: 0,119989,3,7,6,09,16,5,0,0,0,0,1,0,0,1
"POINT (11.042305392000060 49.427071133000027)",Unfall 119990 (2023) Kat:3, Licht: 0,119990,3,6,3,09,17,5,0,0,0,1,0,0,0,1
"POINT (11.072631530000024 49.404807257000073)",Unfall 119995 (2023) Kat:3, Licht: 0,119995,3,1,2,10,13,7,1,0,0,1,0,0,0,0
"POINT (11.105914545000076 49.419797978000076)",Unfall 120054 (2023) Kat:2, Licht: 0,120054,2,6,2,10,12,3,0,0,0,1,0,0,0,0
"POINT (11.040058344000045 49.454349868000065)",Unfall 120138 (2023) Kat:2, Licht: 2,120138,2,2,4,09,21,4,0,2,1,1,0,0,0,0
"POINT (11.058268386000066 49.442777920000026)",Unfall 120139 (2023) Kat:3, Licht: 0,120139,3,3,5,09,16,4,0,0,1,0,0,0,0,1
"POINT (11.035499573000038 49.402535822000061)",Unfall 120140 (2023) Kat:3, Licht: 0,120140,3,7,0,09,16,4,0,0,0,1,0,0,0,1
"POINT (11.007345242000042 49.425985783000044)",Unfall 120141 (2023) Kat:3, Licht: 2,120141,3,1,1,10,22,3,0,2,0,1,0,0,0,0
"POINT (11.034984029000043 49.408948199000065)",Unfall 120142 (2023) Kat:3, Licht: 0,120142,3,6,2,09,14,4,0,0,0,1,0,1,0,0
"POINT (11.141755025000066 49.472274129000027)",Unfall 120143 (2023) Kat:3, Licht: 0,120143,3,6,2,09,17,4,0,0,0,1,0,0,0,0
"POINT (11.116270594000071 49.403537224000047)",Unfall 120173 (2023) Kat:3, Licht: 1,120173,3,3,5,10,07,2,0,1,1,1,0,0,0,0
"POINT (11.029987759000051 49.420709419000048)",Unfall 120242 (2023) Kat:1, Licht: 2,120242,1,3,5,09,22,6,0,2,1,1,0,0,0,0
"POINT (11.010338948000026 49.424145152000051)",Unfall 120283 (2023) Kat:3, Licht: 0,120283,3,1,0,09,18,3,1,0,0,0,0,1,0,0
"POINT (11.035712648000072 49.442191796000031)",Unfall 120362 (2023) Kat:3, Licht: 0,120362,3,6,2,10,13,3,1,0,0,1,0,0,0,0
"POINT (10.998653513000022 49.438044290000050)",Unfall 120409 (2023) Kat:3, Licht: 0,120409,3,2,5,09,08,2,0,0,1,1,0,0,0,0
"POINT (11.160081777000073 49.420808268000030)",Unfall 120410 (2023) Kat:3, Licht: 0,120410,3,3,5,09,14,2,0,0,0,1,0,0,1,1
"POINT (11.055116793000025 49.445024131000082)",Unfall 120411 (2023) Kat:3, Licht: 0,120411,3,2,4,09,16,2,0,0,1,1,0,0,0,0
"POINT (11.183645024000043 49.392533451000077)",Unfall 120480 (2023) Kat:3, Licht: 2,120480,3,6,2,11,18,5,1,2,0,1,0,0,0,0
"POINT (11.037274759000070 49.516443397000046)",Unfall 120550 (2023) Kat:3, Licht: 0,120550,3,1,1,11,12,4,0,0,1,0,0,0,0,1
"POINT (11.036384175000023 49.448886163000054)",Unfall 120551 (2023) Kat:3, Licht: 2,120551,3,6,2,11,16,4,1,2,0,1,0,0,0,0
"POINT (11.037793344000022 49.423082697000041)",Unfall 120625 (2023) Kat:3, Licht: 2,120625,3,3,5,11,16,3,1,2,0,1,0,0,0,0
"POINT (11.076473936000070 49.398243080000043)",Unfall 120684 (2023) Kat:3, Licht: 2,120684,3,6,2,11,16,2,1,2,0,1,0,0,0,0
"POINT (11.036018821000027 49.446343911000042)",Unfall 120690 (2023) Kat:3, Licht: 0,120690,3,6,2,11,07,2,1,0,0,1,0,0,0,0
"POINT (11.035125596000057 49.420999899000037)",Unfall 120691 (2023) Kat:3, Licht: 0,120691,3,6,2,11,12,2,1,0,0,1,0,0,0,0
"POINT (11.116222853000068 49.435533398000075)",Unfall 120692 (2023) Kat:2, Licht: 2,120692,2,4,6,11,06,2,1,2,0,1,1,0,0,0
"POINT (11.066583861000026 49.423519537000061)",Unfall 120693 (2023) Kat:3, Licht: 1,120693,3,1,0,11,07,2,1,1,1,0,0,0,0,0
"POINT (11.098418013000071 49.467627409000045)",Unfall 120694 (2023) Kat:3, Licht: 0,120694,3,1,0,11,08,2,0,0,0,0,0,1,0,0
"POINT (11.101681487000064 49.470717325000066)",Unfall 120805 (2023) Kat:3, Licht: 0,120805,3,1,0,11,16,7,0,0,1,0,0,0,0,0
"POINT (11.059057005000057 49.483990933000030)",Unfall 120851 (2023) Kat:2, Licht: 0,120851,2,4,6,11,12,6,0,0,0,1,1,0,0,0
"POINT (11.107704939000030 49.417945699000029)",Unfall 120852 (2023) Kat:3, Licht: 2,120852,3,1,0,11,18,6,0,2,0,0,0,1,0,0
"POINT (11.103386012000044 49.472799015000078)",Unfall 120853 (2023) Kat:3, Licht: 2,120853,3,2,4,11,06,6,1,2,1,1,0,0,0,0
"POINT (11.057621596000047 49.485858362000045)",Unfall 120931 (2023) Kat:3, Licht: 2,120931,3,6,2,11,18,5,1,2,0,1,0,0,0,0
"POINT (11.073792035000054 49.430069897000067)",Unfall 120932 (2023) Kat:3, Licht: 2,120932,3,1,9,11,22,5,1,2,0,1,0,0,0,0
"POINT (11.037780056000031 49.423066219000077)",Unfall 121004 (2023) Kat:3, Licht: 2,121004,3,3,2,11,17,4,0,2,0,1,0,0,0,0
"POINT (11.054672396000058 49.354048586000033)",Unfall 121005 (2023) Kat:3, Licht: 0,121005,3,6,2,11,14,4,0,0,0,1,0,0,0,0
"POINT (11.180562172000066 49.416644581000071)",Unfall 121006 (2023) Kat:3, Licht: 2,121006,3,3,5,11,16,4,0,2,0,1,0,0,0,0
"POINT (11.102877034000073 49.464119175000064)",Unfall 121069 (2023) Kat:3, Licht: 2,121069,3,4,6,11,17,3,1,2,1,0,1,0,0,0
"POINT (11.012601875000030 49.465398233000030)",Unfall 121070 (2023) Kat:3, Licht: 0,121070,3,2,4,11,08,3,0,0,0,1,0,0,0,0
"POINT (11.054508712000029 49.465695353000058)",Unfall 121071 (2023) Kat:3, Licht: 2,121071,3,3,3,11,17,3,1,2,1,1,0,0,0,0
"POINT (11.058261270000060 49.348858188000065)",Unfall 121153 (2023) Kat:3, Licht: 2,121153,3,3,5,11,17,2,0,2,0,1,0,0,0,0
"POINT (11.023210594000034 49.461470122000037)",Unfall 121258 (2023) Kat:3, Licht: 2,121258,3,4,6,11,22,7,0,2,0,1,1,0,0,0
"POINT (11.103062687000033 49.463966055000071)",Unfall 121303 (2023) Kat:3, Licht: 2,121303,3,2,5,11,20,6,0,2,0,1,0,0,0,0
"POINT (11.029998814000066 49.420786587000066)",Unfall 121305 (2023) Kat:3, Licht: 2,121305,3,2,6,11,17,6,0,2,0,1,1,0,0,0
"POINT (11.184638311000072 49.392865916000062)",Unfall 121351 (2023) Kat:3, Licht: 0,121351,3,6,3,11,14,5,1,0,0,1,0,0,1,0
"POINT (11.033845390000067 49.411786117000077)",Unfall 121356 (2023) Kat:3, Licht: 0,121356,3,2,4,11,15,5,1,0,0,0,0,0,1,1
"POINT (11.064426136000066 49.473511205000079)",Unfall 121390 (2023) Kat:3, Licht: 2,121390,3,1,0,11,18,7,1,2,0,0,0,0,0,1
"POINT (11.058801296000070 49.443221443000027)",Unfall 121478 (2023) Kat:3, Licht: 0,121478,3,3,5,10,15,3,0,0,0,1,0,0,0,0
"POINT (11.102440241000068 49.471512298000050)",Unfall 121557 (2023) Kat:3, Licht: 0,121557,3,1,0,10,15,2,0,0,1,0,0,0,0,0
"POINT (11.165001798000048 49.405477081000072)",Unfall 121623 (2023) Kat:2, Licht: 2,121623,2,3,5,10,20,1,1,2,0,1,0,0,0,0
"POINT (11.152848111000026 49.416231980000077)",Unfall 121658 (2023) Kat:3, Licht: 2,121658,3,3,5,11,18,5,1,2,0,1,0,0,1,0
"POINT (11.048994632000074 49.364749400000051)",Unfall 121687 (2023) Kat:3, Licht: 0,121687,3,3,5,10,10,7,0,0,0,1,0,0,0,0
"POINT (11.033735997000065 49.518748167000069)",Unfall 121688 (2023) Kat:3, Licht: 2,121688,3,6,3,10,18,7,1,2,0,1,0,0,0,0
"POINT (11.026951485000041 49.441598075000059)",Unfall 121786 (2023) Kat:3, Licht: 2,121786,3,1,9,12,20,7,0,2,0,1,0,0,0,0
"POINT (11.052311563000046 49.493351064000080)",Unfall 121787 (2023) Kat:3, Licht: 0,121787,3,6,2,12,14,7,0,0,0,1,0,0,0,0
"POINT (11.098025474000053 49.394777836000060)",Unfall 121827 (2023) Kat:3, Licht: 2,121827,3,6,3,12,22,6,0,2,0,1,0,0,0,0
"POINT (11.041749381000045 49.429991532000031)",Unfall 121863 (2023) Kat:3, Licht: 2,121863,3,6,2,12,18,5,1,2,0,1,0,0,0,0
"POINT (11.035920811000040 49.421258882000075)",Unfall 121926 (2023) Kat:3, Licht: 0,121926,3,3,5,12,14,4,0,0,0,1,0,0,0,0
"POINT (11.171254396000052 49.401621792000071)",Unfall 121927 (2023) Kat:2, Licht: 0,121927,2,6,4,12,14,4,1,0,0,1,0,0,0,0
"POINT (11.101959106000038 49.470993738000061)",Unfall 122026 (2023) Kat:3, Licht: 2,122026,3,4,6,12,17,2,1,2,0,1,1,0,0,0
"POINT (11.041251528000032 49.450402036000071)",Unfall 122027 (2023) Kat:3, Licht: 0,122027,3,6,2,12,07,2,0,0,0,1,0,0,0,0
"POINT (11.103191911000067 49.431506304000038)",Unfall 122061 (2023) Kat:3, Licht: 0,122061,3,3,5,12,09,1,1,0,0,1,0,0,0,0
"POINT (11.035066549000021 49.403975754000044)",Unfall 122089 (2023) Kat:3, Licht: 0,122089,3,3,6,12,12,7,0,0,0,1,1,0,0,0
"POINT (11.143978343000072 49.427569807000054)",Unfall 122103 (2023) Kat:3, Licht: 0,122103,3,6,2,12,14,2,0,0,0,1,0,0,0,0
"POINT (11.037205313000072 49.399289488000079)",Unfall 122142 (2023) Kat:3, Licht: 2,122142,3,3,5,12,20,6,1,2,1,1,0,0,0,0
"POINT (11.049759892000054 49.461829752000028)",Unfall 122143 (2023) Kat:2, Licht: 2,122143,2,4,6,12,18,6,1,2,0,1,1,0,0,0
"POINT (11.115040690000058 49.403505322000058)",Unfall 122144 (2023) Kat:1, Licht: 2,122144,1,3,6,12,18,6,1,2,0,1,1,0,0,0
"POINT (11.115042570000071 49.403496487000041)",Unfall 122196 (2023) Kat:3, Licht: 1,122196,3,3,5,12,07,5,1,1,0,0,0,0,1,1
"POINT (11.037845409000056 49.396813018000046)",Unfall 122226 (2023) Kat:3, Licht: 0,122226,3,3,5,12,09,3,0,0,0,1,0,0,0,0
"POINT (11.034183490000032 49.410512177000044)",Unfall 122252 (2023) Kat:3, Licht: 2,122252,3,2,4,12,17,4,1,2,0,1,0,1,0,0
"POINT (11.156899331000034 49.466225955000027)",Unfall 122253 (2023) Kat:3, Licht: 2,122253,3,6,2,12,17,4,1,2,0,1,0,0,0,0
"POINT (11.100430307000067 49.465382932000068)",Unfall 122317 (2023) Kat:3, Licht: 0,122317,3,6,2,12,12,6,0,0,0,0,0,1,1,0
"POINT (11.043972275000044 49.370031175000065)",Unfall 122378 (2023) Kat:3, Licht: 2,122378,3,3,5,12,17,2,0,2,0,1,0,0,0,0
"POINT (11.116255719000037 49.403543069000079)",Unfall 122527 (2023) Kat:3, Licht: 2,122527,3,3,5,12,06,6,1,2,1,1,0,0,0,0
"POINT (11.037872213000071 49.423338801000057)",Unfall 122528 (2023) Kat:3, Licht: 2,122528,3,6,1,12,05,6,1,2,0,1,0,0,0,1
"POINT (11.122060610000062 49.456926643000031)",Unfall 122633 (2023) Kat:3, Licht: 2,122633,3,3,5,11,18,5,0,2,0,1,0,0,0,1
"POINT (11.034408709000047 49.420870757000046)",Unfall 122634 (2023) Kat:3, Licht: 0,122634,3,6,0,11,14,5,1,0,0,1,0,0,0,1
"POINT (11.089916504000030 49.429788589000054)",Unfall 122635 (2023) Kat:3, Licht: 1,122635,3,4,6,11,16,5,0,1,1,0,1,0,0,0
"POINT (11.055991583000036 49.443975912000042)",Unfall 122688 (2023) Kat:3, Licht: 0,122688,3,6,3,12,13,3,1,0,0,1,0,0,1,0
"POINT (11.036295658000029 49.439240085000051)",Unfall 122715 (2023) Kat:3, Licht: 0,122715,3,2,5,12,14,5,1,0,1,1,0,0,0,0
"POINT (11.029316361000042 49.441600479000044)",Unfall 122862 (2023) Kat:3, Licht: 0,122862,3,6,2,11,13,2,0,0,0,1,0,0,0,0
"POINT (11.103913282000065 49.475311788000056)",Unfall 123192 (2023) Kat:3, Licht: 2,123192,3,3,5,12,16,6,1,2,1,1,0,0,0,0
"POINT (11.075685108000073 49.344429550000029)",Unfall 123231 (2023) Kat:3, Licht: 0,123231,3,1,0,11,13,5,2,0,1,0,0,0,0,0
"POINT (11.067395484000031 49.422242865000044)",Unfall 123283 (2023) Kat:3, Licht: 2,123283,3,3,5,11,19,4,0,2,1,1,0,0,0,0
"POINT (11.086272426000050 49.429308498000069)",Unfall 123284 (2023) Kat:3, Licht: 2,123284,3,2,3,11,06,4,0,2,1,0,0,0,0,1
"POINT (11.067566208000073 49.469373604000054)",Unfall 123285 (2023) Kat:3, Licht: 0,123285,3,1,0,11,12,4,0,0,1,0,0,0,0,0
"POINT (11.097818969000059 49.467009463000068)",Unfall 123345 (2023) Kat:3, Licht: 2,123345,3,3,6,11,17,2,1,2,0,0,1,1,0,0
"POINT (11.052377126000067 49.493202546000077)",Unfall 123422 (2023) Kat:3, Licht: 1,123422,3,6,2,11,15,2,0,1,0,1,0,0,0,0
"POINT (11.065701428000068 49.428016330000048)",Unfall 123423 (2023) Kat:3, Licht: 1,123423,3,4,6,11,17,2,1,1,1,0,1,0,0,0
"POINT (11.040084898000032 49.381145984000057)",Unfall 123528 (2023) Kat:3, Licht: 2,123528,3,3,5,11,20,7,1,2,0,1,0,0,0,0
"POINT (11.043967014000032 49.429020454000067)",Unfall 123567 (2023) Kat:2, Licht: 1,123567,2,4,6,11,07,2,0,1,0,0,1,0,0,1
"POINT (11.084004811000057 49.429705914000067)",Unfall 123584 (2023) Kat:3, Licht: 1,123584,3,3,5,11,18,6,0,1,1,1,0,0,0,0
"POINT (11.113070393000044 49.412482188000070)",Unfall 123585 (2023) Kat:3, Licht: 0,123585,3,7,0,11,13,6,0,0,1,0,0,0,1,0
"POINT (11.015513392000059 49.522836665000057)",Unfall 123586 (2023) Kat:3, Licht: 0,123586,3,3,5,11,10,6,1,0,0,1,0,0,0,0
"POINT (11.051317988000051 49.463384294000036)",Unfall 125795 (2023) Kat:3, Licht: 2,125795,3,2,5,12,23,5,0,2,0,1,0,0,0,0
"POINT (11.081834567000044 49.411746920000041)",Unfall 125840 (2023) Kat:3, Licht: 1,125840,3,6,2,12,16,4,1,1,0,1,0,0,0,0
"POINT (11.103598034000072 49.474301971000045)",Unfall 125841 (2023) Kat:3, Licht: 0,125841,3,2,5,12,09,4,0,0,1,1,0,0,0,0
"POINT (11.100109797000073 49.394897327000081)",Unfall 125896 (2023) Kat:2, Licht: 2,125896,2,7,1,12,18,3,1,2,0,1,0,0,0,0
"POINT (11.111338140000043 49.479324740000038)",Unfall 125897 (2023) Kat:3, Licht: 0,125897,3,3,5,12,11,3,0,0,0,1,0,0,0,0
"POINT (11.118493063000074 49.391096981000032)",Unfall 125960 (2023) Kat:3, Licht: 0,125960,3,7,8,12,13,1,1,0,0,1,0,0,0,0
"POINT (11.028164783000022 49.523132892000035)",Unfall 125965 (2023) Kat:1, Licht: 0,125965,1,1,8,12,11,1,1,0,0,1,0,0,0,0
"POINT (11.065398317000074 49.428035917000045)",Unfall 126048 (2023) Kat:3, Licht: 2,126048,3,7,1,12,18,6,1,2,0,1,0,0,0,0
"POINT (11.106101995000074 49.460671947000037)",Unfall 126049 (2023) Kat:3, Licht: 2,126049,3,4,6,12,17,6,1,2,0,1,1,0,0,0
"POINT (11.050789586000064 49.360749881000061)",Unfall 126140 (2023) Kat:3, Licht: 1,126140,3,4,6,12,17,5,1,1,0,1,1,0,0,0
"POINT (11.119910409000056 49.400829137000073)",Unfall 126141 (2023) Kat:3, Licht: 0,126141,3,3,5,12,07,5,1,0,1,1,0,0,0,0