WKT,Name,OBJECTID,UKATEGORIE,UTYP1,UART,UMONAT,USTUNDE,UWOCHENTAG,STRZUSTAND,ULICHTVERH,ISTRAD,ISTPKW,ISTFUSS,ISTKRAD,ISTGKFZ,ISTSONSTIG
"POINT (11.058221045000039 49.442811654000081)",Unfall 126220 (2023) Kat:3, Licht: 1,126220,3,6,2,12,17,4,0,1,0,1,0,0,0,0
"POINT (11.128682782000055 49.458751998000025)",Unfall 126221 (2023) Kat:3, Licht: 2,126221,3,6,3,12,18,4,1,2,0,1,0,0,0,0
"POINT (11.037179787000071 49.399367154000061)",Unfall 126223 (2023) Kat:3, Licht: 2,126223,3,4,6,12,06,4,1,2,0,1,1,0,0,0
"POINT (11.017849567000042 49.463338874000044)",Unfall 126305 (2023) Kat:3, Licht: 0,126305,3,6,3,12,09,3,0,0,1,1,0,0,0,0
"POINT (11.116638674000058 49.435792109000033)",Unfall 126306 (2023) Kat:2, Licht: 0,126306,2,2,5,12,13,3,0,0,1,1,0,0,0,0
"POINT (11.004310829000076 49.438743546000069)",Unfall 126307 (2023) Kat:3, Licht: 2,126307,3,7,0,12,23,3,1,2,1,0,0,0,0,0
"POINT (11.103133214000025 49.431370346000051)",Unfall 126414 (2023) Kat:2, Licht: 1,126414,2,3,5,12,16,2,1,1,1,1,0,0,0,0
"POINT (11.025669091000054 49.375534156000072)",Unfall 126416 (2023) Kat:3, Licht: 2,126416,3,2,4,12,18,2,0,2,0,1,0,0,0,0
"POINT (11.084063363000041 49.456274158000042)",Unfall 214660 (2023) Kat:3, Licht: 0,214660,3,3,6,01,13,4,0,0,1,0,1,0,0,0
"POINT (11.048950228000024 49.408430150000072)",Unfall 214661 (2023) Kat:3, Licht: 2,214661,3,4,6,01,06,4,0,2,0,1,1,0,0,0
"POINT (11.122429216000057 49.482119184000055)",Unfall 214662 (2023) Kat:3, Licht: 2,214662,3,1,0,01,16,4,0,2,0,0,0,1,0,0
"POINT (11.090510872000038 49.438403958000038)",Unfall 214693 (2023) Kat:2, Licht: 2,214693,2,3,5,01,17,3,0,2,1,0,0,0,0,1
"POINT (11.011423153000067 49.383803341000032)",Unfall 214694 (2023) Kat:3, Licht: 0,214694,3,1,9,01,12,3,0,0,0,1,0,0,0,0
"POINT (11.114112961000046 49.465950362000058)",Unfall 214695 (2023) Kat:3, Licht: 0,214695,3,6,2,01,11,3,0,0,0,1,0,0,0,0
"POINT (11.058330743000056 49.460079048000068)",Unfall 214812 (2023) Kat:2, Licht: 2,214812,2,4,6,01,21,6,1,2,0,1,1,0,0,0
"POINT (11.088594899000043 49.443706690000056)",Unfall 214813 (2023) Kat:3, Licht: 2,214813,3,4,6,01,18,6,1,2,1,0,1,0,0,0
"POINT (11.074917623000033 49.436942024000075)",Unfall 214852 (2023) Kat:3, Licht: 0,214852,3,7,0,01,09,5,1,0,0,0,0,0,0,1
"POINT (11.165159816000028 49.395306058000074)",Unfall 214853 (2023) Kat:3, Licht: 1,214853,3,6,2,01,17,5,0,1,0,1,0,0,0,0
"POINT (11.143989010000041 49.412536048000050)",Unfall 214854 (2023) Kat:3, Licht: 0,214854,3,6,2,01,14,5,0,0,0,1,0,0,0,0
"POINT (11.074507533000030 49.437821569000050)",Unfall 214887 (2023) Kat:3, Licht: 2,214887,3,1,0,01,17,4,1,2,1,0,0,0,0,0
"POINT (11.046872876000066 49.424869823000051)",Unfall 214888 (2023) Kat:3, Licht: 1,214888,3,4,6,01,07,4,1,1,0,1,1,0,0,0
"POINT (11.088820136000038 49.440117739000073)",Unfall 214889 (2023) Kat:3, Licht: 2,214889,3,3,5,01,07,4,0,2,1,1,0,0,0,0
"POINT (11.089305251000042 49.447085565000066)",Unfall 214890 (2023) Kat:3, Licht: 2,214890,3,1,0,01,17,4,1,2,1,0,0,0,0,0
"POINT (11.114188529000046 49.454025807000050)",Unfall 214933 (2023) Kat:3, Licht: 0,214933,3,3,5,01,16,3,0,0,1,1,0,0,0,0
"POINT (11.008160047000047 49.445770335000077)",Unfall 214934 (2023) Kat:3, Licht: 0,214934,3,6,2,01,14,3,0,0,0,1,0,1,0,0
"POINT (11.083460251000076 49.447401719000027)",Unfall 214936 (2023) Kat:3, Licht: 0,214936,3,3,5,01,14,3,0,0,0,1,0,0,0,0
"POINT (11.078209369000035 49.441895014000067)",Unfall 214937 (2023) Kat:3, Licht: 0,214937,3,1,0,01,13,3,0,0,1,0,0,0,0,0
"POINT (11.064726884000038 49.410361753000075)",Unfall 214938 (2023) Kat:3, Licht: 0,214938,3,2,4,01,09,3,0,0,0,1,0,0,0,0
"POINT (11.050700513000038 49.409792432000074)",Unfall 214975 (2023) Kat:3, Licht: 0,214975,3,1,0,01,09,2,1,0,0,0,0,1,0,0
"POINT (11.071845539000037 49.457165949000057)",Unfall 214976 (2023) Kat:3, Licht: 0,214976,3,1,0,01,12,2,0,0,1,0,0,0,0,0
"POINT (11.028021881000029 49.468518557000039)",Unfall 214977 (2023) Kat:3, Licht: 0,214977,3,1,0,01,08,2,2,0,1,0,0,0,0,0
"POINT (11.081185992000030 49.442368245000068)",Unfall 215003 (2023) Kat:3, Licht: 2,215003,3,6,3,01,01,1,1,2,0,1,0,0,0,0
"POINT (11.102443348000065 49.440820048000035)",Unfall 215011 (2023) Kat:3, Licht: 2,215011,3,6,2,01,17,4,1,2,0,1,0,0,0,0
"POINT (11.097483809000039 49.449930470000027)",Unfall 215019 (2023) Kat:3, Licht: 2,215019,3,3,5,01,17,7,1,2,1,1,0,0,0,0
"POINT (11.065526118000037 49.413344209000059)",Unfall 215020 (2023) Kat:3, Licht: 2,215020,3,4,6,01,20,7,0,2,0,1,1,0,0,0
"POINT (11.063979750000044 49.458815950000030)",Unfall 215021 (2023) Kat:3, Licht: 2,215021,3,3,6,01,17,7,1,2,1,0,1,0,0,0
"POINT (11.097092433000057 49.451428628000031)",Unfall 215022 (2023) Kat:3, Licht: 2,215022,3,6,2,01,17,7,1,2,0,1,0,0,0,0
"POINT (11.090649534000022 49.459504750000065)",Unfall 215028 (2023) Kat:3, Licht: 0,215028,3,6,2,01,17,2,0,0,0,1,0,0,0,0
"POINT (11.089534061000052 49.447872077000056)",Unfall 215059 (2023) Kat:3, Licht: 2,215059,3,6,2,01,17,6,1,2,0,1,0,0,0,0
"POINT (11.021053947000041 49.453352946000052)",Unfall 215099 (2023) Kat:2, Licht: 0,215099,2,3,5,01,13,5,0,0,0,1,0,0,0,0
"POINT (11.010862432000067 49.461522364000075)",Unfall 215101 (2023) Kat:3, Licht: 2,215101,3,3,1,01,06,5,0,2,0,1,0,0,0,0
"POINT (11.085032640000065 49.449674862000052)",Unfall 215179 (2023) Kat:3, Licht: 0,215179,3,3,5,01,15,3,0,0,1,1,0,0,0,0
"POINT (11.055749618000050 49.453886565000062)",Unfall 215228 (2023) Kat:3, Licht: 2,215228,3,3,2,01,22,2,1,2,0,1,0,0,0,0
"POINT (11.083671130000027 49.447323897000047)",Unfall 215229 (2023) Kat:2, Licht: 1,215229,2,3,5,01,07,2,1,1,1,0,0,0,0,1
"POINT (11.061818125000059 49.459345542000051)",Unfall 215230 (2023) Kat:3, Licht: 1,215230,3,6,2,01,15,2,1,1,0,1,0,0,0,0
"POINT (11.019816885000068 49.459124053000039)",Unfall 215231 (2023) Kat:3, Licht: 0,215231,3,6,2,01,08,2,1,0,0,1,0,0,0,1
"POINT (11.071782903000042 49.447293873000035)",Unfall 215255 (2023) Kat:3, Licht: 2,215255,3,2,6,01,20,1,1,2,0,1,1,0,0,0
"POINT (11.072449187000075 49.433636392000039)",Unfall 215267 (2023) Kat:3, Licht: 2,215267,3,1,0,01,21,7,0,2,1,0,0,0,0,0
"POINT (11.081253166000067 49.440355376000070)",Unfall 215268 (2023) Kat:3, Licht: 2,215268,3,6,2,01,20,7,0,2,0,1,0,0,0,0
"POINT (11.061519607000037 49.427913927000077)",Unfall 215269 (2023) Kat:3, Licht: 2,215269,3,4,6,01,01,7,0,2,0,1,1,0,0,0
"POINT (11.099037810000027 49.443481866000070)",Unfall 215302 (2023) Kat:3, Licht: 2,215302,3,7,0,01,17,1,1,2,0,0,0,0,0,1
"POINT (11.099544243000025 49.443068108000034)",Unfall 215335 (2023) Kat:3, Licht: 0,215335,3,6,3,01,14,4,1,0,0,1,0,0,0,0
"POINT (11.083824035000077 49.450697940000055)",Unfall 215336 (2023) Kat:3, Licht: 2,215336,3,1,0,01,19,4,1,2,1,0,0,0,0,0
"POINT (11.045338132000040 49.454360587000053)",Unfall 215364 (2023) Kat:3, Licht: 2,215364,3,3,4,01,06,3,0,2,0,1,0,0,0,0
"POINT (11.101425082000048 49.484071153000059)",Unfall 215365 (2023) Kat:3, Licht: 0,215365,3,6,2,01,15,3,0,0,0,1,0,0,0,0
"POINT (11.119263094000075 49.470883830000048)",Unfall 215591 (2023) Kat:3, Licht: 0,215591,3,6,2,01,07,2,0,0,1,1,0,0,0,0
"POINT (11.129349758000046 49.430549325000072)",Unfall 215662 (2023) Kat:3, Licht: 2,215662,3,3,5,01,20,7,1,2,0,1,0,0,0,0
"POINT (11.022643047000031 49.533291845000065)",Unfall 215681 (2023) Kat:3, Licht: 0,215681,3,6,4,02,15,2,0,0,0,1,0,0,0,0
"POINT (11.082408065000038 49.461285009000051)",Unfall 215682 (2023) Kat:3, Licht: 0,215682,3,6,3,02,07,2,0,0,0,1,0,0,0,0
"POINT (11.053977446000033 49.348682155000063)",Unfall 215696 (2023) Kat:3, Licht: 2,215696,3,1,0,02,20,1,1,2,1,0,0,0,0,0
"POINT (11.063444095000023 49.448291965000067)",Unfall 215697 (2023) Kat:3, Licht: 2,215697,3,6,2,02,20,1,0,2,0,1,0,0,0,0
"POINT (11.016110434000041 49.422400915000026)",Unfall 215743 (2023) Kat:3, Licht: 0,215743,3,1,9,02,16,6,0,0,0,1,0,0,0,0
"POINT (11.087101409000070 49.461189011000045)",Unfall 215744 (2023) Kat:3, Licht: 0,215744,3,3,5,02,15,6,0,0,0,1,0,1,0,0
"POINT (11.081362569000021 49.446425084000055)",Unfall 215745 (2023) Kat:3, Licht: 2,215745,3,7,6,02,19,6,0,2,0,1,1,0,0,0
"POINT (11.133483050000052 49.481706211000073)",Unfall 215776 (2023) Kat:3, Licht: 0,215776,3,7,1,02,16,5,0,0,1,1,0,0,0,0
"POINT (11.102952693000077 49.439909709000062)",Unfall 215777 (2023) Kat:3, Licht: 0,215777,3,6,2,02,13,5,0,0,0,1,0,0,0,0
"POINT (11.070495907000065 49.455082496000045)",Unfall 215778 (2023) Kat:3, Licht: 0,215778,3,3,5,02,15,5,0,0,1,1,0,0,0,0
"POINT (11.048947439000074 49.434814053000082)",Unfall 215816 (2023) Kat:2, Licht: 0,215816,2,2,4,02,15,4,0,0,1,1,0,0,0,0
"POINT (11.047965059000035 49.467650491000029)",Unfall 215817 (2023) Kat:3, Licht: 0,215817,3,3,5,02,08,4,0,0,1,1,0,0,0,0
"POINT (11.027417968000066 49.451171610000074)",Unfall 215851 (2023) Kat:3, Licht: 0,215851,3,6,2,02,18,3,0,0,0,1,0,0,0,0
"POINT (11.099082443000043 49.463116550000052)",Unfall 215852 (2023) Kat:3, Licht: 0,215852,3,2,5,02,17,3,1,0,1,1,0,0,0,0
"POINT (11.017514520000077 49.456594901000074)",Unfall 215853 (2023) Kat:3, Licht: 0,215853,3,6,2,02,10,3,0,0,0,1,0,0,0,0
"POINT (11.017303616000049 49.453614233000053)",Unfall 215881 (2023) Kat:3, Licht: 0,215881,3,1,1,02,15,2,0,0,0,1,0,0,1,0
"POINT (11.129823847000068 49.438515654000071)",Unfall 215882 (2023) Kat:3, Licht: 0,215882,3,6,2,02,15,2,0,0,0,1,0,0,0,0
"POINT (11.028834576000065 49.436711671000069)",Unfall 215918 (2023) Kat:3, Licht: 0,215918,3,3,5,02,16,7,1,0,0,1,0,1,0,0
"POINT (11.082995826000058 49.436670508000077)",Unfall 215949 (2023) Kat:3, Licht: 0,215949,3,6,2,02,13,6,1,0,0,1,0,0,0,0
"POINT (11.079333476000045 49.442104889000063)",Unfall 215950 (2023) Kat:3, Licht: 0,215950,3,3,5,02,11,6,0,0,0,1,0,0,0,0
"POINT (11.050786612000024 49.364647803000025)",Unfall 215951 (2023) Kat:3, Licht: 0,215951,3,1,0,02,08,6,1,0,0,0,0,1,0,0
"POINT (11.047810257000037 49.433810396000069)",Unfall 215986 (2023) Kat:3, Licht: 0,215986,3,3,3,02,11,5,0,0,1,1,0,0,0,0
"POINT (11.089023489000056 49.442291183000066)",Unfall 216023 (2023) Kat:2, Licht: 0,216023,2,3,5,02,16,4,0,0,1,1,0,0,0,0
"POINT (11.082162435000043 49.459093172000053)",Unfall 216024 (2023) Kat:2, Licht: 0,216024,2,1,0,02,11,4,0,0,1,0,0,0,0,0
"POINT (11.084822165000048 49.460897773000056)",Unfall 216066 (2023) Kat:3, Licht: 2,216066,3,1,0,02,17,3,0,2,1,0,0,0,0,0
"POINT (11.085646536000070 49.447354447000066)",Unfall 216067 (2023) Kat:3, Licht: 1,216067,3,3,5,02,06,3,0,1,1,1,0,0,0,0
"POINT (11.076016675000062 49.465575609000041)",Unfall 216068 (2023) Kat:3, Licht: 2,216068,3,7,0,02,17,3,0,2,1,0,0,0,0,0
"POINT (11.079152455000042 49.447317717000033)",Unfall 216137 (2023) Kat:3, Licht: 2,216137,3,7,6,02,04,1,1,2,0,1,1,0,0,0
"POINT (11.068947045000073 49.439352593000081)",Unfall 216161 (2023) Kat:3, Licht: 2,216161,3,3,5,02,01,7,0,2,0,1,0,0,0,0
"POINT (11.063295263000043 49.458966464000071)",Unfall 216162 (2023) Kat:3, Licht: 1,216162,3,3,5,02,06,7,0,1,0,1,0,0,0,0
"POINT (11.054731666000066 49.451106239000069)",Unfall 216178 (2023) Kat:3, Licht: 0,216178,3,6,3,02,17,6,0,0,1,1,0,0,0,0
"POINT (11.127949173000047 49.393630794000046)",Unfall 216179 (2023) Kat:2, Licht: 0,216179,2,4,0,02,12,6,0,0,0,0,1,0,1,0
"POINT (11.093173145000037 49.443320288000052)",Unfall 216180 (2023) Kat:3, Licht: 0,216180,3,6,4,02,16,6,0,0,1,1,0,0,0,0
"POINT (11.091252588000032 49.436490684000034)",Unfall 216181 (2023) Kat:2, Licht: 2,216181,2,4,6,02,18,6,0,2,0,1,1,0,0,0
"POINT (11.068045862000076 49.435311797000054)",Unfall 216182 (2023) Kat:3, Licht: 2,216182,3,6,2,02,21,6,0,2,0,1,0,0,0,0
"POINT (11.133324624000068 49.402242887000057)",Unfall 216183 (2023) Kat:3, Licht: 0,216183,3,7,1,02,16,6,0,0,1,1,0,0,0,0
"POINT (11.094663204000028 49.445990253000048)",Unfall 216269 (2023) Kat:3, Licht: 1,216269,3,2,4,02,06,6,1,1,0,1,0,0,0,0
"POINT (11.068109250000077 49.436683731000073)",Unfall 216282 (2023) Kat:3, Licht: 2,216282,3,2,6,02,19,4,0,2,0,1,1,0,0,0
"POINT (11.084576496000068 49.449133381000081)",Unfall 216284 (2023) Kat:3, Licht: 0,216284,3,3,3,02,14,4,0,0,1,1,0,0,0,0
"POINT (11.131855960000053 49.421176833000061)",Unfall 216324 (2023) Kat:3, Licht: 2,216324,3,1,9,02,01,3,0,2,0,1,0,0,0,0
"POINT (11.074691512000072 49.449115623000068)",Unfall 216325 (2023) Kat:3, Licht: 0,216325,3,4,6,02,13,3,0,0,1,0,1,0,0,0
"POINT (11.023911668000039 49.470961452000040)",Unfall 216326 (2023) Kat:2, Licht: 0,216326,2,7,5,02,09,3,0,0,1,1,0,0,0,0
"POINT (11.019341784000062 49.431661859000030)",Unfall 216327 (2023) Kat:3, Licht: 0,216327,3,3,5,02,16,3,0,0,1,1,0,0,0,0
"POINT (11.099643571000058 49.464772668000080)",Unfall 216361 (2023) Kat:3, Licht: 0,216361,3,7,0,02,15,2,0,0,1,0,1,0,0,0
"POINT (11.102320339000073 49.438758048000068)",Unfall 216362 (2023) Kat:3, Licht: 2,216362,3,3,5,02,17,2,1,2,1,1,0,0,0,0
"POINT (11.062743613000066 49.454243609000059)",Unfall 216364 (2023) Kat:3, Licht: 0,216364,3,3,6,02,15,2,0,0,0,1,1,0,0,0
"POINT (11.042160793000050 49.455220036000071)",Unfall 216389 (2023) Kat:3, Licht: 1,216389,3,3,6,02,17,1,0,1,0,1,1,0,0,0
"POINT (11.050768045000041 49.437052335000033)",Unfall 216411 (2023) Kat:3, Licht: 0,216411,3,6,2,02,14,7,0,0,0,1,0,0,0,0
"POINT (11.087578586000063 49.441212927000038)",Unfall 216415 (2023) Kat:3, Licht: 2,216415,3,6,2,02,18,3,0,2,0,1,0,0,0,0
"POINT (11.048939400000052 49.408358949000046)",Unfall 216440 (2023) Kat:3, Licht: 2,216440,3,2,5,02,17,6,1,2,0,1,0,0,0,0
"POINT (11.099377917000027 49.443008546000044)",Unfall 216441 (2023) Kat:3, Licht: 2,216441,3,1,0,02,20,6,1,2,0,0,0,0,0,1
"POINT (11.053054564000035 49.348313818000065)",Unfall 216442 (2023) Kat:3, Licht: 0,216442,3,2,5,02,12,6,0,0,1,1,0,0,0,0
"POINT (11.032680160000041 49.421443381000074)",Unfall 216481 (2023) Kat:3, Licht: 2,216481,3,4,6,02,18,5,1,2,0,1,1,0,0,0
"POINT (11.080919094000024 49.462216736000073)",Unfall 216482 (2023) Kat:3, Licht: 2,216482,3,3,5,02,07,5,1,2,1,1,0,0,0,0
"POINT (11.088200177000033 49.473369707000074)",Unfall 216483 (2023) Kat:3, Licht: 1,216483,3,2,5,02,17,5,1,1,1,1,0,0,0,0
"POINT (11.137934224000048 49.401473561000046)",Unfall 216494 (2023) Kat:3, Licht: 1,216494,3,7,0,02,06,6,1,1,0,1,1,0,0,0
"POINT (11.074704068000074 49.446863811000071)",Unfall 216535 (2023) Kat:2, Licht: 0,216535,2,3,5,02,10,4,1,0,1,1,0,0,0,0
"POINT (11.064782419000039 49.410281905000033)",Unfall 216536 (2023) Kat:2, Licht: 0,216536,2,3,5,02,07,4,1,0,0,1,0,0,0,0
"POINT (11.048082145000024 49.402568936000080)",Unfall 216537 (2023) Kat:3, Licht: 0,216537,3,3,5,02,14,4,1,0,0,1,0,0,0,1
"POINT (11.055132742000069 49.461601380000047)",Unfall 216560 (2023) Kat:2, Licht: 0,216560,2,7,6,01,09,3,0,0,0,0,1,0,0,1
"POINT (11.102661914000066 49.440261811000028)",Unfall 216561 (2023) Kat:3, Licht: 0,216561,3,3,5,01,10,3,0,0,0,1,0,1,0,0
"POINT (11.107024492000050 49.416346406000059)",Unfall 216584 (2023) Kat:3, Licht: 2,216584,3,3,5,01,21,2,1,2,0,1,0,0,0,1
"POINT (11.083501444000035 49.447431300000062)",Unfall 216585 (2023) Kat:3, Licht: 2,216585,3,3,5,01,23,2,0,2,0,1,0,0,0,0
"POINT (11.082121388000076 49.464401432000045)",Unfall 216586 (2023) Kat:3, Licht: 1,216586,3,4,6,01,17,2,1,1,0,1,1,0,0,0
"POINT (11.126952787000050 49.430060810000043)",Unfall 216613 (2023) Kat:2, Licht: 0,216613,2,1,0,01,15,1,0,0,0,0,0,0,0,1
"POINT (11.113312619000055 49.444263709000040)",Unfall 216629 (2023) Kat:2, Licht: 2,216629,2,4,6,01,19,7,0,2,0,1,1,0,0,0
"POINT (11.083612563000031 49.450678582000080)",Unfall 216630 (2023) Kat:2, Licht: 2,216630,2,3,5,01,05,7,1,2,1,1,0,0,0,0
"POINT (11.090520859000037 49.438378575000058)",Unfall 216670 (2023) Kat:3, Licht: 2,216670,3,4,6,02,18,6,0,2,0,0,1,0,0,1
"POINT (11.069099815000072 49.452644896000038)",Unfall 216671 (2023) Kat:3, Licht: 0,216671,3,6,3,01,09,6,1,0,0,1,0,0,0,1
"POINT (11.076326744000028 49.460831289000055)",Unfall 216712 (2023) Kat:3, Licht: 0,216712,3,1,0,01,11,5,1,0,1,0,0,0,0,0
"POINT (11.048920553000073 49.408238958000027)",Unfall 216713 (2023) Kat:3, Licht: 2,216713,3,6,2,01,17,5,0,2,0,1,0,0,0,0
"POINT (11.068266092000044 49.450687298000048)",Unfall 216714 (2023) Kat:3, Licht: 2,216714,3,1,0,01,16,5,0,2,1,0,0,0,0,0
"POINT (11.101058765000062 49.474596318000067)",Unfall 216716 (2023) Kat:3, Licht: 0,216716,3,6,3,01,09,5,1,0,1,1,0,0,0,0
"POINT (11.040946200000064 49.434750960000031)",Unfall 216793 (2023) Kat:3, Licht: 0,216793,3,3,5,03,17,5,0,0,0,1,0,0,0,1
"POINT (11.065718483000069 49.454274081000051)",Unfall 216794 (2023) Kat:2, Licht: 2,216794,2,1,0,03,20,5,0,2,1,0,0,0,0,0
"POINT (11.044074895000051 49.410205534000056)",Unfall 216852 (2023) Kat:2, Licht: 0,216852,2,1,0,03,14,4,0,0,1,0,0,0,0,0
"POINT (11.122854933000042 49.453643863000082)",Unfall 216853 (2023) Kat:3, Licht: 0,216853,3,3,5,03,07,4,0,0,1,1,0,0,0,0
"POINT (11.087573458000065 49.449628912000037)",Unfall 216854 (2023) Kat:3, Licht: 0,216854,3,3,0,03,16,4,0,0,1,0,0,0,0,1
"POINT (11.076504965000026 49.434198326000057)",Unfall 216955 (2023) Kat:3, Licht: 0,216955,3,7,0,03,12,2,0,0,0,0,0,0,0,1
"POINT (11.106929241000046 49.413372146000029)",Unfall 216956 (2023) Kat:3, Licht: 2,216956,3,5,1,03,19,2,1,2,1,1,0,0,0,0
"POINT (11.029507457000022 49.415662976000078)",Unfall 216957 (2023) Kat:3, Licht: 0,216957,3,6,4,03,17,2,1,0,1,0,0,0,0,1
"POINT (11.165022287000056 49.395458158000054)",Unfall 217025 (2023) Kat:3, Licht: 0,217025,3,6,2,03,11,7,0,0,0,1,0,0,0,1
"POINT (11.042958064000061 49.420495974000062)",Unfall 217026 (2023) Kat:3, Licht: 0,217026,3,4,6,03,13,7,0,0,1,0,1,0,0,0
"POINT (11.093360612000026 49.442623749000063)",Unfall 217083 (2023) Kat:3, Licht: 0,217083,3,2,5,03,12,6,0,0,0,1,0,0,0,0
"POINT (11.079523584000071 49.479846741000074)",Unfall 217084 (2023) Kat:3, Licht: 2,217084,3,7,2,03,19,6,0,2,1,0,0,0,0,0
"POINT (11.113001014000076 49.444378317000030)",Unfall 217085 (2023) Kat:3, Licht: 0,217085,3,1,0,03,08,6,0,0,1,0,0,0,0,0
"POINT (11.087310556000034 49.453961758000048)",Unfall 217086 (2023) Kat:3, Licht: 0,217086,3,1,8,03,15,6,0,0,0,1,0,0,0,0
"POINT (11.072005697000066 49.448143982000033)",Unfall 217087 (2023) Kat:3, Licht: 2,217087,3,3,6,03,20,6,0,2,0,1,1,0,0,0
"POINT (11.081105826000055 49.440336419000062)",Unfall 217088 (2023) Kat:3, Licht: 2,217088,3,6,1,03,00,6,0,2,0,1,0,0,0,0
"POINT (11.097696134000046 49.458651841000062)",Unfall 217089 (2023) Kat:3, Licht: 1,217089,3,1,0,03,06,6,0,1,1,0,0,0,0,0
"POINT (11.047586248000073 49.433579633000079)",Unfall 217128 (2023) Kat:3, Licht: 0,217128,3,2,5,03,14,5,0,0,0,0,0,0,0,1
"POINT (11.098227203000022 49.444297098000050)",Unfall 217129 (2023) Kat:3, Licht: 0,217129,3,3,5,03,11,5,0,0,1,1,0,0,0,0
"POINT (11.040027567000038 49.514469442000063)",Unfall 217130 (2023) Kat:2, Licht: 2,217130,2,1,0,03,03,5,2,2,1,0,0,0,0,0
"POINT (11.039911948000054 49.407752322000078)",Unfall 217143 (2023) Kat:3, Licht: 2,217143,3,3,0,03,00,3,1,2,1,1,0,0,0,0
"POINT (11.086980082000025 49.461570738000034)",Unfall 217175 (2023) Kat:3, Licht: 0,217175,3,7,1,03,15,4,0,0,0,1,0,0,0,0
"POINT (11.095089819000066 49.437144909000040)",Unfall 217176 (2023) Kat:3, Licht: 0,217176,3,6,3,03,07,4,0,0,0,1,0,0,0,1
"POINT (11.124599697000065 49.417866432000039)",Unfall 217177 (2023) Kat:3, Licht: 2,217177,3,1,9,03,20,4,1,2,0,1,0,0,0,0
"POINT (11.131342512000060 49.404647161000071)",Unfall 217178 (2023) Kat:3, Licht: 2,217178,3,3,5,03,18,4,1,2,0,1,0,0,0,0
"POINT (11.012486699000021 49.449320991000036)",Unfall 217179 (2023) Kat:3, Licht: 0,217179,3,2,4,03,07,4,0,0,0,1,0,0,0,0
"POINT (11.049177592000035 49.408211617000063)",Unfall 217213 (2023) Kat:3, Licht: 2,217213,3,3,6,03,23,3,1,2,0,0,1,0,1,0
"POINT (11.059865953000042 49.450912928000037)",Unfall 217214 (2023) Kat:3, Licht: 0,217214,3,3,5,03,14,3,1,0,1,1,0,0,0,0
"POINT (11.115227551000032 49.473936917000060)",Unfall 217215 (2023) Kat:3, Licht: 0,217215,3,3,5,03,08,3,0,0,0,1,0,0,0,0
"POINT (11.090013552000073 49.465665769000054)",Unfall 217216 (2023) Kat:3, Licht: 0,217216,3,3,5,03,13,3,1,0,1,1,0,0,0,0
"POINT (11.004701669000042 49.516925813000057)",Unfall 217256 (2023) Kat:2, Licht: 2,217256,2,7,1,03,04,3,0,2,0,1,0,0,1,0
"POINT (11.046654087000036 49.510560774000055)",Unfall 217271 (2023) Kat:3, Licht: 0,217271,3,3,5,03,16,2,0,0,0,1,0,0,0,0
"POINT (11.055446748000065 49.434464825000077)",Unfall 217272 (2023) Kat:3, Licht: 0,217272,3,6,2,03,17,2,0,0,1,1,0,0,0,0
"POINT (11.088804888000027 49.441385248000074)",Unfall 217305 (2023) Kat:3, Licht: 0,217305,3,6,1,03,12,1,0,0,0,1,0,0,0,0
"POINT (11.082430515000055 49.461818464000032)",Unfall 217323 (2023) Kat:3, Licht: 0,217323,3,3,5,03,15,7,0,0,0,1,0,0,0,1
"POINT (11.059781474000033 49.459116562000077)",Unfall 217324 (2023) Kat:3, Licht: 1,217324,3,1,1,03,05,7,0,1,0,1,0,0,0,0
"POINT (11.064984861000028 49.447319231000051)",Unfall 217353 (2023) Kat:2, Licht: 0,217353,2,4,6,03,11,6,1,0,0,1,1,0,0,0
"POINT (11.101664646000074 49.446190789000070)",Unfall 217391 (2023) Kat:3, Licht: 2,217391,3,3,5,03,20,5,0,2,0,1,0,1,0,0
"POINT (11.135146023000061 49.422448819000067)",Unfall 217392 (2023) Kat:3, Licht: 1,217392,3,3,5,03,20,5,0,1,1,1,0,0,0,0
"POINT (11.107031103000054 49.472757467000065)",Unfall 217437 (2023) Kat:3, Licht: 0,217437,3,3,5,03,16,4,1,0,0,1,0,0,0,0
"POINT (11.087704415000076 49.454539820000036)",Unfall 217438 (2023) Kat:2, Licht: 0,217438,2,7,0,03,11,4,1,0,0,0,0,0,0,1
"POINT (11.124771301000067 49.486787900000081)",Unfall 217439 (2023) Kat:3, Licht: 0,217439,3,2,3,03,16,4,1,0,1,1,0,0,0,0
"POINT (11.114949828000022 49.473896769000078)",Unfall 217478 (2023) Kat:3, Licht: 1,217478,3,1,0,03,02,3,0,1,0,0,0,0,0,1
"POINT (11.048935948000064 49.408336258000077)",Unfall 217479 (2023) Kat:3, Licht: 0,217479,3,7,0,03,11,3,0,0,0,0,0,0,0,1
"POINT (11.086207218000027 49.458972009000036)",Unfall 217481 (2023) Kat:3, Licht: 0,217481,3,3,5,03,07,3,0,0,1,1,0,0,0,0
"POINT (11.081786031000036 49.446769221000068)",Unfall 217511 (2023) Kat:3, Licht: 0,217511,3,4,6,03,09,2,0,0,0,0,1,0,0,1