WKT,Name,OBJECTID,UKATEGORIE,UTYP1,UART,UMONAT,USTUNDE,UWOCHENTAG,STRZUSTAND,ULICHTVERH,ISTRAD,ISTPKW,ISTFUSS,ISTKRAD,ISTGKFZ,ISTSONSTIG
"POINT (11.054756417000021 49.451167998000074)",Unfall 217512 (2023) Kat:3, Licht: 0,217512,3,2,4,03,13,2,0,0,0,1,0,0,0,0
"POINT (11.050933947000033 49.430885404000037)",Unfall 217545 (2023) Kat:3, Licht: 0,217545,3,7,6,03,08,2,0,0,0,1,1,0,0,0
"POINT (11.014414888000033 49.451777744000026)",Unfall 217556 (2023) Kat:3, Licht: 0,217556,3,3,5,03,10,7,0,0,0,1,0,1,0,0
"POINT (11.131042591000039 49.438069935000044)",Unfall 217602 (2023) Kat:3, Licht: 0,217602,3,1,0,03,14,6,0,0,1,0,0,0,0,0
"POINT (11.047050391000028 49.433957287000055)",Unfall 217603 (2023) Kat:3, Licht: 0,217603,3,4,6,03,15,6,0,0,0,0,1,0,0,1
"POINT (11.088816618000067 49.457646473000068)",Unfall 217604 (2023) Kat:3, Licht: 0,217604,3,2,5,03,17,6,0,0,0,1,0,0,0,1
"POINT (11.069237277000070 49.452830604000042)",Unfall 217605 (2023) Kat:3, Licht: 0,217605,3,6,2,03,14,6,0,0,0,1,0,0,0,0
"POINT (11.083623869000064 49.450675181000065)",Unfall 217606 (2023) Kat:3, Licht: 0,217606,3,3,5,03,10,6,0,0,1,1,0,0,0,0
"POINT (11.042918682000050 49.441480683000066)",Unfall 217607 (2023) Kat:3, Licht: 0,217607,3,6,2,03,12,6,0,0,0,1,0,0,0,0
"POINT (11.059309838000047 49.446749763000071)",Unfall 217613 (2023) Kat:3, Licht: 0,217613,3,6,2,03,08,5,1,0,0,1,0,0,0,0
"POINT (11.081938177000040 49.440443823000066)",Unfall 217663 (2023) Kat:3, Licht: 0,217663,3,2,4,03,09,5,0,0,0,1,0,0,0,1
"POINT (11.089225993000071 49.444707158000028)",Unfall 217665 (2023) Kat:3, Licht: 2,217665,3,2,6,03,18,5,0,2,0,1,1,0,0,0
"POINT (11.057444521000036 49.413781876000030)",Unfall 217666 (2023) Kat:2, Licht: 0,217666,2,1,0,03,13,5,0,0,1,0,0,0,0,0
"POINT (11.037614535000046 49.401288139000030)",Unfall 217699 (2023) Kat:3, Licht: 0,217699,3,3,5,03,15,4,0,0,0,1,0,1,0,0
"POINT (11.033391916000028 49.469414848000042)",Unfall 217716 (2023) Kat:3, Licht: 2,217716,3,1,0,03,19,4,0,2,1,0,0,0,0,0
"POINT (11.099054138000042 49.443500407000045)",Unfall 217755 (2023) Kat:3, Licht: 0,217755,3,3,5,02,10,3,0,0,0,1,0,0,0,0
"POINT (11.174040705000039 49.406303301000037)",Unfall 217756 (2023) Kat:3, Licht: 0,217756,3,3,5,02,07,3,0,0,0,1,0,0,0,0
"POINT (11.120125948000066 49.411925825000026)",Unfall 217788 (2023) Kat:2, Licht: 0,217788,2,7,0,04,17,6,0,0,1,0,0,0,0,0
"POINT (11.081269873000053 49.442357243000060)",Unfall 217789 (2023) Kat:2, Licht: 0,217789,2,2,5,04,12,6,0,0,0,1,0,1,0,0
"POINT (11.049279198000022 49.408262627000056)",Unfall 217790 (2023) Kat:3, Licht: 0,217790,3,6,2,04,13,6,0,0,0,1,0,0,0,0
"POINT (11.060827809000045 49.447077418000049)",Unfall 217791 (2023) Kat:3, Licht: 0,217791,3,6,2,04,10,6,0,0,0,1,0,0,0,0
"POINT (11.089768819000028 49.441515012000082)",Unfall 217843 (2023) Kat:3, Licht: 0,217843,3,3,5,04,08,5,0,0,1,1,0,0,0,0
"POINT (11.032998826000039 49.469277566000073)",Unfall 217844 (2023) Kat:2, Licht: 0,217844,2,7,0,04,08,5,0,0,1,1,0,0,0,0
"POINT (11.068122370000026 49.468954955000072)",Unfall 217845 (2023) Kat:3, Licht: 0,217845,3,1,0,04,10,5,0,0,1,0,0,0,0,0
"POINT (11.124319833000072 49.409639128000038)",Unfall 217846 (2023) Kat:3, Licht: 0,217846,3,2,3,04,17,5,0,0,1,1,0,0,0,0
"POINT (11.059851746000049 49.450916455000026)",Unfall 217878 (2023) Kat:3, Licht: 0,217878,3,3,5,04,09,4,1,0,0,1,0,0,0,0
"POINT (11.055902214000071 49.443193847000032)",Unfall 217911 (2023) Kat:3, Licht: 0,217911,3,3,3,04,09,3,0,0,0,1,0,0,0,0
"POINT (11.090228641000067 49.468880590000026)",Unfall 217912 (2023) Kat:3, Licht: 0,217912,3,5,0,04,10,3,0,0,1,1,0,0,0,0
"POINT (11.069060891000049 49.440173546000040)",Unfall 217966 (2023) Kat:3, Licht: 0,217966,3,3,5,04,18,2,0,0,0,1,0,0,0,0
"POINT (11.082342652000023 49.460951163000061)",Unfall 217998 (2023) Kat:3, Licht: 2,217998,3,3,5,04,00,1,1,2,0,1,0,0,0,0
"POINT (11.068225480000024 49.441832490000081)",Unfall 217999 (2023) Kat:3, Licht: 0,217999,3,1,0,04,10,1,1,0,1,0,0,0,0,0
"POINT (11.104269953000028 49.486914958000057)",Unfall 218016 (2023) Kat:3, Licht: 0,218016,3,3,6,04,09,7,1,0,0,1,1,0,0,0
"POINT (11.096815914000047 49.435991847000025)",Unfall 218044 (2023) Kat:2, Licht: 0,218044,2,3,5,04,12,6,0,0,1,1,0,0,0,0
"POINT (11.068434090000039 49.444473936000065)",Unfall 218088 (2023) Kat:3, Licht: 0,218088,3,3,5,04,17,5,0,0,0,1,0,0,0,0
"POINT (11.081901296000069 49.455400983000061)",Unfall 218112 (2023) Kat:3, Licht: 0,218112,3,5,5,04,19,4,1,0,1,1,0,0,0,0
"POINT (11.018798844000059 49.453057740000077)",Unfall 218113 (2023) Kat:3, Licht: 0,218113,3,3,5,04,15,4,1,0,1,1,0,0,0,0
"POINT (11.067748810000069 49.439443313000027)",Unfall 218114 (2023) Kat:3, Licht: 0,218114,3,1,1,04,15,4,1,0,0,0,0,1,0,1
"POINT (11.083110920000024 49.447572159000060)",Unfall 218115 (2023) Kat:3, Licht: 0,218115,3,7,0,04,10,4,1,0,0,0,0,1,0,0
"POINT (11.034960561000048 49.467318205000026)",Unfall 218144 (2023) Kat:2, Licht: 0,218144,2,1,0,04,10,3,1,0,0,1,0,0,0,0
"POINT (11.050631387000067 49.454230463000044)",Unfall 218145 (2023) Kat:2, Licht: 0,218145,2,5,0,04,18,3,0,0,1,1,0,0,0,0
"POINT (11.080888887000071 49.431144449000044)",Unfall 218146 (2023) Kat:3, Licht: 0,218146,3,2,4,04,16,3,0,0,0,1,0,0,0,0
"POINT (11.131164701000046 49.434693382000034)",Unfall 218147 (2023) Kat:3, Licht: 2,218147,3,1,0,04,21,3,0,2,1,0,0,0,0,0
"POINT (11.068515569000056 49.444518259000063)",Unfall 218191 (2023) Kat:3, Licht: 0,218191,3,3,5,04,17,2,0,0,0,1,0,0,0,0
"POINT (11.059283316000062 49.457859359000054)",Unfall 218247 (2023) Kat:3, Licht: 0,218247,3,6,2,04,15,7,0,0,0,1,0,0,0,0
"POINT (11.087303381000027 49.441175208000061)",Unfall 218248 (2023) Kat:3, Licht: 0,218248,3,6,3,04,14,7,1,0,0,1,0,0,0,0
"POINT (11.049648052000066 49.345508254000038)",Unfall 218294 (2023) Kat:2, Licht: 0,218294,2,7,8,04,17,5,0,0,0,1,0,0,0,0
"POINT (11.065320701000076 49.441348138000080)",Unfall 218295 (2023) Kat:3, Licht: 1,218295,3,3,5,04,19,5,0,1,0,1,0,0,0,0
"POINT (11.071585379000055 49.447113943000033)",Unfall 218296 (2023) Kat:3, Licht: 0,218296,3,6,2,04,08,5,0,0,0,1,0,0,0,1
"POINT (11.071649300000047 49.473226479000061)",Unfall 218297 (2023) Kat:3, Licht: 0,218297,3,6,2,04,13,5,0,0,0,1,0,0,0,0
"POINT (11.125821011000028 49.466544434000070)",Unfall 218351 (2023) Kat:3, Licht: 1,218351,3,6,2,04,19,4,0,1,1,0,0,0,0,1
"POINT (11.073891117000073 49.464204050000035)",Unfall 218352 (2023) Kat:3, Licht: 2,218352,3,3,5,04,22,4,0,2,0,1,0,0,0,0
"POINT (11.055237902000044 49.497382808000054)",Unfall 218359 (2023) Kat:3, Licht: 0,218359,3,1,0,04,18,4,0,0,1,0,0,0,0,0
"POINT (11.106794052000055 49.444678076000059)",Unfall 218389 (2023) Kat:3, Licht: 0,218389,3,6,4,04,13,3,0,0,0,1,0,0,0,0
"POINT (11.091288945000031 49.436676201000068)",Unfall 218390 (2023) Kat:2, Licht: 0,218390,2,7,0,04,13,3,0,0,0,0,0,0,0,1
"POINT (11.028992475000052 49.422800036000069)",Unfall 218432 (2023) Kat:3, Licht: 0,218432,3,3,5,04,18,2,0,0,0,1,0,0,0,0
"POINT (11.128310856000041 49.474271157000032)",Unfall 218433 (2023) Kat:3, Licht: 0,218433,3,1,0,04,13,2,0,0,1,0,0,0,0,0
"POINT (11.036685788000057 49.382770173000040)",Unfall 218434 (2023) Kat:3, Licht: 0,218434,3,6,1,04,12,2,0,0,0,1,0,0,0,1
"POINT (11.099105442000052 49.463109962000033)",Unfall 218467 (2023) Kat:3, Licht: 0,218467,3,3,5,04,18,1,0,0,1,1,0,0,0,0
"POINT (11.050651667000068 49.444004974000052)",Unfall 218469 (2023) Kat:2, Licht: 2,218469,2,3,5,04,00,1,0,2,0,1,0,0,1,0
"POINT (11.091377846000057 49.436487352000029)",Unfall 218491 (2023) Kat:3, Licht: 0,218491,3,2,5,04,14,7,1,0,0,1,0,0,0,0
"POINT (11.167552051000030 49.409030572000063)",Unfall 218492 (2023) Kat:2, Licht: 0,218492,2,4,6,04,13,7,0,0,1,0,1,0,0,0
"POINT (11.074390565000044 49.434065671000042)",Unfall 218529 (2023) Kat:2, Licht: 0,218529,2,2,4,03,13,6,0,0,1,1,0,0,0,0
"POINT (11.063334432000033 49.458958515000063)",Unfall 218530 (2023) Kat:3, Licht: 0,218530,3,7,0,03,18,6,0,0,0,0,1,1,0,0
"POINT (11.062889784000049 49.405679286000066)",Unfall 218531 (2023) Kat:3, Licht: 0,218531,3,4,6,03,07,6,1,0,0,1,1,0,0,0
"POINT (11.058786792000035 49.443251014000055)",Unfall 218622 (2023) Kat:3, Licht: 1,218622,3,3,5,03,19,4,0,1,0,1,0,0,0,0
"POINT (11.043000650000067 49.415181100000041)",Unfall 218623 (2023) Kat:3, Licht: 0,218623,3,1,0,03,16,4,0,0,1,0,0,0,0,0
"POINT (11.128941550000036 49.407232959000055)",Unfall 218624 (2023) Kat:2, Licht: 0,218624,2,3,5,03,11,4,0,0,1,1,0,0,0,0
"POINT (11.096934541000053 49.443102888000055)",Unfall 218625 (2023) Kat:2, Licht: 0,218625,2,1,0,03,14,4,0,0,1,0,0,0,0,0
"POINT (11.069761125000070 49.454082610000057)",Unfall 218626 (2023) Kat:3, Licht: 0,218626,3,6,2,03,15,4,0,0,0,1,0,0,0,0
"POINT (11.048118615000021 49.442234297000027)",Unfall 218687 (2023) Kat:3, Licht: 0,218687,3,3,1,03,18,3,0,0,0,1,0,0,0,0
"POINT (11.004798097000048 49.440521830000080)",Unfall 218740 (2023) Kat:3, Licht: 0,218740,3,7,0,03,13,2,0,0,0,1,0,1,0,0
"POINT (11.091744325000036 49.460710170000027)",Unfall 218741 (2023) Kat:3, Licht: 0,218741,3,6,3,03,18,2,0,0,1,0,0,1,0,0
"POINT (11.031429018000040 49.422036664000075)",Unfall 218742 (2023) Kat:3, Licht: 0,218742,3,6,2,03,10,2,0,0,0,1,0,0,0,0
"POINT (11.067995124000049 49.434897366000030)",Unfall 218761 (2023) Kat:2, Licht: 0,218761,2,4,5,03,17,4,0,0,0,1,1,0,0,0
"POINT (11.075748490000024 49.439598830000079)",Unfall 218765 (2023) Kat:3, Licht: 0,218765,3,6,2,03,14,1,1,0,0,1,0,0,0,0
"POINT (11.118862123000042 49.471010514000056)",Unfall 218767 (2023) Kat:2, Licht: 2,218767,2,1,9,03,20,1,0,2,0,1,0,0,0,0
"POINT (11.102672062000067 49.440262723000046)",Unfall 218778 (2023) Kat:3, Licht: 0,218778,3,3,5,04,14,6,0,0,1,1,0,0,0,0
"POINT (11.124779700000033 49.417842901000029)",Unfall 218790 (2023) Kat:3, Licht: 0,218790,3,6,2,03,16,7,0,0,0,1,0,0,0,0
"POINT (11.009080993000055 49.454172705000076)",Unfall 218791 (2023) Kat:2, Licht: 0,218791,2,3,5,03,12,7,1,0,1,1,0,0,0,0
"POINT (11.109945894000077 49.506910286000050)",Unfall 218792 (2023) Kat:3, Licht: 0,218792,3,1,0,03,14,7,1,0,1,0,0,0,0,0
"POINT (11.103799934000051 49.450763458000040)",Unfall 218794 (2023) Kat:3, Licht: 0,218794,3,6,1,03,10,7,0,0,0,1,0,0,0,0
"POINT (11.096300794000058 49.443104530000028)",Unfall 218838 (2023) Kat:3, Licht: 2,218838,3,6,3,03,21,6,0,2,0,1,0,0,0,0
"POINT (11.082181436000042 49.372418852000067)",Unfall 218839 (2023) Kat:3, Licht: 1,218839,3,7,6,03,19,6,0,1,0,1,1,0,0,0
"POINT (11.103470171000026 49.468957321000062)",Unfall 218840 (2023) Kat:3, Licht: 0,218840,3,2,4,03,13,6,1,0,0,1,0,1,0,0
"POINT (11.073206265000067 49.466580196000052)",Unfall 218867 (2023) Kat:3, Licht: 0,218867,3,6,3,05,13,3,0,0,0,1,0,0,0,1
"POINT (11.052377246000049 49.462877087000038)",Unfall 218868 (2023) Kat:2, Licht: 0,218868,2,4,6,05,11,3,0,0,0,1,1,0,0,0
"POINT (11.133245505000048 49.456603525000048)",Unfall 218869 (2023) Kat:2, Licht: 0,218869,2,3,5,05,15,3,0,0,1,1,0,0,0,0
"POINT (11.076473409000073 49.460818206000056)",Unfall 218870 (2023) Kat:3, Licht: 0,218870,3,1,0,05,17,3,0,0,1,0,0,0,0,0
"POINT (11.084650011000065 49.440817041000059)",Unfall 218871 (2023) Kat:3, Licht: 0,218871,3,1,0,05,10,3,0,0,1,1,0,0,0,0
"POINT (11.085622161000060 49.463329482000063)",Unfall 218872 (2023) Kat:3, Licht: 0,218872,3,3,5,05,09,3,0,0,1,1,0,0,0,0
"POINT (11.050511011000026 49.436680366000076)",Unfall 218938 (2023) Kat:2, Licht: 2,218938,2,7,1,05,00,2,0,2,1,1,0,0,0,0
"POINT (11.035315568000044 49.407266770000035)",Unfall 218939 (2023) Kat:3, Licht: 0,218939,3,3,5,05,18,2,0,0,1,1,0,0,0,0
"POINT (11.057692429000042 49.463066709000032)",Unfall 218940 (2023) Kat:3, Licht: 0,218940,3,3,5,05,11,2,0,0,1,1,0,0,0,0
"POINT (11.062619925000035 49.492212314000028)",Unfall 218991 (2023) Kat:3, Licht: 0,218991,3,6,3,05,17,1,0,0,1,1,0,0,0,0
"POINT (11.061277045000054 49.419619939000029)",Unfall 218992 (2023) Kat:3, Licht: 0,218992,3,6,0,05,13,1,0,0,1,1,0,0,0,0
"POINT (11.064998187000072 49.447315593000042)",Unfall 219046 (2023) Kat:3, Licht: 1,219046,3,6,2,05,20,7,0,1,0,1,0,0,0,0
"POINT (11.045279539000035 49.442243346000055)",Unfall 219047 (2023) Kat:3, Licht: 0,219047,3,1,1,05,14,7,0,0,0,1,0,1,0,0
"POINT (11.058699770000032 49.406229834000044)",Unfall 219048 (2023) Kat:3, Licht: 0,219048,3,1,0,05,14,7,0,0,1,0,0,0,0,0
"POINT (11.037981274000060 49.439671659000055)",Unfall 219110 (2023) Kat:3, Licht: 0,219110,3,2,5,05,16,6,0,0,0,1,0,1,0,0
"POINT (11.021750812000050 49.460213657000054)",Unfall 219111 (2023) Kat:3, Licht: 0,219111,3,6,2,05,14,6,0,0,0,1,0,0,0,0
"POINT (11.091451002000042 49.460500182000033)",Unfall 219112 (2023) Kat:2, Licht: 0,219112,2,4,6,05,18,6,0,0,0,1,1,0,0,0
"POINT (11.096337976000029 49.458792213000038)",Unfall 219113 (2023) Kat:3, Licht: 0,219113,3,6,3,05,15,6,0,0,0,1,0,0,0,1
"POINT (11.083803267000064 49.448005817000080)",Unfall 219114 (2023) Kat:3, Licht: 0,219114,3,6,1,05,08,6,0,0,0,1,0,0,0,0
"POINT (11.062032037000051 49.447444231000077)",Unfall 219184 (2023) Kat:3, Licht: 0,219184,3,1,0,05,19,7,0,0,1,0,0,0,0,0
"POINT (11.085208516000023 49.460948767000048)",Unfall 219187 (2023) Kat:2, Licht: 0,219187,2,4,6,05,11,5,0,0,0,1,1,0,0,0
"POINT (11.011301167000056 49.447943803000044)",Unfall 219188 (2023) Kat:3, Licht: 0,219188,3,6,3,05,07,5,0,0,0,1,0,0,1,0
"POINT (11.054177232000029 49.472670129000051)",Unfall 219189 (2023) Kat:3, Licht: 0,219189,3,3,0,05,15,5,0,0,1,1,0,0,0,0
"POINT (11.118146499000034 49.478548342000067)",Unfall 219190 (2023) Kat:3, Licht: 0,219190,3,6,2,05,20,5,0,0,0,1,0,1,0,0
"POINT (11.009779591000040 49.456766115000050)",Unfall 219191 (2023) Kat:3, Licht: 0,219191,3,2,4,05,18,5,0,0,0,1,0,0,0,0
"POINT (11.046373067000047 49.442268439000031)",Unfall 219192 (2023) Kat:3, Licht: 0,219192,3,2,5,05,11,5,0,0,1,1,0,0,0,0
"POINT (11.013785133000056 49.523972679000053)",Unfall 219193 (2023) Kat:3, Licht: 0,219193,3,1,0,05,11,5,0,0,1,0,0,0,0,0
"POINT (11.064334978000034 49.448042883000028)",Unfall 219264 (2023) Kat:3, Licht: 2,219264,3,1,0,05,01,4,0,2,0,0,0,0,0,1
"POINT (11.025382777000061 49.452169607000030)",Unfall 219265 (2023) Kat:3, Licht: 0,219265,3,7,3,05,07,4,0,0,1,1,0,0,0,0
"POINT (11.045497907000026 49.451872263000041)",Unfall 219266 (2023) Kat:2, Licht: 0,219266,2,3,5,05,08,4,0,0,1,1,0,0,0,0
"POINT (11.046353549000060 49.435495339000056)",Unfall 219332 (2023) Kat:3, Licht: 0,219332,3,3,5,05,09,3,0,0,0,1,0,0,0,1
"POINT (11.132181258000060 49.427581497000062)",Unfall 219333 (2023) Kat:3, Licht: 2,219333,3,1,0,05,01,3,0,2,0,0,0,0,0,1
"POINT (11.060312168000053 49.484395023000047)",Unfall 219334 (2023) Kat:3, Licht: 0,219334,3,3,5,05,16,3,0,0,1,0,0,0,1,0
"POINT (11.071545386000025 49.462089107000054)",Unfall 219336 (2023) Kat:3, Licht: 0,219336,3,3,5,05,08,3,0,0,1,1,0,0,0,0
"POINT (11.083413491000044 49.437775786000032)",Unfall 219337 (2023) Kat:3, Licht: 0,219337,3,7,0,05,19,3,0,0,1,0,1,0,0,0
"POINT (11.021710198000051 49.460231430000078)",Unfall 219379 (2023) Kat:3, Licht: 0,219379,3,3,5,05,14,2,1,0,0,1,0,0,0,0
"POINT (11.065358565000054 49.462553491000051)",Unfall 219380 (2023) Kat:3, Licht: 0,219380,3,3,5,05,12,2,1,0,1,1,0,0,0,0
"POINT (11.099591734000057 49.443076061000056)",Unfall 219410 (2023) Kat:3, Licht: 2,219410,3,2,5,04,01,1,0,2,0,1,0,0,0,0
"POINT (11.077679810000063 49.455717224000068)",Unfall 219412 (2023) Kat:3, Licht: 0,219412,3,7,5,04,12,1,0,0,1,1,0,0,0,0
"POINT (11.081700344000069 49.470850409000036)",Unfall 219413 (2023) Kat:3, Licht: 0,219413,3,3,5,04,08,1,0,0,1,1,0,0,0,0
"POINT (11.081412958000044 49.458282401000076)",Unfall 219467 (2023) Kat:3, Licht: 0,219467,3,6,3,04,18,7,0,0,0,1,0,0,0,1
"POINT (11.105518369000038 49.474646609000047)",Unfall 219468 (2023) Kat:3, Licht: 0,219468,3,3,5,04,12,7,0,0,1,1,0,0,0,0
"POINT (11.075961423000024 49.473898803000054)",Unfall 219469 (2023) Kat:2, Licht: 0,219469,2,5,0,04,14,7,0,0,1,1,0,0,0,0
"POINT (11.109909816000027 49.496066014000064)",Unfall 219470 (2023) Kat:3, Licht: 0,219470,3,7,0,04,15,7,0,0,0,0,0,1,0,0
"POINT (11.047533394000027 49.364927363000049)",Unfall 219511 (2023) Kat:3, Licht: 0,219511,3,7,6,04,16,6,0,0,0,1,1,0,0,0
"POINT (11.135338715000046 49.482474216000071)",Unfall 219512 (2023) Kat:3, Licht: 0,219512,3,2,5,04,13,6,1,0,0,1,0,0,0,0
"POINT (11.084078675000058 49.456168290000051)",Unfall 219513 (2023) Kat:3, Licht: 0,219513,3,3,5,04,11,6,1,0,0,1,0,0,0,0
"POINT (11.025304523000045 49.470549550000044)",Unfall 219514 (2023) Kat:3, Licht: 0,219514,3,6,2,04,12,6,1,0,0,1,0,1,0,0
"POINT (11.070729437000068 49.407758033000050)",Unfall 219515 (2023) Kat:3, Licht: 2,219515,3,3,5,04,00,6,0,2,0,1,0,0,1,0
"POINT (11.032740724000064 49.419863099000054)",Unfall 219521 (2023) Kat:3, Licht: 0,219521,3,3,5,05,12,2,1,0,0,1,0,1,0,0
"POINT (11.074377132000052 49.434095250000041)",Unfall 219568 (2023) Kat:2, Licht: 0,219568,2,2,5,04,15,5,0,0,1,1,0,0,0,0
"POINT (11.026218624000023 49.453582537000045)",Unfall 219569 (2023) Kat:2, Licht: 1,219569,2,6,2,04,05,5,0,1,1,0,0,0,0,0
"POINT (11.092490272000077 49.461507991000076)",Unfall 219570 (2023) Kat:3, Licht: 0,219570,3,6,2,04,19,5,0,0,0,1,0,0,0,0
"POINT (11.015675747000046 49.522807097000054)",Unfall 219571 (2023) Kat:3, Licht: 0,219571,3,1,0,04,17,5,0,0,1,0,0,0,0,0
"POINT (11.085593619000065 49.440950857000075)",Unfall 219607 (2023) Kat:2, Licht: 0,219607,2,7,0,05,13,6,1,0,0,0,0,0,0,1
"POINT (11.039776411000048 49.434437651000053)",Unfall 219632 (2023) Kat:3, Licht: 0,219632,3,5,5,04,09,4,0,0,1,1,0,0,0,0
"POINT (11.014708575000043 49.453749341000048)",Unfall 219634 (2023) Kat:3, Licht: 0,219634,3,3,5,04,16,4,0,0,0,1,0,0,0,0
"POINT (11.057832300000030 49.450356466000073)",Unfall 219635 (2023) Kat:3, Licht: 0,219635,3,3,0,04,08,4,0,0,1,1,0,0,0,0
"POINT (11.091487871000027 49.446367884000040)",Unfall 219636 (2023) Kat:2, Licht: 0,219636,2,6,4,04,16,4,0,0,1,0,0,0,0,1
"POINT (11.081359364000036 49.446633451000025)",Unfall 219637 (2023) Kat:3, Licht: 0,219637,3,3,5,04,16,4,0,0,0,1,0,0,0,1
"POINT (11.071393664000027 49.445941293000033)",Unfall 219638 (2023) Kat:3, Licht: 0,219638,3,6,3,04,09,4,0,0,1,1,0,0,0,0
"POINT (11.107868931000041 49.441905806000079)",Unfall 219640 (2023) Kat:2, Licht: 0,219640,2,1,0,04,19,4,0,0,0,0,0,0,0,1
"POINT (11.107128569000054 49.451041197000052)",Unfall 219692 (2023) Kat:3, Licht: 0,219692,3,6,0,04,17,3,0,0,0,0,0,0,0,1
"POINT (11.021791701000041 49.471809590000078)",Unfall 219743 (2023) Kat:3, Licht: 0,219743,3,5,5,04,15,2,0,0,0,1,0,0,0,0
"POINT (11.080483338000022 49.416206898000041)",Unfall 219768 (2023) Kat:3, Licht: 0,219768,3,6,0,05,16,3,0,0,1,0,0,0,0,0
"POINT (11.043829527000071 49.420261465000067)",Unfall 219797 (2023) Kat:2, Licht: 0,219797,2,6,6,04,18,1,0,0,1,0,1,0,0,0
"POINT (11.070361259000038 49.464296162000039)",Unfall 219798 (2023) Kat:3, Licht: 0,219798,3,1,0,04,13,1,0,0,1,0,0,0,0,0
"POINT (11.029486464000058 49.517654384000082)",Unfall 219859 (2023) Kat:3, Licht: 0,219859,3,1,0,04,17,7,0,0,1,0,0,0,0,0
"POINT (11.065053577000072 49.435694506000061)",Unfall 219860 (2023) Kat:3, Licht: 0,219860,3,2,5,04,12,7,0,0,0,1,0,0,0,0
"POINT (11.099517464000030 49.443071183000029)",Unfall 219861 (2023) Kat:3, Licht: 2,219861,3,3,5,04,00,7,0,2,0,0,0,0,0,1
"POINT (11.083630872000072 49.450673075000054)",Unfall 219862 (2023) Kat:3, Licht: 0,219862,3,2,5,04,15,7,0,0,1,1,0,0,0,0
"POINT (11.081359433000046 49.463333269000032)",Unfall 219863 (2023) Kat:3, Licht: 0,219863,3,7,0,04,15,7,0,0,1,0,0,0,0,0
"POINT (11.117327171000056 49.455562629000042)",Unfall 219934 (2023) Kat:3, Licht: 0,219934,3,1,0,05,14,6,0,0,0,0,0,1,0,0
"POINT (11.093843745000072 49.458224139000038)",Unfall 219935 (2023) Kat:3, Licht: 0,219935,3,6,3,05,08,6,0,0,1,1,0,0,0,0
"POINT (11.019246524000039 49.431468605000077)",Unfall 220010 (2023) Kat:3, Licht: 0,220010,3,3,5,05,09,5,0,0,1,1,0,0,0,0
"POINT (11.104431639000040 49.470462029000032)",Unfall 220011 (2023) Kat:3, Licht: 0,220011,3,3,5,05,15,5,0,0,1,1,0,0,0,0
"POINT (11.108999687000050 49.412976198000081)",Unfall 220012 (2023) Kat:3, Licht: 0,220012,3,3,5,05,10,5,0,0,1,1,0,0,0,0
"POINT (11.065996694000034 49.439851061000070)",Unfall 220013 (2023) Kat:2, Licht: 0,220013,2,6,3,05,19,5,0,0,0,1,0,1,0,0
"POINT (11.048221378000051 49.451682275000053)",Unfall 220014 (2023) Kat:3, Licht: 0,220014,3,1,0,05,09,5,0,0,0,0,0,0,0,1
"POINT (11.115406740000026 49.443933054000070)",Unfall 220015 (2023) Kat:3, Licht: 0,220015,3,1,0,05,07,5,0,0,1,0,0,0,0,0
"POINT (11.079385164000030 49.453270350000025)",Unfall 220016 (2023) Kat:3, Licht: 0,220016,3,1,0,05,08,5,0,0,1,0,0,0,0,0
"POINT (11.022938469000053 49.433875976000081)",Unfall 220082 (2023) Kat:3, Licht: 0,220082,3,1,8,05,12,4,0,0,0,1,0,0,0,0
"POINT (11.056836008000062 49.460638825000046)",Unfall 220083 (2023) Kat:3, Licht: 0,220083,3,6,2,05,19,4,0,0,0,1,0,0,0,0
"POINT (11.068460167000069 49.492269266000051)",Unfall 220084 (2023) Kat:2, Licht: 0,220084,2,3,5,05,16,4,0,0,1,1,0,0,0,0
"POINT (11.089171799000042 49.455678349000038)",Unfall 220085 (2023) Kat:3, Licht: 0,220085,3,6,2,05,19,4,0,0,0,1,0,0,0,0
"POINT (11.088799719000065 49.455675823000036)",Unfall 220087 (2023) Kat:3, Licht: 0,220087,3,2,5,05,15,4,0,0,1,0,0,0,0,1
"POINT (11.108093029000031 49.447420475000058)",Unfall 220143 (2023) Kat:3, Licht: 0,220143,3,5,1,05,16,3,0,0,1,1,0,0,0,0
"POINT (11.097394009000027 49.449666475000072)",Unfall 220144 (2023) Kat:3, Licht: 0,220144,3,6,2,05,09,3,0,0,0,1,0,0,0,0
"POINT (11.043358316000024 49.465880812000080)",Unfall 220145 (2023) Kat:3, Licht: 0,220145,3,3,5,05,15,3,0,0,0,1,0,0,0,0
"POINT (11.056451345000028 49.450787790000049)",Unfall 220215 (2023) Kat:3, Licht: 2,220215,3,2,5,05,21,2,0,2,0,1,1,0,0,0
"POINT (11.065803129000074 49.449498615000039)",Unfall 220216 (2023) Kat:3, Licht: 1,220216,3,6,2,05,06,2,0,1,0,1,0,0,0,1