WKT,Name,OBJECTID,UKATEGORIE,UTYP1,UART,UMONAT,USTUNDE,UWOCHENTAG,STRZUSTAND,ULICHTVERH,ISTRAD,ISTPKW,ISTFUSS,ISTKRAD,ISTGKFZ,ISTSONSTIG
"POINT (11.065902161000054 49.447566221000045)",Unfall 220217 (2023) Kat:3, Licht: 0,220217,3,2,5,05,11,2,0,0,1,1,0,0,0,0
"POINT (11.105835135000063 49.471122666000042)",Unfall 220218 (2023) Kat:3, Licht: 0,220218,3,1,0,05,13,2,0,0,1,0,0,0,0,0
"POINT (11.081986039000071 49.462287750000030)",Unfall 220219 (2023) Kat:3, Licht: 0,220219,3,3,5,05,13,2,0,0,1,0,0,0,0,0
"POINT (11.114987349000046 49.437021464000054)",Unfall 220220 (2023) Kat:2, Licht: 0,220220,2,1,0,05,16,2,0,0,1,0,0,0,0,0
"POINT (11.076196931000027 49.436443499000063)",Unfall 220221 (2023) Kat:3, Licht: 0,220221,3,3,5,05,16,2,0,0,0,1,0,0,0,0
"POINT (11.090402917000063 49.438732196000046)",Unfall 220222 (2023) Kat:2, Licht: 0,220222,2,1,0,05,09,2,0,0,1,0,0,0,0,0
"POINT (11.070506338000030 49.468272290000073)",Unfall 220223 (2023) Kat:3, Licht: 0,220223,3,7,1,05,09,2,0,0,1,1,0,0,0,0
"POINT (11.034963359000074 49.467268139000055)",Unfall 220224 (2023) Kat:3, Licht: 0,220224,3,1,0,05,17,2,0,0,0,0,0,1,0,0
"POINT (11.051203488000056 49.407671551000078)",Unfall 220290 (2023) Kat:2, Licht: 0,220290,2,1,8,05,16,1,0,0,0,1,0,0,0,0
"POINT (11.134232592000046 49.453579099000081)",Unfall 220291 (2023) Kat:2, Licht: 0,220291,2,1,0,05,16,1,0,0,0,0,0,0,0,1
"POINT (11.108816147000027 49.444911324000032)",Unfall 220353 (2023) Kat:3, Licht: 1,220353,3,7,5,05,20,7,0,1,0,1,0,0,0,0
"POINT (11.063012231000073 49.440731499000037)",Unfall 220354 (2023) Kat:3, Licht: 2,220354,3,2,4,05,01,7,0,2,0,1,0,0,0,0
"POINT (11.015406547000055 49.452984546000039)",Unfall 220355 (2023) Kat:3, Licht: 0,220355,3,6,2,05,09,7,0,0,0,1,0,0,0,0
"POINT (11.147511917000031 49.414799632000040)",Unfall 220411 (2023) Kat:3, Licht: 0,220411,3,4,0,05,08,6,0,0,0,0,1,0,0,1
"POINT (11.089811340000040 49.457682201000068)",Unfall 220412 (2023) Kat:3, Licht: 0,220412,3,6,2,05,09,6,0,0,0,1,0,0,0,0
"POINT (11.103968336000037 49.459942671000078)",Unfall 220413 (2023) Kat:3, Licht: 0,220413,3,5,1,05,17,6,0,0,1,1,0,0,0,0
"POINT (11.049527870000077 49.519618975000071)",Unfall 220483 (2023) Kat:3, Licht: 0,220483,3,7,0,05,14,5,0,0,1,0,0,0,0,0
"POINT (11.021291037000026 49.423223607000068)",Unfall 220484 (2023) Kat:3, Licht: 0,220484,3,3,5,05,09,5,0,0,0,1,0,0,0,0
"POINT (11.071141602000068 49.445324495000079)",Unfall 220485 (2023) Kat:3, Licht: 0,220485,3,2,6,05,17,5,0,0,0,1,1,0,0,0
"POINT (11.099810481000077 49.358680952000043)",Unfall 220489 (2023) Kat:3, Licht: 0,220489,3,1,1,05,19,2,0,0,1,1,0,0,0,0
"POINT (11.071690270000033 49.454538009000032)",Unfall 220552 (2023) Kat:3, Licht: 0,220552,3,3,4,05,18,4,0,0,1,0,0,0,0,0
"POINT (11.109595768000077 49.406665665000048)",Unfall 220553 (2023) Kat:3, Licht: 0,220553,3,6,3,05,17,4,0,0,0,1,0,1,0,1
"POINT (11.039515871000049 49.420241968000028)",Unfall 220554 (2023) Kat:3, Licht: 0,220554,3,3,5,05,07,4,0,0,0,1,0,0,0,1
"POINT (11.117608726000071 49.423426282000037)",Unfall 220557 (2023) Kat:3, Licht: 0,220557,3,1,0,05,08,4,0,0,0,0,0,1,0,0
"POINT (11.051669338000067 49.444842237000046)",Unfall 220564 (2023) Kat:3, Licht: 2,220564,3,7,1,05,00,4,0,2,1,1,0,0,0,0
"POINT (11.125329441000076 49.410118566000051)",Unfall 220613 (2023) Kat:3, Licht: 2,220613,3,6,1,05,23,3,0,2,0,1,0,0,1,0
"POINT (11.139189003000070 49.415295733000050)",Unfall 220660 (2023) Kat:3, Licht: 0,220660,3,2,4,05,17,2,0,0,1,1,0,0,0,0
"POINT (11.089955222000071 49.441506778000075)",Unfall 220661 (2023) Kat:3, Licht: 0,220661,3,3,0,05,19,2,0,0,0,1,0,0,0,1
"POINT (11.080705794000039 49.445808263000060)",Unfall 220662 (2023) Kat:3, Licht: 0,220662,3,6,2,05,16,2,0,0,0,1,0,0,0,0
"POINT (11.075868435000075 49.443654268000046)",Unfall 220709 (2023) Kat:3, Licht: 0,220709,3,2,4,05,11,1,0,0,0,1,0,1,0,0
"POINT (11.046709278000037 49.432946732000062)",Unfall 220742 (2023) Kat:3, Licht: 2,220742,3,1,5,05,21,7,0,2,0,1,0,0,0,0
"POINT (11.036850443000048 49.412154218000069)",Unfall 220743 (2023) Kat:3, Licht: 0,220743,3,6,4,05,18,7,0,0,0,1,0,0,0,0
"POINT (11.085176651000040 49.423535052000034)",Unfall 220756 (2023) Kat:3, Licht: 0,220756,3,6,2,05,09,6,0,0,0,1,0,0,0,0
"POINT (11.071937235000064 49.445805659000030)",Unfall 220793 (2023) Kat:3, Licht: 0,220793,3,7,4,05,08,6,0,0,0,1,0,1,0,0
"POINT (11.058190695000064 49.441612261000046)",Unfall 220794 (2023) Kat:3, Licht: 0,220794,3,3,5,05,14,6,1,0,1,1,0,0,0,0
"POINT (11.078698012000075 49.432672852000053)",Unfall 220795 (2023) Kat:3, Licht: 2,220795,3,1,0,05,00,6,1,2,0,0,0,0,0,1
"POINT (11.086256995000042 49.452676225000062)",Unfall 220796 (2023) Kat:3, Licht: 0,220796,3,6,2,05,16,6,0,0,0,1,0,0,0,1
"POINT (11.078867582000044 49.438632682000048)",Unfall 220797 (2023) Kat:3, Licht: 0,220797,3,3,5,05,08,6,1,0,1,1,0,0,0,0
"POINT (11.090369646000056 49.440297945000054)",Unfall 220798 (2023) Kat:3, Licht: 0,220798,3,1,0,05,12,6,1,0,1,0,0,0,0,0
"POINT (11.059225185000059 49.449868716000026)",Unfall 220799 (2023) Kat:3, Licht: 0,220799,3,3,5,05,11,6,1,0,0,1,0,0,0,0
"POINT (11.098673310000038 49.428586137000082)",Unfall 220838 (2023) Kat:3, Licht: 0,220838,3,1,0,05,13,1,0,0,1,0,0,0,0,0
"POINT (11.144207579000067 49.412665400000037)",Unfall 220852 (2023) Kat:3, Licht: 2,220852,3,3,5,05,04,5,1,2,0,1,0,0,0,0
"POINT (11.098239940000042 49.444302915000037)",Unfall 220853 (2023) Kat:3, Licht: 0,220853,3,2,4,05,15,5,1,0,1,1,0,0,0,0
"POINT (11.067586524000035 49.439464065000038)",Unfall 220854 (2023) Kat:3, Licht: 0,220854,3,1,0,05,16,5,1,0,0,0,0,1,0,0
"POINT (11.146938177000038 49.399993185000028)",Unfall 220856 (2023) Kat:3, Licht: 2,220856,3,1,1,05,21,5,1,2,0,1,0,0,0,0
"POINT (11.173737379000045 49.397895828000060)",Unfall 220857 (2023) Kat:3, Licht: 0,220857,3,3,5,05,16,5,1,0,1,1,0,0,0,0
"POINT (11.018930660000024 49.431291764000036)",Unfall 220858 (2023) Kat:3, Licht: 0,220858,3,6,2,05,15,5,1,0,0,1,0,0,0,0
"POINT (11.110167958000034 49.468832870000028)",Unfall 220872 (2023) Kat:3, Licht: 0,220872,3,6,2,05,08,2,0,0,1,1,0,0,0,0
"POINT (11.067581583000049 49.439464696000073)",Unfall 220909 (2023) Kat:3, Licht: 0,220909,3,7,0,05,11,4,1,0,0,0,0,1,0,0
"POINT (11.109030983000025 49.492362147000051)",Unfall 220910 (2023) Kat:3, Licht: 0,220910,3,7,6,05,14,4,1,0,0,1,1,0,0,0
"POINT (11.131280331000028 49.404685845000074)",Unfall 221016 (2023) Kat:3, Licht: 0,221016,3,2,4,06,14,4,0,0,0,1,0,0,0,0
"POINT (11.053483876000030 49.403201440000032)",Unfall 221017 (2023) Kat:3, Licht: 0,221017,3,6,2,06,07,4,0,0,0,1,0,0,0,0
"POINT (11.097711467000067 49.463527349000060)",Unfall 221018 (2023) Kat:3, Licht: 0,221018,3,5,1,06,08,4,0,0,1,1,0,0,0,0
"POINT (11.037357357000076 49.456751478000058)",Unfall 221086 (2023) Kat:3, Licht: 0,221086,3,3,6,06,19,3,0,0,1,0,1,0,0,0
"POINT (11.061488556000029 49.448970497000062)",Unfall 221087 (2023) Kat:3, Licht: 0,221087,3,6,3,06,16,3,0,0,0,1,0,0,0,0
"POINT (11.081590474000052 49.471355915000061)",Unfall 221149 (2023) Kat:3, Licht: 0,221149,3,1,0,06,19,2,0,0,1,0,0,0,0,0
"POINT (11.075466769000059 49.411534484000072)",Unfall 221150 (2023) Kat:3, Licht: 0,221150,3,3,5,06,14,2,0,0,1,0,0,0,0,1
"POINT (11.027101401000039 49.423705985000026)",Unfall 221151 (2023) Kat:3, Licht: 0,221151,3,6,2,06,08,2,0,0,1,1,0,0,0,0
"POINT (11.071751265000046 49.447038891000034)",Unfall 221201 (2023) Kat:2, Licht: 0,221201,2,6,3,06,19,1,0,0,0,1,0,1,0,0
"POINT (11.088292151000076 49.461341234000031)",Unfall 221202 (2023) Kat:3, Licht: 2,221202,3,3,5,06,23,1,0,2,0,1,0,1,0,0
"POINT (11.095950184000060 49.448563903000036)",Unfall 221275 (2023) Kat:3, Licht: 2,221275,3,7,0,06,23,7,0,2,0,1,0,1,0,0
"POINT (11.083391070000062 49.449771708000071)",Unfall 221276 (2023) Kat:3, Licht: 0,221276,3,2,4,06,19,7,0,0,1,1,0,0,0,0
"POINT (11.108860021000055 49.485413755000081)",Unfall 221277 (2023) Kat:3, Licht: 0,221277,3,7,3,06,14,7,0,0,1,1,0,0,0,0
"POINT (11.207839112000045 49.420660449000081)",Unfall 221278 (2023) Kat:3, Licht: 0,221278,3,6,2,06,10,7,0,0,0,1,0,0,0,0
"POINT (11.092906611000046 49.457992936000039)",Unfall 221279 (2023) Kat:3, Licht: 0,221279,3,1,0,06,11,7,0,0,1,0,0,0,0,0
"POINT (11.079994556000031 49.446630495000079)",Unfall 221366 (2023) Kat:3, Licht: 0,221366,3,1,0,06,10,6,0,0,1,0,0,0,0,0
"POINT (11.072801342000048 49.457893726000066)",Unfall 221368 (2023) Kat:3, Licht: 2,221368,3,6,4,06,23,6,0,2,0,0,0,0,0,1
"POINT (11.064599262000058 49.446929601000079)",Unfall 221369 (2023) Kat:3, Licht: 0,221369,3,7,6,06,13,6,0,0,1,0,1,0,0,0
"POINT (11.092854087000035 49.436653612000043)",Unfall 221370 (2023) Kat:3, Licht: 2,221370,3,1,0,06,01,6,0,2,0,0,0,0,0,1
"POINT (11.083077567000032 49.449636876000056)",Unfall 221371 (2023) Kat:3, Licht: 0,221371,3,2,5,06,08,6,0,0,1,1,0,0,0,0
"POINT (11.029246987000022 49.488515207000034)",Unfall 221372 (2023) Kat:3, Licht: 0,221372,3,7,0,06,08,6,0,0,1,0,1,0,0,0
"POINT (11.071813773000031 49.447098048000043)",Unfall 221373 (2023) Kat:2, Licht: 0,221373,2,3,5,06,07,6,0,0,0,1,0,0,0,0
"POINT (11.099064320000025 49.443372174000046)",Unfall 221374 (2023) Kat:3, Licht: 0,221374,3,6,0,06,14,6,0,0,0,1,0,0,0,1
"POINT (11.076553389000026 49.439667810000060)",Unfall 221375 (2023) Kat:3, Licht: 0,221375,3,3,5,06,07,6,0,0,0,1,0,0,0,0
"POINT (11.015766236000047 49.453433872000062)",Unfall 221376 (2023) Kat:3, Licht: 0,221376,3,6,2,06,11,6,0,0,0,1,0,0,0,0
"POINT (11.055169631000069 49.418774892000044)",Unfall 221377 (2023) Kat:3, Licht: 0,221377,3,7,6,06,07,6,0,0,0,1,1,0,0,0
"POINT (11.072306657000070 49.425618281000027)",Unfall 221378 (2023) Kat:3, Licht: 0,221378,3,3,5,06,15,6,0,0,1,1,0,0,0,0
"POINT (11.128096576000075 49.466059274000031)",Unfall 221379 (2023) Kat:3, Licht: 0,221379,3,1,0,06,12,6,0,0,1,0,0,0,0,0
"POINT (11.018899312000030 49.458430411000052)",Unfall 221380 (2023) Kat:3, Licht: 0,221380,3,6,2,06,08,6,0,0,0,1,0,0,0,1
"POINT (11.071223624000027 49.437436799000068)",Unfall 221460 (2023) Kat:3, Licht: 0,221460,3,7,0,06,19,5,0,0,1,1,0,0,0,0
"POINT (11.070080413000028 49.450035737000064)",Unfall 221461 (2023) Kat:3, Licht: 2,221461,3,1,0,06,00,5,0,2,1,0,0,0,0,0
"POINT (11.095661282000037 49.445718910000039)",Unfall 221462 (2023) Kat:2, Licht: 0,221462,2,2,5,06,08,5,0,0,1,1,0,0,0,0
"POINT (11.123843264000072 49.412608432000070)",Unfall 221463 (2023) Kat:3, Licht: 0,221463,3,1,0,06,19,5,0,0,1,0,0,0,0,0
"POINT (11.127938951000033 49.466386307000050)",Unfall 221464 (2023) Kat:2, Licht: 0,221464,2,7,0,06,07,5,0,0,0,0,0,0,1,0
"POINT (11.019030359000055 49.531863818000033)",Unfall 221465 (2023) Kat:3, Licht: 0,221465,3,6,4,06,09,5,0,0,1,0,0,0,0,0
"POINT (11.118471026000066 49.443470899000033)",Unfall 221466 (2023) Kat:3, Licht: 0,221466,3,1,0,06,15,5,0,0,0,0,0,1,0,0
"POINT (11.050263799000049 49.444127997000066)",Unfall 221467 (2023) Kat:3, Licht: 0,221467,3,2,6,06,16,5,0,0,0,1,1,0,0,0
"POINT (11.074310192000041 49.446832537000034)",Unfall 221468 (2023) Kat:3, Licht: 0,221468,3,6,3,06,18,5,0,0,0,1,0,0,0,0
"POINT (11.061656031000041 49.365663508000068)",Unfall 221556 (2023) Kat:3, Licht: 0,221556,3,7,0,05,15,4,0,0,0,0,0,0,0,1
"POINT (11.031618018000074 49.473549150000053)",Unfall 221558 (2023) Kat:3, Licht: 0,221558,3,2,6,05,17,4,0,0,0,1,1,0,0,0
"POINT (11.083618624000053 49.404025960000070)",Unfall 221559 (2023) Kat:2, Licht: 0,221559,2,7,6,05,12,4,0,0,0,0,1,0,0,1
"POINT (11.090382097000031 49.439260698000055)",Unfall 221561 (2023) Kat:3, Licht: 0,221561,3,2,5,05,09,4,0,0,0,1,0,1,0,0
"POINT (11.055771235000066 49.443350420000058)",Unfall 221562 (2023) Kat:2, Licht: 0,221562,2,3,5,05,17,4,0,0,1,1,0,0,0,0
"POINT (11.127220000000023 49.398813011000072)",Unfall 221563 (2023) Kat:3, Licht: 0,221563,3,1,0,05,10,4,0,0,0,0,0,0,0,1
"POINT (11.078432948000057 49.439948237000067)",Unfall 221619 (2023) Kat:3, Licht: 0,221619,3,6,2,06,09,4,0,0,0,1,0,0,0,1
"POINT (11.139056130000029 49.400575271000037)",Unfall 221667 (2023) Kat:3, Licht: 0,221667,3,3,5,05,09,3,0,0,0,1,0,0,0,0
"POINT (11.082161385000063 49.439165669000033)",Unfall 221668 (2023) Kat:3, Licht: 0,221668,3,2,5,05,14,3,0,0,1,1,0,0,0,0
"POINT (11.068391498000040 49.443283925000060)",Unfall 221739 (2023) Kat:3, Licht: 0,221739,3,1,0,05,12,2,0,0,1,0,0,0,0,0
"POINT (11.075454089000061 49.411528741000041)",Unfall 221740 (2023) Kat:3, Licht: 0,221740,3,1,9,05,16,2,0,0,1,0,0,0,0,0
"POINT (11.056059026000071 49.449861725000062)",Unfall 221825 (2023) Kat:3, Licht: 0,221825,3,1,0,05,20,1,0,0,1,0,0,0,0,0
"POINT (11.073839420000070 49.446934551000027)",Unfall 221826 (2023) Kat:3, Licht: 2,221826,3,1,0,05,03,1,0,2,1,0,0,0,0,0
"POINT (11.090903553000032 49.485367557000075)",Unfall 221827 (2023) Kat:3, Licht: 0,221827,3,6,2,05,19,1,0,0,0,1,0,1,0,0
"POINT (11.069855300000029 49.447176040000045)",Unfall 221828 (2023) Kat:3, Licht: 0,221828,3,1,0,05,12,1,0,0,0,0,0,0,0,1
"POINT (11.078676135000023 49.442752484000039)",Unfall 221905 (2023) Kat:3, Licht: 0,221905,3,3,5,05,15,7,0,0,0,1,0,1,0,0
"POINT (11.103762631000052 49.459891360000029)",Unfall 221906 (2023) Kat:3, Licht: 0,221906,3,3,5,05,12,7,0,0,0,1,0,0,0,1
"POINT (11.113227313000039 49.447108537000076)",Unfall 221908 (2023) Kat:2, Licht: 0,221908,2,3,5,05,12,7,0,0,1,1,0,0,0,0
"POINT (11.085206248000077 49.446710475000032)",Unfall 221909 (2023) Kat:3, Licht: 2,221909,3,1,0,05,22,7,0,2,1,0,0,0,0,0
"POINT (11.078418901000077 49.456698269000071)",Unfall 222049 (2023) Kat:3, Licht: 0,222049,3,7,0,06,17,3,0,0,1,0,0,0,0,1
"POINT (11.023855217000062 49.435158411000032)",Unfall 222050 (2023) Kat:2, Licht: 0,222050,2,6,2,06,17,3,0,0,1,1,0,0,0,0
"POINT (11.009118972000067 49.445476001000031)",Unfall 222051 (2023) Kat:3, Licht: 0,222051,3,1,0,06,06,3,1,0,1,1,0,0,0,0
"POINT (11.083103683000047 49.443722422000064)",Unfall 222052 (2023) Kat:3, Licht: 0,222052,3,6,4,06,20,3,0,0,1,1,0,0,0,0
"POINT (11.061753980000049 49.460689821000074)",Unfall 222053 (2023) Kat:3, Licht: 0,222053,3,7,0,06,11,3,0,0,0,0,0,0,0,1
"POINT (11.078083633000062 49.441921369000056)",Unfall 222054 (2023) Kat:3, Licht: 0,222054,3,5,1,06,11,3,0,0,0,1,0,0,0,1
"POINT (11.015527693000024 49.453135884000062)",Unfall 222132 (2023) Kat:3, Licht: 0,222132,3,1,0,06,12,2,0,0,0,0,0,1,0,0
"POINT (11.078868594000028 49.438631072000078)",Unfall 222222 (2023) Kat:3, Licht: 2,222222,3,3,5,06,03,1,0,2,1,1,0,0,0,0
"POINT (11.138503681000032 49.401771910000036)",Unfall 222223 (2023) Kat:3, Licht: 0,222223,3,7,1,06,16,1,0,0,0,1,0,0,0,0
"POINT (11.037046159000056 49.466668039000069)",Unfall 222224 (2023) Kat:3, Licht: 2,222224,3,1,0,06,22,1,0,2,0,0,0,0,0,1
"POINT (11.024173842000039 49.425283852000064)",Unfall 222225 (2023) Kat:3, Licht: 0,222225,3,3,5,06,20,1,0,0,0,1,0,1,0,0
"POINT (11.046432929000048 49.432513728000060)",Unfall 222226 (2023) Kat:3, Licht: 0,222226,3,1,0,06,09,1,0,0,1,0,0,0,0,0
"POINT (11.131675931000075 49.404496246000065)",Unfall 222294 (2023) Kat:3, Licht: 0,222294,3,7,0,06,12,7,0,0,0,0,1,0,0,1
"POINT (11.032428917000061 49.448207119000074)",Unfall 222295 (2023) Kat:3, Licht: 0,222295,3,4,6,06,08,7,0,0,0,1,1,0,0,0
"POINT (11.040033572000027 49.436955722000050)",Unfall 222296 (2023) Kat:3, Licht: 0,222296,3,3,5,06,10,7,0,0,0,1,0,0,0,0
"POINT (11.067345370000055 49.439494901000046)",Unfall 222297 (2023) Kat:3, Licht: 0,222297,3,1,0,06,14,7,0,0,1,0,0,0,0,0
"POINT (11.110073079000074 49.444498401000033)",Unfall 222379 (2023) Kat:3, Licht: 0,222379,3,4,6,06,13,6,0,0,0,1,1,0,0,0
"POINT (11.067696763000072 49.447218646000067)",Unfall 222380 (2023) Kat:2, Licht: 0,222380,2,4,6,06,20,6,0,0,0,0,1,0,0,1
"POINT (11.086287560000073 49.452715104000049)",Unfall 222381 (2023) Kat:3, Licht: 0,222381,3,1,0,06,08,3,0,0,1,0,0,0,0,0
"POINT (11.079960953000068 49.449734140000032)",Unfall 222382 (2023) Kat:2, Licht: 0,222382,2,1,0,06,07,6,0,0,1,0,0,0,0,0
"POINT (11.096149404000073 49.451988635000077)",Unfall 222383 (2023) Kat:3, Licht: 0,222383,3,7,0,06,16,6,0,0,1,0,0,0,0,0
"POINT (11.096567318000041 49.406854692000081)",Unfall 222384 (2023) Kat:3, Licht: 0,222384,3,1,0,06,12,6,0,0,0,0,0,1,0,0
"POINT (11.065694166000071 49.408658020000075)",Unfall 222385 (2023) Kat:3, Licht: 0,222385,3,3,1,06,12,6,0,0,0,1,0,0,0,0
"POINT (11.033692636000069 49.468018375000042)",Unfall 222475 (2023) Kat:3, Licht: 0,222475,3,6,2,06,08,5,0,0,0,1,0,0,0,0
"POINT (11.097607316000051 49.446503510000070)",Unfall 222476 (2023) Kat:3, Licht: 0,222476,3,7,1,06,09,5,0,0,1,1,0,0,0,0
"POINT (11.054905068000039 49.440981868000051)",Unfall 222477 (2023) Kat:3, Licht: 0,222477,3,6,2,06,07,5,0,0,0,1,0,0,0,0
"POINT (11.036481348000052 49.484989879000068)",Unfall 222559 (2023) Kat:2, Licht: 0,222559,2,6,1,06,16,4,0,0,0,1,0,0,1,0
"POINT (11.046442257000024 49.468653172000074)",Unfall 222560 (2023) Kat:2, Licht: 2,222560,2,1,0,06,22,4,1,2,1,0,0,0,0,0
"POINT (11.056767148000063 49.460457769000072)",Unfall 222561 (2023) Kat:3, Licht: 0,222561,3,3,5,06,07,4,0,0,0,1,0,1,0,0
"POINT (11.018312724000054 49.430977651000035)",Unfall 222562 (2023) Kat:2, Licht: 0,222562,2,3,6,06,07,4,0,0,0,1,1,0,0,0
"POINT (11.057722892000072 49.460262449000027)",Unfall 222563 (2023) Kat:3, Licht: 2,222563,3,1,0,06,00,4,0,2,1,0,0,0,0,0
"POINT (11.111271742000042 49.438670372000047)",Unfall 222564 (2023) Kat:3, Licht: 0,222564,3,1,0,06,16,4,0,0,1,0,0,0,0,0
"POINT (11.076958955000066 49.434713439000063)",Unfall 222638 (2023) Kat:3, Licht: 0,222638,3,2,5,06,06,5,0,0,1,1,0,0,0,0
"POINT (11.069075270000042 49.466789412000026)",Unfall 222666 (2023) Kat:3, Licht: 1,222666,3,3,0,06,21,3,0,1,0,1,0,1,0,0
"POINT (11.147633359000054 49.462944838000055)",Unfall 222667 (2023) Kat:3, Licht: 0,222667,3,3,5,06,16,3,0,0,0,1,0,0,0,0
"POINT (11.103796258000045 49.450716948000036)",Unfall 222668 (2023) Kat:3, Licht: 0,222668,3,2,4,06,16,3,0,0,0,1,0,0,0,0
"POINT (11.105253803000039 49.484217502000035)",Unfall 222669 (2023) Kat:3, Licht: 0,222669,3,2,5,06,11,3,0,0,1,1,0,0,0,0
"POINT (11.026507162000030 49.468892945000050)",Unfall 222761 (2023) Kat:2, Licht: 0,222761,2,3,5,06,15,3,0,0,1,1,0,0,0,0
"POINT (11.104100287000051 49.446612850000065)",Unfall 222792 (2023) Kat:3, Licht: 0,222792,3,1,1,06,09,2,0,0,0,1,0,0,0,0
"POINT (11.055933415000027 49.441532863000077)",Unfall 222793 (2023) Kat:3, Licht: 0,222793,3,7,6,06,10,2,0,0,1,0,1,0,0,0
"POINT (11.068363666000039 49.443006622000041)",Unfall 222794 (2023) Kat:3, Licht: 0,222794,3,6,4,06,09,2,0,0,1,0,0,0,0,0
"POINT (11.102593692000028 49.473015169000064)",Unfall 222795 (2023) Kat:3, Licht: 1,222795,3,6,3,06,21,2,0,1,1,0,0,0,0,0
"POINT (11.080289246000063 49.492782450000050)",Unfall 222796 (2023) Kat:3, Licht: 0,222796,3,3,0,06,18,2,0,0,0,1,0,1,0,0
"POINT (11.074677551000036 49.446802497000078)",Unfall 222797 (2023) Kat:3, Licht: 0,222797,3,3,0,06,17,2,0,0,0,0,1,0,0,1
"POINT (11.097259260000044 49.474428790000047)",Unfall 222860 (2023) Kat:3, Licht: 0,222860,3,1,0,06,18,1,0,0,1,0,0,0,0,0
"POINT (11.046038164000038 49.513284899000041)",Unfall 222861 (2023) Kat:3, Licht: 0,222861,3,6,2,06,16,1,0,0,0,1,0,1,0,0
"POINT (11.076455684000052 49.460818270000061)",Unfall 222939 (2023) Kat:3, Licht: 0,222939,3,1,0,06,20,7,0,0,1,0,0,0,0,0
"POINT (11.091368347000071 49.441950296000073)",Unfall 222940 (2023) Kat:3, Licht: 0,222940,3,5,1,06,13,7,0,0,1,1,0,0,0,0
"POINT (11.079548585000055 49.479845508000039)",Unfall 222941 (2023) Kat:3, Licht: 0,222941,3,7,0,06,18,7,0,0,1,0,0,0,0,0
"POINT (11.067944484000066 49.441239749000033)",Unfall 223008 (2023) Kat:3, Licht: 2,223008,3,1,0,06,03,6,0,2,0,0,0,0,0,1
"POINT (11.003059559000064 49.450416647000054)",Unfall 223009 (2023) Kat:3, Licht: 0,223009,3,2,5,06,13,6,0,0,1,1,0,0,0,0
"POINT (11.081458436000048 49.470202848000042)",Unfall 223010 (2023) Kat:3, Licht: 0,223010,3,3,5,06,20,6,0,0,0,1,0,0,0,0
"POINT (11.093538898000077 49.462500614000078)",Unfall 223012 (2023) Kat:3, Licht: 2,223012,3,6,2,06,22,6,0,2,0,1,0,0,0,0
"POINT (11.109978029000047 49.468938333000040)",Unfall 223092 (2023) Kat:3, Licht: 0,223092,3,3,5,06,18,5,1,0,0,1,0,0,0,0
"POINT (11.057889767000063 49.397690400000045)",Unfall 223094 (2023) Kat:2, Licht: 2,223094,2,6,3,06,00,5,0,2,1,0,0,0,1,0
"POINT (11.061068261000059 49.459494421000045)",Unfall 223095 (2023) Kat:2, Licht: 2,223095,2,1,0,06,01,5,0,2,1,0,0,0,0,0
"POINT (11.063934633000031 49.448754105000035)",Unfall 223096 (2023) Kat:3, Licht: 2,223096,3,1,8,06,22,5,0,2,0,1,0,0,0,0
"POINT (11.077981646000069 49.450921234000077)",Unfall 223097 (2023) Kat:3, Licht: 2,223097,3,1,0,06,03,5,0,2,0,0,0,0,0,1
"POINT (11.084871984000074 49.440848604000053)",Unfall 223107 (2023) Kat:2, Licht: 0,223107,2,4,6,07,16,2,0,0,0,1,1,0,0,0
"POINT (11.173474950000070 49.412449314000071)",Unfall 223108 (2023) Kat:2, Licht: 0,223108,2,2,5,07,09,2,0,0,1,1,0,0,0,0
"POINT (11.075472843000057 49.411537235000026)",Unfall 223109 (2023) Kat:3, Licht: 0,223109,3,3,5,07,07,2,0,0,1,0,0,0,0,0
"POINT (11.166708419000031 49.463372415000038)",Unfall 223157 (2023) Kat:3, Licht: 0,223157,3,4,6,07,15,1,0,0,1,0,1,0,0,0
"POINT (11.085594178000065 49.424437596000075)",Unfall 223158 (2023) Kat:3, Licht: 0,223158,3,6,2,07,11,1,0,0,0,1,0,0,0,0
"POINT (11.095943002000070 49.443105455000079)",Unfall 223208 (2023) Kat:3, Licht: 0,223208,3,7,2,07,15,7,0,0,0,1,0,0,0,0
"POINT (11.067969706000042 49.441118500000073)",Unfall 223209 (2023) Kat:3, Licht: 0,223209,3,3,5,07,17,7,0,0,0,1,0,0,0,1
"POINT (11.091516070000068 49.467367713000044)",Unfall 223290 (2023) Kat:3, Licht: 0,223290,3,7,1,06,13,6,1,0,0,1,0,0,0,0
"POINT (11.073451158000069 49.449260189000029)",Unfall 223291 (2023) Kat:3, Licht: 0,223291,3,7,0,06,11,6,0,0,1,1,0,0,0,0
"POINT (11.091486727000074 49.436475371000029)",Unfall 223292 (2023) Kat:3, Licht: 0,223292,3,2,5,06,17,6,0,0,0,1,0,0,0,0
"POINT (11.046743350000042 49.435587577000035)",Unfall 223293 (2023) Kat:3, Licht: 0,223293,3,1,0,06,13,6,1,0,0,0,0,0,0,1