WKT,Name,OBJECTID,UKATEGORIE,UTYP1,UART,UMONAT,USTUNDE,UWOCHENTAG,STRZUSTAND,ULICHTVERH,ISTRAD,ISTPKW,ISTFUSS,ISTKRAD,ISTGKFZ,ISTSONSTIG
"POINT (11.067060033000075 49.439089860000081)",Unfall 223294 (2023) Kat:3, Licht: 0,223294,3,4,6,06,19,6,0,0,0,1,1,0,0,0
"POINT (11.115155717000050 49.425497705000055)",Unfall 223379 (2023) Kat:2, Licht: 0,223379,2,1,7,06,12,5,0,0,0,0,0,1,0,0
"POINT (11.061830815000064 49.449543344000062)",Unfall 223380 (2023) Kat:3, Licht: 0,223380,3,6,2,06,18,5,0,0,1,0,0,0,0,0
"POINT (11.126447793000068 49.428365156000041)",Unfall 223382 (2023) Kat:2, Licht: 0,223382,2,3,5,06,15,5,0,0,1,1,0,0,0,0
"POINT (11.114604745000065 49.454194186000052)",Unfall 223383 (2023) Kat:3, Licht: 0,223383,3,7,0,06,07,5,0,0,0,1,0,0,0,1
"POINT (11.017240209000022 49.469603848000077)",Unfall 223384 (2023) Kat:3, Licht: 0,223384,3,6,2,06,16,5,0,0,0,1,0,1,0,0
"POINT (11.088785621000056 49.455675920000033)",Unfall 223498 (2023) Kat:3, Licht: 0,223498,3,3,5,06,19,4,0,0,1,1,0,0,0,0
"POINT (11.072042296000063 49.452878851000037)",Unfall 223499 (2023) Kat:2, Licht: 0,223499,2,4,6,06,18,4,0,0,1,0,1,0,0,0
"POINT (11.113121815000056 49.444296008000038)",Unfall 223500 (2023) Kat:3, Licht: 0,223500,3,7,0,06,13,4,0,0,1,0,0,0,0,1
"POINT (11.067978290000042 49.441291913000043)",Unfall 223501 (2023) Kat:3, Licht: 0,223501,3,1,9,06,14,4,0,0,0,0,0,1,0,0
"POINT (11.120743871000059 49.476771550000080)",Unfall 223502 (2023) Kat:3, Licht: 0,223502,3,1,0,06,13,4,0,0,0,0,0,1,0,0
"POINT (11.091792653000027 49.461568837000073)",Unfall 223504 (2023) Kat:3, Licht: 0,223504,3,6,2,06,07,4,0,0,0,1,0,0,0,0
"POINT (11.034201602000053 49.403028082000048)",Unfall 223505 (2023) Kat:2, Licht: 0,223505,2,1,7,06,17,4,0,0,1,0,0,0,0,0
"POINT (11.124517797000067 49.443701769000029)",Unfall 223570 (2023) Kat:3, Licht: 0,223570,3,3,5,06,13,3,0,0,1,1,0,0,0,0
"POINT (11.026150320000056 49.451786224000045)",Unfall 223571 (2023) Kat:2, Licht: 0,223571,2,6,2,06,15,3,0,0,0,1,0,1,0,0
"POINT (11.110851128000036 49.394237365000038)",Unfall 223572 (2023) Kat:2, Licht: 0,223572,2,6,4,06,18,3,0,0,1,0,0,0,0,0
"POINT (11.170285649000050 49.462655625000082)",Unfall 223573 (2023) Kat:3, Licht: 0,223573,3,7,1,06,17,3,0,0,0,1,1,0,0,0
"POINT (11.074687730000051 49.455777879000038)",Unfall 223652 (2023) Kat:3, Licht: 0,223652,3,5,1,06,17,2,0,0,1,1,0,0,0,0
"POINT (11.070056335000061 49.461345509000068)",Unfall 223653 (2023) Kat:3, Licht: 0,223653,3,6,4,06,10,2,0,0,0,1,0,1,0,0
"POINT (11.059114067000053 49.449685445000057)",Unfall 223654 (2023) Kat:3, Licht: 0,223654,3,6,2,06,16,2,0,0,1,0,0,0,0,1
"POINT (11.042860724000036 49.431840535000049)",Unfall 223655 (2023) Kat:3, Licht: 0,223655,3,3,5,06,07,2,0,0,0,1,0,0,0,1
"POINT (11.017461179000065 49.456508692000057)",Unfall 223673 (2023) Kat:3, Licht: 0,223673,3,3,5,06,08,5,0,0,1,1,0,0,0,0
"POINT (11.080826641000044 49.446758554000041)",Unfall 223723 (2023) Kat:3, Licht: 0,223723,3,6,3,06,13,1,0,0,0,1,0,0,0,0
"POINT (11.051014236000071 49.423374817000081)",Unfall 223724 (2023) Kat:2, Licht: 2,223724,2,1,8,06,04,1,0,2,0,0,0,1,0,0
"POINT (11.121498943000063 49.420909042000062)",Unfall 223725 (2023) Kat:3, Licht: 2,223725,3,1,0,06,01,1,0,2,1,0,0,0,0,0
"POINT (11.070814713000061 49.455022148000069)",Unfall 223726 (2023) Kat:3, Licht: 0,223726,3,7,0,07,11,2,0,0,0,0,0,0,0,1
"POINT (11.082378825000035 49.461995063000074)",Unfall 223820 (2023) Kat:3, Licht: 0,223820,3,5,1,06,16,7,0,0,1,0,0,0,0,1
"POINT (11.057639609000034 49.432064340000068)",Unfall 223899 (2023) Kat:3, Licht: 0,223899,3,3,5,06,17,6,0,0,0,1,0,0,0,0
"POINT (11.122669089000055 49.468434692000073)",Unfall 223900 (2023) Kat:3, Licht: 0,223900,3,1,1,06,07,6,0,0,0,1,0,0,0,0
"POINT (11.066007931000058 49.385876003000078)",Unfall 223977 (2023) Kat:3, Licht: 0,223977,3,7,0,06,18,5,0,0,1,0,0,0,0,0
"POINT (11.074848376000034 49.446632932000057)",Unfall 224076 (2023) Kat:3, Licht: 0,224076,3,1,0,06,12,4,0,0,0,0,0,1,0,0
"POINT (11.033065160000035 49.460655983000038)",Unfall 224077 (2023) Kat:3, Licht: 0,224077,3,6,3,06,06,4,0,0,1,1,0,0,0,0
"POINT (11.117400227000076 49.455486839000059)",Unfall 224079 (2023) Kat:3, Licht: 0,224079,3,3,5,06,13,4,0,0,1,1,0,0,0,0
"POINT (11.086981474000027 49.459192798000061)",Unfall 224080 (2023) Kat:2, Licht: 0,224080,2,1,0,06,09,4,0,0,1,0,0,0,0,0
"POINT (11.039053127000045 49.454699968000057)",Unfall 224081 (2023) Kat:3, Licht: 0,224081,3,3,5,06,09,4,0,0,1,1,0,0,0,0
"POINT (11.052705393000053 49.457363801000042)",Unfall 224082 (2023) Kat:3, Licht: 0,224082,3,3,5,06,12,4,0,0,1,0,0,0,0,0
"POINT (11.086671644000035 49.448546859000032)",Unfall 224083 (2023) Kat:3, Licht: 0,224083,3,6,0,06,15,4,0,0,0,1,0,1,0,0
"POINT (11.081586132000041 49.470698932000062)",Unfall 224148 (2023) Kat:3, Licht: 0,224148,3,4,6,07,18,6,0,0,0,1,1,0,0,0
"POINT (11.097375516000056 49.450065366000047)",Unfall 224149 (2023) Kat:3, Licht: 0,224149,3,6,4,07,14,6,0,0,1,0,0,0,0,1
"POINT (11.070117342000060 49.408740334000072)",Unfall 224150 (2023) Kat:3, Licht: 0,224150,3,6,3,07,11,6,0,0,0,1,0,0,1,0
"POINT (11.055844006000029 49.349588147000077)",Unfall 224151 (2023) Kat:3, Licht: 0,224151,3,1,0,07,12,6,0,0,1,0,0,0,0,0
"POINT (11.100010919000056 49.438490545000036)",Unfall 224152 (2023) Kat:3, Licht: 0,224152,3,3,5,07,11,6,0,0,0,1,0,0,0,1
"POINT (11.112679707000041 49.404114764000042)",Unfall 224153 (2023) Kat:3, Licht: 0,224153,3,1,0,07,11,6,0,0,1,0,0,0,0,0
"POINT (11.120530085000041 49.457248983000056)",Unfall 224228 (2023) Kat:3, Licht: 0,224228,3,7,6,07,11,5,0,0,0,0,1,0,1,0
"POINT (11.076965943000062 49.454602294000040)",Unfall 224229 (2023) Kat:3, Licht: 0,224229,3,1,0,07,13,5,0,0,1,0,0,0,0,0
"POINT (11.085003555000071 49.422749482000029)",Unfall 224230 (2023) Kat:3, Licht: 0,224230,3,6,2,07,15,5,0,0,0,1,0,0,0,0
"POINT (11.133262830000035 49.456571388000043)",Unfall 224231 (2023) Kat:3, Licht: 0,224231,3,1,0,07,17,5,0,0,1,0,0,0,0,0
"POINT (11.081924917000038 49.440442043000076)",Unfall 224232 (2023) Kat:3, Licht: 0,224232,3,3,5,07,12,5,0,0,0,1,0,0,0,1
"POINT (11.068542948000072 49.425569575000054)",Unfall 224310 (2023) Kat:3, Licht: 0,224310,3,3,5,07,17,4,0,0,0,1,0,1,0,0
"POINT (11.083452172000023 49.447296296000047)",Unfall 224311 (2023) Kat:3, Licht: 0,224311,3,4,6,07,17,4,0,0,1,0,1,0,0,0
"POINT (11.110474125000053 49.500605651000058)",Unfall 224312 (2023) Kat:3, Licht: 0,224312,3,6,1,07,08,4,0,0,1,1,0,0,0,0
"POINT (11.167165871000066 49.395874968000044)",Unfall 224313 (2023) Kat:3, Licht: 2,224313,3,1,0,07,04,4,1,2,1,0,0,0,0,0
"POINT (11.097710318000054 49.440750135000030)",Unfall 224399 (2023) Kat:3, Licht: 0,224399,3,1,1,07,17,3,0,0,0,1,0,1,0,0
"POINT (11.055023708000022 49.449773414000049)",Unfall 224400 (2023) Kat:3, Licht: 0,224400,3,3,5,07,16,3,0,0,1,0,0,0,0,1
"POINT (11.118878144000064 49.411060044000067)",Unfall 224401 (2023) Kat:3, Licht: 0,224401,3,1,0,07,16,3,0,0,0,0,0,0,0,1
"POINT (11.080510374000028 49.465278133000027)",Unfall 224402 (2023) Kat:3, Licht: 0,224402,3,7,0,07,19,3,0,0,1,0,0,0,0,0
"POINT (11.048600227000065 49.512187461000053)",Unfall 224403 (2023) Kat:3, Licht: 0,224403,3,3,5,07,19,3,0,0,0,1,0,0,0,0
"POINT (11.018610252000030 49.431172515000071)",Unfall 224422 (2023) Kat:3, Licht: 0,224422,3,3,5,07,11,5,0,0,1,0,0,1,0,0
"POINT (11.117986117000044 49.472363265000070)",Unfall 224494 (2023) Kat:3, Licht: 0,224494,3,1,0,07,18,2,0,0,1,0,0,0,0,1
"POINT (11.071629783000049 49.473828868000055)",Unfall 224495 (2023) Kat:3, Licht: 0,224495,3,6,2,07,13,2,0,0,0,1,0,0,0,0
"POINT (11.130908835000071 49.461439335000080)",Unfall 224580 (2023) Kat:2, Licht: 0,224580,2,1,0,07,13,1,0,0,1,0,0,0,0,0
"POINT (11.071149959000024 49.454674212000043)",Unfall 224581 (2023) Kat:3, Licht: 2,224581,3,7,6,07,00,1,0,2,1,0,1,0,0,0
"POINT (11.079921035000041 49.415567663000047)",Unfall 224582 (2023) Kat:3, Licht: 0,224582,3,1,0,07,12,1,0,0,1,0,0,0,0,0
"POINT (11.065328776000058 49.448564012000077)",Unfall 224664 (2023) Kat:3, Licht: 0,224664,3,6,2,07,16,7,0,0,0,1,0,0,0,0
"POINT (11.036765557000024 49.490244198000028)",Unfall 224665 (2023) Kat:3, Licht: 0,224665,3,3,5,07,12,7,0,0,0,1,0,0,0,1
"POINT (11.088575242000047 49.447647270000061)",Unfall 224666 (2023) Kat:3, Licht: 0,224666,3,3,5,07,09,7,0,0,1,0,0,0,0,1
"POINT (11.011476043000073 49.426962506000052)",Unfall 224667 (2023) Kat:3, Licht: 0,224667,3,6,3,07,11,7,0,0,0,1,0,1,0,0
"POINT (11.075106001000051 49.450385537000045)",Unfall 224668 (2023) Kat:3, Licht: 0,224668,3,3,6,07,16,7,0,0,1,0,1,0,0,0
"POINT (11.102641321000021 49.496234440000080)",Unfall 224677 (2023) Kat:3, Licht: 0,224677,3,1,0,07,21,7,0,0,0,0,0,1,0,0
"POINT (11.009784474000071 49.456775646000040)",Unfall 224761 (2023) Kat:3, Licht: 0,224761,3,1,0,07,20,6,0,0,0,0,0,0,0,1
"POINT (11.063868635000063 49.449319818000049)",Unfall 224762 (2023) Kat:3, Licht: 2,224762,3,6,1,07,22,6,0,2,0,1,0,0,0,0
"POINT (11.045303795000052 49.454371798000068)",Unfall 224763 (2023) Kat:3, Licht: 0,224763,3,6,4,07,17,6,0,0,1,0,0,0,0,0
"POINT (11.074772633000066 49.465132309000069)",Unfall 224764 (2023) Kat:3, Licht: 0,224764,3,7,5,07,19,6,0,0,0,1,0,0,0,0
"POINT (11.138907685000049 49.477417157000048)",Unfall 224765 (2023) Kat:3, Licht: 0,224765,3,6,3,07,20,6,0,0,1,0,0,0,0,0
"POINT (11.103794965000077 49.450383377000037)",Unfall 224887 (2023) Kat:3, Licht: 0,224887,3,7,0,07,13,5,0,0,1,0,0,0,0,0
"POINT (11.047225910000066 49.422872133000055)",Unfall 224888 (2023) Kat:3, Licht: 0,224888,3,1,0,07,17,5,0,0,1,0,0,0,0,0
"POINT (11.101379714000075 49.443198915000039)",Unfall 224889 (2023) Kat:3, Licht: 0,224889,3,3,5,07,13,5,0,0,1,1,0,0,0,0
"POINT (11.075178118000053 49.446827520000056)",Unfall 224890 (2023) Kat:3, Licht: 0,224890,3,7,6,07,17,5,0,0,1,0,1,0,0,0
"POINT (11.061917536000067 49.451600729000063)",Unfall 224891 (2023) Kat:3, Licht: 0,224891,3,7,1,07,07,5,0,0,1,1,0,0,0,0
"POINT (11.085592765000058 49.461801896000054)",Unfall 224893 (2023) Kat:3, Licht: 0,224893,3,7,5,07,11,5,0,0,1,1,0,0,0,0
"POINT (11.089549896000051 49.446180546000051)",Unfall 224969 (2023) Kat:3, Licht: 0,224969,3,3,5,07,09,4,0,0,1,0,0,0,0,0
"POINT (11.085126269000057 49.446892848000061)",Unfall 224971 (2023) Kat:3, Licht: 0,224971,3,3,3,07,16,4,0,0,1,0,0,0,0,1
"POINT (11.091332917000045 49.460169746000076)",Unfall 224972 (2023) Kat:3, Licht: 0,224972,3,6,2,07,16,4,0,0,0,1,0,0,0,0
"POINT (11.070001148000074 49.402735016000065)",Unfall 225078 (2023) Kat:3, Licht: 0,225078,3,6,4,07,06,3,0,0,1,0,0,0,0,0
"POINT (11.033950760000039 49.403560629000026)",Unfall 225079 (2023) Kat:3, Licht: 0,225079,3,5,1,07,06,3,0,0,1,1,0,0,0,0
"POINT (11.059573679000039 49.454507973000034)",Unfall 225080 (2023) Kat:3, Licht: 0,225080,3,2,5,07,08,3,0,0,0,1,0,0,0,1
"POINT (11.045121467000058 49.439200355000025)",Unfall 225081 (2023) Kat:3, Licht: 0,225081,3,4,0,07,06,3,0,0,1,0,1,0,0,0
"POINT (11.070249451000052 49.454969448000043)",Unfall 225145 (2023) Kat:3, Licht: 0,225145,3,6,2,07,13,3,0,0,0,1,0,0,0,0
"POINT (11.104966944000068 49.447098159000063)",Unfall 225155 (2023) Kat:3, Licht: 2,225155,3,1,8,07,22,7,0,2,0,1,0,0,0,0
"POINT (11.025912472000073 49.464889950000043)",Unfall 225170 (2023) Kat:3, Licht: 0,225170,3,3,5,07,11,4,0,0,1,1,0,0,0,0
"POINT (11.081383001000063 49.441996267000036)",Unfall 225226 (2023) Kat:3, Licht: 0,225226,3,3,5,07,16,4,0,0,0,1,0,1,0,0
"POINT (11.002974970000025 49.450644671000077)",Unfall 225227 (2023) Kat:3, Licht: 0,225227,3,6,2,07,15,4,0,0,0,1,0,0,0,0
"POINT (11.101470245000030 49.441484099000036)",Unfall 225228 (2023) Kat:3, Licht: 0,225228,3,3,5,07,14,4,0,0,0,1,0,0,0,1
"POINT (11.044883647000063 49.454879769000058)",Unfall 225229 (2023) Kat:3, Licht: 0,225229,3,3,3,07,10,4,0,0,1,1,0,0,0,0
"POINT (11.103738492000048 49.489648280000040)",Unfall 225283 (2023) Kat:3, Licht: 0,225283,3,6,4,07,16,3,0,0,0,1,0,0,0,1
"POINT (11.076508663000027 49.439794572000039)",Unfall 225287 (2023) Kat:3, Licht: 0,225287,3,1,1,07,18,4,1,0,0,1,0,1,0,0
"POINT (11.089643844000022 49.443110252000054)",Unfall 225346 (2023) Kat:3, Licht: 1,225346,3,1,0,07,20,2,0,1,1,0,0,0,0,0
"POINT (11.056041613000048 49.445666938000045)",Unfall 225347 (2023) Kat:3, Licht: 0,225347,3,6,0,07,12,2,0,0,1,1,0,0,0,0
"POINT (11.097622916000034 49.484123801000067)",Unfall 225348 (2023) Kat:2, Licht: 2,225348,2,1,0,07,23,2,0,2,1,0,0,0,0,0
"POINT (11.113070154000070 49.466227813000046)",Unfall 225349 (2023) Kat:3, Licht: 1,225349,3,3,5,07,21,2,1,1,1,1,0,0,0,0
"POINT (11.043687544000022 49.446537194000030)",Unfall 225350 (2023) Kat:3, Licht: 0,225350,3,7,0,07,15,2,0,0,0,0,0,0,0,1
"POINT (11.067155929000023 49.439519124000071)",Unfall 225370 (2023) Kat:3, Licht: 0,225370,3,2,5,07,11,2,0,0,0,1,0,0,0,0
"POINT (11.081704142000035 49.446741173000078)",Unfall 225409 (2023) Kat:3, Licht: 0,225409,3,6,2,07,14,1,0,0,0,1,0,1,0,0
"POINT (11.077833186000021 49.452455390000068)",Unfall 225434 (2023) Kat:3, Licht: 2,225434,3,7,0,07,01,1,0,2,0,0,0,0,0,1
"POINT (11.061326748000056 49.449020835000056)",Unfall 225481 (2023) Kat:3, Licht: 2,225481,3,3,3,07,23,7,0,2,0,1,0,1,0,0
"POINT (11.135726474000023 49.403310025000053)",Unfall 225482 (2023) Kat:3, Licht: 0,225482,3,1,1,07,19,7,0,0,0,1,0,0,0,0
"POINT (11.048577372000068 49.441404326000054)",Unfall 225483 (2023) Kat:3, Licht: 0,225483,3,3,5,07,13,7,0,0,0,1,0,0,0,0
"POINT (11.031380202000037 49.422149030000071)",Unfall 225484 (2023) Kat:3, Licht: 0,225484,3,3,5,07,09,7,0,0,1,1,0,0,0,0
"POINT (11.021771000000058 49.460204821000048)",Unfall 225553 (2023) Kat:3, Licht: 0,225553,3,2,4,07,14,3,1,0,1,1,0,0,0,0
"POINT (11.093565250000040 49.353614336000078)",Unfall 225567 (2023) Kat:2, Licht: 0,225567,2,4,6,07,17,6,0,0,0,1,1,0,0,0
"POINT (11.083267395000064 49.455658959000061)",Unfall 225693 (2023) Kat:2, Licht: 0,225693,2,4,6,07,08,5,0,0,1,0,1,0,0,0
"POINT (11.028385793000041 49.469384207000076)",Unfall 225694 (2023) Kat:3, Licht: 2,225694,3,1,0,07,21,5,0,2,0,0,0,0,0,1
"POINT (11.063720309000075 49.454066783000030)",Unfall 225695 (2023) Kat:3, Licht: 0,225695,3,7,0,07,19,5,0,0,0,1,0,0,0,1
"POINT (11.034779758000070 49.400664721000055)",Unfall 225696 (2023) Kat:3, Licht: 0,225696,3,5,1,07,08,5,0,0,1,1,0,0,0,0
"POINT (11.098607115000050 49.484049560000074)",Unfall 225802 (2023) Kat:3, Licht: 0,225802,3,2,3,07,08,4,0,0,1,1,0,0,0,0
"POINT (11.010869440000022 49.460062359000062)",Unfall 225803 (2023) Kat:3, Licht: 0,225803,3,6,2,07,07,4,0,0,1,1,0,0,0,0
"POINT (11.064944353000044 49.461640655000053)",Unfall 225804 (2023) Kat:2, Licht: 0,225804,2,4,6,07,15,4,0,0,0,1,1,0,0,0
"POINT (11.048928769000042 49.408270406000042)",Unfall 225805 (2023) Kat:2, Licht: 0,225805,2,2,4,07,08,4,0,0,0,1,0,0,0,0
"POINT (11.088341442000058 49.456734045000076)",Unfall 225806 (2023) Kat:3, Licht: 0,225806,3,1,9,07,11,4,0,0,0,1,1,0,0,0
"POINT (11.055972567000026 49.349719073000074)",Unfall 225807 (2023) Kat:3, Licht: 0,225807,3,3,5,07,11,4,0,0,0,1,0,0,0,0
"POINT (11.172711372000037 49.411964342000033)",Unfall 225808 (2023) Kat:3, Licht: 0,225808,3,2,5,07,17,4,0,0,0,1,0,0,0,1
"POINT (11.109502747000022 49.476503759000082)",Unfall 225809 (2023) Kat:3, Licht: 0,225809,3,3,5,07,15,4,0,0,1,1,0,0,0,0
"POINT (11.054694229000063 49.444445571000074)",Unfall 225923 (2023) Kat:3, Licht: 0,225923,3,3,5,07,17,3,0,0,1,1,0,0,0,0
"POINT (11.086417837000056 49.436716575000048)",Unfall 225924 (2023) Kat:3, Licht: 0,225924,3,1,0,07,11,3,0,0,0,0,0,0,0,1
"POINT (11.081480079000073 49.468444491000071)",Unfall 225925 (2023) Kat:3, Licht: 0,225925,3,6,4,07,12,3,0,0,1,1,0,0,0,0
"POINT (11.086382043000071 49.430229892000057)",Unfall 225926 (2023) Kat:2, Licht: 0,225926,2,7,6,07,14,3,0,0,0,1,1,0,0,0
"POINT (11.076599652000027 49.458888138000077)",Unfall 225927 (2023) Kat:3, Licht: 0,225927,3,1,0,07,17,3,0,0,1,0,0,0,0,0
"POINT (11.069291965000048 49.452924180000082)",Unfall 225928 (2023) Kat:3, Licht: 0,225928,3,6,3,07,11,3,0,0,0,1,0,0,0,1
"POINT (11.064800912000067 49.440204507000033)",Unfall 226030 (2023) Kat:3, Licht: 0,226030,3,2,4,07,16,2,0,0,0,1,0,1,0,0
"POINT (11.042297305000034 49.466090413000074)",Unfall 226031 (2023) Kat:3, Licht: 0,226031,3,3,5,07,19,2,0,0,0,1,0,0,0,0
"POINT (11.097263465000026 49.440889922000054)",Unfall 226032 (2023) Kat:3, Licht: 0,226032,3,6,2,07,16,2,0,0,1,0,0,0,0,0
"POINT (11.131370944000025 49.404660449000062)",Unfall 226111 (2023) Kat:3, Licht: 0,226111,3,1,0,07,12,1,0,0,1,0,0,0,0,0
"POINT (11.055833027000062 49.441477995000071)",Unfall 226113 (2023) Kat:3, Licht: 0,226113,3,1,7,07,18,1,0,0,0,0,0,0,0,1
"POINT (11.073247190000075 49.458446585000047)",Unfall 226114 (2023) Kat:2, Licht: 2,226114,2,3,5,07,02,1,1,2,0,0,0,0,0,1
"POINT (11.039107917000024 49.457849571000054)",Unfall 226159 (2023) Kat:3, Licht: 0,226159,3,3,5,07,14,2,0,0,1,1,0,0,0,0
"POINT (11.126471251000055 49.424733929000070)",Unfall 226204 (2023) Kat:3, Licht: 0,226204,3,1,0,07,10,7,0,0,1,0,0,0,0,0
"POINT (11.111180098000034 49.452659401000062)",Unfall 226205 (2023) Kat:3, Licht: 0,226205,3,3,5,07,19,7,0,0,1,1,0,0,0,0
"POINT (11.071754830000032 49.454741701000046)",Unfall 226206 (2023) Kat:3, Licht: 0,226206,3,7,0,07,16,7,0,0,0,1,0,0,0,1
"POINT (11.018857964000063 49.469203085000061)",Unfall 226324 (2023) Kat:3, Licht: 2,226324,3,1,0,08,21,7,0,2,1,0,0,0,0,0
"POINT (11.072582209000075 49.441149105000079)",Unfall 226325 (2023) Kat:3, Licht: 0,226325,3,5,0,08,14,7,0,0,0,1,0,0,0,1
"POINT (11.044278732000066 49.469367127000055)",Unfall 226326 (2023) Kat:2, Licht: 0,226326,2,1,0,08,15,7,0,0,1,0,0,0,0,0
"POINT (11.123036692000028 49.463405794000039)",Unfall 226327 (2023) Kat:3, Licht: 0,226327,3,1,0,08,13,7,0,0,0,0,0,1,0,0
"POINT (11.133381123000049 49.397690423000029)",Unfall 226393 (2023) Kat:3, Licht: 0,226393,3,1,0,08,11,6,0,0,1,0,0,0,0,0
"POINT (11.090127916000029 49.441266477000056)",Unfall 226394 (2023) Kat:3, Licht: 0,226394,3,6,3,08,16,6,0,0,0,0,0,1,0,1
"POINT (11.062515743000063 49.457180926000035)",Unfall 226395 (2023) Kat:3, Licht: 0,226395,3,1,0,08,12,6,0,0,1,0,0,0,0,0
"POINT (11.003168418000030 49.450425159000076)",Unfall 226462 (2023) Kat:3, Licht: 0,226462,3,2,0,08,16,5,0,0,0,1,0,0,0,1
"POINT (11.077750311000045 49.454196999000033)",Unfall 226463 (2023) Kat:3, Licht: 0,226463,3,7,6,08,19,5,0,0,1,0,1,0,0,0
"POINT (11.079708762000053 49.460936790000062)",Unfall 226464 (2023) Kat:3, Licht: 2,226464,3,6,3,08,22,5,0,2,1,1,0,0,0,0
"POINT (11.129291594000051 49.400674806000040)",Unfall 226465 (2023) Kat:3, Licht: 2,226465,3,3,5,08,00,5,0,2,0,1,0,0,0,1
"POINT (11.057650656000021 49.450160402000051)",Unfall 226466 (2023) Kat:3, Licht: 0,226466,3,6,4,08,16,5,0,0,1,0,0,0,0,1
"POINT (11.156070420000049 49.403280442000039)",Unfall 226467 (2023) Kat:3, Licht: 0,226467,3,2,3,08,10,5,0,0,1,1,0,0,0,0
"POINT (11.061778655000069 49.436153546000071)",Unfall 226536 (2023) Kat:3, Licht: 2,226536,3,1,0,08,00,4,1,2,1,0,0,0,0,0
"POINT (11.061660678000067 49.365420783000047)",Unfall 226592 (2023) Kat:3, Licht: 0,226592,3,3,5,08,17,3,0,0,0,1,0,0,0,0
"POINT (11.105159532000073 49.450633795000044)",Unfall 226593 (2023) Kat:2, Licht: 0,226593,2,1,0,08,14,3,0,0,1,0,0,0,0,0
"POINT (11.045680631000039 49.454248072000041)",Unfall 226594 (2023) Kat:3, Licht: 0,226594,3,3,1,08,15,3,0,0,0,1,0,0,0,0
"POINT (11.074382536000030 49.434083352000073)",Unfall 226623 (2023) Kat:3, Licht: 0,226623,3,1,0,08,11,2,1,0,0,0,0,1,0,0
"POINT (11.067468665000035 49.443336674000079)",Unfall 226624 (2023) Kat:3, Licht: 0,226624,3,7,0,08,13,2,0,0,0,0,0,0,0,1
"POINT (11.055738814000051 49.443319350000081)",Unfall 226654 (2023) Kat:3, Licht: 0,226654,3,3,5,08,15,1,1,0,0,1,0,0,0,0
"POINT (11.068037503000028 49.435102984000082)",Unfall 226655 (2023) Kat:3, Licht: 0,226655,3,2,5,08,16,1,1,0,0,1,0,0,0,0
"POINT (11.073029698000028 49.450984462000065)",Unfall 226670 (2023) Kat:3, Licht: 0,226670,3,6,6,08,17,7,0,0,1,0,1,0,0,0
"POINT (11.076254581000057 49.411993251000069)",Unfall 226694 (2023) Kat:3, Licht: 0,226694,3,6,2,08,15,7,0,0,0,1,0,0,0,1
"POINT (11.023683721000054 49.462718656000050)",Unfall 226695 (2023) Kat:3, Licht: 0,226695,3,3,5,08,16,7,0,0,1,1,0,0,0,0
"POINT (11.070359772000074 49.464298967000047)",Unfall 226696 (2023) Kat:3, Licht: 2,226696,3,1,0,08,05,7,0,2,0,0,0,0,0,1
"POINT (11.068550659000039 49.444487238000079)",Unfall 226697 (2023) Kat:3, Licht: 0,226697,3,3,5,08,16,7,0,0,0,1,0,0,0,1
"POINT (11.059917430000041 49.460677248000081)",Unfall 226698 (2023) Kat:3, Licht: 0,226698,3,1,1,08,18,7,0,0,0,1,0,1,0,0
"POINT (11.057253933000027 49.413868441000034)",Unfall 226745 (2023) Kat:3, Licht: 0,226745,3,7,5,08,16,6,0,0,0,1,0,0,0,0
"POINT (11.080381285000044 49.446427255000060)",Unfall 226746 (2023) Kat:3, Licht: 0,226746,3,2,5,08,08,6,0,0,1,1,0,0,0,0
"POINT (11.077708543000028 49.439238396000064)",Unfall 226748 (2023) Kat:2, Licht: 0,226748,2,1,0,08,17,6,0,0,1,0,0,0,0,0
"POINT (11.125583082000048 49.433782032000067)",Unfall 226750 (2023) Kat:3, Licht: 0,226750,3,3,5,08,15,6,0,0,1,1,0,0,0,0
"POINT (11.082602864000023 49.460903666000036)",Unfall 226751 (2023) Kat:3, Licht: 1,226751,3,1,0,08,19,6,1,1,1,0,0,0,0,0
"POINT (11.049058810000076 49.408286803000067)",Unfall 226752 (2023) Kat:3, Licht: 2,226752,3,1,9,08,22,6,1,2,0,1,0,0,0,0
"POINT (11.068285255000035 49.441069112000037)",Unfall 226804 (2023) Kat:3, Licht: 0,226804,3,6,6,08,14,5,0,0,1,0,1,0,0,0
"POINT (11.083613103000062 49.450678419000042)",Unfall 226805 (2023) Kat:2, Licht: 2,226805,2,1,0,08,22,5,0,2,1,0,0,0,0,0
"POINT (11.150819898000066 49.400716550000027)",Unfall 226806 (2023) Kat:3, Licht: 0,226806,3,3,5,08,15,5,0,0,1,1,0,0,0,0
"POINT (11.076459987000021 49.415299574000073)",Unfall 226818 (2023) Kat:3, Licht: 0,226818,3,3,5,08,16,5,0,0,1,1,0,0,0,0
"POINT (11.081346238000037 49.446629287000064)",Unfall 226874 (2023) Kat:3, Licht: 0,226874,3,6,3,08,18,4,1,0,0,1,0,1,0,0