WKT,Name,OBJECTID,UKATEGORIE,UTYP1,UART,UMONAT,USTUNDE,UWOCHENTAG,STRZUSTAND,ULICHTVERH,ISTRAD,ISTPKW,ISTFUSS,ISTKRAD,ISTGKFZ,ISTSONSTIG
"POINT (11.076779872000031 49.453777484000057)",Unfall 226875 (2023) Kat:2, Licht: 0,226875,2,4,6,08,10,4,1,0,0,1,1,0,0,0
"POINT (11.048560233000046 49.408313456000030)",Unfall 226876 (2023) Kat:3, Licht: 0,226876,3,4,6,08,09,4,0,0,0,0,1,0,0,1
"POINT (11.077946650000058 49.433101497000052)",Unfall 226877 (2023) Kat:3, Licht: 0,226877,3,3,0,08,12,4,1,0,0,1,0,0,0,1
"POINT (11.091727953000031 49.457782327000075)",Unfall 226923 (2023) Kat:3, Licht: 0,226923,3,1,0,08,21,7,0,0,1,0,0,0,0,0
"POINT (11.053595323000025 49.403671612000039)",Unfall 226929 (2023) Kat:3, Licht: 0,226929,3,3,5,08,12,3,1,0,0,0,0,0,1,0
"POINT (11.099768760000075 49.459485246000042)",Unfall 226930 (2023) Kat:2, Licht: 0,226930,2,1,0,08,12,3,1,0,1,0,0,0,0,0
"POINT (11.084699511000053 49.449247388000060)",Unfall 226931 (2023) Kat:3, Licht: 0,226931,3,6,2,08,09,3,1,0,0,1,0,0,0,0
"POINT (11.169576479000057 49.410296528000060)",Unfall 226985 (2023) Kat:2, Licht: 0,226985,2,7,0,07,12,2,0,0,0,0,0,0,0,1
"POINT (11.086471917000040 49.431769449000058)",Unfall 226986 (2023) Kat:2, Licht: 0,226986,2,3,0,07,07,2,0,0,1,1,0,0,0,0
"POINT (11.116249547000052 49.471927687000061)",Unfall 226987 (2023) Kat:3, Licht: 0,226987,3,7,6,07,13,2,0,0,1,0,1,0,0,0
"POINT (11.112343295000073 49.428511164000042)",Unfall 226988 (2023) Kat:3, Licht: 1,226988,3,7,0,07,20,2,0,1,1,0,0,0,0,0
"POINT (11.094731848000038 49.446016087000032)",Unfall 226989 (2023) Kat:3, Licht: 0,226989,3,3,5,07,12,2,0,0,0,1,0,0,0,0
"POINT (11.071839189000059 49.425476295000067)",Unfall 226990 (2023) Kat:3, Licht: 0,226990,3,3,2,07,07,2,0,0,0,1,0,0,0,1
"POINT (11.067232890000071 49.427862904000051)",Unfall 226991 (2023) Kat:3, Licht: 0,226991,3,3,5,07,11,2,0,0,0,1,0,1,0,0
"POINT (11.015939526000068 49.453650343000049)",Unfall 227045 (2023) Kat:3, Licht: 0,227045,3,3,5,07,09,1,0,0,0,1,0,0,0,0
"POINT (11.074311407000039 49.455916222000042)",Unfall 227047 (2023) Kat:3, Licht: 0,227047,3,3,5,07,12,1,0,0,1,1,0,0,0,0
"POINT (11.068191705000061 49.435832242000060)",Unfall 227048 (2023) Kat:3, Licht: 0,227048,3,2,5,07,16,1,0,0,0,1,0,0,0,1
"POINT (11.063779024000041 49.458860296000069)",Unfall 227049 (2023) Kat:3, Licht: 0,227049,3,6,2,07,18,1,0,0,0,1,0,0,0,0
"POINT (11.103221955000038 49.471829308000054)",Unfall 227050 (2023) Kat:3, Licht: 1,227050,3,1,0,07,06,1,1,1,0,0,0,1,0,0
"POINT (11.020572104000053 49.460666986000035)",Unfall 227062 (2023) Kat:3, Licht: 0,227062,3,1,0,08,12,3,0,0,1,0,0,0,0,0
"POINT (11.081583236000029 49.467565904000026)",Unfall 227106 (2023) Kat:3, Licht: 2,227106,3,7,1,07,23,7,0,2,1,0,0,1,0,0
"POINT (11.070115358000066 49.437101643000062)",Unfall 227107 (2023) Kat:3, Licht: 0,227107,3,3,5,07,19,7,0,0,1,1,0,0,0,0
"POINT (11.083206080000025 49.470583756000053)",Unfall 227108 (2023) Kat:3, Licht: 0,227108,3,7,0,07,14,7,0,0,0,0,0,1,0,0
"POINT (11.009076904000040 49.445503027000029)",Unfall 227180 (2023) Kat:3, Licht: 0,227180,3,6,3,07,11,6,0,0,0,1,0,0,0,0
"POINT (11.069820369000070 49.450598549000063)",Unfall 227181 (2023) Kat:3, Licht: 0,227181,3,7,6,07,19,6,1,0,1,0,1,0,0,0
"POINT (11.056142743000066 49.388143579000030)",Unfall 227182 (2023) Kat:3, Licht: 0,227182,3,2,4,07,15,6,0,0,0,1,0,1,0,0
"POINT (11.074601830000063 49.452557884000043)",Unfall 227183 (2023) Kat:3, Licht: 0,227183,3,7,6,07,13,6,0,0,1,1,1,0,0,0
"POINT (11.012466781000057 49.449293644000079)",Unfall 227184 (2023) Kat:3, Licht: 0,227184,3,2,4,07,10,6,0,0,0,1,0,0,0,0
"POINT (11.108321993000061 49.414573966000034)",Unfall 227185 (2023) Kat:3, Licht: 0,227185,3,3,5,07,18,6,1,0,0,1,0,0,0,1
"POINT (11.121539405000021 49.416139250000072)",Unfall 227186 (2023) Kat:3, Licht: 2,227186,3,7,0,07,22,6,1,2,1,0,1,0,0,0
"POINT (11.061594088000049 49.491006629000026)",Unfall 227187 (2023) Kat:3, Licht: 0,227187,3,1,4,07,16,6,0,0,0,1,0,0,0,1
"POINT (11.056463678000057 49.453837617000033)",Unfall 227280 (2023) Kat:2, Licht: 2,227280,2,1,0,07,21,5,1,2,1,0,0,0,0,0
"POINT (11.072585818000050 49.449448515000029)",Unfall 227281 (2023) Kat:3, Licht: 2,227281,3,2,5,07,19,5,1,2,0,1,0,1,0,0
"POINT (11.039756985000054 49.425828438000053)",Unfall 227282 (2023) Kat:3, Licht: 0,227282,3,6,2,07,15,5,1,0,0,1,0,0,1,0
"POINT (11.086268511000071 49.448048266000058)",Unfall 227305 (2023) Kat:3, Licht: 0,227305,3,3,5,08,09,3,1,0,1,1,0,0,0,0
"POINT (11.064691448000076 49.434791896000036)",Unfall 227341 (2023) Kat:3, Licht: 0,227341,3,5,1,08,16,2,0,0,1,1,0,0,0,0
"POINT (11.076692490000028 49.434721443000058)",Unfall 227342 (2023) Kat:3, Licht: 0,227342,3,6,2,08,13,2,1,0,0,1,0,0,0,0
"POINT (11.071629569000038 49.439888666000058)",Unfall 227343 (2023) Kat:3, Licht: 0,227343,3,4,6,08,12,2,1,0,0,1,0,0,0,1
"POINT (11.025539831000060 49.470464782000079)",Unfall 227392 (2023) Kat:3, Licht: 0,227392,3,1,0,08,08,7,0,0,1,0,0,0,0,0
"POINT (11.083172967000053 49.440609558000062)",Unfall 227393 (2023) Kat:3, Licht: 1,227393,3,7,1,08,20,7,1,1,0,1,0,0,0,0
"POINT (11.019400148000045 49.448210437000057)",Unfall 227394 (2023) Kat:3, Licht: 0,227394,3,2,4,08,15,7,0,0,1,0,0,0,0,0
"POINT (11.085359807000032 49.463329688000044)",Unfall 227442 (2023) Kat:3, Licht: 0,227442,3,1,0,08,18,6,0,0,1,0,0,0,0,0
"POINT (11.089612155000054 49.461494199000072)",Unfall 227620 (2023) Kat:2, Licht: 0,227620,2,4,6,08,17,3,0,0,0,1,1,0,0,0
"POINT (11.085099534000051 49.422339553000029)",Unfall 227621 (2023) Kat:3, Licht: 0,227621,3,6,2,08,14,3,0,0,0,1,0,1,0,0
"POINT (11.101944391000075 49.461981331000061)",Unfall 227622 (2023) Kat:3, Licht: 0,227622,3,3,5,08,13,3,0,0,1,1,0,0,0,0
"POINT (11.027223401000072 49.466290057000037)",Unfall 227635 (2023) Kat:3, Licht: 0,227635,3,3,0,08,14,3,0,0,1,1,0,0,0,0
"POINT (11.075532521000071 49.444299814000033)",Unfall 227687 (2023) Kat:3, Licht: 0,227687,3,6,6,08,16,2,0,0,1,0,1,0,0,0
"POINT (11.065793632000066 49.429720519000057)",Unfall 227688 (2023) Kat:3, Licht: 0,227688,3,6,2,08,15,2,0,0,0,1,0,0,0,0
"POINT (11.056798161000074 49.390169761000038)",Unfall 227689 (2023) Kat:3, Licht: 1,227689,3,3,3,08,05,2,0,1,0,1,0,0,0,0
"POINT (11.070321947000025 49.464653013000031)",Unfall 227690 (2023) Kat:3, Licht: 0,227690,3,2,4,08,11,2,0,0,1,1,0,0,0,0
"POINT (11.102648363000071 49.440260594000051)",Unfall 227691 (2023) Kat:2, Licht: 0,227691,2,3,5,08,09,2,0,0,1,1,0,0,0,0
"POINT (11.167955119000055 49.469994903000043)",Unfall 227692 (2023) Kat:3, Licht: 0,227692,3,1,0,08,18,2,0,0,1,0,0,0,0,0
"POINT (11.132789508000030 49.457824575000075)",Unfall 227708 (2023) Kat:3, Licht: 0,227708,3,3,5,08,18,4,0,0,0,1,0,0,0,0
"POINT (11.115407276000042 49.400846871000056)",Unfall 227765 (2023) Kat:3, Licht: 0,227765,3,3,5,08,16,1,0,0,1,1,0,0,0,0
"POINT (11.133736343000066 49.455772240000044)",Unfall 227829 (2023) Kat:3, Licht: 0,227829,3,1,0,08,12,7,0,0,1,0,0,0,0,0
"POINT (11.126253032000022 49.463369254000042)",Unfall 227830 (2023) Kat:3, Licht: 0,227830,3,2,8,08,09,7,0,0,0,0,0,1,0,0
"POINT (11.086101210000038 49.441879913000037)",Unfall 227831 (2023) Kat:3, Licht: 2,227831,3,5,1,08,00,7,0,2,1,1,0,0,0,0
"POINT (11.072140400000023 49.454616161000047)",Unfall 227832 (2023) Kat:3, Licht: 0,227832,3,7,1,08,18,7,0,0,0,1,0,0,0,0
"POINT (11.089892857000052 49.447917919000076)",Unfall 227833 (2023) Kat:3, Licht: 0,227833,3,6,2,08,13,7,0,0,0,1,0,0,0,0
"POINT (11.038910107000049 49.439975410000045)",Unfall 227834 (2023) Kat:3, Licht: 0,227834,3,6,3,08,12,7,0,0,1,1,0,0,0,0
"POINT (11.093520708000028 49.458144147000041)",Unfall 227835 (2023) Kat:3, Licht: 0,227835,3,1,0,08,15,7,0,0,0,0,0,0,0,1
"POINT (11.075013974000058 49.469874444000027)",Unfall 227836 (2023) Kat:3, Licht: 0,227836,3,1,0,08,10,7,0,0,1,0,0,0,0,0
"POINT (11.112148922000074 49.487032576000047)",Unfall 227906 (2023) Kat:2, Licht: 0,227906,2,1,0,08,13,6,0,0,0,0,0,0,0,1
"POINT (11.061233117000029 49.459465936000072)",Unfall 227907 (2023) Kat:3, Licht: 0,227907,3,1,0,08,14,6,0,0,1,0,0,0,0,0
"POINT (11.026405384000043 49.470080217000032)",Unfall 227909 (2023) Kat:3, Licht: 0,227909,3,2,4,08,12,6,0,0,1,1,0,0,0,0
"POINT (11.089354886000024 49.446815154000035)",Unfall 227910 (2023) Kat:3, Licht: 0,227910,3,6,2,08,09,6,1,0,0,1,0,1,0,0
"POINT (11.057141752000064 49.442187938000075)",Unfall 227911 (2023) Kat:3, Licht: 0,227911,3,3,5,08,07,6,1,0,0,1,0,0,0,1
"POINT (11.067806818000065 49.441035307000050)",Unfall 227995 (2023) Kat:2, Licht: 2,227995,2,7,0,08,21,5,1,2,0,0,0,1,0,0
"POINT (11.114947554000025 49.449928396000075)",Unfall 227996 (2023) Kat:2, Licht: 0,227996,2,6,6,08,16,5,0,0,1,0,1,0,0,0
"POINT (11.067840651000040 49.441083578000075)",Unfall 227997 (2023) Kat:2, Licht: 0,227997,2,1,0,08,17,5,1,0,0,1,0,1,0,0
"POINT (11.132301122000058 49.411383185000034)",Unfall 227998 (2023) Kat:3, Licht: 0,227998,3,3,5,08,17,5,0,0,0,1,0,0,0,1
"POINT (11.067372982000052 49.448667690000036)",Unfall 227999 (2023) Kat:3, Licht: 0,227999,3,4,6,08,12,5,0,0,0,0,1,0,0,1
"POINT (11.081220231000032 49.442373074000045)",Unfall 228000 (2023) Kat:3, Licht: 2,228000,3,6,2,08,21,5,1,2,0,1,0,1,0,0
"POINT (11.092528956000024 49.426308480000046)",Unfall 228001 (2023) Kat:3, Licht: 0,228001,3,7,8,08,14,5,0,0,1,0,0,0,0,0
"POINT (11.040214538000043 49.422193815000071)",Unfall 228002 (2023) Kat:3, Licht: 1,228002,3,6,2,08,19,5,1,1,0,1,0,0,0,0
"POINT (11.071869915000036 49.424720895000064)",Unfall 228057 (2023) Kat:3, Licht: 2,228057,3,1,0,08,22,1,0,2,1,0,0,0,0,0
"POINT (11.111165756000048 49.452672328000062)",Unfall 228062 (2023) Kat:3, Licht: 0,228062,3,3,5,08,13,2,0,0,1,1,0,0,0,0
"POINT (11.103772432000028 49.445519167000043)",Unfall 228080 (2023) Kat:3, Licht: 0,228080,3,3,5,08,08,1,0,0,0,1,0,0,0,1
"POINT (11.074619165000058 49.454278295000051)",Unfall 228082 (2023) Kat:3, Licht: 2,228082,3,2,4,08,21,4,0,2,1,0,0,0,0,0
"POINT (11.035874397000043 49.472373547000075)",Unfall 228083 (2023) Kat:3, Licht: 0,228083,3,2,5,08,07,4,0,0,0,1,0,1,0,0
"POINT (11.013632111000049 49.525894543000049)",Unfall 228084 (2023) Kat:3, Licht: 0,228084,3,1,0,08,11,4,0,0,1,0,0,0,0,0
"POINT (11.029493675000026 49.396724279000068)",Unfall 228179 (2023) Kat:3, Licht: 0,228179,3,7,0,08,13,3,0,0,1,0,0,0,0,0
"POINT (11.067790436000053 49.433623772000033)",Unfall 228180 (2023) Kat:3, Licht: 1,228180,3,1,0,08,06,3,0,1,0,0,0,1,0,0
"POINT (11.090245462000041 49.402923337000061)",Unfall 228240 (2023) Kat:3, Licht: 0,228240,3,1,0,08,18,2,0,0,0,0,0,0,0,1
"POINT (11.113520621000077 49.453680898000073)",Unfall 228242 (2023) Kat:3, Licht: 0,228242,3,6,2,08,13,2,0,0,0,1,0,0,0,0
"POINT (11.033306960000061 49.412453437000067)",Unfall 228243 (2023) Kat:3, Licht: 0,228243,3,3,5,08,07,2,1,0,0,1,0,0,0,0
"POINT (11.063331416000040 49.425752789000057)",Unfall 228244 (2023) Kat:3, Licht: 0,228244,3,7,1,08,15,2,0,0,1,1,0,0,0,0
"POINT (11.092317898000033 49.461585566000053)",Unfall 228245 (2023) Kat:2, Licht: 2,228245,2,3,5,08,22,2,0,2,1,1,0,0,0,0
"POINT (11.081830851000063 49.439106997000067)",Unfall 228246 (2023) Kat:2, Licht: 0,228246,2,1,0,08,17,2,0,0,1,0,0,0,0,0
"POINT (11.089358807000053 49.446755524000025)",Unfall 228247 (2023) Kat:3, Licht: 0,228247,3,1,0,08,09,2,1,0,1,0,0,0,0,0
"POINT (11.088160974000061 49.448098488000028)",Unfall 228248 (2023) Kat:3, Licht: 0,228248,3,1,0,08,08,2,1,0,1,0,0,0,0,0
"POINT (11.056079119000060 49.445701513000074)",Unfall 228334 (2023) Kat:3, Licht: 0,228334,3,6,4,08,17,1,0,0,1,0,0,0,0,0
"POINT (11.062353839000025 49.459200998000028)",Unfall 228335 (2023) Kat:3, Licht: 0,228335,3,7,0,08,18,1,0,0,0,1,1,0,0,0
"POINT (11.140915226000061 49.445205497000075)",Unfall 228337 (2023) Kat:3, Licht: 0,228337,3,6,2,08,10,1,1,0,1,0,0,0,0,0
"POINT (11.057035712000072 49.442130564000081)",Unfall 228338 (2023) Kat:3, Licht: 0,228338,3,6,2,08,11,1,0,0,0,1,0,0,0,0
"POINT (11.087855058000059 49.454680479000046)",Unfall 228340 (2023) Kat:3, Licht: 2,228340,3,6,2,08,23,1,0,2,0,1,0,0,0,0
"POINT (11.044300110000052 49.438103120000051)",Unfall 228375 (2023) Kat:3, Licht: 0,228375,3,1,0,09,17,3,0,0,1,0,0,0,0,0
"POINT (11.085899200000028 49.425416599000073)",Unfall 228376 (2023) Kat:3, Licht: 0,228376,3,2,4,09,10,3,0,0,0,0,0,1,0,1
"POINT (11.036423160000027 49.455460382000069)",Unfall 228377 (2023) Kat:3, Licht: 0,228377,3,6,2,09,08,3,0,0,1,1,0,0,0,0
"POINT (11.090222307000033 49.439150187000052)",Unfall 228378 (2023) Kat:3, Licht: 1,228378,3,3,5,09,06,3,0,1,1,0,0,1,0,0
"POINT (11.130228754000029 49.445509772000037)",Unfall 228379 (2023) Kat:2, Licht: 0,228379,2,1,0,09,13,3,0,0,1,0,0,0,0,0
"POINT (11.102453618000027 49.440922594000028)",Unfall 228463 (2023) Kat:3, Licht: 2,228463,3,3,5,09,05,2,0,2,0,1,0,1,0,0
"POINT (11.017044174000034 49.454807907000031)",Unfall 228464 (2023) Kat:3, Licht: 0,228464,3,6,3,09,14,2,0,0,1,1,0,0,0,0
"POINT (11.047980349000056 49.399313460000030)",Unfall 228465 (2023) Kat:2, Licht: 0,228465,2,4,6,09,11,2,0,0,0,1,1,0,0,0
"POINT (11.086307860000034 49.457076304000054)",Unfall 228466 (2023) Kat:3, Licht: 0,228466,3,6,2,09,14,2,0,0,1,1,0,0,0,0
"POINT (11.124902370000029 49.409964575000060)",Unfall 228536 (2023) Kat:3, Licht: 0,228536,3,3,0,09,17,1,0,0,0,1,0,1,0,0
"POINT (11.103032726000038 49.438680991000069)",Unfall 228688 (2023) Kat:3, Licht: 0,228688,3,2,0,09,10,6,0,0,1,1,0,0,0,0
"POINT (11.128291805000060 49.474232295000036)",Unfall 228689 (2023) Kat:3, Licht: 0,228689,3,2,5,09,12,6,0,0,1,1,0,0,0,0
"POINT (11.058660144000044 49.358505449000063)",Unfall 228690 (2023) Kat:3, Licht: 0,228690,3,1,0,09,19,6,0,0,1,0,0,0,0,0
"POINT (11.089894810000033 49.465575491000038)",Unfall 228691 (2023) Kat:3, Licht: 0,228691,3,2,3,09,11,6,0,0,1,1,0,0,0,0
"POINT (11.016621885000063 49.455127825000034)",Unfall 228779 (2023) Kat:3, Licht: 0,228779,3,3,5,09,19,5,0,0,0,1,1,0,0,0
"POINT (11.068522665000046 49.444568919000062)",Unfall 228780 (2023) Kat:3, Licht: 0,228780,3,3,5,09,13,5,0,0,1,1,0,0,0,0
"POINT (11.073132688000044 49.441224331000058)",Unfall 228781 (2023) Kat:3, Licht: 0,228781,3,3,5,09,17,5,0,0,0,1,0,0,0,0
"POINT (11.092455421000068 49.442315852000036)",Unfall 228782 (2023) Kat:3, Licht: 1,228782,3,6,6,09,20,5,0,1,1,1,1,0,0,0
"POINT (11.175880630000051 49.406813521000061)",Unfall 228784 (2023) Kat:3, Licht: 0,228784,3,1,0,09,20,5,0,0,1,0,0,0,0,0
"POINT (11.076970564000021 49.448726927000052)",Unfall 228785 (2023) Kat:3, Licht: 0,228785,3,1,4,09,09,5,0,0,1,1,0,0,0,0
"POINT (11.123650228000031 49.485433013000033)",Unfall 228877 (2023) Kat:2, Licht: 0,228877,2,1,0,09,06,4,0,0,1,0,0,0,0,0
"POINT (11.063671372000044 49.426549919000081)",Unfall 228878 (2023) Kat:3, Licht: 0,228878,3,3,5,09,09,4,0,0,1,0,0,0,0,1
"POINT (11.079395481000063 49.435004924000054)",Unfall 228967 (2023) Kat:3, Licht: 0,228967,3,6,2,09,16,3,0,0,0,1,0,1,0,0
"POINT (11.132198099000050 49.405262863000075)",Unfall 228968 (2023) Kat:3, Licht: 0,228968,3,6,0,09,16,3,0,0,0,1,0,0,0,1
"POINT (11.017591252000045 49.454523815000073)",Unfall 228969 (2023) Kat:3, Licht: 0,228969,3,3,5,09,12,3,0,0,0,1,0,1,0,0
"POINT (11.064029216000051 49.462414982000041)",Unfall 228970 (2023) Kat:3, Licht: 0,228970,3,3,5,09,16,3,0,0,1,1,0,0,0,0
"POINT (11.032886547000032 49.419822527000065)",Unfall 228971 (2023) Kat:3, Licht: 0,228971,3,3,5,09,06,3,0,0,1,1,0,0,0,0
"POINT (11.069820418000063 49.437915187000044)",Unfall 229062 (2023) Kat:3, Licht: 0,229062,3,3,5,09,17,2,0,0,0,1,0,0,0,1
"POINT (11.044508971000027 49.422771011000066)",Unfall 229063 (2023) Kat:3, Licht: 0,229063,3,1,0,09,08,2,1,0,0,0,0,1,0,0
"POINT (11.080331467000065 49.445810019000078)",Unfall 229146 (2023) Kat:3, Licht: 2,229146,3,7,6,09,20,1,0,2,0,1,1,0,0,0
"POINT (11.022905170000058 49.468743034000056)",Unfall 229147 (2023) Kat:3, Licht: 0,229147,3,1,0,09,17,1,0,0,1,0,0,0,0,0
"POINT (11.064735467000048 49.447011052000050)",Unfall 229148 (2023) Kat:3, Licht: 2,229148,3,1,0,09,03,1,0,2,0,0,0,0,0,1
"POINT (11.071795214000076 49.447036062000052)",Unfall 229149 (2023) Kat:3, Licht: 2,229149,3,3,0,09,23,1,0,2,0,1,0,1,0,0
"POINT (11.028399497000066 49.467848242000059)",Unfall 229201 (2023) Kat:2, Licht: 0,229201,2,7,0,09,14,7,0,0,1,0,0,0,0,0
"POINT (11.117870519000064 49.424038767000070)",Unfall 229202 (2023) Kat:3, Licht: 2,229202,3,1,0,09,20,7,0,2,1,0,0,0,0,0
"POINT (11.075011394000057 49.457073561000072)",Unfall 229203 (2023) Kat:3, Licht: 2,229203,3,1,6,09,20,7,0,2,1,0,1,0,0,0
"POINT (11.032753033000063 49.421300565000081)",Unfall 229204 (2023) Kat:3, Licht: 2,229204,3,3,4,09,21,7,0,2,0,1,0,1,0,0
"POINT (11.079018958000063 49.460938058000067)",Unfall 229205 (2023) Kat:3, Licht: 0,229205,3,1,0,09,14,7,0,0,1,0,0,0,0,0
"POINT (11.066276832000028 49.448208413000032)",Unfall 229206 (2023) Kat:3, Licht: 0,229206,3,3,5,09,19,7,0,0,0,1,0,0,0,1
"POINT (11.093417100000067 49.442782693000026)",Unfall 229208 (2023) Kat:2, Licht: 2,229208,2,4,6,09,22,7,0,2,0,1,1,0,0,0
"POINT (11.104839139000035 49.424844321000080)",Unfall 229209 (2023) Kat:3, Licht: 0,229209,3,3,5,09,17,7,0,0,1,1,0,0,0,0
"POINT (11.061648267000066 49.459388366000042)",Unfall 229288 (2023) Kat:2, Licht: 0,229288,2,7,0,09,10,6,1,0,1,1,0,0,0,0
"POINT (11.080543933000058 49.445850915000051)",Unfall 229289 (2023) Kat:3, Licht: 0,229289,3,2,5,09,18,6,0,0,0,1,0,0,0,1
"POINT (11.018354680000073 49.457959894000055)",Unfall 229334 (2023) Kat:3, Licht: 0,229334,3,7,3,09,17,7,0,0,0,1,0,1,0,0
"POINT (11.045231733000037 49.442663385000060)",Unfall 229357 (2023) Kat:3, Licht: 0,229357,3,6,2,08,15,5,0,0,0,1,0,1,0,0
"POINT (11.003080270000055 49.450429054000040)",Unfall 229358 (2023) Kat:2, Licht: 0,229358,2,3,5,08,07,5,0,0,0,1,0,0,0,0
"POINT (11.035926734000043 49.472353504000068)",Unfall 229359 (2023) Kat:3, Licht: 0,229359,3,3,5,08,07,5,0,0,0,1,0,0,0,0
"POINT (11.052935056000024 49.348346276000029)",Unfall 229360 (2023) Kat:3, Licht: 0,229360,3,2,4,08,15,5,0,0,1,1,0,0,0,0
"POINT (11.053906186000063 49.406743134000067)",Unfall 229361 (2023) Kat:3, Licht: 0,229361,3,6,1,08,06,5,0,0,0,1,0,0,0,0
"POINT (11.067427371000065 49.450215701000047)",Unfall 229393 (2023) Kat:3, Licht: 0,229393,3,4,6,08,12,4,0,0,1,0,1,0,0,0
"POINT (11.083054745000027 49.444057080000050)",Unfall 229395 (2023) Kat:3, Licht: 0,229395,3,6,2,08,15,4,0,0,0,1,0,0,0,0
"POINT (11.097076871000070 49.466102476000060)",Unfall 229396 (2023) Kat:3, Licht: 0,229396,3,6,2,08,12,4,0,0,1,1,0,0,0,0
"POINT (11.090271927000060 49.440360247000058)",Unfall 229427 (2023) Kat:3, Licht: 2,229427,3,3,3,09,19,3,0,2,0,1,0,1,0,0
"POINT (11.074246334000065 49.437919470000054)",Unfall 229428 (2023) Kat:3, Licht: 2,229428,3,6,2,09,19,3,0,2,1,1,0,0,0,0
"POINT (11.093147622000060 49.454140219000067)",Unfall 229429 (2023) Kat:3, Licht: 0,229429,3,6,2,09,15,3,0,0,0,1,0,0,0,0
"POINT (11.100105770000027 49.438514433000080)",Unfall 229490 (2023) Kat:3, Licht: 0,229490,3,2,5,09,15,2,0,0,0,1,0,1,0,0
"POINT (11.075380048000056 49.435985900000048)",Unfall 229491 (2023) Kat:3, Licht: 0,229491,3,4,2,09,15,2,0,0,0,1,1,0,0,0
"POINT (11.071811285000024 49.428695196000035)",Unfall 229492 (2023) Kat:2, Licht: 2,229492,2,6,4,09,19,2,0,2,0,1,0,0,1,0
"POINT (11.085167808000051 49.462905423000052)",Unfall 229493 (2023) Kat:3, Licht: 0,229493,3,7,0,09,11,2,0,0,0,0,1,0,0,1
"POINT (11.114812863000054 49.488434862000076)",Unfall 229494 (2023) Kat:3, Licht: 2,229494,3,4,6,09,20,2,0,2,0,1,1,0,0,0
"POINT (11.112433425000063 49.487196258000040)",Unfall 229495 (2023) Kat:3, Licht: 0,229495,3,3,5,09,07,2,0,0,0,1,0,0,0,0
"POINT (11.092144617000031 49.461494939000033)",Unfall 229496 (2023) Kat:3, Licht: 0,229496,3,6,3,09,16,2,0,0,1,1,0,0,0,0
"POINT (11.100327333000052 49.443086240000071)",Unfall 229497 (2023) Kat:3, Licht: 0,229497,3,6,2,09,15,2,0,0,0,1,0,0,0,0
"POINT (11.055494569000075 49.446504356000048)",Unfall 229498 (2023) Kat:3, Licht: 2,229498,3,7,6,09,19,2,0,2,0,0,1,0,0,1
"POINT (11.075382103000038 49.451778305000062)",Unfall 229527 (2023) Kat:3, Licht: 2,229527,3,1,0,09,19,2,0,2,0,0,0,0,0,1
"POINT (11.088444369000058 49.447503708000056)",Unfall 229544 (2023) Kat:3, Licht: 0,229544,3,7,0,09,16,1,0,0,0,0,0,0,0,1
"POINT (11.124411475000045 49.412705135000067)",Unfall 229545 (2023) Kat:3, Licht: 2,229545,3,1,0,09,21,1,0,2,0,0,0,0,0,1
"POINT (11.024119323000036 49.452815525000062)",Unfall 229607 (2023) Kat:3, Licht: 2,229607,3,7,1,09,22,7,0,2,0,1,0,0,1,0
"POINT (11.080730399000061 49.435821583000063)",Unfall 229608 (2023) Kat:3, Licht: 0,229608,3,3,5,09,18,7,0,0,0,1,0,0,0,0
"POINT (11.133962488000066 49.462503428000048)",Unfall 229654 (2023) Kat:3, Licht: 0,229654,3,7,2,09,17,6,0,0,1,1,0,0,0,0
"POINT (11.065612721000036 49.460080900000037)",Unfall 229655 (2023) Kat:3, Licht: 0,229655,3,3,5,09,11,6,1,0,1,1,0,0,0,0
"POINT (11.124868902000060 49.443398274000060)",Unfall 229670 (2023) Kat:3, Licht: 1,229670,3,1,0,09,18,7,0,1,1,0,0,0,0,0
"POINT (11.130986615000040 49.404820527000027)",Unfall 229732 (2023) Kat:3, Licht: 0,229732,3,7,0,09,15,5,0,0,1,0,0,0,0,0
"POINT (11.073120315000040 49.458523963000061)",Unfall 229733 (2023) Kat:2, Licht: 2,229733,2,3,5,09,19,5,0,2,1,1,0,0,0,0
"POINT (11.107036383000036 49.470545102000074)",Unfall 229734 (2023) Kat:3, Licht: 0,229734,3,3,5,09,16,5,0,0,0,1,0,0,0,1
"POINT (11.061663081000063 49.365313018000052)",Unfall 229735 (2023) Kat:3, Licht: 0,229735,3,3,5,09,17,5,0,0,1,1,0,0,0,0
"POINT (11.117473128000029 49.465699834000077)",Unfall 229736 (2023) Kat:3, Licht: 2,229736,3,7,0,09,22,5,0,2,1,0,0,0,0,0
"POINT (11.173578115000055 49.398132815000054)",Unfall 229737 (2023) Kat:3, Licht: 0,229737,3,5,5,09,17,5,0,0,1,1,0,0,0,0
"POINT (11.045309751000048 49.442313551000041)",Unfall 229738 (2023) Kat:3, Licht: 0,229738,3,2,5,09,07,5,0,0,0,1,0,0,0,0
"POINT (11.043251750000024 49.411926505000054)",Unfall 229831 (2023) Kat:3, Licht: 0,229831,3,3,6,09,13,4,0,0,0,1,1,0,0,0