WKT,Name,OBJECTID,UKATEGORIE,UTYP1,UART,UMONAT,USTUNDE,UWOCHENTAG,STRZUSTAND,ULICHTVERH,ISTRAD,ISTPKW,ISTFUSS,ISTKRAD,ISTGKFZ,ISTSONSTIG
"POINT (11.069549742000049 49.450965714000063)",Unfall 232920 (2023) Kat:3, Licht: 2,232920,3,3,5,11,17,1,0,2,0,1,0,0,0,0
"POINT (11.071262717000025 49.430566151000050)",Unfall 232999 (2023) Kat:3, Licht: 0,232999,3,2,5,11,13,6,0,0,0,1,0,1,0,0
"POINT (11.072764959000040 49.459970824000038)",Unfall 233000 (2023) Kat:3, Licht: 0,233000,3,6,2,11,13,6,0,0,0,1,0,0,0,0
"POINT (11.077480543000036 49.446655352000050)",Unfall 233001 (2023) Kat:3, Licht: 0,233001,3,1,0,11,07,6,1,0,0,0,0,1,0,0
"POINT (11.059262357000023 49.449891225000044)",Unfall 233049 (2023) Kat:3, Licht: 2,233049,3,7,6,11,18,5,1,2,0,1,1,0,0,0
"POINT (11.094261401000040 49.449304622000056)",Unfall 233050 (2023) Kat:3, Licht: 0,233050,3,1,0,11,13,5,1,0,1,0,0,0,0,0
"POINT (11.033733176000055 49.424693829000034)",Unfall 233100 (2023) Kat:3, Licht: 2,233100,3,6,2,11,17,4,1,2,0,1,0,0,0,0
"POINT (11.063563915000032 49.440906439000059)",Unfall 233101 (2023) Kat:3, Licht: 2,233101,3,4,6,11,19,4,0,2,0,1,1,0,0,0
"POINT (11.068374607000067 49.411747673000036)",Unfall 233102 (2023) Kat:3, Licht: 0,233102,3,6,3,11,12,4,0,0,0,1,0,0,0,0
"POINT (11.100242507000075 49.438539432000027)",Unfall 233103 (2023) Kat:2, Licht: 0,233103,2,5,0,11,13,4,0,0,1,1,0,0,0,0
"POINT (11.045578768000041 49.353783319000058)",Unfall 233104 (2023) Kat:2, Licht: 2,233104,2,1,0,11,20,4,1,2,1,0,0,0,0,0
"POINT (11.003470950000064 49.450657382000031)",Unfall 233105 (2023) Kat:3, Licht: 0,233105,3,6,2,11,10,4,0,0,0,1,0,0,0,0
"POINT (11.099451645000045 49.457322177000037)",Unfall 233107 (2023) Kat:3, Licht: 1,233107,3,3,5,11,07,4,0,1,1,1,0,0,0,0
"POINT (11.073563585000045 49.439286606000053)",Unfall 233156 (2023) Kat:3, Licht: 0,233156,3,6,3,11,09,3,0,0,0,1,0,1,0,0
"POINT (11.064462513000024 49.448002204000034)",Unfall 233157 (2023) Kat:3, Licht: 0,233157,3,6,3,11,15,3,1,0,0,1,0,1,0,0
"POINT (11.099372329000062 49.443249247000040)",Unfall 233158 (2023) Kat:3, Licht: 0,233158,3,3,5,11,07,3,1,0,1,1,0,0,0,0
"POINT (11.065528978000032 49.449898002000054)",Unfall 233159 (2023) Kat:3, Licht: 1,233159,3,6,2,11,17,3,1,1,0,1,0,0,0,0
"POINT (11.083520576000069 49.456011081000042)",Unfall 233180 (2023) Kat:3, Licht: 0,233180,3,3,5,11,15,3,1,0,1,1,0,0,0,0
"POINT (11.054786458000024 49.454432995000047)",Unfall 233217 (2023) Kat:3, Licht: 0,233217,3,1,0,11,10,2,1,0,1,0,0,0,0,0
"POINT (11.081591979000052 49.467498371000033)",Unfall 233218 (2023) Kat:3, Licht: 0,233218,3,1,0,11,13,2,0,0,1,0,0,0,0,0
"POINT (11.075436039000067 49.443530397000075)",Unfall 233219 (2023) Kat:3, Licht: 0,233219,3,1,0,11,10,2,1,0,0,0,0,1,0,0
"POINT (11.086919099000056 49.453125061000037)",Unfall 233222 (2023) Kat:3, Licht: 2,233222,3,2,4,11,17,4,0,2,1,1,0,0,0,0
"POINT (11.067114688000061 49.439334517000077)",Unfall 233255 (2023) Kat:3, Licht: 2,233255,3,3,5,11,02,1,0,2,1,1,0,0,0,0
"POINT (11.010869788000036 49.461162559000059)",Unfall 233256 (2023) Kat:2, Licht: 0,233256,2,3,5,11,11,1,1,0,0,1,0,1,0,0
"POINT (11.168534888000067 49.408680213000082)",Unfall 233280 (2023) Kat:3, Licht: 2,233280,3,1,1,11,23,7,1,2,0,1,0,0,0,0
"POINT (11.063858302000028 49.448667035000028)",Unfall 233282 (2023) Kat:3, Licht: 0,233282,3,7,0,11,14,7,0,0,0,0,0,0,0,1
"POINT (11.079672696000046 49.440150533000065)",Unfall 233284 (2023) Kat:3, Licht: 0,233284,3,5,1,11,15,7,1,0,1,1,0,0,0,0
"POINT (11.065391718000058 49.428840393000030)",Unfall 233286 (2023) Kat:3, Licht: 0,233286,3,6,2,11,15,7,0,0,0,1,0,0,0,0
"POINT (11.122543666000070 49.482110492000061)",Unfall 233347 (2023) Kat:3, Licht: 0,233347,3,3,5,11,07,6,1,0,1,1,0,0,0,0
"POINT (11.064709132000075 49.410316916000056)",Unfall 233350 (2023) Kat:3, Licht: 0,233350,3,2,5,11,16,6,0,0,0,1,0,0,0,0
"POINT (11.069783616000052 49.423426393000057)",Unfall 233352 (2023) Kat:3, Licht: 2,233352,3,1,0,11,16,3,1,2,0,0,0,0,0,1
"POINT (11.095817461000024 49.456120720000058)",Unfall 233385 (2023) Kat:3, Licht: 0,233385,3,6,1,11,15,5,1,0,0,1,0,0,0,0
"POINT (11.051773101000038 49.438937222000050)",Unfall 233425 (2023) Kat:3, Licht: 0,233425,3,1,0,11,07,4,1,0,1,0,0,0,0,0
"POINT (11.136376204000044 49.452964723000036)",Unfall 233426 (2023) Kat:3, Licht: 0,233426,3,1,0,11,14,4,0,0,1,0,0,0,0,0
"POINT (11.006120802000055 49.442225827000073)",Unfall 233427 (2023) Kat:3, Licht: 0,233427,3,3,5,11,16,4,0,0,0,1,0,0,0,0
"POINT (11.089357060000054 49.446791980000057)",Unfall 233468 (2023) Kat:3, Licht: 2,233468,3,1,0,10,18,3,0,2,1,0,0,0,0,0
"POINT (11.091228674000035 49.441903381000031)",Unfall 233469 (2023) Kat:2, Licht: 2,233469,2,3,3,10,20,3,0,2,0,1,0,1,0,0
"POINT (11.062681910000038 49.405654128000037)",Unfall 233470 (2023) Kat:3, Licht: 0,233470,3,2,4,10,13,3,0,0,0,1,0,0,0,1
"POINT (11.065210768000043 49.429275901000040)",Unfall 233471 (2023) Kat:3, Licht: 0,233471,3,3,5,10,10,3,0,0,1,0,0,0,0,1
"POINT (11.114489949000074 49.426048763000040)",Unfall 233536 (2023) Kat:3, Licht: 0,233536,3,7,3,10,14,2,1,0,1,0,0,0,0,0
"POINT (11.058054829000071 49.451414121000028)",Unfall 233537 (2023) Kat:3, Licht: 0,233537,3,7,6,10,15,2,0,0,0,1,1,0,0,0
"POINT (11.026425176000032 49.470249094000053)",Unfall 233538 (2023) Kat:3, Licht: 0,233538,3,3,5,10,07,2,1,0,1,1,0,0,0,0
"POINT (11.081473367000058 49.432067617000030)",Unfall 233539 (2023) Kat:3, Licht: 2,233539,3,1,0,10,05,2,1,2,1,1,0,0,0,0
"POINT (11.066943109000022 49.431242787000031)",Unfall 233540 (2023) Kat:3, Licht: 0,233540,3,7,5,10,13,2,0,0,0,1,0,0,0,1
"POINT (11.062734008000064 49.454141525000068)",Unfall 233552 (2023) Kat:3, Licht: 0,233552,3,4,6,11,10,5,0,0,0,1,1,0,0,0
"POINT (11.097547494000025 49.458669099000076)",Unfall 233638 (2023) Kat:3, Licht: 2,233638,3,3,5,10,20,7,1,2,0,1,0,0,0,0
"POINT (11.094812617000059 49.458448564000037)",Unfall 233672 (2023) Kat:3, Licht: 0,233672,3,7,5,12,12,6,0,0,1,1,0,0,0,0
"POINT (11.072791560000041 49.484613308000064)",Unfall 233712 (2023) Kat:3, Licht: 0,233712,3,6,2,12,09,5,0,0,0,1,0,0,0,0
"POINT (11.129286880000052 49.430502819000026)",Unfall 233713 (2023) Kat:3, Licht: 2,233713,3,3,5,12,17,5,0,2,0,1,0,0,0,0
"POINT (11.068078377000063 49.433777389000056)",Unfall 233714 (2023) Kat:2, Licht: 2,233714,2,4,6,12,23,5,0,2,0,1,1,0,0,0
"POINT (11.136745456000028 49.413631641000052)",Unfall 233757 (2023) Kat:3, Licht: 0,233757,3,3,5,12,13,4,1,0,0,1,0,0,0,1
"POINT (11.083954418000076 49.439467057000059)",Unfall 233758 (2023) Kat:3, Licht: 0,233758,3,3,5,12,09,4,1,0,1,1,0,0,0,0
"POINT (11.167981996000037 49.464760258000069)",Unfall 233786 (2023) Kat:3, Licht: 0,233786,3,3,0,12,15,3,1,0,0,1,0,0,0,1
"POINT (11.066282800000067 49.448212659000035)",Unfall 233787 (2023) Kat:3, Licht: 0,233787,3,2,5,12,11,3,0,0,1,1,0,0,0,0
"POINT (11.067468300000030 49.425562042000081)",Unfall 233788 (2023) Kat:3, Licht: 0,233788,3,3,5,12,13,3,0,0,0,1,0,0,1,0
"POINT (11.128575882000064 49.445154424000066)",Unfall 233823 (2023) Kat:2, Licht: 2,233823,2,3,6,12,17,2,1,2,0,1,1,0,0,0
"POINT (11.090314269000032 49.439272055000060)",Unfall 233824 (2023) Kat:3, Licht: 0,233824,3,7,4,12,12,2,0,0,1,0,0,0,0,1
"POINT (11.063390317000028 49.440618464000067)",Unfall 233825 (2023) Kat:3, Licht: 0,233825,3,7,6,12,13,2,1,0,0,1,1,0,0,0
"POINT (11.040980585000057 49.405885536000028)",Unfall 233826 (2023) Kat:3, Licht: 0,233826,3,1,0,12,11,2,0,0,1,0,0,0,0,0
"POINT (11.072304808000069 49.460961952000048)",Unfall 233827 (2023) Kat:3, Licht: 0,233827,3,6,2,12,10,2,1,0,0,1,0,0,0,0
"POINT (11.170724449000033 49.405618044000050)",Unfall 233828 (2023) Kat:3, Licht: 0,233828,3,3,5,12,13,2,0,0,0,1,0,0,0,0
"POINT (11.085499724000044 49.473618463000037)",Unfall 233829 (2023) Kat:3, Licht: 1,233829,3,6,2,12,08,2,0,1,0,1,0,0,0,0
"POINT (11.058670934000077 49.449791754000046)",Unfall 233854 (2023) Kat:3, Licht: 2,233854,3,1,1,12,05,1,0,2,0,1,0,0,0,1
"POINT (11.070739609000043 49.463611825000044)",Unfall 233869 (2023) Kat:3, Licht: 2,233869,3,7,0,12,17,7,1,2,0,1,0,0,0,1
"POINT (11.079259096000044 49.439990763000026)",Unfall 233870 (2023) Kat:3, Licht: 2,233870,3,2,5,12,21,7,1,2,0,1,0,0,0,1
"POINT (11.097954416000050 49.459140553000054)",Unfall 233871 (2023) Kat:3, Licht: 2,233871,3,6,2,12,16,7,0,2,0,1,0,0,0,0
"POINT (11.066080192000072 49.448077592000061)",Unfall 233872 (2023) Kat:3, Licht: 2,233872,3,6,3,12,21,7,1,2,0,1,0,0,0,1
"POINT (11.088987018000068 49.447735468000076)",Unfall 233891 (2023) Kat:3, Licht: 0,233891,3,3,5,12,07,6,1,0,0,1,0,0,0,0
"POINT (11.110231428000077 49.446028615000046)",Unfall 233892 (2023) Kat:3, Licht: 2,233892,3,7,6,12,19,6,0,2,0,1,1,0,0,0
"POINT (11.092738193000059 49.461781099000063)",Unfall 233893 (2023) Kat:3, Licht: 2,233893,3,6,2,12,17,6,1,2,0,1,0,1,0,0
"POINT (11.057920331000048 49.454739448000055)",Unfall 233894 (2023) Kat:3, Licht: 0,233894,3,3,5,12,13,6,1,0,1,1,0,0,0,0
"POINT (11.018264710000039 49.453553368000030)",Unfall 233895 (2023) Kat:3, Licht: 0,233895,3,3,5,12,13,6,1,0,1,1,0,0,0,0
"POINT (11.173490356000059 49.396438199000045)",Unfall 233931 (2023) Kat:3, Licht: 0,233931,3,3,5,12,13,5,0,0,1,1,0,0,0,0
"POINT (11.109952771000053 49.441101573000026)",Unfall 233932 (2023) Kat:2, Licht: 0,233932,2,1,0,12,08,5,2,0,1,0,0,0,0,0
"POINT (11.046112922000077 49.353388177000056)",Unfall 233971 (2023) Kat:3, Licht: 0,233971,3,6,2,12,12,4,2,0,0,1,0,0,0,1
"POINT (11.063649781000038 49.448429171000043)",Unfall 234010 (2023) Kat:2, Licht: 0,234010,2,4,0,12,15,3,1,0,0,1,1,0,0,0
"POINT (11.079010269000037 49.414670005000062)",Unfall 234011 (2023) Kat:3, Licht: 2,234011,3,1,0,12,23,3,1,2,0,0,0,1,0,0
"POINT (11.033043329000066 49.467145411000047)",Unfall 234045 (2023) Kat:3, Licht: 0,234045,3,7,6,12,13,2,2,0,0,1,1,0,0,0
"POINT (11.040522284000076 49.440783907000082)",Unfall 234046 (2023) Kat:3, Licht: 2,234046,3,2,4,12,17,2,1,2,0,1,0,0,0,0
"POINT (11.154849249000051 49.462452998000060)",Unfall 234047 (2023) Kat:3, Licht: 1,234047,3,4,6,12,06,2,2,1,1,0,1,0,0,0
"POINT (11.052451947000066 49.443180756000061)",Unfall 234062 (2023) Kat:3, Licht: 0,234062,3,3,5,12,14,1,0,0,1,1,0,0,0,0
"POINT (11.068036783000025 49.435085022000067)",Unfall 234063 (2023) Kat:3, Licht: 2,234063,3,2,5,12,17,1,1,2,0,1,0,0,0,0
"POINT (11.045932218000075 49.458180167000080)",Unfall 234071 (2023) Kat:3, Licht: 0,234071,3,1,0,12,08,5,1,0,1,0,0,0,0,0
"POINT (11.132317404000048 49.405219485000032)",Unfall 234082 (2023) Kat:3, Licht: 0,234082,3,2,5,12,14,7,2,0,0,1,0,0,0,1
"POINT (11.068644750000033 49.444472148000045)",Unfall 234083 (2023) Kat:3, Licht: 2,234083,3,1,0,12,00,7,2,2,0,0,0,0,0,1
"POINT (11.045230925000055 49.442334774000074)",Unfall 234100 (2023) Kat:2, Licht: 2,234100,2,3,5,12,18,5,0,2,1,1,0,0,0,0
"POINT (11.068094467000037 49.447406434000072)",Unfall 234121 (2023) Kat:3, Licht: 1,234121,3,1,0,12,17,6,1,1,0,0,1,1,0,0
"POINT (11.072205825000026 49.460860037000032)",Unfall 234122 (2023) Kat:3, Licht: 2,234122,3,4,6,12,17,6,1,2,0,1,1,0,0,0
"POINT (11.087910480000062 49.457470521000062)",Unfall 234123 (2023) Kat:3, Licht: 1,234123,3,4,6,12,07,6,2,1,0,1,1,0,0,0
"POINT (11.169064766000076 49.410001500000078)",Unfall 234124 (2023) Kat:3, Licht: 0,234124,3,6,2,12,10,6,1,0,0,1,0,0,0,0
"POINT (11.081130773000041 49.451529369000070)",Unfall 234143 (2023) Kat:3, Licht: 2,234143,3,2,6,12,19,7,1,2,0,1,1,0,0,0
"POINT (11.109102830000040 49.485625504000041)",Unfall 234189 (2023) Kat:2, Licht: 0,234189,2,4,6,11,08,5,0,0,0,1,1,0,0,0
"POINT (11.010758659000032 49.458793517000061)",Unfall 234228 (2023) Kat:3, Licht: 0,234228,3,6,2,11,15,4,0,0,0,1,0,0,0,1
"POINT (11.118012430000022 49.444516832000033)",Unfall 234229 (2023) Kat:3, Licht: 0,234229,3,1,0,11,10,4,1,0,1,0,0,0,0,0
"POINT (11.083949819000054 49.432011314000079)",Unfall 234230 (2023) Kat:3, Licht: 0,234230,3,1,0,11,08,4,2,0,1,0,0,0,0,0
"POINT (11.100900977000038 49.459632897000063)",Unfall 234276 (2023) Kat:3, Licht: 0,234276,3,6,2,11,11,3,1,0,1,1,0,0,0,0
"POINT (11.080589297000074 49.445859647000077)",Unfall 234277 (2023) Kat:2, Licht: 2,234277,2,4,6,11,17,3,1,2,0,1,1,0,0,0
"POINT (11.075715893000051 49.442483182000046)",Unfall 234278 (2023) Kat:3, Licht: 0,234278,3,2,4,11,11,3,1,0,0,1,0,1,0,0
"POINT (11.018301576000056 49.453505888000052)",Unfall 234300 (2023) Kat:3, Licht: 2,234300,3,2,4,12,17,6,1,2,0,1,0,0,0,0
"POINT (11.071753957000055 49.447150227000066)",Unfall 234372 (2023) Kat:3, Licht: 0,234372,3,3,5,12,13,4,1,0,1,1,0,0,0,0
"POINT (11.065787955000076 49.449642253000036)",Unfall 234375 (2023) Kat:3, Licht: 2,234375,3,3,5,11,23,1,1,2,0,1,0,0,0,0
"POINT (11.044100590000028 49.426262003000033)",Unfall 234415 (2023) Kat:3, Licht: 0,234415,3,3,6,11,11,7,0,0,0,1,1,0,0,0
"POINT (11.126958626000032 49.463178009000046)",Unfall 234458 (2023) Kat:3, Licht: 0,234458,3,6,4,11,13,6,1,0,0,1,0,0,0,0
"POINT (11.065445282000042 49.447692821000032)",Unfall 234459 (2023) Kat:3, Licht: 0,234459,3,6,2,11,08,6,0,0,0,1,0,0,0,0
"POINT (11.018246772000055 49.431152611000073)",Unfall 234515 (2023) Kat:3, Licht: 0,234515,3,6,2,11,15,5,0,0,0,1,0,0,0,0
"POINT (11.070993208000061 49.469866974000070)",Unfall 234516 (2023) Kat:3, Licht: 2,234516,3,6,2,11,17,5,0,2,0,1,0,0,0,0
"POINT (11.058433818000026 49.452964277000035)",Unfall 234517 (2023) Kat:3, Licht: 0,234517,3,4,6,11,11,5,0,0,0,1,1,0,0,0
"POINT (11.087190400000054 49.470947238000065)",Unfall 234518 (2023) Kat:3, Licht: 0,234518,3,1,0,11,10,5,0,0,1,0,0,0,0,0
"POINT (11.081557007000072 49.441431623000028)",Unfall 234562 (2023) Kat:3, Licht: 0,234562,3,6,0,11,08,4,0,0,0,1,0,1,0,0
"POINT (11.058498752000048 49.457472127000074)",Unfall 234563 (2023) Kat:3, Licht: 1,234563,3,2,5,11,16,4,0,1,0,1,0,0,0,1
"POINT (11.082238990000064 49.438164673000074)",Unfall 234610 (2023) Kat:3, Licht: 2,234610,3,6,2,11,17,3,0,2,0,1,0,0,0,0
"POINT (11.032048868000061 49.421903906000068)",Unfall 234611 (2023) Kat:3, Licht: 0,234611,3,7,6,11,10,3,0,0,0,1,1,0,0,0
"POINT (11.124729628000068 49.417816703000028)",Unfall 234652 (2023) Kat:3, Licht: 0,234652,3,6,2,11,08,2,1,0,0,1,0,0,0,0
"POINT (11.137545733000024 49.397411234000060)",Unfall 234690 (2023) Kat:3, Licht: 0,234690,3,6,1,11,15,1,0,0,0,1,1,0,0,0
"POINT (11.034930562000056 49.424173543000052)",Unfall 234718 (2023) Kat:3, Licht: 1,234718,3,6,2,11,16,7,0,1,0,1,0,0,0,0
"POINT (11.040370765000034 49.436482696000041)",Unfall 235319 (2023) Kat:3, Licht: 0,235319,3,7,1,12,11,7,0,0,1,1,0,0,0,0
"POINT (11.087918017000050 49.452612288000068)",Unfall 235320 (2023) Kat:3, Licht: 2,235320,3,1,0,12,20,7,0,2,1,0,0,0,0,0
"POINT (11.065321150000045 49.448568716000068)",Unfall 235374 (2023) Kat:3, Licht: 2,235374,3,6,0,12,18,5,0,2,0,1,0,0,0,0
"POINT (11.074923406000039 49.445127303000049)",Unfall 235375 (2023) Kat:3, Licht: 0,235375,3,2,4,12,08,5,0,0,0,1,0,0,0,0
"POINT (11.054806576000033 49.451297141000055)",Unfall 235376 (2023) Kat:3, Licht: 2,235376,3,3,5,12,19,5,1,2,0,1,0,0,0,0
"POINT (11.061313653000070 49.429062368000075)",Unfall 235390 (2023) Kat:3, Licht: 0,235390,3,7,0,12,09,4,0,0,0,1,0,0,0,0
"POINT (11.090574317000062 49.438241241000071)",Unfall 235391 (2023) Kat:3, Licht: 0,235391,3,3,3,12,12,4,0,0,0,1,0,0,0,1
"POINT (11.021643288000064 49.412183252000034)",Unfall 235392 (2023) Kat:3, Licht: 0,235392,3,7,0,12,13,4,0,0,1,0,1,0,0,0
"POINT (11.093070591000071 49.404111503000081)",Unfall 235393 (2023) Kat:3, Licht: 2,235393,3,1,0,12,16,4,1,2,1,0,0,0,0,0
"POINT (11.122287091000032 49.432169119000037)",Unfall 235394 (2023) Kat:3, Licht: 2,235394,3,7,8,12,23,4,0,2,0,1,0,0,0,0
"POINT (11.126259731000061 49.411699604000034)",Unfall 235401 (2023) Kat:3, Licht: 0,235401,3,5,1,12,16,3,0,0,1,1,0,0,0,0
"POINT (11.092510125000047 49.461594800000057)",Unfall 235402 (2023) Kat:3, Licht: 2,235402,3,2,5,12,23,3,1,2,0,1,0,0,0,0
"POINT (11.130378473000064 49.428993949000073)",Unfall 235403 (2023) Kat:3, Licht: 0,235403,3,6,3,12,14,3,0,0,0,1,0,0,0,0
"POINT (11.064630998000041 49.489739715000042)",Unfall 235404 (2023) Kat:3, Licht: 2,235404,3,1,0,12,16,3,1,2,1,0,0,0,0,0
"POINT (11.105433796000057 49.428284292000058)",Unfall 235433 (2023) Kat:3, Licht: 1,235433,3,7,1,12,16,1,0,1,0,1,0,0,0,0
"POINT (11.120591613000045 49.443030063000037)",Unfall 235457 (2023) Kat:3, Licht: 0,235457,3,7,6,12,12,7,0,0,0,1,1,0,0,0
"POINT (11.061209545000054 49.459470010000075)",Unfall 235458 (2023) Kat:3, Licht: 2,235458,3,1,0,12,19,7,1,2,1,0,0,0,0,0
"POINT (11.079985882000074 49.446507312000051)",Unfall 235459 (2023) Kat:3, Licht: 2,235459,3,6,3,12,21,7,1,2,0,1,0,0,0,0
"POINT (11.052825810000058 49.439922917000047)",Unfall 235500 (2023) Kat:2, Licht: 2,235500,2,4,6,12,17,6,1,2,0,1,1,0,0,0
"POINT (11.113045862000035 49.443097003000048)",Unfall 235501 (2023) Kat:3, Licht: 0,235501,3,1,0,12,15,6,1,0,1,1,0,0,0,0
"POINT (11.100120400000037 49.443079209000075)",Unfall 235502 (2023) Kat:3, Licht: 0,235502,3,6,3,12,12,6,1,0,0,1,0,0,0,0
"POINT (11.095552123000061 49.460483454000041)",Unfall 235503 (2023) Kat:3, Licht: 0,235503,3,3,5,12,15,6,1,0,1,1,0,0,0,0
"POINT (11.089952070000038 49.441510500000049)",Unfall 235558 (2023) Kat:3, Licht: 2,235558,3,6,5,12,19,5,0,2,0,1,0,0,0,1
"POINT (11.071989190000068 49.447023572000035)",Unfall 235559 (2023) Kat:3, Licht: 2,235559,3,4,6,12,20,5,1,2,0,1,1,0,0,0
"POINT (11.059988513000064 49.444171281000081)",Unfall 235561 (2023) Kat:3, Licht: 2,235561,3,1,0,12,03,5,1,2,0,0,0,0,0,1
"POINT (11.075742552000065 49.454874674000052)",Unfall 235595 (2023) Kat:3, Licht: 2,235595,3,7,1,12,18,4,0,2,1,1,0,0,0,0
"POINT (11.073160957000027 49.471479841000075)",Unfall 235596 (2023) Kat:3, Licht: 2,235596,3,5,1,12,17,4,1,2,0,1,0,0,0,0
"POINT (11.055648866000070 49.461308616000053)",Unfall 235597 (2023) Kat:3, Licht: 0,235597,3,3,5,12,08,4,1,0,0,1,0,0,0,0
"POINT (11.072440361000076 49.460861060000070)",Unfall 235599 (2023) Kat:3, Licht: 0,235599,3,6,3,12,15,4,0,0,0,1,0,0,0,1
"POINT (11.083881310000038 49.456552342000066)",Unfall 235600 (2023) Kat:3, Licht: 0,235600,3,7,5,12,09,4,1,0,1,0,0,0,0,1
"POINT (11.069490012000074 49.440957942000068)",Unfall 235645 (2023) Kat:2, Licht: 0,235645,2,3,5,12,13,3,0,0,1,1,0,0,0,0
"POINT (11.087414746000036 49.462239460000035)",Unfall 235646 (2023) Kat:3, Licht: 0,235646,3,6,2,12,08,3,0,0,1,0,0,0,0,1
"POINT (11.058784271000036 49.456396323000035)",Unfall 235647 (2023) Kat:2, Licht: 2,235647,2,4,6,12,17,3,0,2,0,1,1,0,0,0
"POINT (11.068910325000047 49.445561930000054)",Unfall 235648 (2023) Kat:3, Licht: 1,235648,3,6,2,12,17,3,0,1,0,1,0,0,0,0
"POINT (11.088903634000076 49.441398542000059)",Unfall 235714 (2023) Kat:3, Licht: 0,235714,3,6,2,12,13,2,0,0,0,1,0,0,0,0
"POINT (11.075733913000022 49.443673706000027)",Unfall 235715 (2023) Kat:3, Licht: 2,235715,3,4,6,12,21,2,0,2,0,1,1,0,0,0
"POINT (11.104487454000036 49.470510285000046)",Unfall 235716 (2023) Kat:3, Licht: 0,235716,3,3,5,12,15,2,0,0,0,1,0,0,0,1
"POINT (11.099127658000043 49.446309493000058)",Unfall 235717 (2023) Kat:3, Licht: 0,235717,3,5,1,12,10,2,0,0,0,1,0,0,0,0
"POINT (11.069926888000055 49.465044308000074)",Unfall 235766 (2023) Kat:3, Licht: 0,235766,3,1,0,12,14,1,0,0,0,0,0,1,0,0
"POINT (11.068517936000035 49.444535146000078)",Unfall 235767 (2023) Kat:3, Licht: 2,235767,3,3,5,12,17,1,0,2,0,1,0,0,0,0
"POINT (11.074591796000050 49.454278348000059)",Unfall 235809 (2023) Kat:2, Licht: 0,235809,2,2,5,12,11,7,0,0,1,0,0,0,0,0
"POINT (11.077746751000063 49.457499082000027)",Unfall 235810 (2023) Kat:3, Licht: 0,235810,3,1,8,12,14,7,0,0,0,1,0,0,0,0
"POINT (11.062680678000049 49.405646263000051)",Unfall 235811 (2023) Kat:3, Licht: 0,235811,3,2,5,12,10,7,0,0,0,1,0,0,0,0
"POINT (11.112120599000036 49.439493187000039)",Unfall 235812 (2023) Kat:3, Licht: 0,235812,3,3,5,12,13,7,0,0,1,1,0,0,0,0
"POINT (11.031213509000054 49.473040713000046)",Unfall 235813 (2023) Kat:3, Licht: 0,235813,3,3,5,12,13,7,0,0,0,1,0,0,0,0
"POINT (11.025243859000057 49.427867573000071)",Unfall 266791 (2023) Kat:3, Licht: 2,266791,3,7,6,01,18,3,0,2,1,0,1,0,0,0
"POINT (11.025454410000066 49.465809436000029)",Unfall 266925 (2023) Kat:3, Licht: 0,266925,3,1,0,04,18,4,0,0,1,0,0,0,0,0
"POINT (11.083721472000036 49.450904991000073)",Unfall 266999 (2023) Kat:3, Licht: 0,266999,3,6,4,05,16,4,0,0,1,0,0,0,0,1
"POINT (11.123938326000030 49.459090320000030)",Unfall 267009 (2023) Kat:3, Licht: 0,267009,3,6,6,05,19,5,0,0,1,0,1,0,0,0
"POINT (11.144970269000055 49.400512734000074)",Unfall 267020 (2023) Kat:3, Licht: 0,267020,3,1,0,05,12,6,0,0,1,0,0,0,0,0
"POINT (11.143010484000058 49.400303742000062)",Unfall 267042 (2023) Kat:3, Licht: 0,267042,3,7,0,05,16,2,0,0,1,0,0,0,0,0
"POINT (11.105819705000044 49.417700259000071)",Unfall 267062 (2023) Kat:3, Licht: 0,267062,3,3,6,05,16,5,0,0,1,0,1,0,0,0
"POINT (11.123849243000052 49.459071176000066)",Unfall 267068 (2023) Kat:3, Licht: 0,267068,3,6,4,05,13,6,0,0,1,0,0,0,0,0
"POINT (11.090093118000027 49.450149662000058)",Unfall 267156 (2023) Kat:3, Licht: 0,267156,3,6,2,06,17,7,0,0,1,0,0,0,0,0
"POINT (11.177544650000073 49.469623801000068)",Unfall 267222 (2023) Kat:3, Licht: 0,267222,3,1,0,06,12,1,0,0,1,0,1,0,0,0
"POINT (11.057273821000024 49.439387706000048)",Unfall 267273 (2023) Kat:3, Licht: 0,267273,3,7,0,06,15,6,1,0,1,0,0,0,0,0
"POINT (11.052325761000077 49.455940387000055)",Unfall 267338 (2023) Kat:3, Licht: 0,267338,3,7,6,06,13,5,0,0,1,0,1,0,0,0
"POINT (11.077226912000071 49.443905156000028)",Unfall 267435 (2023) Kat:3, Licht: 0,267435,3,6,4,07,19,3,0,0,1,0,0,0,0,0
"POINT (11.024558643000034 49.466535956000030)",Unfall 267511 (2023) Kat:2, Licht: 2,267511,2,1,9,07,23,4,0,2,1,0,0,0,0,0
"POINT (11.059875646000023 49.456218244000070)",Unfall 267518 (2023) Kat:3, Licht: 0,267518,3,6,6,07,09,5,0,0,1,0,1,0,0,0
"POINT (11.110300937000034 49.424550578000037)",Unfall 267527 (2023) Kat:3, Licht: 0,267527,3,6,4,07,17,6,0,0,1,0,0,0,0,0