WKT,Name,OBJECTID,UKATEGORIE,UTYP1,UART,UMONAT,USTUNDE,UWOCHENTAG,STRZUSTAND,ULICHTVERH,ISTRAD,ISTPKW,ISTFUSS,ISTKRAD,ISTGKFZ,ISTSONSTIG
"POINT (11.116361178000034 49.435607848000075)",Unfall 112453 (2024) Kat:3, Licht: 0,112453,3,6,2,08,17,3,0,0,0,1,0,0,0,0
"POINT (11.110127401000057 49.461547236000058)",Unfall 112526 (2024) Kat:3, Licht: 0,112526,3,5,0,08,17,2,0,0,1,0,0,0,0,1
"POINT (10.998913384000048 49.433776574000035)",Unfall 112527 (2024) Kat:3, Licht: 0,112527,3,3,5,08,15,2,0,0,0,1,0,1,0,0
"POINT (11.052318008000043 49.429938435000054)",Unfall 112528 (2024) Kat:3, Licht: 0,112528,3,4,6,08,09,2,0,0,0,1,1,0,0,0
"POINT (11.125707904000024 49.489419967000060)",Unfall 112529 (2024) Kat:3, Licht: 0,112529,3,6,2,08,18,2,0,0,0,1,0,0,0,0
"POINT (11.103751209000052 49.474776532000078)",Unfall 112530 (2024) Kat:3, Licht: 0,112530,3,6,2,08,10,2,0,0,0,1,0,0,0,0
"POINT (11.052726692000022 49.492872236000039)",Unfall 112594 (2024) Kat:3, Licht: 2,112594,3,3,5,08,00,1,0,2,1,1,0,0,0,0
"POINT (11.080182515000047 49.430365649000066)",Unfall 112723 (2024) Kat:3, Licht: 0,112723,3,3,3,08,10,6,1,0,0,1,0,0,1,0
"POINT (11.041040628000076 49.455338439000059)",Unfall 112801 (2024) Kat:3, Licht: 0,112801,3,6,2,08,17,5,1,0,0,1,0,0,0,1
"POINT (11.079854756000032 49.469466392000072)",Unfall 112802 (2024) Kat:3, Licht: 0,112802,3,3,5,08,14,5,0,0,1,1,0,0,0,0
"POINT (11.035044557000049 49.409203788000070)",Unfall 112902 (2024) Kat:3, Licht: 0,112902,3,2,5,07,07,4,0,0,1,1,0,0,0,0
"POINT (11.075149809000038 49.399276251000060)",Unfall 112984 (2024) Kat:3, Licht: 2,112984,3,6,2,08,21,1,0,2,0,1,0,0,0,0
"POINT (11.082337327000062 49.395191887000067)",Unfall 112999 (2024) Kat:3, Licht: 2,112999,3,6,2,07,02,3,0,2,0,0,0,0,1,1
"POINT (11.097943693000047 49.466940658000055)",Unfall 113000 (2024) Kat:3, Licht: 0,113000,3,2,5,07,15,3,0,0,0,1,0,0,0,1
"POINT (11.116934033000064 49.392836925000040)",Unfall 113001 (2024) Kat:2, Licht: 0,113001,2,3,5,07,10,3,0,0,0,1,0,0,0,0
"POINT (11.037406142000066 49.398550980000039)",Unfall 113002 (2024) Kat:3, Licht: 0,113002,3,3,5,07,17,3,0,0,0,1,0,0,0,1
"POINT (11.104400518000034 49.462318683000035)",Unfall 113003 (2024) Kat:3, Licht: 0,113003,3,6,2,07,16,3,0,0,0,1,0,0,0,0
"POINT (11.045614304000026 49.429889059000061)",Unfall 113203 (2024) Kat:3, Licht: 0,113203,3,6,2,07,17,1,0,0,0,1,0,0,0,0
"POINT (10.995555599000056 49.436318483000036)",Unfall 113204 (2024) Kat:3, Licht: 0,113204,3,7,0,07,17,1,0,0,0,0,0,0,0,1
"POINT (11.023629173000074 49.419011741000077)",Unfall 113206 (2024) Kat:3, Licht: 0,113206,3,3,5,07,11,1,0,0,0,1,0,0,0,1
"POINT (11.035038829000030 49.405837811000026)",Unfall 113241 (2024) Kat:3, Licht: 0,113241,3,1,0,08,18,3,0,0,1,0,0,0,0,0
"POINT (11.122173561000068 49.486344490000079)",Unfall 113292 (2024) Kat:3, Licht: 0,113292,3,6,0,08,12,6,0,0,0,1,0,1,0,0
"POINT (11.072158569000067 49.343347442000038)",Unfall 113293 (2024) Kat:3, Licht: 0,113293,3,3,5,07,10,7,0,0,0,0,0,1,0,0
"POINT (11.117863659000022 49.437912512000025)",Unfall 113412 (2024) Kat:3, Licht: 0,113412,3,3,2,07,13,6,0,0,0,1,0,0,1,0
"POINT (11.134960371000034 49.471846966000044)",Unfall 113430 (2024) Kat:3, Licht: 0,113430,3,7,0,08,10,5,0,0,1,0,0,0,0,0
"POINT (11.042330473000050 49.449838161000059)",Unfall 113512 (2024) Kat:3, Licht: 0,113512,3,6,2,07,17,5,0,0,0,1,0,0,0,0
"POINT (11.112822810000068 49.412778185000036)",Unfall 113513 (2024) Kat:3, Licht: 0,113513,3,1,2,07,16,5,0,0,0,1,0,1,0,0
"POINT (11.038251869000021 49.452066090000073)",Unfall 113523 (2024) Kat:3, Licht: 0,113523,3,1,0,08,19,2,0,0,1,0,0,0,0,0
"POINT (11.041306479000070 49.455831572000079)",Unfall 113601 (2024) Kat:3, Licht: 0,113601,3,4,6,07,18,2,0,0,0,0,1,0,0,1
"POINT (11.038194676000046 49.434335197000053)",Unfall 113607 (2024) Kat:3, Licht: 0,113607,3,3,5,07,14,4,0,0,0,1,0,0,0,1
"POINT (11.073294939000050 49.403120220000062)",Unfall 113698 (2024) Kat:3, Licht: 0,113698,3,6,3,07,09,3,0,0,0,1,0,0,0,0
"POINT (11.121542730000044 49.442927778000069)",Unfall 113699 (2024) Kat:3, Licht: 0,113699,3,4,6,07,12,3,0,0,0,1,1,0,0,0
"POINT (11.055504287000076 49.444855739000047)",Unfall 113700 (2024) Kat:3, Licht: 0,113700,3,6,2,08,13,7,0,0,0,1,0,0,0,0
"POINT (11.028120141000045 49.420678888000054)",Unfall 113937 (2024) Kat:3, Licht: 0,113937,3,1,0,07,18,1,0,0,0,0,0,0,0,1
"POINT (11.146304657000030 49.463870412000063)",Unfall 114044 (2024) Kat:3, Licht: 0,114044,3,3,5,07,14,7,0,0,0,1,0,1,0,0
"POINT (11.035991769000077 49.440666784000030)",Unfall 114180 (2024) Kat:3, Licht: 0,114180,3,6,2,09,14,3,0,0,0,1,0,0,1,0
"POINT (11.067623352000055 49.469227097000044)",Unfall 114181 (2024) Kat:3, Licht: 0,114181,3,1,0,09,17,3,0,0,0,0,0,1,0,0
"POINT (11.074511984000026 49.400572184000055)",Unfall 114251 (2024) Kat:3, Licht: 0,114251,3,6,5,09,12,2,0,0,0,1,0,0,0,0
"POINT (11.031419544000073 49.420661411000026)",Unfall 114393 (2024) Kat:3, Licht: 0,114393,3,6,2,08,16,7,0,0,0,1,0,0,0,0
"POINT (11.131281055000045 49.432535293000058)",Unfall 114394 (2024) Kat:3, Licht: 0,114394,3,2,3,08,09,7,0,0,1,1,0,0,0,0
"POINT (11.202900273000068 49.419228076000081)",Unfall 114472 (2024) Kat:3, Licht: 0,114472,3,6,1,08,12,6,0,0,0,1,0,0,0,0
"POINT (11.063334905000033 49.428169464000064)",Unfall 114476 (2024) Kat:3, Licht: 2,114476,3,2,5,08,22,6,0,2,0,1,0,0,0,0
"POINT (11.015329424000072 49.464736635000065)",Unfall 114572 (2024) Kat:3, Licht: 0,114572,3,1,9,08,15,5,0,0,0,1,0,0,0,0
"POINT (11.037378810000064 49.398656878000054)",Unfall 114573 (2024) Kat:2, Licht: 0,114573,2,6,2,08,11,5,0,0,0,1,0,1,0,0
"POINT (11.113907392000044 49.459641325000064)",Unfall 114574 (2024) Kat:2, Licht: 0,114574,2,2,6,08,08,5,0,0,0,1,1,0,0,0
"POINT (11.103800520000050 49.474183920000030)",Unfall 114725 (2024) Kat:3, Licht: 0,114725,3,6,2,08,18,3,0,0,0,1,0,0,0,0
"POINT (11.054283572000031 49.354450743000029)",Unfall 114726 (2024) Kat:3, Licht: 0,114726,3,3,6,08,13,3,0,0,0,1,1,0,0,0
"POINT (11.123129538000057 49.398078830000031)",Unfall 114727 (2024) Kat:3, Licht: 0,114727,3,6,2,08,17,3,0,0,0,0,0,1,0,1
"POINT (11.003539376000049 49.438573964000057)",Unfall 114728 (2024) Kat:3, Licht: 0,114728,3,6,2,08,15,3,0,0,0,1,0,0,0,0
"POINT (11.182782654000050 49.418241233000060)",Unfall 114796 (2024) Kat:3, Licht: 0,114796,3,6,4,08,16,2,0,0,1,0,0,0,0,0
"POINT (11.049399275000042 49.363844534000066)",Unfall 114800 (2024) Kat:3, Licht: 0,114800,3,1,8,09,18,2,0,0,0,1,0,0,0,0
"POINT (11.037992013000064 49.434265059000040)",Unfall 114908 (2024) Kat:3, Licht: 0,114908,3,3,4,08,11,7,0,0,0,1,0,0,0,0
"POINT (11.056381357000021 49.429278489000069)",Unfall 114910 (2024) Kat:3, Licht: 0,114910,3,6,2,08,19,7,0,0,0,1,0,1,0,0
"POINT (11.036737188000075 49.438628638000068)",Unfall 115094 (2024) Kat:3, Licht: 0,115094,3,6,1,08,14,5,0,0,0,1,0,0,0,0
"POINT (11.060017787000049 49.346341499000062)",Unfall 115167 (2024) Kat:3, Licht: 0,115167,3,1,9,08,07,4,0,0,0,1,0,0,0,0
"POINT (11.125404313000047 49.489179807000028)",Unfall 115168 (2024) Kat:3, Licht: 0,115168,3,6,3,08,20,4,0,0,0,1,0,0,1,0
"POINT (11.112790316000030 49.413682552000068)",Unfall 115231 (2024) Kat:2, Licht: 0,115231,2,6,9,08,19,7,0,0,1,0,0,0,0,1
"POINT (11.125487098000065 49.466871256000047)",Unfall 115242 (2024) Kat:2, Licht: 2,115242,2,7,0,08,19,3,0,2,0,0,0,0,0,1
"POINT (11.117755672000044 49.456913077000081)",Unfall 115302 (2024) Kat:1, Licht: 2,115302,1,7,0,08,21,2,0,2,1,0,0,0,0,0
"POINT (11.035416444000077 49.407912030000034)",Unfall 115312 (2024) Kat:3, Licht: 0,115312,3,1,0,09,13,2,0,0,1,0,0,0,0,0
"POINT (11.114887198000076 49.392210187000046)",Unfall 115433 (2024) Kat:3, Licht: 0,115433,3,1,8,09,14,6,1,0,0,1,0,0,0,0
"POINT (11.018894320000072 49.419493652000028)",Unfall 115439 (2024) Kat:3, Licht: 0,115439,3,2,4,09,17,6,0,0,0,1,0,0,0,1
"POINT (11.063774871000021 49.372945670000036)",Unfall 115504 (2024) Kat:3, Licht: 1,115504,3,3,5,09,18,5,1,1,0,1,0,0,0,0
"POINT (11.036462459000063 49.448483652000050)",Unfall 115505 (2024) Kat:2, Licht: 0,115505,2,2,3,09,14,5,1,0,0,0,0,0,1,1
"POINT (11.079713660000039 49.430537645000072)",Unfall 115506 (2024) Kat:3, Licht: 0,115506,3,3,3,09,06,5,1,0,0,1,0,0,0,0
"POINT (11.102691251000067 49.431327022000062)",Unfall 115616 (2024) Kat:3, Licht: 2,115616,3,6,2,09,18,3,1,2,0,1,1,0,0,0
"POINT (11.036793658000022 49.449438460000067)",Unfall 115657 (2024) Kat:3, Licht: 0,115657,3,3,5,09,08,2,0,0,1,1,0,0,0,0
"POINT (11.106219358000033 49.460716421000029)",Unfall 115658 (2024) Kat:3, Licht: 1,115658,3,1,3,09,18,2,1,1,1,1,0,0,0,0
"POINT (11.066672887000038 49.428118414000039)",Unfall 115714 (2024) Kat:3, Licht: 0,115714,3,7,1,09,06,1,0,0,0,1,0,0,0,0
"POINT (11.112129662000029 49.415278816000068)",Unfall 115715 (2024) Kat:3, Licht: 0,115715,3,6,3,09,18,1,0,0,1,0,0,0,0,0
"POINT (11.037653807000027 49.422915290000049)",Unfall 115783 (2024) Kat:3, Licht: 0,115783,3,6,2,09,18,7,0,0,0,1,0,0,0,0
"POINT (11.120169877000023 49.505626398000061)",Unfall 115880 (2024) Kat:3, Licht: 1,115880,3,6,2,09,16,6,0,1,0,1,0,0,0,0
"POINT (11.118138629000043 49.402303788000040)",Unfall 115883 (2024) Kat:3, Licht: 0,115883,3,3,0,09,12,6,0,0,1,0,0,1,0,0
"POINT (11.126993031000040 49.458348091000062)",Unfall 115884 (2024) Kat:3, Licht: 0,115884,3,3,6,09,17,6,0,0,0,1,1,0,0,0
"POINT (11.097291755000072 49.356903295000052)",Unfall 115973 (2024) Kat:3, Licht: 0,115973,3,7,0,09,14,6,0,0,0,0,0,0,0,1
"POINT (11.121392372000059 49.443042477000063)",Unfall 115974 (2024) Kat:3, Licht: 0,115974,3,6,2,09,17,5,0,0,0,1,0,0,0,0
"POINT (11.122597898000038 49.451623060000031)",Unfall 116031 (2024) Kat:3, Licht: 0,116031,3,1,9,09,07,1,0,0,0,1,0,0,0,0
"POINT (11.012536064000074 49.465294381000035)",Unfall 116064 (2024) Kat:2, Licht: 2,116064,2,2,5,09,19,4,0,2,0,1,0,1,0,0
"POINT (11.096149940000032 49.468707755000025)",Unfall 116065 (2024) Kat:3, Licht: 0,116065,3,6,3,09,07,4,0,0,0,1,0,0,0,0
"POINT (11.124305194000044 49.466492887000072)",Unfall 116066 (2024) Kat:3, Licht: 2,116066,3,7,0,09,20,4,0,2,1,0,0,0,0,0
"POINT (11.035936531000061 49.414894036000078)",Unfall 116143 (2024) Kat:3, Licht: 0,116143,3,6,4,09,07,3,0,0,1,0,0,1,0,0
"POINT (11.002915821000045 49.438508627000033)",Unfall 116165 (2024) Kat:3, Licht: 0,116165,3,3,5,09,10,4,0,0,1,1,0,0,0,0
"POINT (11.113762780000059 49.507705048000048)",Unfall 116207 (2024) Kat:3, Licht: 0,116207,3,6,3,09,14,2,1,0,0,1,0,0,1,0
"POINT (11.116798422000045 49.392932317000032)",Unfall 116269 (2024) Kat:3, Licht: 0,116269,3,6,2,09,17,1,0,0,0,1,0,1,0,0
"POINT (11.122135048000075 49.436038045000032)",Unfall 116366 (2024) Kat:3, Licht: 0,116366,3,6,2,09,11,6,0,0,0,1,0,0,0,0
"POINT (11.067180781000047 49.470795572000043)",Unfall 116367 (2024) Kat:3, Licht: 2,116367,3,1,0,09,02,6,0,2,0,0,0,0,0,1
"POINT (11.127872758000024 49.393616196000039)",Unfall 116369 (2024) Kat:3, Licht: 0,116369,3,3,5,09,11,6,0,0,1,1,0,0,0,0
"POINT (11.050823595000054 49.360674116000041)",Unfall 116394 (2024) Kat:3, Licht: 0,116394,3,2,4,09,10,6,1,0,1,1,0,0,0,0
"POINT (11.121594587000061 49.456788329000062)",Unfall 116547 (2024) Kat:3, Licht: 0,116547,3,7,0,09,08,4,0,0,0,1,0,0,0,1
"POINT (11.038185978000058 49.434103941000046)",Unfall 116548 (2024) Kat:3, Licht: 0,116548,3,1,0,09,14,4,1,0,0,0,0,1,0,0
"POINT (11.126402208000059 49.434243527000035)",Unfall 116589 (2024) Kat:3, Licht: 0,116589,3,6,2,09,13,4,0,0,0,1,0,0,0,0
"POINT (11.038031224000065 49.436548760000051)",Unfall 116595 (2024) Kat:1, Licht: 0,116595,1,1,0,09,14,6,1,0,1,0,0,0,0,0
"POINT (11.077567136000027 49.370367102000046)",Unfall 116627 (2024) Kat:3, Licht: 0,116627,3,6,2,09,15,3,0,0,0,1,0,0,0,0
"POINT (11.019505932000072 49.441069470000059)",Unfall 116699 (2024) Kat:3, Licht: 0,116699,3,7,0,09,18,2,0,0,1,0,0,0,0,0
"POINT (11.051734283000030 49.358635799000069)",Unfall 116700 (2024) Kat:3, Licht: 2,116700,3,2,3,09,20,2,0,2,1,1,0,0,0,0
"POINT (11.040314639000030 49.375812495000048)",Unfall 116701 (2024) Kat:3, Licht: 0,116701,3,4,6,09,16,2,0,0,0,1,1,0,0,0
"POINT (11.037729095000032 49.451372759000037)",Unfall 116888 (2024) Kat:3, Licht: 2,116888,3,7,0,09,01,7,0,2,1,0,0,0,0,0
"POINT (11.032726100000048 49.523282615000028)",Unfall 116951 (2024) Kat:3, Licht: 0,116951,3,1,8,09,10,7,0,0,0,1,0,0,0,0
"POINT (11.007368152000026 49.523205612000027)",Unfall 116979 (2024) Kat:3, Licht: 0,116979,3,6,2,09,17,6,0,0,0,1,0,0,0,0
"POINT (11.043382878000045 49.429961923000064)",Unfall 116980 (2024) Kat:2, Licht: 1,116980,2,3,5,09,05,6,0,1,0,1,0,1,0,0
"POINT (11.060879210000053 49.480228055000055)",Unfall 116981 (2024) Kat:3, Licht: 0,116981,3,7,8,09,18,6,0,0,0,1,0,0,0,0
"POINT (11.015552521000075 49.440357861000052)",Unfall 117079 (2024) Kat:2, Licht: 0,117079,2,1,0,09,14,5,0,0,1,0,0,0,0,0
"POINT (11.102688233000038 49.471925179000038)",Unfall 117171 (2024) Kat:3, Licht: 0,117171,3,6,2,09,14,4,0,0,0,1,0,1,0,0
"POINT (11.005729783000049 49.440200898000057)",Unfall 117261 (2024) Kat:3, Licht: 1,117261,3,7,0,11,17,5,0,1,0,0,0,0,0,1
"POINT (11.074720173000060 49.469458572000065)",Unfall 117297 (2024) Kat:3, Licht: 0,117297,3,6,3,11,09,4,1,0,1,0,0,0,0,0
"POINT (11.189799982000068 49.419678287000067)",Unfall 117298 (2024) Kat:3, Licht: 2,117298,3,6,2,11,22,4,0,2,0,1,0,0,0,0
"POINT (11.107695737000029 49.417951206000055)",Unfall 117338 (2024) Kat:3, Licht: 0,117338,3,2,5,11,14,3,0,0,1,1,0,0,0,0
"POINT (11.063191153000048 49.467720435000047)",Unfall 117340 (2024) Kat:2, Licht: 2,117340,2,3,5,11,05,3,0,2,1,1,0,0,0,0
"POINT (11.019606864000025 49.462845188000074)",Unfall 117341 (2024) Kat:3, Licht: 2,117341,3,2,5,11,19,3,0,2,0,1,0,1,0,0
"POINT (11.113192456000036 49.459701563000067)",Unfall 117384 (2024) Kat:3, Licht: 0,117384,3,3,5,11,12,2,0,0,1,0,0,0,0,1
"POINT (11.104920848000063 49.461680260000037)",Unfall 117385 (2024) Kat:3, Licht: 0,117385,3,1,0,11,16,2,1,0,1,0,0,0,0,0
"POINT (11.032148634000066 49.420633579000025)",Unfall 117386 (2024) Kat:3, Licht: 2,117386,3,1,0,11,22,2,0,2,0,0,0,1,0,0
"POINT (11.117939575000037 49.456637712000031)",Unfall 117387 (2024) Kat:3, Licht: 0,117387,3,3,5,11,13,2,0,0,1,1,0,0,0,0
"POINT (11.039961025000025 49.454229157000043)",Unfall 117388 (2024) Kat:3, Licht: 0,117388,3,4,6,11,06,2,0,0,0,1,1,0,0,0
"POINT (11.051773779000030 49.463496426000063)",Unfall 117433 (2024) Kat:3, Licht: 0,117433,3,6,2,11,12,3,0,0,0,1,0,0,0,0
"POINT (11.105792211000050 49.420047442000055)",Unfall 117495 (2024) Kat:3, Licht: 0,117495,3,6,2,11,14,6,0,0,0,1,0,0,0,0
"POINT (11.037729095000032 49.451372759000037)",Unfall 117538 (2024) Kat:3, Licht: 0,117538,3,1,0,10,09,5,0,0,1,0,0,0,0,0
"POINT (11.003571071000067 49.438650805000066)",Unfall 117593 (2024) Kat:3, Licht: 0,117593,3,7,0,10,11,4,0,0,0,0,0,0,0,1
"POINT (10.994288884000071 49.437399889000062)",Unfall 117594 (2024) Kat:3, Licht: 0,117594,3,2,4,10,06,4,0,0,0,1,0,0,0,0
"POINT (11.097820971000033 49.467015616000026)",Unfall 117595 (2024) Kat:3, Licht: 0,117595,3,6,2,10,12,4,0,0,0,1,0,0,1,0
"POINT (11.072684834000029 49.403960232000031)",Unfall 117649 (2024) Kat:3, Licht: 0,117649,3,6,3,10,09,3,0,0,0,1,0,0,1,0
"POINT (11.071144733000040 49.469602817000066)",Unfall 117650 (2024) Kat:3, Licht: 1,117650,3,2,5,10,17,3,0,1,1,1,0,0,0,0
"POINT (11.099553289000028 49.466098531000057)",Unfall 117713 (2024) Kat:3, Licht: 2,117713,3,6,2,10,18,2,0,2,0,1,0,0,0,0
"POINT (11.103671466000037 49.474539966000066)",Unfall 117714 (2024) Kat:2, Licht: 0,117714,2,4,6,10,14,2,0,0,0,1,1,0,0,0
"POINT (11.117640186000074 49.437882579000075)",Unfall 117715 (2024) Kat:3, Licht: 2,117715,3,1,9,11,21,1,1,2,0,1,0,0,0,0
"POINT (11.033510916000068 49.453354759000035)",Unfall 117764 (2024) Kat:3, Licht: 0,117764,3,6,2,11,15,5,0,0,0,1,0,0,0,1
"POINT (11.097820971000033 49.467015616000026)",Unfall 117765 (2024) Kat:3, Licht: 0,117765,3,6,2,10,13,1,0,0,0,1,0,0,0,0
"POINT (11.138250618000029 49.462113916000078)",Unfall 117807 (2024) Kat:3, Licht: 1,117807,3,2,5,10,18,7,0,1,0,1,0,0,0,0
"POINT (11.035799031000067 49.440693160000080)",Unfall 117854 (2024) Kat:3, Licht: 0,117854,3,6,2,10,14,6,0,0,0,1,0,0,0,0
"POINT (11.038095734000024 49.451492238000071)",Unfall 117855 (2024) Kat:3, Licht: 0,117855,3,2,5,10,09,6,0,0,0,0,0,1,1,0
"POINT (11.086991884000042 49.404270922000080)",Unfall 117896 (2024) Kat:3, Licht: 0,117896,3,6,4,10,11,6,0,0,0,1,0,0,0,0
"POINT (11.111926147000077 49.461799574000054)",Unfall 117922 (2024) Kat:3, Licht: 0,117922,3,3,5,10,16,5,0,0,1,1,0,0,0,0
"POINT (11.036776209000038 49.438578119000056)",Unfall 117923 (2024) Kat:3, Licht: 1,117923,3,6,2,10,17,5,0,1,0,1,0,0,0,0
"POINT (11.027249718000064 49.441634216000068)",Unfall 118062 (2024) Kat:3, Licht: 0,118062,3,2,3,10,16,3,1,0,1,1,0,0,0,0
"POINT (11.103934420000030 49.431525558000033)",Unfall 118063 (2024) Kat:3, Licht: 0,118063,3,7,5,10,18,3,1,0,1,1,0,0,0,0
"POINT (11.157514491000029 49.389191832000051)",Unfall 118135 (2024) Kat:3, Licht: 0,118135,3,6,2,10,15,2,0,0,0,1,0,0,0,0
"POINT (11.097984185000030 49.394917162000070)",Unfall 118136 (2024) Kat:3, Licht: 0,118136,3,7,7,10,16,2,0,0,0,1,0,1,1,0
"POINT (11.111268734000021 49.479290368000079)",Unfall 118139 (2024) Kat:3, Licht: 0,118139,3,2,5,10,17,2,0,0,1,1,0,0,0,0
"POINT (11.107627256000058 49.418100451000043)",Unfall 118140 (2024) Kat:3, Licht: 1,118140,3,6,2,10,18,2,0,1,0,1,0,0,0,1
"POINT (11.103245171000026 49.431386511000028)",Unfall 118141 (2024) Kat:3, Licht: 2,118141,3,6,2,10,20,2,0,2,0,1,0,0,0,0
"POINT (11.054365859000029 49.354366845000072)",Unfall 118301 (2024) Kat:3, Licht: 2,118301,3,3,5,10,18,6,1,2,1,1,0,0,0,0
"POINT (10.998286670000027 49.434247853000045)",Unfall 118302 (2024) Kat:3, Licht: 0,118302,3,3,5,10,10,6,0,0,0,1,0,1,0,0
"POINT (11.038361034000047 49.452223920000051)",Unfall 118303 (2024) Kat:3, Licht: 0,118303,3,1,0,10,15,6,0,0,1,0,0,0,0,0
"POINT (11.055964853000035 49.466061935000027)",Unfall 118393 (2024) Kat:2, Licht: 2,118393,2,3,5,10,06,5,0,2,0,1,0,0,0,0
"POINT (11.064482399000042 49.424839958000064)",Unfall 118394 (2024) Kat:3, Licht: 2,118394,3,7,0,10,19,5,0,2,0,1,0,0,0,0
"POINT (11.098250287000042 49.467455420000078)",Unfall 118395 (2024) Kat:3, Licht: 0,118395,3,6,2,10,12,5,0,0,0,1,0,0,0,0
"POINT (11.113553759000069 49.393448243000080)",Unfall 118451 (2024) Kat:3, Licht: 2,118451,3,6,2,10,18,1,0,2,0,1,0,0,0,0
"POINT (11.031659245000071 49.413898509000035)",Unfall 118461 (2024) Kat:3, Licht: 0,118461,3,3,5,10,14,3,0,0,0,1,0,0,0,0
"POINT (11.121232495000072 49.456680859000073)",Unfall 118471 (2024) Kat:3, Licht: 0,118471,3,3,5,10,10,4,0,0,0,1,0,0,0,0
"POINT (11.050364001000048 49.462532289000080)",Unfall 118545 (2024) Kat:3, Licht: 2,118545,3,6,2,10,05,3,1,2,1,1,0,0,0,0
"POINT (11.113152589000038 49.412099740000031)",Unfall 118546 (2024) Kat:3, Licht: 0,118546,3,6,2,10,14,3,0,0,0,1,0,0,0,0
"POINT (11.102143465000040 49.471185552000065)",Unfall 118707 (2024) Kat:2, Licht: 0,118707,2,6,6,10,18,7,0,0,1,0,1,0,0,0
"POINT (11.039546390000055 49.453438473000062)",Unfall 118708 (2024) Kat:3, Licht: 0,118708,3,6,2,10,15,7,0,0,0,1,0,0,0,0
"POINT (11.032563009000057 49.420693917000051)",Unfall 118788 (2024) Kat:3, Licht: 0,118788,3,2,5,10,17,6,0,0,1,1,0,0,0,0
"POINT (11.058983488000024 49.484113078000064)",Unfall 118789 (2024) Kat:3, Licht: 0,118789,3,1,5,10,14,6,0,0,0,1,0,1,0,0
"POINT (11.121397312000056 49.456729778000067)",Unfall 118790 (2024) Kat:3, Licht: 1,118790,3,3,5,10,19,6,1,1,0,1,0,1,0,0
"POINT (11.065619161000029 49.413602878000063)",Unfall 118791 (2024) Kat:3, Licht: 1,118791,3,6,2,10,06,6,1,1,0,1,0,0,0,0
"POINT (11.074507277000066 49.400580012000034)",Unfall 119030 (2024) Kat:3, Licht: 0,119030,3,6,2,10,06,3,0,0,0,1,0,0,0,0
"POINT (11.125275104000025 49.466803390000052)",Unfall 119036 (2024) Kat:3, Licht: 0,119036,3,1,0,10,17,3,1,0,1,0,0,0,0,0
"POINT (11.066111048000039 49.427920992000054)",Unfall 119037 (2024) Kat:3, Licht: 0,119037,3,7,0,10,10,3,0,0,0,0,0,0,0,1
"POINT (11.067793600000073 49.428852853000080)",Unfall 119136 (2024) Kat:3, Licht: 2,119136,3,6,4,10,19,2,1,2,0,1,0,0,0,0
"POINT (11.118718685000033 49.455277311000032)",Unfall 119204 (2024) Kat:3, Licht: 1,119204,3,7,6,10,06,5,0,1,1,0,1,0,0,0
"POINT (11.105081464000023 49.423961151000071)",Unfall 119229 (2024) Kat:3, Licht: 0,119229,3,7,0,10,14,1,0,0,0,0,0,1,0,0
"POINT (11.031662499000049 49.420652356000062)",Unfall 119258 (2024) Kat:3, Licht: 2,119258,3,6,2,10,18,7,0,2,0,1,0,0,0,0
"POINT (11.103250736000064 49.431512632000079)",Unfall 119259 (2024) Kat:3, Licht: 2,119259,3,2,0,10,18,7,1,2,1,1,0,0,0,0
"POINT (11.056235134000076 49.351601271000050)",Unfall 119262 (2024) Kat:3, Licht: 0,119262,3,4,6,10,11,5,0,0,0,1,1,0,0,0
"POINT (11.067503575000046 49.428733519000048)",Unfall 119311 (2024) Kat:3, Licht: 2,119311,3,7,9,10,21,6,1,2,0,1,0,0,0,0
"POINT (11.025048113000025 49.460860012000069)",Unfall 119312 (2024) Kat:3, Licht: 1,119312,3,3,5,10,18,6,1,1,1,1,0,0,0,0
"POINT (11.062926934000075 49.436292982000055)",Unfall 119315 (2024) Kat:3, Licht: 0,119315,3,6,2,10,11,6,1,0,0,1,0,0,0,0
"POINT (11.068555142000037 49.469499003000067)",Unfall 119316 (2024) Kat:3, Licht: 0,119316,3,6,2,10,14,6,0,0,0,1,0,1,0,0
"POINT (11.029629217000036 49.379382710000073)",Unfall 119441 (2024) Kat:3, Licht: 0,119441,3,6,2,10,16,4,1,0,0,0,0,1,0,1
"POINT (11.052071564000073 49.463875457000029)",Unfall 119442 (2024) Kat:3, Licht: 0,119442,3,6,3,10,12,4,1,0,1,1,0,0,0,0
"POINT (11.035993205000068 49.440910227000074)",Unfall 119443 (2024) Kat:3, Licht: 2,119443,3,3,5,10,21,4,1,2,0,1,0,0,1,0
"POINT (11.065438602000029 49.427894229000060)",Unfall 119444 (2024) Kat:3, Licht: 2,119444,3,4,6,10,19,4,1,2,0,1,1,0,0,0
"POINT (11.038883057000021 49.432195000000036)",Unfall 119447 (2024) Kat:3, Licht: 0,119447,3,6,2,10,15,4,1,0,0,1,0,1,0,1
"POINT (11.152882741000042 49.416311131000043)",Unfall 119530 (2024) Kat:3, Licht: 2,119530,3,2,4,10,20,3,0,2,0,1,0,0,0,0