WKT,Name,OBJECTID,UKATEGORIE,UTYP1,UART,UMONAT,USTUNDE,UWOCHENTAG,STRZUSTAND,ULICHTVERH,ISTRAD,ISTPKW,ISTFUSS,ISTKRAD,ISTGKFZ,ISTSONSTIG
"POINT (11.036572594000063 49.400548441000069)",Unfall 119683 (2024) Kat:3, Licht: 0,119683,3,1,0,10,13,5,1,0,0,0,0,0,0,1
"POINT (11.040069341000049 49.454363508000029)",Unfall 119768 (2024) Kat:3, Licht: 1,119768,3,2,5,09,18,7,1,1,0,1,0,1,0,0
"POINT (11.099081767000030 49.468102272000067)",Unfall 119770 (2024) Kat:3, Licht: 0,119770,3,6,2,09,13,7,1,0,0,1,0,0,0,0
"POINT (11.055324106000057 49.444937655000047)",Unfall 119783 (2024) Kat:3, Licht: 2,119783,3,3,5,11,05,6,0,2,0,1,0,0,0,0
"POINT (11.119108591000042 49.464693148000038)",Unfall 119784 (2024) Kat:2, Licht: 1,119784,2,4,6,11,16,6,0,1,0,1,1,0,0,0
"POINT (11.066049278000037 49.428039541000032)",Unfall 119785 (2024) Kat:3, Licht: 2,119785,3,6,2,11,22,6,0,2,0,1,0,0,0,0
"POINT (11.035984529000075 49.441034430000059)",Unfall 119786 (2024) Kat:3, Licht: 0,119786,3,1,0,11,11,6,0,0,1,0,0,0,0,0
"POINT (11.038471081000068 49.435830655000075)",Unfall 119838 (2024) Kat:3, Licht: 0,119838,3,4,6,11,12,5,0,0,0,1,1,0,0,0
"POINT (11.064363944000036 49.427959282000074)",Unfall 119839 (2024) Kat:3, Licht: 2,119839,3,6,2,11,18,5,0,2,0,1,0,0,0,1
"POINT (11.036478177000049 49.416563508000081)",Unfall 119967 (2024) Kat:3, Licht: 0,119967,3,3,3,11,13,3,0,0,0,1,0,0,0,1
"POINT (11.060637526000050 49.480210514000078)",Unfall 119968 (2024) Kat:3, Licht: 2,119968,3,4,6,11,07,3,1,2,0,1,1,0,0,0
"POINT (11.166002872000035 49.390930514000047)",Unfall 120002 (2024) Kat:3, Licht: 2,120002,3,6,2,11,17,5,0,2,0,1,0,0,0,0
"POINT (11.074533735000045 49.400536003000070)",Unfall 120035 (2024) Kat:3, Licht: 2,120035,3,1,2,11,17,2,0,2,0,1,0,0,0,0
"POINT (11.157003135000025 49.389216549000025)",Unfall 120102 (2024) Kat:2, Licht: 2,120102,2,6,2,11,19,1,0,2,0,1,0,0,0,0
"POINT (11.095852626000067 49.431101639000076)",Unfall 120104 (2024) Kat:3, Licht: 0,120104,3,7,0,11,12,1,0,0,0,0,0,0,0,1
"POINT (11.035816248000060 49.440367390000063)",Unfall 120131 (2024) Kat:3, Licht: 2,120131,3,6,2,11,17,7,0,2,0,1,0,0,0,0
"POINT (11.056213205000063 49.466533270000070)",Unfall 120201 (2024) Kat:3, Licht: 2,120201,3,1,9,11,00,6,0,2,0,1,0,0,0,0
"POINT (11.075485110000045 49.398899505000031)",Unfall 120278 (2024) Kat:3, Licht: 2,120278,3,6,3,11,06,5,1,2,0,1,0,0,0,0
"POINT (11.096282476000056 49.468422169000064)",Unfall 120281 (2024) Kat:3, Licht: 0,120281,3,6,2,11,16,5,0,0,0,1,0,0,0,0
"POINT (11.033546981000029 49.516965404000075)",Unfall 120282 (2024) Kat:3, Licht: 0,120282,3,3,5,11,14,5,0,0,1,1,0,0,0,0
"POINT (11.102492185000074 49.471569691000070)",Unfall 120283 (2024) Kat:3, Licht: 2,120283,3,6,2,11,18,5,1,2,0,1,0,0,0,0
"POINT (11.079333711000061 49.414430981000066)",Unfall 120350 (2024) Kat:3, Licht: 0,120350,3,6,2,11,15,4,1,0,0,1,0,0,0,0
"POINT (11.121136729000057 49.452928389000078)",Unfall 120432 (2024) Kat:3, Licht: 0,120432,3,6,2,11,14,7,0,0,0,1,0,0,0,0
"POINT (11.074506643000063 49.400581067000076)",Unfall 120485 (2024) Kat:3, Licht: 2,120485,3,1,2,11,17,2,1,2,0,1,0,0,0,0
"POINT (11.087397813000052 49.405933630000050)",Unfall 120489 (2024) Kat:3, Licht: 2,120489,3,3,6,11,17,2,1,2,0,1,1,0,0,0
"POINT (11.061958334000053 49.440941403000068)",Unfall 120490 (2024) Kat:3, Licht: 2,120490,3,6,1,11,18,2,1,2,0,1,0,0,0,0
"POINT (11.037233631000049 49.399201279000067)",Unfall 120592 (2024) Kat:3, Licht: 2,120592,3,3,5,11,05,7,0,2,1,1,0,0,0,0
"POINT (11.071492167000031 49.429606842000055)",Unfall 120593 (2024) Kat:3, Licht: 0,120593,3,3,5,11,10,7,0,0,1,1,0,0,0,0
"POINT (11.063684599000055 49.467954888000065)",Unfall 120594 (2024) Kat:3, Licht: 0,120594,3,6,2,11,11,7,0,0,0,1,0,0,0,0
"POINT (11.118499642000074 49.455776081000067)",Unfall 120637 (2024) Kat:3, Licht: 0,120637,3,6,2,11,09,6,1,0,0,1,0,0,0,0
"POINT (11.114176954000072 49.392745381000054)",Unfall 120697 (2024) Kat:2, Licht: 0,120697,2,7,9,11,11,5,1,0,0,0,0,1,0,1
"POINT (11.103268054000068 49.473072113000057)",Unfall 120704 (2024) Kat:3, Licht: 0,120704,3,6,2,11,08,5,1,0,0,1,0,0,0,0
"POINT (11.106099495000024 49.460675051000067)",Unfall 120773 (2024) Kat:3, Licht: 0,120773,3,4,6,11,07,5,0,0,0,1,1,0,0,0
"POINT (11.075697768000055 49.398985381000045)",Unfall 120834 (2024) Kat:3, Licht: 1,120834,3,6,2,11,06,3,0,1,0,1,0,0,0,0
"POINT (11.064574948000029 49.473781129000031)",Unfall 120838 (2024) Kat:3, Licht: 2,120838,3,4,6,11,17,3,0,2,0,1,1,0,0,0
"POINT (11.057360476000042 49.443336957000042)",Unfall 120839 (2024) Kat:3, Licht: 0,120839,3,1,0,11,10,3,0,0,1,0,0,0,0,0
"POINT (11.110113377000062 49.459767376000059)",Unfall 120913 (2024) Kat:3, Licht: 0,120913,3,6,2,11,10,6,0,0,0,1,0,0,0,0
"POINT (11.037477428000045 49.393952887000069)",Unfall 120918 (2024) Kat:2, Licht: 2,120918,2,1,9,11,03,2,1,2,0,1,0,0,0,0
"POINT (11.113821273000042 49.462270472000057)",Unfall 120919 (2024) Kat:3, Licht: 2,120919,3,3,5,11,18,2,1,2,1,1,0,0,0,0
"POINT (11.054782726000042 49.489487924000059)",Unfall 121014 (2024) Kat:3, Licht: 2,121014,3,6,3,11,21,7,0,2,0,1,0,0,0,0
"POINT (11.042358156000034 49.427104137000072)",Unfall 121015 (2024) Kat:3, Licht: 2,121015,3,2,4,11,19,7,0,2,0,1,0,0,0,0
"POINT (11.036416042000042 49.416313250000030)",Unfall 121066 (2024) Kat:3, Licht: 0,121066,3,1,0,11,13,6,0,0,0,0,0,1,0,0
"POINT (11.035063000000036 49.406126417000053)",Unfall 121067 (2024) Kat:3, Licht: 2,121067,3,3,5,11,05,6,1,2,1,1,0,0,0,0
"POINT (11.058838135000030 49.443202481000071)",Unfall 121068 (2024) Kat:3, Licht: 2,121068,3,3,5,11,17,6,0,2,0,1,0,0,0,0
"POINT (11.040792218000036 49.425993036000079)",Unfall 121069 (2024) Kat:3, Licht: 0,121069,3,7,5,11,14,6,0,0,0,1,0,1,0,0
"POINT (11.051455120000071 49.463281726000048)",Unfall 121459 (2024) Kat:3, Licht: 2,121459,3,6,1,12,17,6,1,2,0,1,0,0,0,0
"POINT (11.057399078000060 49.486435643000050)",Unfall 121460 (2024) Kat:3, Licht: 0,121460,3,6,2,12,12,6,0,0,0,1,0,0,0,0
"POINT (11.035990703000039 49.440604236000070)",Unfall 121572 (2024) Kat:3, Licht: 0,121572,3,6,2,12,14,2,1,0,0,1,0,0,0,0
"POINT (11.058783944000027 49.484031205000065)",Unfall 121616 (2024) Kat:3, Licht: 0,121616,3,3,6,12,11,1,1,0,0,1,1,0,0,0
"POINT (11.101879894000035 49.470914279000056)",Unfall 121617 (2024) Kat:3, Licht: 0,121617,3,3,5,12,09,1,1,0,1,1,0,0,0,0
"POINT (11.042053604000046 49.456633796000062)",Unfall 121655 (2024) Kat:3, Licht: 0,121655,3,4,6,12,13,7,1,0,0,1,1,0,0,0
"POINT (11.065632102000052 49.427649095000049)",Unfall 121768 (2024) Kat:3, Licht: 0,121768,3,7,0,12,15,5,0,0,0,0,0,0,0,1
"POINT (11.116730547000031 49.435875990000056)",Unfall 121769 (2024) Kat:3, Licht: 2,121769,3,3,5,12,20,5,1,2,1,1,0,0,0,0
"POINT (11.041242903000068 49.455600668000045)",Unfall 121770 (2024) Kat:3, Licht: 1,121770,3,6,3,12,07,5,0,1,0,0,0,0,1,1
"POINT (11.039829043000054 49.425646869000047)",Unfall 121771 (2024) Kat:3, Licht: 2,121771,3,6,2,12,17,5,0,2,0,1,0,0,0,0
"POINT (11.118122137000057 49.437848065000026)",Unfall 121877 (2024) Kat:3, Licht: 0,121877,3,7,0,12,15,3,0,0,0,0,0,0,0,1
"POINT (11.051475275000030 49.463295307000067)",Unfall 121878 (2024) Kat:3, Licht: 0,121878,3,3,5,12,11,3,0,0,0,1,0,0,1,0
"POINT (11.091090226000063 49.429894913000055)",Unfall 121879 (2024) Kat:3, Licht: 0,121879,3,6,2,12,11,3,0,0,0,1,0,0,0,0
"POINT (11.106917203000023 49.354232337000042)",Unfall 121936 (2024) Kat:3, Licht: 0,121936,3,5,2,12,13,2,1,0,0,1,0,0,0,0
"POINT (11.037345748000064 49.451568126000041)",Unfall 121942 (2024) Kat:3, Licht: 1,121942,3,6,2,12,07,2,1,1,0,1,0,0,0,0
"POINT (11.066542186000049 49.428046572000028)",Unfall 121943 (2024) Kat:3, Licht: 2,121943,3,7,3,12,17,2,1,2,0,1,0,0,0,0
"POINT (11.031452194000053 49.441404258000034)",Unfall 121945 (2024) Kat:3, Licht: 2,121945,3,1,0,12,18,2,0,2,0,0,0,0,0,1
"POINT (11.122487398000032 49.448069510000039)",Unfall 121989 (2024) Kat:3, Licht: 0,121989,3,2,4,12,11,1,0,0,0,1,0,0,0,0
"POINT (11.117843657000037 49.402185214000042)",Unfall 122023 (2024) Kat:3, Licht: 2,122023,3,3,5,12,17,7,0,2,1,1,0,0,0,0
"POINT (11.117758680000065 49.438093572000071)",Unfall 122168 (2024) Kat:3, Licht: 0,122168,3,7,0,12,15,3,0,0,0,0,0,0,0,1
"POINT (11.143524357000047 49.427815436000060)",Unfall 122204 (2024) Kat:3, Licht: 0,122204,3,6,3,12,14,4,0,0,0,1,0,1,0,0
"POINT (11.086652809000043 49.429166459000044)",Unfall 122205 (2024) Kat:3, Licht: 0,122205,3,3,6,12,14,4,0,0,0,1,1,0,0,0
"POINT (11.030158692000043 49.420784174000062)",Unfall 122206 (2024) Kat:3, Licht: 0,122206,3,2,4,12,16,4,0,0,0,1,0,0,0,0
"POINT (11.063316196000073 49.467774399000064)",Unfall 122268 (2024) Kat:3, Licht: 2,122268,3,3,4,12,17,3,1,2,0,1,0,0,0,0
"POINT (11.106915897000022 49.354231247000030)",Unfall 122331 (2024) Kat:3, Licht: 2,122331,3,6,2,12,06,2,1,2,0,1,0,0,0,0
"POINT (11.097275407000041 49.431148723000035)",Unfall 122334 (2024) Kat:3, Licht: 2,122334,3,6,2,12,18,2,0,2,0,1,0,0,0,0
"POINT (11.037897257000054 49.451625567000065)",Unfall 122376 (2024) Kat:3, Licht: 2,122376,3,3,5,12,07,2,1,2,0,1,0,0,0,0
"POINT (11.036288248000062 49.448574042000075)",Unfall 122392 (2024) Kat:3, Licht: 0,122392,3,6,2,12,14,1,0,0,0,1,0,0,0,0
"POINT (11.055797650000045 49.465999351000050)",Unfall 122394 (2024) Kat:3, Licht: 2,122394,3,7,0,12,18,1,0,2,0,0,0,0,0,1
"POINT (11.105994484000064 49.460638806000077)",Unfall 122440 (2024) Kat:3, Licht: 1,122440,3,2,4,12,18,7,1,1,0,1,0,0,0,0
"POINT (11.111514377000049 49.394023211000047)",Unfall 122495 (2024) Kat:3, Licht: 2,122495,3,6,3,12,20,6,1,2,0,1,0,0,0,0
"POINT (11.086564174000046 49.429161503000046)",Unfall 122498 (2024) Kat:3, Licht: 1,122498,3,3,6,12,06,6,1,1,0,1,1,0,0,0
"POINT (11.119605571000022 49.456192670000064)",Unfall 122499 (2024) Kat:3, Licht: 0,122499,3,7,5,12,12,6,1,0,1,1,0,0,0,0
"POINT (11.028853430000026 49.378506335000054)",Unfall 122583 (2024) Kat:3, Licht: 0,122583,3,3,5,12,12,5,1,0,1,1,0,0,0,0
"POINT (11.054606550000074 49.465673860000038)",Unfall 122585 (2024) Kat:3, Licht: 0,122585,3,3,3,12,07,5,1,0,1,1,0,0,0,0
"POINT (11.048848885000041 49.447276160000058)",Unfall 122586 (2024) Kat:3, Licht: 0,122586,3,6,2,12,13,5,0,0,0,1,0,0,0,0
"POINT (11.044890926000051 49.458654152000065)",Unfall 122587 (2024) Kat:2, Licht: 0,122587,2,2,5,12,08,5,1,0,1,1,0,0,0,0
"POINT (11.119392180000034 49.400895903000048)",Unfall 122644 (2024) Kat:3, Licht: 0,122644,3,3,5,12,15,4,1,0,1,1,0,0,0,0
"POINT (11.051342216000023 49.463380065000081)",Unfall 122645 (2024) Kat:2, Licht: 0,122645,2,2,4,12,11,4,0,0,0,1,0,0,0,0
"POINT (11.193515622000064 49.420180808000055)",Unfall 122720 (2024) Kat:3, Licht: 0,122720,3,1,0,12,10,3,0,0,0,0,0,0,0,1
"POINT (11.035377732000029 49.402816954000059)",Unfall 122721 (2024) Kat:3, Licht: 1,122721,3,6,2,12,17,3,1,1,0,1,0,0,0,0
"POINT (11.098110542000029 49.467107284000065)",Unfall 122723 (2024) Kat:3, Licht: 2,122723,3,6,2,12,18,3,1,2,0,1,0,0,0,0
"POINT (11.071143403000065 49.469602790000067)",Unfall 122813 (2024) Kat:3, Licht: 0,122813,3,3,5,12,16,2,0,0,0,1,0,0,0,0
"POINT (11.163575263000041 49.406909025000061)",Unfall 122814 (2024) Kat:3, Licht: 2,122814,3,2,5,12,17,2,1,2,0,1,0,0,0,0
"POINT (11.167797229000030 49.468971838000073)",Unfall 122898 (2024) Kat:3, Licht: 0,122898,3,3,5,11,13,7,0,0,1,1,0,0,0,0
"POINT (11.057987346000061 49.442986389000055)",Unfall 122899 (2024) Kat:3, Licht: 0,122899,3,6,2,11,08,7,0,0,0,1,0,0,0,0
"POINT (11.073276189000069 49.403161726000064)",Unfall 122971 (2024) Kat:3, Licht: 1,122971,3,6,2,11,16,6,0,1,0,1,0,0,0,0
"POINT (11.122388712000031 49.422068296000077)",Unfall 212523 (2024) Kat:3, Licht: 2,212523,3,6,2,01,21,6,2,2,0,1,0,0,0,0
"POINT (11.053591596000047 49.493561407000072)",Unfall 212524 (2024) Kat:3, Licht: 2,212524,3,3,5,01,18,6,2,2,0,1,0,0,0,1
"POINT (11.070789480000030 49.440854302000048)",Unfall 212525 (2024) Kat:3, Licht: 0,212525,3,3,5,01,13,6,0,0,1,1,0,0,0,0
"POINT (11.089753204000033 49.473531599000069)",Unfall 212553 (2024) Kat:3, Licht: 2,212553,3,6,2,01,17,5,1,2,0,1,0,0,0,0
"POINT (11.068213008000043 49.457314392000058)",Unfall 212554 (2024) Kat:2, Licht: 2,212554,2,1,0,01,03,5,0,2,0,0,0,0,0,1
"POINT (11.108021925000060 49.458845441000051)",Unfall 212555 (2024) Kat:2, Licht: 0,212555,2,4,6,01,11,5,0,0,0,1,1,0,0,0
"POINT (11.101634298000022 49.461936280000032)",Unfall 212556 (2024) Kat:3, Licht: 2,212556,3,7,6,01,07,5,0,2,0,0,1,0,0,1
"POINT (11.062055229000066 49.414516962000050)",Unfall 212591 (2024) Kat:3, Licht: 0,212591,3,6,2,01,08,4,0,0,0,1,0,0,0,0
"POINT (11.065247683000052 49.447317952000049)",Unfall 212627 (2024) Kat:3, Licht: 2,212627,3,4,6,01,19,3,0,2,0,1,1,0,0,0
"POINT (11.097233961000029 49.466217091000033)",Unfall 212628 (2024) Kat:3, Licht: 0,212628,3,6,2,01,12,3,0,0,0,1,0,0,0,0
"POINT (11.085310897000056 49.456750695000039)",Unfall 212656 (2024) Kat:2, Licht: 0,212656,2,4,6,01,08,2,0,0,0,0,1,0,0,1
"POINT (11.031936220000034 49.415522952000060)",Unfall 212657 (2024) Kat:3, Licht: 0,212657,3,6,6,01,09,2,0,0,1,0,1,0,0,0
"POINT (11.016938628000048 49.451645996000082)",Unfall 212658 (2024) Kat:3, Licht: 2,212658,3,1,0,01,16,2,1,2,1,0,0,0,0,0
"POINT (11.083160523000060 49.447562623000067)",Unfall 212677 (2024) Kat:3, Licht: 2,212677,3,7,1,01,16,1,0,2,0,1,0,0,0,0
"POINT (11.095410491000052 49.456258661000049)",Unfall 212693 (2024) Kat:2, Licht: 2,212693,2,1,0,01,01,7,0,2,0,0,0,0,0,1
"POINT (11.090232921000052 49.446260789000064)",Unfall 212694 (2024) Kat:3, Licht: 2,212694,3,1,0,01,23,7,0,2,1,0,0,0,0,0
"POINT (11.027817774000027 49.467940085000066)",Unfall 212717 (2024) Kat:2, Licht: 0,212717,2,4,0,01,11,6,0,0,0,1,1,0,0,0
"POINT (11.011909745000025 49.532642962000068)",Unfall 212718 (2024) Kat:3, Licht: 0,212718,3,3,5,01,14,6,0,0,1,0,0,0,0,0
"POINT (11.109553103000053 49.458763158000068)",Unfall 212719 (2024) Kat:3, Licht: 0,212719,3,7,6,01,10,6,0,0,0,1,1,0,0,0
"POINT (11.042031111000028 49.419440071000054)",Unfall 212746 (2024) Kat:3, Licht: 2,212746,3,4,6,01,21,5,0,2,0,0,1,0,1,0
"POINT (11.009783942000070 49.456664445000058)",Unfall 212766 (2024) Kat:3, Licht: 2,212766,3,3,5,01,19,4,1,2,0,1,0,0,0,0
"POINT (11.051150938000035 49.437811827000075)",Unfall 212901 (2024) Kat:3, Licht: 0,212901,3,6,3,01,08,3,0,0,1,1,0,0,0,0
"POINT (11.055687086000034 49.443360800000050)",Unfall 213027 (2024) Kat:3, Licht: 1,213027,3,6,3,01,16,7,0,1,0,1,0,0,0,0
"POINT (11.073273376000031 49.445482519000052)",Unfall 213479 (2024) Kat:3, Licht: 0,213479,3,3,5,01,09,5,1,0,1,0,0,0,1,0
"POINT (11.086726771000031 49.452908548000039)",Unfall 213503 (2024) Kat:3, Licht: 2,213503,3,1,0,01,20,1,0,2,1,0,0,0,0,0
"POINT (11.102600060000043 49.438386013000070)",Unfall 213516 (2024) Kat:3, Licht: 0,213516,3,6,2,02,08,3,1,0,0,1,0,0,0,0
"POINT (11.084776280000028 49.449291858000038)",Unfall 213517 (2024) Kat:3, Licht: 0,213517,3,3,0,02,11,3,0,0,1,1,0,0,0,0
"POINT (11.067004368000028 49.406086759000061)",Unfall 213518 (2024) Kat:3, Licht: 0,213518,3,2,5,02,14,3,0,0,0,1,0,0,0,1
"POINT (11.092234069000028 49.461579852000057)",Unfall 213547 (2024) Kat:3, Licht: 0,213547,3,6,2,02,12,2,1,0,0,1,0,1,0,0
"POINT (11.038257609000027 49.458581216000027)",Unfall 213548 (2024) Kat:3, Licht: 0,213548,3,5,1,02,09,2,1,0,1,1,0,0,0,0
"POINT (11.132724231000054 49.426902777000066)",Unfall 213578 (2024) Kat:3, Licht: 2,213578,3,3,3,02,18,7,0,2,0,1,0,0,0,0
"POINT (11.071426307000024 49.449692636000066)",Unfall 213579 (2024) Kat:3, Licht: 2,213579,3,6,3,02,17,7,0,2,1,1,0,0,0,0
"POINT (11.094887952000022 49.462981355000068)",Unfall 213580 (2024) Kat:3, Licht: 0,213580,3,7,1,02,12,7,0,0,1,1,0,0,0,0
"POINT (11.027578197000025 49.475400250000064)",Unfall 213614 (2024) Kat:2, Licht: 2,213614,2,3,5,02,22,6,1,2,0,1,0,0,0,1
"POINT (11.091406084000027 49.436486600000080)",Unfall 213615 (2024) Kat:3, Licht: 2,213615,3,2,4,02,17,6,1,2,0,1,0,0,0,0
"POINT (11.090097692000029 49.441561873000069)",Unfall 213639 (2024) Kat:3, Licht: 0,213639,3,1,0,02,12,5,1,0,1,0,0,0,0,0
"POINT (11.096694888000059 49.436900142000070)",Unfall 213665 (2024) Kat:3, Licht: 2,213665,3,5,1,02,18,4,1,2,1,1,0,0,0,0
"POINT (11.064623456000049 49.440256929000043)",Unfall 213666 (2024) Kat:2, Licht: 2,213666,2,4,6,02,17,4,1,2,0,1,1,0,0,0
"POINT (11.068564675000061 49.447260582000069)",Unfall 213667 (2024) Kat:3, Licht: 0,213667,3,6,2,02,09,4,1,0,0,1,0,0,0,0
"POINT (11.093218815000057 49.443908919000080)",Unfall 213707 (2024) Kat:3, Licht: 0,213707,3,3,5,02,13,3,0,0,1,1,0,0,0,0
"POINT (11.008705773000031 49.445758231000070)",Unfall 213736 (2024) Kat:3, Licht: 1,213736,3,5,3,02,17,2,0,1,0,1,0,1,0,0
"POINT (11.104039390000025 49.460785410000028)",Unfall 213737 (2024) Kat:2, Licht: 0,213737,2,4,6,02,16,2,0,0,0,1,1,0,0,0
"POINT (11.057470257000034 49.446901161000028)",Unfall 213738 (2024) Kat:3, Licht: 0,213738,3,2,4,02,14,2,0,0,1,1,0,0,0,0
"POINT (11.117873224000050 49.424041433000070)",Unfall 213785 (2024) Kat:3, Licht: 0,213785,3,4,6,02,10,7,0,0,0,1,1,0,0,0
"POINT (11.052782780000030 49.461110802000064)",Unfall 213786 (2024) Kat:3, Licht: 0,213786,3,7,6,02,17,3,0,0,0,0,1,0,0,1
"POINT (11.124068671000032 49.442488100000048)",Unfall 213787 (2024) Kat:3, Licht: 2,213787,3,1,8,02,18,7,0,2,0,1,0,0,0,0
"POINT (11.067634328000054 49.448769950000042)",Unfall 213788 (2024) Kat:2, Licht: 0,213788,2,4,6,02,15,7,0,0,1,0,1,0,0,0
"POINT (11.095142057000032 49.443107522000048)",Unfall 213789 (2024) Kat:3, Licht: 0,213789,3,6,2,02,12,7,0,0,0,1,0,0,0,1
"POINT (11.072634519000076 49.463996370000075)",Unfall 213790 (2024) Kat:3, Licht: 2,213790,3,1,0,02,03,7,0,2,0,0,0,0,0,1
"POINT (11.075062723000030 49.449091698000075)",Unfall 213810 (2024) Kat:3, Licht: 2,213810,3,1,0,02,00,3,0,2,1,0,0,0,0,0
"POINT (11.064798377000045 49.410259649000068)",Unfall 213820 (2024) Kat:3, Licht: 0,213820,3,3,5,02,11,6,1,0,0,1,0,0,0,1
"POINT (11.044617727000059 49.442136308000045)",Unfall 213831 (2024) Kat:3, Licht: 0,213831,3,7,3,02,16,6,0,0,0,1,0,0,0,0
"POINT (11.099468229000024 49.450343450000048)",Unfall 213832 (2024) Kat:3, Licht: 2,213832,3,6,2,02,18,6,0,2,0,1,0,0,0,0
"POINT (11.096964429000025 49.466147369000055)",Unfall 213858 (2024) Kat:2, Licht: 2,213858,2,5,3,02,19,5,0,2,1,1,0,0,0,0
"POINT (11.056162547000042 49.450878537000051)",Unfall 213899 (2024) Kat:3, Licht: 0,213899,3,6,2,01,12,4,0,0,0,1,0,1,0,0
"POINT (11.006653813000071 49.444604678000076)",Unfall 213900 (2024) Kat:3, Licht: 1,213900,3,3,5,01,18,4,0,1,0,1,0,0,0,0
"POINT (11.093003310000029 49.435286097000073)",Unfall 213932 (2024) Kat:3, Licht: 2,213932,3,1,0,01,07,3,1,2,1,1,0,0,0,0
"POINT (11.053341575000047 49.462489440000070)",Unfall 213933 (2024) Kat:3, Licht: 2,213933,3,2,5,01,16,3,0,2,1,1,0,0,0,0
"POINT (11.123694419000060 49.470215695000036)",Unfall 213934 (2024) Kat:3, Licht: 0,213934,3,3,5,01,10,3,0,0,0,1,0,0,0,0
"POINT (11.066858388000071 49.458207928000036)",Unfall 213977 (2024) Kat:3, Licht: 0,213977,3,5,1,01,12,2,0,0,0,1,0,1,0,0
"POINT (11.039189198000031 49.382481293000069)",Unfall 213978 (2024) Kat:3, Licht: 0,213978,3,1,0,01,07,2,2,0,0,0,0,1,0,0
"POINT (11.046154305000073 49.431915180000033)",Unfall 213979 (2024) Kat:3, Licht: 0,213979,3,3,5,01,11,2,0,0,1,1,0,0,0,0
"POINT (11.101749751000057 49.500726046000068)",Unfall 214013 (2024) Kat:3, Licht: 2,214013,3,6,2,01,18,1,0,2,0,0,0,1,0,0
"POINT (11.086625759000071 49.442022325000039)",Unfall 214059 (2024) Kat:3, Licht: 0,214059,3,6,2,01,12,7,0,0,0,1,0,0,0,0
"POINT (11.045993580000072 49.442296395000028)",Unfall 214060 (2024) Kat:2, Licht: 0,214060,2,7,1,01,12,7,0,0,0,1,0,1,0,0
"POINT (11.176736905000041 49.405042281000078)",Unfall 214061 (2024) Kat:3, Licht: 0,214061,3,3,5,01,15,7,0,0,0,1,0,1,0,0
"POINT (11.084456405000026 49.435199050000051)",Unfall 214096 (2024) Kat:2, Licht: 0,214096,2,7,0,02,10,5,1,0,0,0,0,0,0,1
"POINT (11.083464894000031 49.440739936000057)",Unfall 214098 (2024) Kat:1, Licht: 0,214098,1,4,6,01,13,4,0,0,0,1,1,0,0,0
"POINT (11.039281128000027 49.454627852000044)",Unfall 214102 (2024) Kat:3, Licht: 0,214102,3,3,5,01,14,6,1,0,1,1,0,0,0,0
"POINT (11.052706568000076 49.444393430000048)",Unfall 214103 (2024) Kat:3, Licht: 0,214103,3,3,5,01,11,6,1,0,1,1,0,0,0,0
"POINT (11.075793666000038 49.442131483000026)",Unfall 214104 (2024) Kat:3, Licht: 2,214104,3,7,1,01,23,6,0,2,0,1,0,0,0,0
"POINT (11.046559161000062 49.426986042000067)",Unfall 214136 (2024) Kat:2, Licht: 2,214136,2,4,6,01,06,5,0,2,0,1,1,0,0,0
"POINT (11.084860510000055 49.422177144000045)",Unfall 214172 (2024) Kat:3, Licht: 0,214172,3,3,3,01,14,4,0,0,1,1,0,0,0,0
"POINT (11.066192200000046 49.458226623000030)",Unfall 214174 (2024) Kat:3, Licht: 0,214174,3,2,5,01,15,4,0,0,0,1,0,0,0,1
"POINT (11.084128117000034 49.439039148000063)",Unfall 214175 (2024) Kat:3, Licht: 0,214175,3,6,3,01,13,4,0,0,0,1,0,0,0,0
"POINT (11.080383107000046 49.446424007000076)",Unfall 214204 (2024) Kat:3, Licht: 1,214204,3,2,4,01,16,2,0,1,1,1,0,0,0,0
"POINT (11.053870087000064 49.406704301000048)",Unfall 214215 (2024) Kat:3, Licht: 1,214215,3,2,4,01,17,3,0,1,0,1,0,0,0,0
"POINT (11.088809470000058 49.440152391000026)",Unfall 214216 (2024) Kat:3, Licht: 2,214216,3,7,6,01,06,3,1,2,0,1,1,0,0,0
"POINT (11.089309080000021 49.457280057000048)",Unfall 214217 (2024) Kat:3, Licht: 0,214217,3,3,5,01,12,3,1,0,0,1,0,0,0,1
"POINT (11.067086356000061 49.438415887000076)",Unfall 214218 (2024) Kat:3, Licht: 0,214218,3,5,1,01,07,3,0,0,1,1,0,0,0,0
"POINT (11.066927363000048 49.431247970000072)",Unfall 214274 (2024) Kat:3, Licht: 0,214274,3,2,3,01,11,2,0,0,0,1,0,0,0,1
"POINT (11.089092499000060 49.442299911000077)",Unfall 214319 (2024) Kat:3, Licht: 2,214319,3,3,5,01,00,7,0,2,0,1,0,0,0,0
"POINT (11.063809727000034 49.448611624000080)",Unfall 214321 (2024) Kat:3, Licht: 2,214321,3,6,2,01,17,7,0,2,0,1,0,0,0,0
"POINT (11.050688180000066 49.461064136000061)",Unfall 214368 (2024) Kat:3, Licht: 0,214368,3,1,0,01,07,7,0,0,1,0,0,0,0,0