WKT,Name,OBJECTID,UKATEGORIE,UTYP1,UART,UMONAT,USTUNDE,UWOCHENTAG,STRZUSTAND,ULICHTVERH,ISTRAD,ISTPKW,ISTFUSS,ISTKRAD,ISTGKFZ,ISTSONSTIG
"POINT (11.076051954000036 49.434610372000066)",Unfall 214370 (2024) Kat:2, Licht: 2,214370,2,2,4,02,06,5,1,2,0,1,0,0,0,1
"POINT (11.056037548000063 49.445663190000062)",Unfall 214383 (2024) Kat:3, Licht: 2,214383,3,1,0,01,23,5,1,2,0,0,0,0,0,1
"POINT (11.079634839000050 49.458189855000057)",Unfall 214417 (2024) Kat:3, Licht: 2,214417,3,1,0,01,02,4,2,2,1,0,0,0,0,0
"POINT (11.086068709000074 49.470313487000055)",Unfall 214418 (2024) Kat:3, Licht: 2,214418,3,1,0,01,18,4,1,2,1,0,0,0,0,0
"POINT (11.104047227000024 49.469836002000079)",Unfall 214445 (2024) Kat:3, Licht: 0,214445,3,4,6,01,13,3,1,0,0,1,1,0,0,0
"POINT (11.103064964000055 49.458470585000043)",Unfall 214448 (2024) Kat:3, Licht: 2,214448,3,3,5,01,06,2,0,2,0,1,0,0,0,0
"POINT (11.055233176000058 49.452213713000049)",Unfall 214495 (2024) Kat:3, Licht: 0,214495,3,2,6,01,09,2,2,0,0,1,1,0,0,0
"POINT (11.044627155000057 49.491890439000031)",Unfall 214496 (2024) Kat:3, Licht: 1,214496,3,3,5,01,16,2,2,1,0,1,0,0,0,0
"POINT (11.080781851000040 49.435855506000053)",Unfall 214497 (2024) Kat:3, Licht: 0,214497,3,3,5,01,07,2,2,0,1,1,0,0,0,0
"POINT (11.135784437000041 49.403261735000058)",Unfall 214498 (2024) Kat:3, Licht: 2,214498,3,6,2,01,17,2,1,2,0,1,0,0,0,0
"POINT (11.052230852000037 49.433898173000046)",Unfall 214499 (2024) Kat:3, Licht: 1,214499,3,4,6,01,07,2,2,1,0,0,1,0,0,1
"POINT (11.093042893000074 49.461988344000076)",Unfall 214530 (2024) Kat:2, Licht: 2,214530,2,1,0,01,19,1,1,2,1,1,0,0,0,0
"POINT (11.075847103000058 49.441893344000050)",Unfall 214548 (2024) Kat:3, Licht: 0,214548,3,7,3,01,10,7,1,0,0,1,0,0,0,0
"POINT (11.053870087000064 49.406704301000048)",Unfall 214549 (2024) Kat:3, Licht: 2,214549,3,2,5,01,00,7,2,2,0,0,0,0,1,0
"POINT (11.088800722000030 49.457644237000068)",Unfall 214561 (2024) Kat:2, Licht: 2,214561,2,3,5,03,22,4,1,2,1,1,0,0,0,0
"POINT (11.076520271000049 49.439760677000038)",Unfall 214562 (2024) Kat:3, Licht: 0,214562,3,3,3,03,07,4,0,0,1,1,0,0,0,0
"POINT (11.084594208000055 49.439607968000075)",Unfall 214563 (2024) Kat:3, Licht: 0,214563,3,5,1,03,13,4,0,0,1,1,0,0,0,0
"POINT (11.059947117000036 49.459353699000076)",Unfall 214602 (2024) Kat:3, Licht: 0,214602,3,6,2,03,14,3,0,0,0,1,0,0,0,0
"POINT (11.069042575000026 49.467299858000047)",Unfall 214603 (2024) Kat:3, Licht: 0,214603,3,3,5,03,15,3,0,0,1,1,0,0,0,0
"POINT (11.066148136000038 49.452903528000036)",Unfall 214604 (2024) Kat:3, Licht: 0,214604,3,3,5,03,16,3,0,0,1,1,0,0,0,0
"POINT (11.052031578000026 49.441634147000059)",Unfall 214605 (2024) Kat:3, Licht: 0,214605,3,7,6,03,17,3,0,0,0,1,1,0,0,0
"POINT (11.097077712000043 49.437615545000028)",Unfall 214606 (2024) Kat:3, Licht: 0,214606,3,7,0,03,07,3,0,0,0,0,0,0,0,1
"POINT (11.032415596000021 49.433009755000057)",Unfall 214607 (2024) Kat:3, Licht: 2,214607,3,3,3,03,20,3,0,2,0,1,0,0,0,0
"POINT (11.032568834000074 49.459898262000081)",Unfall 214652 (2024) Kat:2, Licht: 0,214652,2,4,6,03,11,2,0,0,0,1,1,0,0,0
"POINT (11.069264106000048 49.452707834000080)",Unfall 214653 (2024) Kat:3, Licht: 0,214653,3,3,5,03,15,2,0,0,0,1,0,0,0,1
"POINT (11.041949989000045 49.470269087000077)",Unfall 214686 (2024) Kat:3, Licht: 2,214686,3,7,0,03,18,1,1,2,1,0,0,0,0,1
"POINT (11.079176408000023 49.440087524000035)",Unfall 214687 (2024) Kat:3, Licht: 0,214687,3,6,3,03,11,1,0,0,0,0,0,0,0,1
"POINT (11.085002208000049 49.440935160000038)",Unfall 214688 (2024) Kat:3, Licht: 0,214688,3,3,6,03,16,1,0,0,0,0,1,0,0,1
"POINT (11.090432763000024 49.438602475000039)",Unfall 214689 (2024) Kat:3, Licht: 0,214689,3,7,3,03,17,1,0,0,0,1,0,1,0,0
"POINT (11.119143402000077 49.411380016000066)",Unfall 214720 (2024) Kat:3, Licht: 0,214720,3,5,1,03,12,7,0,0,0,1,0,0,0,0
"POINT (11.104958508000038 49.467333370000063)",Unfall 214721 (2024) Kat:2, Licht: 1,214721,2,1,0,03,18,7,0,1,1,0,0,0,0,0
"POINT (11.054228533000071 49.444069583000044)",Unfall 214722 (2024) Kat:3, Licht: 2,214722,3,6,3,03,21,7,0,2,0,1,0,0,0,0
"POINT (11.071172171000057 49.456819000000053)",Unfall 214760 (2024) Kat:3, Licht: 0,214760,3,6,2,03,13,6,0,0,0,1,0,0,0,0
"POINT (11.042653676000043 49.420304570000042)",Unfall 214761 (2024) Kat:2, Licht: 0,214761,2,1,0,03,17,6,0,0,1,0,0,0,0,0
"POINT (11.086097511000048 49.439082583000072)",Unfall 214762 (2024) Kat:3, Licht: 0,214762,3,3,5,03,12,6,0,0,1,0,0,0,0,0
"POINT (11.068629570000041 49.425549161000049)",Unfall 214763 (2024) Kat:3, Licht: 0,214763,3,3,5,03,07,6,0,0,1,1,0,0,0,0
"POINT (11.136619245000077 49.398673090000045)",Unfall 214764 (2024) Kat:3, Licht: 0,214764,3,1,0,03,13,6,0,0,1,0,0,0,0,0
"POINT (11.101172741000028 49.474600789000078)",Unfall 214797 (2024) Kat:3, Licht: 0,214797,3,3,5,03,11,5,0,0,0,1,0,0,0,1
"POINT (11.016763986000058 49.455109310000068)",Unfall 214798 (2024) Kat:3, Licht: 0,214798,3,3,5,03,10,5,0,0,0,1,0,0,0,0
"POINT (11.102961938000021 49.438682648000054)",Unfall 214799 (2024) Kat:3, Licht: 2,214799,3,7,4,03,19,5,0,2,0,1,0,0,0,0
"POINT (11.069750992000024 49.454058726000028)",Unfall 214824 (2024) Kat:3, Licht: 0,214824,3,6,3,03,16,4,0,0,0,1,0,0,0,0
"POINT (11.080925905000072 49.443058419000067)",Unfall 214825 (2024) Kat:3, Licht: 0,214825,3,6,2,03,09,4,0,0,1,1,0,0,0,0
"POINT (11.095867844000054 49.462015666000070)",Unfall 214826 (2024) Kat:3, Licht: 0,214826,3,6,3,03,16,4,0,0,1,1,0,0,0,0
"POINT (11.079273452000052 49.437954661000049)",Unfall 214827 (2024) Kat:3, Licht: 0,214827,3,4,6,03,14,4,0,0,0,1,1,0,0,0
"POINT (11.066275854000025 49.473754298000074)",Unfall 214828 (2024) Kat:3, Licht: 0,214828,3,4,6,03,16,4,0,0,0,1,1,0,0,0
"POINT (11.086640438000074 49.441961403000050)",Unfall 214867 (2024) Kat:3, Licht: 2,214867,3,3,5,03,18,3,0,2,0,1,0,0,0,0
"POINT (11.088786087000074 49.441382717000067)",Unfall 214868 (2024) Kat:3, Licht: 2,214868,3,1,0,03,18,3,1,2,1,0,0,0,0,0
"POINT (11.049217669000029 49.408270698000081)",Unfall 214906 (2024) Kat:2, Licht: 0,214906,2,6,2,03,13,2,0,0,0,1,0,0,1,0
"POINT (11.040224451000029 49.427885176000075)",Unfall 214907 (2024) Kat:3, Licht: 1,214907,3,3,5,03,06,2,0,1,0,1,0,0,0,1
"POINT (11.017490284000075 49.456555729000058)",Unfall 214908 (2024) Kat:3, Licht: 0,214908,3,3,5,03,13,2,0,0,0,1,0,0,0,0
"POINT (11.070716115000039 49.428013145000079)",Unfall 214933 (2024) Kat:3, Licht: 0,214933,3,3,0,03,16,1,0,0,0,1,0,1,0,0
"POINT (11.089833944000077 49.405839427000046)",Unfall 214935 (2024) Kat:3, Licht: 0,214935,3,5,0,03,14,1,0,0,1,1,0,0,0,0
"POINT (11.059972246000029 49.350380373000064)",Unfall 214936 (2024) Kat:3, Licht: 0,214936,3,1,0,03,12,1,0,0,0,0,0,1,0,0
"POINT (11.082189961000040 49.463317315000040)",Unfall 214986 (2024) Kat:3, Licht: 1,214986,3,3,5,03,19,7,0,1,0,1,0,0,0,0
"POINT (11.066969495000023 49.431279274000076)",Unfall 214987 (2024) Kat:3, Licht: 2,214987,3,3,5,03,19,7,0,2,0,1,0,0,0,1
"POINT (11.082369926000069 49.460950256000046)",Unfall 214988 (2024) Kat:2, Licht: 0,214988,2,3,5,03,17,7,0,0,1,1,0,0,0,0
"POINT (11.131339749000063 49.404645869000035)",Unfall 214989 (2024) Kat:3, Licht: 0,214989,3,3,5,03,16,7,0,0,0,1,0,0,0,0
"POINT (11.089293443000031 49.445992331000070)",Unfall 214990 (2024) Kat:2, Licht: 0,214990,2,6,6,03,12,7,0,0,1,0,1,0,0,0
"POINT (11.144215428000052 49.397380151000050)",Unfall 214991 (2024) Kat:3, Licht: 0,214991,3,1,0,03,16,7,0,0,1,0,0,0,0,0
"POINT (11.071201542000040 49.475563228000055)",Unfall 214992 (2024) Kat:3, Licht: 0,214992,3,3,5,03,16,7,0,0,1,1,0,0,0,0
"POINT (11.072035476000053 49.461622992000059)",Unfall 215027 (2024) Kat:3, Licht: 0,215027,3,7,0,03,11,6,0,0,0,1,0,1,0,0
"POINT (11.096588821000068 49.440404150000063)",Unfall 215028 (2024) Kat:3, Licht: 0,215028,3,3,4,03,13,6,0,0,1,0,0,0,0,1
"POINT (11.160136590000036 49.405279126000039)",Unfall 215029 (2024) Kat:3, Licht: 0,215029,3,6,2,03,15,6,0,0,0,1,0,0,0,0
"POINT (11.031415414000037 49.422299598000052)",Unfall 215030 (2024) Kat:3, Licht: 0,215030,3,1,0,03,08,6,0,0,1,0,0,0,0,0
"POINT (11.106159997000077 49.445776637000051)",Unfall 215058 (2024) Kat:3, Licht: 0,215058,3,2,5,02,07,5,0,0,1,1,0,0,0,0
"POINT (11.055186732000038 49.354301253000074)",Unfall 215092 (2024) Kat:3, Licht: 0,215092,3,4,6,02,16,4,0,0,0,1,1,0,0,0
"POINT (11.031445808000058 49.468834240000035)",Unfall 215094 (2024) Kat:3, Licht: 1,215094,3,3,5,02,17,4,0,1,1,1,0,0,0,0
"POINT (11.071839722000050 49.428047397000057)",Unfall 215095 (2024) Kat:3, Licht: 0,215095,3,3,5,02,16,4,0,0,0,1,0,0,0,0
"POINT (11.050579664000054 49.365085350000072)",Unfall 215096 (2024) Kat:3, Licht: 0,215096,3,6,0,02,12,4,0,0,1,0,0,0,0,1
"POINT (11.095392571000048 49.458591212000044)",Unfall 215134 (2024) Kat:3, Licht: 0,215134,3,7,0,02,15,3,0,0,0,0,1,0,0,1
"POINT (11.010934040000052 49.528264624000030)",Unfall 215135 (2024) Kat:3, Licht: 0,215135,3,6,6,02,14,3,0,0,0,1,1,0,0,0
"POINT (11.071229847000041 49.463114121000046)",Unfall 215162 (2024) Kat:3, Licht: 0,215162,3,3,5,02,10,2,0,0,1,0,0,0,0,1
"POINT (11.071393177000061 49.456760310000050)",Unfall 215163 (2024) Kat:3, Licht: 0,215163,3,6,3,02,16,2,0,0,1,0,0,0,0,0
"POINT (11.058191155000031 49.450029477000044)",Unfall 215192 (2024) Kat:2, Licht: 0,215192,2,4,6,03,07,4,0,0,0,1,1,0,0,0
"POINT (11.104821263000076 49.486013628000080)",Unfall 215196 (2024) Kat:3, Licht: 0,215196,3,7,0,02,15,1,0,0,0,1,0,1,0,0
"POINT (11.082626908000066 49.450019176000069)",Unfall 215205 (2024) Kat:3, Licht: 0,215205,3,3,0,03,16,3,0,0,1,1,0,0,0,0
"POINT (11.108026384000027 49.500099673000079)",Unfall 215221 (2024) Kat:2, Licht: 2,215221,2,7,1,02,03,7,0,2,1,1,0,0,0,0
"POINT (11.070203078000077 49.460870606000071)",Unfall 215253 (2024) Kat:3, Licht: 0,215253,3,3,5,02,14,6,0,0,1,1,0,0,0,0
"POINT (11.103689704000033 49.472809372000029)",Unfall 215254 (2024) Kat:3, Licht: 2,215254,3,4,6,02,19,6,0,2,0,1,1,0,0,0
"POINT (11.045173443000067 49.454414361000033)",Unfall 215255 (2024) Kat:3, Licht: 2,215255,3,3,4,02,18,6,0,2,0,1,0,1,0,0
"POINT (11.068946009000058 49.439348241000062)",Unfall 215307 (2024) Kat:3, Licht: 0,215307,3,3,5,02,07,5,1,0,0,1,0,0,0,0
"POINT (11.090266845000031 49.440161892000049)",Unfall 215308 (2024) Kat:3, Licht: 0,215308,3,7,1,02,10,5,0,0,1,1,0,0,0,0
"POINT (11.136028857000042 49.400005785000076)",Unfall 215358 (2024) Kat:3, Licht: 0,215358,3,6,2,02,13,4,0,0,0,1,0,0,0,0
"POINT (11.072431355000049 49.460729610000044)",Unfall 215359 (2024) Kat:3, Licht: 0,215359,3,4,6,02,10,4,0,0,0,1,1,0,0,0
"POINT (11.048267911000039 49.346029817000044)",Unfall 215397 (2024) Kat:2, Licht: 2,215397,2,2,5,02,22,3,0,2,1,1,0,0,0,0
"POINT (11.083073144000025 49.455885827000031)",Unfall 215403 (2024) Kat:3, Licht: 0,215403,3,7,1,02,12,3,0,0,0,1,0,0,0,0
"POINT (11.057086685000058 49.442255152000030)",Unfall 215404 (2024) Kat:3, Licht: 2,215404,3,3,0,02,19,3,0,2,1,0,0,0,0,0
"POINT (11.167846208000071 49.409753888000068)",Unfall 215405 (2024) Kat:3, Licht: 0,215405,3,6,2,02,13,3,0,0,0,1,0,0,0,1
"POINT (11.127711959000067 49.462857445000054)",Unfall 215449 (2024) Kat:3, Licht: 0,215449,3,1,0,02,08,2,0,0,0,0,0,0,0,1
"POINT (11.092433145000030 49.435744692000071)",Unfall 215450 (2024) Kat:3, Licht: 0,215450,3,6,3,02,16,2,0,0,0,1,0,0,0,1
"POINT (11.032533214000068 49.518971995000072)",Unfall 215451 (2024) Kat:3, Licht: 0,215451,3,3,5,02,08,2,0,0,1,1,0,0,0,0
"POINT (11.008953404000067 49.454244539000058)",Unfall 215452 (2024) Kat:3, Licht: 0,215452,3,2,5,02,13,2,1,0,0,1,0,0,0,1
"POINT (11.105409042000076 49.403496628000028)",Unfall 215513 (2024) Kat:3, Licht: 2,215513,3,7,6,02,22,7,0,2,0,0,1,1,0,0
"POINT (11.065316921000033 49.443142368000053)",Unfall 215514 (2024) Kat:3, Licht: 0,215514,3,1,0,02,14,7,0,0,0,0,0,1,0,0
"POINT (11.107905585000026 49.472855960000061)",Unfall 215516 (2024) Kat:3, Licht: 0,215516,3,3,5,02,08,7,0,0,0,1,0,0,0,0
"POINT (11.093676368000047 49.462579517000052)",Unfall 215517 (2024) Kat:3, Licht: 2,215517,3,6,2,02,19,7,0,2,0,1,0,0,0,0
"POINT (11.037984048000055 49.382661676000055)",Unfall 215549 (2024) Kat:3, Licht: 0,215549,3,6,2,02,12,6,0,0,0,1,0,0,0,1
"POINT (11.006882066000060 49.444752748000042)",Unfall 215550 (2024) Kat:3, Licht: 1,215550,3,7,0,02,18,6,0,1,0,1,0,0,0,1
"POINT (11.062685172000045 49.405674959000066)",Unfall 215597 (2024) Kat:3, Licht: 0,215597,3,7,0,02,12,5,0,0,0,1,0,0,1,0
"POINT (11.078479212000047 49.455651554000042)",Unfall 215598 (2024) Kat:3, Licht: 0,215598,3,3,5,02,09,5,0,0,1,1,0,0,0,0
"POINT (11.080513442000040 49.447283703000039)",Unfall 215599 (2024) Kat:3, Licht: 0,215599,3,1,0,02,13,5,0,0,1,0,0,0,0,0
"POINT (11.067420178000077 49.445071581000036)",Unfall 215623 (2024) Kat:3, Licht: 0,215623,3,6,2,02,13,4,0,0,0,1,0,0,0,0
"POINT (11.065244577000044 49.429258401000027)",Unfall 215624 (2024) Kat:2, Licht: 2,215624,2,3,5,02,19,4,1,2,0,1,0,0,0,1
"POINT (11.085468135000042 49.451872771000069)",Unfall 215625 (2024) Kat:3, Licht: 0,215625,3,6,2,02,07,4,0,0,0,1,0,0,1,0
"POINT (11.065523816000052 49.447489183000073)",Unfall 215626 (2024) Kat:3, Licht: 0,215626,3,6,2,02,10,4,0,0,0,1,0,0,0,0
"POINT (11.076074308000045 49.434482349000064)",Unfall 215693 (2024) Kat:3, Licht: 2,215693,3,2,5,04,05,5,1,2,0,1,0,0,0,0
"POINT (11.072148686000048 49.447076493000054)",Unfall 215728 (2024) Kat:3, Licht: 0,215728,3,6,2,04,18,4,0,0,0,1,0,0,0,0
"POINT (11.067259846000070 49.405994596000028)",Unfall 215729 (2024) Kat:3, Licht: 0,215729,3,6,5,04,14,4,0,0,0,1,0,0,1,0
"POINT (11.062683461000063 49.405664035000029)",Unfall 215730 (2024) Kat:3, Licht: 0,215730,3,2,4,04,11,4,0,0,0,1,0,0,0,0
"POINT (11.077412766000066 49.446660880000081)",Unfall 215768 (2024) Kat:3, Licht: 1,215768,3,6,2,04,19,3,0,1,0,1,0,0,0,0
"POINT (11.084374352000054 49.451282103000040)",Unfall 215769 (2024) Kat:3, Licht: 0,215769,3,3,5,04,11,3,1,0,0,1,0,0,0,1
"POINT (11.066569510000022 49.484589712000059)",Unfall 215770 (2024) Kat:2, Licht: 0,215770,2,1,9,04,11,3,0,0,0,1,0,0,0,0
"POINT (11.021267220000027 49.423217914000077)",Unfall 215802 (2024) Kat:3, Licht: 2,215802,3,3,5,04,21,2,0,2,0,1,0,0,0,1
"POINT (11.073185586000022 49.441205288000049)",Unfall 215803 (2024) Kat:3, Licht: 0,215803,3,3,5,04,16,2,0,0,0,1,0,0,0,0
"POINT (11.084810263000065 49.437776415000030)",Unfall 215804 (2024) Kat:3, Licht: 2,215804,3,3,6,04,22,2,0,2,0,0,1,0,0,1
"POINT (11.113159635000045 49.404165750000061)",Unfall 215820 (2024) Kat:3, Licht: 2,215820,3,1,0,03,00,1,0,2,1,0,0,0,0,0
"POINT (11.086331065000024 49.464315010000064)",Unfall 215821 (2024) Kat:3, Licht: 0,215821,3,7,0,03,09,1,0,0,0,0,0,0,0,1
"POINT (11.135174337000024 49.454120519000071)",Unfall 215822 (2024) Kat:3, Licht: 0,215822,3,1,0,03,16,1,0,0,1,0,0,0,0,0
"POINT (11.054631194000024 49.469846376000078)",Unfall 215823 (2024) Kat:1, Licht: 0,215823,1,1,0,03,18,1,0,0,1,0,0,0,0,0
"POINT (11.122269748000065 49.432163857000035)",Unfall 215903 (2024) Kat:2, Licht: 2,215903,2,6,2,03,22,6,0,2,0,0,0,1,0,0
"POINT (11.060099146000027 49.451898098000072)",Unfall 215904 (2024) Kat:3, Licht: 0,215904,3,1,0,03,15,6,0,0,1,0,0,0,0,0
"POINT (11.124963978000039 49.409918681000079)",Unfall 215946 (2024) Kat:3, Licht: 0,215946,3,3,5,03,08,5,0,0,0,1,0,0,0,0
"POINT (11.067299510000055 49.439500765000048)",Unfall 215948 (2024) Kat:3, Licht: 0,215948,3,2,3,03,17,5,0,0,0,1,0,1,0,0
"POINT (11.049409817000026 49.441235796000058)",Unfall 215984 (2024) Kat:3, Licht: 0,215984,3,6,1,03,09,4,0,0,1,1,0,0,0,0
"POINT (11.084505221000029 49.470781784000053)",Unfall 215985 (2024) Kat:3, Licht: 0,215985,3,3,5,03,12,4,0,0,1,1,0,0,0,0
"POINT (11.092589126000064 49.461661391000064)",Unfall 216037 (2024) Kat:3, Licht: 0,216037,3,3,5,03,17,3,0,0,0,1,0,0,0,0
"POINT (11.064839753000058 49.460848043000055)",Unfall 216130 (2024) Kat:3, Licht: 0,216130,3,6,3,03,09,5,0,0,1,1,0,0,0,0
"POINT (11.067985993000036 49.441115950000039)",Unfall 216144 (2024) Kat:2, Licht: 2,216144,2,2,4,03,23,7,0,2,0,1,0,1,0,0
"POINT (11.070227745000068 49.456865776000029)",Unfall 216145 (2024) Kat:3, Licht: 0,216145,3,6,3,03,16,7,1,0,1,1,0,0,0,0
"POINT (11.086328834000028 49.429934088000039)",Unfall 216146 (2024) Kat:3, Licht: 2,216146,3,1,9,03,23,7,0,2,0,1,0,0,0,0
"POINT (11.065788310000073 49.449615383000037)",Unfall 216181 (2024) Kat:3, Licht: 0,216181,3,6,2,03,18,6,0,0,0,1,0,0,0,0
"POINT (11.083978669000032 49.440721578000080)",Unfall 216182 (2024) Kat:3, Licht: 0,216182,3,7,5,03,12,6,0,0,0,1,0,1,0,0
"POINT (11.129476231000069 49.459617758000036)",Unfall 216231 (2024) Kat:3, Licht: 2,216231,3,5,1,03,03,5,0,2,0,1,0,0,0,1
"POINT (11.086570087000041 49.428749619000030)",Unfall 216232 (2024) Kat:3, Licht: 0,216232,3,3,5,03,14,5,1,0,0,1,0,0,0,0
"POINT (11.085162502000060 49.451464145000045)",Unfall 216233 (2024) Kat:3, Licht: 0,216233,3,3,5,03,14,5,1,0,1,1,0,0,0,0
"POINT (11.118517208000071 49.414601125000047)",Unfall 216234 (2024) Kat:2, Licht: 0,216234,2,2,4,03,18,5,0,0,0,1,0,0,0,0
"POINT (11.134786518000055 49.422035509000068)",Unfall 216235 (2024) Kat:3, Licht: 1,216235,3,3,5,03,17,5,1,1,0,1,0,0,0,0
"POINT (11.063506002000054 49.461398665000047)",Unfall 216236 (2024) Kat:2, Licht: 1,216236,2,4,6,03,18,5,1,1,0,1,1,0,0,0
"POINT (11.063084519000029 49.457274106000057)",Unfall 216287 (2024) Kat:3, Licht: 0,216287,3,1,0,03,08,4,0,0,1,0,0,0,0,0
"POINT (11.091745918000072 49.460712600000079)",Unfall 216288 (2024) Kat:2, Licht: 0,216288,2,4,6,03,15,4,0,0,0,1,1,0,0,0
"POINT (11.124007249000044 49.442420730000038)",Unfall 216289 (2024) Kat:3, Licht: 0,216289,3,7,0,03,12,4,0,0,0,0,0,0,0,1
"POINT (11.078149203000066 49.413119338000058)",Unfall 216290 (2024) Kat:3, Licht: 2,216290,3,3,5,03,05,4,0,2,0,1,0,1,0,0
"POINT (11.057425405000060 49.450235608000071)",Unfall 216352 (2024) Kat:3, Licht: 0,216352,3,6,4,03,10,3,0,0,1,0,0,0,0,1
"POINT (11.098291522000068 49.444886515000064)",Unfall 216353 (2024) Kat:3, Licht: 0,216353,3,7,0,03,11,3,0,0,1,0,0,0,0,0
"POINT (11.074391136000031 49.434064415000080)",Unfall 216354 (2024) Kat:3, Licht: 2,216354,3,2,5,03,18,3,0,2,1,1,0,0,0,0
"POINT (11.087407497000072 49.440074244000073)",Unfall 216355 (2024) Kat:3, Licht: 0,216355,3,3,5,03,10,3,0,0,1,1,0,0,0,0
"POINT (11.054238685000030 49.460026961000040)",Unfall 216357 (2024) Kat:3, Licht: 0,216357,3,4,6,03,16,3,0,0,1,0,1,0,0,0
"POINT (11.094413470000063 49.462786065000046)",Unfall 216358 (2024) Kat:3, Licht: 2,216358,3,5,1,03,23,3,0,2,0,1,0,0,0,1
"POINT (11.084829787000047 49.484543770000073)",Unfall 216413 (2024) Kat:3, Licht: 0,216413,3,6,2,03,16,2,0,0,0,1,0,0,0,0
"POINT (11.104767645000038 49.486025667000035)",Unfall 216414 (2024) Kat:2, Licht: 0,216414,2,3,5,03,13,2,0,0,0,1,0,0,0,1
"POINT (11.153631986000050 49.466050096000060)",Unfall 216448 (2024) Kat:2, Licht: 0,216448,2,1,0,03,15,1,0,0,1,0,0,0,0,0
"POINT (11.065897793000033 49.447567194000044)",Unfall 216449 (2024) Kat:3, Licht: 2,216449,3,6,2,03,20,1,0,2,1,1,0,0,0,0
"POINT (11.022319711000023 49.460975690000055)",Unfall 216492 (2024) Kat:3, Licht: 0,216492,3,6,3,03,14,7,1,0,0,1,0,0,0,0
"POINT (11.091488653000056 49.446367929000075)",Unfall 216493 (2024) Kat:3, Licht: 2,216493,3,6,6,03,20,7,0,2,0,0,1,0,0,1
"POINT (11.118006773000047 49.435989425000059)",Unfall 216494 (2024) Kat:3, Licht: 0,216494,3,6,0,03,12,7,1,0,0,1,0,1,0,0
"POINT (11.017293080000059 49.453614901000037)",Unfall 216495 (2024) Kat:2, Licht: 0,216495,2,6,1,03,12,7,1,0,0,1,0,0,0,1
"POINT (11.051231295000036 49.438260596000077)",Unfall 216496 (2024) Kat:3, Licht: 0,216496,3,4,6,03,14,7,1,0,0,1,1,0,0,0
"POINT (11.150774914000067 49.400759925000045)",Unfall 216497 (2024) Kat:3, Licht: 0,216497,3,3,5,03,09,7,0,0,1,1,0,0,0,0
"POINT (11.040649161000033 49.435650383000052)",Unfall 216540 (2024) Kat:2, Licht: 2,216540,2,1,0,03,20,7,0,2,1,0,0,0,0,0
"POINT (11.108670193000023 49.477499313000067)",Unfall 216546 (2024) Kat:3, Licht: 2,216546,3,1,0,03,18,7,0,2,1,0,0,0,0,0
"POINT (11.053515205000053 49.462417619000064)",Unfall 216550 (2024) Kat:3, Licht: 0,216550,3,1,0,03,16,6,0,0,0,0,0,1,0,0
"POINT (11.152591042000040 49.464430935000053)",Unfall 216551 (2024) Kat:3, Licht: 0,216551,3,3,5,03,09,6,0,0,0,1,0,0,0,0
"POINT (11.107461079000075 49.446362418000035)",Unfall 216552 (2024) Kat:3, Licht: 2,216552,3,1,0,03,20,6,0,2,1,0,0,0,0,0
"POINT (11.049573726000062 49.452872760000048)",Unfall 216553 (2024) Kat:2, Licht: 1,216553,2,2,4,03,18,6,0,1,0,1,0,1,0,0
"POINT (11.019076370000050 49.470977973000061)",Unfall 216554 (2024) Kat:3, Licht: 0,216554,3,6,3,03,07,6,0,0,0,1,0,1,0,0
"POINT (11.112216672000045 49.404820225000037)",Unfall 216555 (2024) Kat:2, Licht: 0,216555,2,1,0,03,16,6,0,0,1,0,0,0,0,0
"POINT (11.072523383000032 49.453404652000074)",Unfall 216556 (2024) Kat:3, Licht: 0,216556,3,1,0,03,14,6,0,0,1,0,0,0,0,0
"POINT (11.088779516000045 49.440163248000033)",Unfall 216557 (2024) Kat:3, Licht: 0,216557,3,3,5,03,12,6,0,0,0,1,0,0,0,1
"POINT (11.059082720000049 49.459869722000064)",Unfall 216558 (2024) Kat:2, Licht: 0,216558,2,1,0,03,11,6,0,0,1,0,0,0,0,0
"POINT (11.069712349000042 49.407289570000046)",Unfall 216575 (2024) Kat:3, Licht: 2,216575,3,6,4,03,19,4,0,2,1,0,0,0,0,0
"POINT (11.087872741000069 49.436648360000049)",Unfall 216581 (2024) Kat:3, Licht: 0,216581,3,6,2,03,15,1,0,0,1,1,0,0,0,0
"POINT (11.011749139000074 49.448388642000054)",Unfall 216611 (2024) Kat:3, Licht: 0,216611,3,3,5,03,12,4,0,0,0,1,0,1,0,0
"POINT (11.082891984000071 49.449881621000031)",Unfall 216618 (2024) Kat:3, Licht: 0,216618,3,6,4,03,18,5,0,0,1,0,0,1,0,0
"POINT (11.021731965000072 49.460221904000036)",Unfall 216620 (2024) Kat:3, Licht: 0,216620,3,2,5,03,08,5,0,0,0,1,0,0,0,0
"POINT (11.075802165000027 49.443063035000080)",Unfall 216621 (2024) Kat:2, Licht: 0,216621,2,3,5,03,13,5,0,0,0,1,0,0,0,1
"POINT (11.090858092000076 49.448734135000052)",Unfall 216622 (2024) Kat:3, Licht: 0,216622,3,4,6,03,08,5,0,0,0,1,1,0,0,0