WKT,Name,OBJECTID,UKATEGORIE,UTYP1,UART,UMONAT,USTUNDE,UWOCHENTAG,STRZUSTAND,ULICHTVERH,ISTRAD,ISTPKW,ISTFUSS,ISTKRAD,ISTGKFZ,ISTSONSTIG
"POINT (11.169977789000029 49.469499410000026)",Unfall 219690 (2024) Kat:3, Licht: 0,219690,3,1,0,05,15,6,0,0,1,0,0,0,0,0
"POINT (11.038122199000043 49.440716224000028)",Unfall 219693 (2024) Kat:3, Licht: 0,219693,3,3,5,05,16,6,0,0,0,1,0,0,0,1
"POINT (11.178552754000066 49.424236141000051)",Unfall 219779 (2024) Kat:3, Licht: 0,219779,3,7,8,05,14,5,0,0,1,0,0,0,0,0
"POINT (11.075386366000032 49.435981393000077)",Unfall 219781 (2024) Kat:3, Licht: 2,219781,3,1,1,05,02,5,0,2,0,1,0,0,0,1
"POINT (11.065887781000072 49.448924393000027)",Unfall 219782 (2024) Kat:3, Licht: 2,219782,3,7,0,05,21,5,0,2,0,0,0,1,0,0
"POINT (11.102007004000029 49.432516677000081)",Unfall 219828 (2024) Kat:3, Licht: 2,219828,3,5,1,06,22,7,0,2,0,1,0,0,0,1
"POINT (11.054678170000045 49.448149779000062)",Unfall 219829 (2024) Kat:3, Licht: 0,219829,3,1,0,06,19,7,0,0,0,0,0,1,0,0
"POINT (11.118453938000073 49.444388130000050)",Unfall 219830 (2024) Kat:3, Licht: 2,219830,3,1,0,06,02,7,0,2,1,0,0,0,0,0
"POINT (11.068269234000070 49.452978086000030)",Unfall 219831 (2024) Kat:2, Licht: 0,219831,2,7,0,06,07,7,0,0,0,0,0,0,0,1
"POINT (11.089980085000036 49.441544226000076)",Unfall 219832 (2024) Kat:3, Licht: 0,219832,3,6,4,06,20,7,0,0,0,0,0,0,0,1
"POINT (11.019202035000035 49.431482939000034)",Unfall 219900 (2024) Kat:3, Licht: 0,219900,3,3,5,06,16,6,0,0,0,1,0,0,0,1
"POINT (11.039675304000070 49.512163851000025)",Unfall 219901 (2024) Kat:3, Licht: 0,219901,3,3,5,06,17,6,0,0,0,1,0,0,0,0
"POINT (11.075257261000047 49.436253453000063)",Unfall 219902 (2024) Kat:3, Licht: 2,219902,3,6,2,06,23,6,0,2,0,1,0,0,0,0
"POINT (11.063221552000073 49.425300172000050)",Unfall 219982 (2024) Kat:3, Licht: 0,219982,3,6,4,06,17,5,0,0,1,1,0,0,0,0
"POINT (11.021256241000060 49.423230769000043)",Unfall 219983 (2024) Kat:3, Licht: 0,219983,3,3,5,06,13,5,0,0,0,1,0,1,0,0
"POINT (11.080329102000064 49.450561607000054)",Unfall 219984 (2024) Kat:3, Licht: 2,219984,3,7,0,06,22,5,0,2,0,0,0,0,0,1
"POINT (11.091114459000039 49.455823429000077)",Unfall 219985 (2024) Kat:3, Licht: 0,219985,3,3,6,06,07,5,0,0,0,0,1,0,0,1
"POINT (11.110482779000051 49.468640607000054)",Unfall 219986 (2024) Kat:3, Licht: 0,219986,3,7,0,06,17,5,0,0,0,1,0,0,0,0
"POINT (11.111535555000046 49.439041378000070)",Unfall 219987 (2024) Kat:3, Licht: 0,219987,3,3,5,06,15,5,0,0,1,1,0,0,0,0
"POINT (11.014946391000024 49.452414799000053)",Unfall 220047 (2024) Kat:3, Licht: 1,220047,3,6,3,06,03,4,0,1,0,1,0,1,0,0
"POINT (11.127085272000045 49.430193760000066)",Unfall 220049 (2024) Kat:3, Licht: 0,220049,3,7,6,06,14,4,0,0,0,1,1,0,0,0
"POINT (11.082738913000071 49.447124777000056)",Unfall 220050 (2024) Kat:3, Licht: 0,220050,3,2,3,06,17,4,0,0,0,1,0,0,0,1
"POINT (11.010247557000071 49.454036548000033)",Unfall 220051 (2024) Kat:2, Licht: 2,220051,2,1,0,06,22,4,0,2,0,0,0,0,0,1
"POINT (11.083349881000061 49.436402500000042)",Unfall 220052 (2024) Kat:3, Licht: 0,220052,3,2,5,06,16,4,0,0,1,1,0,0,0,0
"POINT (11.034463127000038 49.386578468000039)",Unfall 220109 (2024) Kat:3, Licht: 0,220109,3,3,5,06,18,3,0,0,0,1,0,0,0,0
"POINT (11.009735844000033 49.456680055000049)",Unfall 220110 (2024) Kat:3, Licht: 0,220110,3,2,5,06,16,3,0,0,0,1,0,0,0,0
"POINT (11.066954803000044 49.451133713000047)",Unfall 220111 (2024) Kat:3, Licht: 0,220111,3,6,4,06,15,3,0,0,1,0,0,0,0,0
"POINT (11.085929959000055 49.447707592000029)",Unfall 220112 (2024) Kat:3, Licht: 0,220112,3,5,1,06,11,3,0,0,1,1,0,0,0,0
"POINT (11.045990809000045 49.458090768000034)",Unfall 220113 (2024) Kat:3, Licht: 0,220113,3,3,4,06,20,3,0,0,0,1,0,0,0,1
"POINT (11.082216311000025 49.463317351000057)",Unfall 220169 (2024) Kat:3, Licht: 0,220169,3,3,5,06,07,2,0,0,1,1,0,0,0,0
"POINT (11.074119965000023 49.446848091000049)",Unfall 220170 (2024) Kat:3, Licht: 0,220170,3,5,1,06,08,2,0,0,1,1,0,0,0,0
"POINT (11.039989687000059 49.436963097000046)",Unfall 220171 (2024) Kat:3, Licht: 0,220171,3,3,5,06,06,2,0,0,0,1,0,0,0,0
"POINT (11.043697098000052 49.400871704000053)",Unfall 220172 (2024) Kat:3, Licht: 0,220172,3,1,0,06,20,2,0,0,1,0,0,0,0,0
"POINT (11.054623176000064 49.447891779000031)",Unfall 220230 (2024) Kat:3, Licht: 0,220230,3,1,0,06,19,7,0,0,1,0,0,0,0,0
"POINT (11.087132527000051 49.443566134000037)",Unfall 220231 (2024) Kat:3, Licht: 0,220231,3,5,0,06,15,7,1,0,1,1,0,0,0,0
"POINT (11.069780576000028 49.465365792000057)",Unfall 220232 (2024) Kat:3, Licht: 0,220232,3,1,0,06,15,7,1,0,1,0,0,0,0,0
"POINT (11.083193910000034 49.440612369000064)",Unfall 220233 (2024) Kat:3, Licht: 0,220233,3,6,2,06,17,7,1,0,0,1,0,0,0,1
"POINT (11.076201652000066 49.411876247000066)",Unfall 220265 (2024) Kat:3, Licht: 0,220265,3,7,0,05,07,6,1,0,0,0,0,0,0,1
"POINT (11.163932698000053 49.463570822000065)",Unfall 220266 (2024) Kat:3, Licht: 0,220266,3,7,3,05,11,6,1,0,1,1,0,0,0,0
"POINT (11.095652824000069 49.443106204000060)",Unfall 220267 (2024) Kat:3, Licht: 0,220267,3,1,0,05,19,6,1,0,0,0,0,1,0,0
"POINT (11.057282918000055 49.349255557000049)",Unfall 220271 (2024) Kat:3, Licht: 0,220271,3,6,1,06,07,4,0,0,0,0,0,1,0,1
"POINT (11.104904552000050 49.472556054000052)",Unfall 220341 (2024) Kat:3, Licht: 0,220341,3,1,0,05,18,4,0,0,0,0,0,1,0,0
"POINT (11.046753869000042 49.452160038000045)",Unfall 220342 (2024) Kat:3, Licht: 0,220342,3,3,5,05,13,4,0,0,1,0,0,0,0,0
"POINT (11.009030517000042 49.454183054000055)",Unfall 220343 (2024) Kat:3, Licht: 1,220343,3,2,5,05,20,4,0,1,0,1,0,0,0,0
"POINT (11.105042517000072 49.485199132000048)",Unfall 220344 (2024) Kat:3, Licht: 0,220344,3,3,5,05,13,4,0,0,1,1,0,0,0,0
"POINT (11.031071194000049 49.389838367000038)",Unfall 220345 (2024) Kat:3, Licht: 0,220345,3,1,0,05,19,4,0,0,1,0,0,0,0,0
"POINT (11.073728272000039 49.458745410000063)",Unfall 220346 (2024) Kat:3, Licht: 0,220346,3,6,3,05,12,4,0,0,0,1,0,0,1,0
"POINT (11.069180401000040 49.452667512000062)",Unfall 220392 (2024) Kat:2, Licht: 0,220392,2,7,0,05,11,3,0,0,0,1,0,0,0,1
"POINT (11.065532590000032 49.456869145000041)",Unfall 220394 (2024) Kat:3, Licht: 0,220394,3,1,0,05,15,3,0,0,1,0,0,0,0,0
"POINT (11.066844281000044 49.461627390000046)",Unfall 220395 (2024) Kat:3, Licht: 2,220395,3,7,0,05,22,3,0,2,1,0,0,0,0,0
"POINT (11.163877847000037 49.461478276000037)",Unfall 220396 (2024) Kat:3, Licht: 0,220396,3,7,0,05,15,3,0,0,1,0,0,0,0,0
"POINT (11.102156232000027 49.437012430000038)",Unfall 220397 (2024) Kat:3, Licht: 0,220397,3,6,0,05,19,3,0,0,0,1,0,1,0,0
"POINT (11.055947709000066 49.445580368000037)",Unfall 220398 (2024) Kat:3, Licht: 0,220398,3,6,6,05,11,3,1,0,0,0,1,0,0,1
"POINT (11.103018580000025 49.459745638000072)",Unfall 220468 (2024) Kat:3, Licht: 0,220468,3,7,3,05,11,2,0,0,0,1,0,0,0,1
"POINT (11.088851913000042 49.436623094000026)",Unfall 220469 (2024) Kat:3, Licht: 1,220469,3,3,5,05,05,2,0,1,0,1,0,1,0,0
"POINT (11.113680029000022 49.453820302000054)",Unfall 220470 (2024) Kat:3, Licht: 2,220470,3,1,0,05,21,2,0,2,1,0,0,0,0,0
"POINT (11.069123134000051 49.410323942000048)",Unfall 220471 (2024) Kat:3, Licht: 0,220471,3,6,2,05,13,2,0,0,0,1,0,0,0,0
"POINT (11.055555726000023 49.452738942000053)",Unfall 220518 (2024) Kat:3, Licht: 0,220518,3,1,0,06,19,7,0,0,0,0,0,0,0,1
"POINT (11.054601789000060 49.400141512000062)",Unfall 220543 (2024) Kat:3, Licht: 0,220543,3,3,5,05,18,1,0,0,1,0,0,0,1,0
"POINT (11.029677053000057 49.488729323000030)",Unfall 220544 (2024) Kat:3, Licht: 0,220544,3,1,0,05,13,1,0,0,0,0,0,1,0,0
"POINT (11.089875276000043 49.441529342000081)",Unfall 220603 (2024) Kat:3, Licht: 0,220603,3,3,5,05,19,7,0,0,0,1,0,0,0,0
"POINT (11.164973402000044 49.395470367000030)",Unfall 220604 (2024) Kat:3, Licht: 1,220604,3,3,5,05,20,7,0,1,0,1,0,0,0,0
"POINT (11.107717279000042 49.446584021000035)",Unfall 220605 (2024) Kat:2, Licht: 0,220605,2,1,9,05,09,7,0,0,1,0,0,0,0,0
"POINT (11.066987098000027 49.431303616000037)",Unfall 220606 (2024) Kat:3, Licht: 0,220606,3,1,0,05,17,3,0,0,1,0,0,0,0,0
"POINT (11.126177973000040 49.463433948000045)",Unfall 220607 (2024) Kat:2, Licht: 0,220607,2,3,5,05,16,7,1,0,0,1,0,1,0,0
"POINT (11.135714780000058 49.463635987000032)",Unfall 220608 (2024) Kat:3, Licht: 0,220608,3,5,1,05,18,7,1,0,0,1,0,1,0,0
"POINT (11.091910852000069 49.448066122000057)",Unfall 220609 (2024) Kat:3, Licht: 0,220609,3,1,0,05,18,7,1,0,0,0,0,1,0,0
"POINT (11.067934794000053 49.447206562000076)",Unfall 220681 (2024) Kat:3, Licht: 0,220681,3,3,0,05,12,6,0,0,1,0,0,0,0,1
"POINT (11.067476581000051 49.494035525000072)",Unfall 220682 (2024) Kat:3, Licht: 0,220682,3,7,0,05,17,6,0,0,1,0,0,0,0,0
"POINT (11.034889675000045 49.467162372000075)",Unfall 220683 (2024) Kat:2, Licht: 0,220683,2,3,5,05,15,6,0,0,0,1,0,0,0,1
"POINT (11.097682247000023 49.445879505000050)",Unfall 220684 (2024) Kat:3, Licht: 0,220684,3,3,5,05,19,6,0,0,1,1,0,0,0,0
"POINT (11.086296111000024 49.422389813000052)",Unfall 220685 (2024) Kat:3, Licht: 0,220685,3,6,2,05,08,6,0,0,0,1,0,0,0,0
"POINT (11.048283582000067 49.412566692000041)",Unfall 220744 (2024) Kat:3, Licht: 0,220744,3,6,4,05,19,5,0,0,0,1,0,0,0,1
"POINT (11.082499294000058 49.440519139000060)",Unfall 220745 (2024) Kat:3, Licht: 0,220745,3,7,0,05,16,5,0,0,0,1,0,1,0,0
"POINT (11.105048209000074 49.486085180000032)",Unfall 220746 (2024) Kat:3, Licht: 0,220746,3,1,8,05,15,5,0,0,0,1,0,0,0,0
"POINT (11.057422959000064 49.446882664000043)",Unfall 220748 (2024) Kat:3, Licht: 0,220748,3,3,5,05,13,5,0,0,1,1,0,0,0,0
"POINT (11.071068971000045 49.463153776000070)",Unfall 220750 (2024) Kat:3, Licht: 0,220750,3,1,0,05,11,5,0,0,1,0,0,0,0,0
"POINT (11.067473854000070 49.439478471000029)",Unfall 220828 (2024) Kat:3, Licht: 0,220828,3,5,1,05,15,4,0,0,0,1,1,0,0,0
"POINT (11.052027748000057 49.424899826000058)",Unfall 220829 (2024) Kat:3, Licht: 0,220829,3,3,5,05,15,4,0,0,0,1,0,0,0,0
"POINT (11.065955949000056 49.463795112000071)",Unfall 220924 (2024) Kat:3, Licht: 0,220924,3,3,5,06,13,6,1,0,0,1,0,0,0,0
"POINT (11.041079081000021 49.374594846000036)",Unfall 220925 (2024) Kat:3, Licht: 0,220925,3,3,5,06,14,6,1,0,0,1,0,0,0,0
"POINT (11.140663800000027 49.395588997000061)",Unfall 220926 (2024) Kat:3, Licht: 0,220926,3,6,2,06,12,6,1,0,0,1,0,0,0,0
"POINT (11.090365678000069 49.440788858000076)",Unfall 220927 (2024) Kat:2, Licht: 0,220927,2,3,6,06,12,6,1,0,1,0,1,0,0,0
"POINT (11.106782118000069 49.417306594000081)",Unfall 220928 (2024) Kat:3, Licht: 2,220928,3,1,0,06,00,6,0,2,1,0,0,0,0,0
"POINT (11.085199573000068 49.430613886000060)",Unfall 220929 (2024) Kat:3, Licht: 0,220929,3,3,5,06,08,6,0,0,0,1,0,1,0,0
"POINT (11.071353322000050 49.464250801000048)",Unfall 220930 (2024) Kat:3, Licht: 0,220930,3,5,1,06,11,6,0,0,1,1,0,0,0,0
"POINT (11.110979365000048 49.440092743000037)",Unfall 221018 (2024) Kat:3, Licht: 0,221018,3,7,0,06,15,5,0,0,0,0,0,0,0,1
"POINT (11.081498934000024 49.468251058000078)",Unfall 221019 (2024) Kat:3, Licht: 0,221019,3,1,0,06,12,5,0,0,1,0,0,0,0,0
"POINT (11.170968723000044 49.398710012000038)",Unfall 221020 (2024) Kat:3, Licht: 0,221020,3,1,0,06,19,5,0,0,1,0,0,0,0,0
"POINT (11.045122579000065 49.453595314000040)",Unfall 221022 (2024) Kat:3, Licht: 0,221022,3,7,6,06,10,5,0,0,0,0,1,0,0,1
"POINT (11.071495408000033 49.476979842000048)",Unfall 221113 (2024) Kat:3, Licht: 0,221113,3,6,3,06,17,4,0,0,1,1,0,0,0,0
"POINT (11.096195935000026 49.457093489000044)",Unfall 221114 (2024) Kat:3, Licht: 0,221114,3,5,0,06,15,4,0,0,1,1,0,0,0,0
"POINT (11.138347243000055 49.408838213000081)",Unfall 221115 (2024) Kat:3, Licht: 0,221115,3,1,0,06,14,4,0,0,0,1,0,0,0,0
"POINT (11.040162438000038 49.427289141000074)",Unfall 221207 (2024) Kat:3, Licht: 0,221207,3,6,2,06,07,3,0,0,0,1,0,0,0,0
"POINT (11.072013031000040 49.437500197000077)",Unfall 221208 (2024) Kat:3, Licht: 0,221208,3,3,5,06,07,3,0,0,1,0,0,0,0,0
"POINT (11.023569894000047 49.462705794000044)",Unfall 221209 (2024) Kat:3, Licht: 0,221209,3,6,2,06,17,3,0,0,0,1,0,1,1,0
"POINT (11.062988525000037 49.411783005000075)",Unfall 221210 (2024) Kat:3, Licht: 0,221210,3,6,2,06,14,3,0,0,0,1,0,0,0,0
"POINT (11.055822169000066 49.434616035000033)",Unfall 221295 (2024) Kat:3, Licht: 0,221295,3,1,8,06,16,2,0,0,0,1,0,0,0,0
"POINT (11.071821594000028 49.423992778000070)",Unfall 221296 (2024) Kat:3, Licht: 0,221296,3,7,0,06,05,2,0,0,0,1,0,1,0,0
"POINT (11.116743968000037 49.454981777000057)",Unfall 221297 (2024) Kat:3, Licht: 0,221297,3,5,1,06,06,2,0,0,1,1,0,0,0,0
"POINT (11.039734981000038 49.396648589000051)",Unfall 221298 (2024) Kat:3, Licht: 0,221298,3,4,6,06,14,2,0,0,0,0,1,1,0,0
"POINT (11.039987722000035 49.434377492000067)",Unfall 221363 (2024) Kat:3, Licht: 0,221363,3,3,0,06,18,1,0,0,1,0,1,0,0,0
"POINT (11.042047301000025 49.416071985000031)",Unfall 221433 (2024) Kat:3, Licht: 0,221433,3,7,0,06,15,7,0,0,0,1,0,0,0,1
"POINT (11.084752510000044 49.441688705000047)",Unfall 221434 (2024) Kat:3, Licht: 0,221434,3,3,0,06,09,7,1,0,1,1,0,0,0,0
"POINT (11.118632583000021 49.422582749000071)",Unfall 221435 (2024) Kat:3, Licht: 0,221435,3,3,5,06,08,7,1,0,0,1,0,0,0,0
"POINT (11.057422194000026 49.460377119000043)",Unfall 221436 (2024) Kat:3, Licht: 0,221436,3,1,0,06,18,7,0,0,1,0,0,0,0,0
"POINT (11.048661268000046 49.387379727000052)",Unfall 221507 (2024) Kat:3, Licht: 0,221507,3,3,5,06,10,6,1,0,0,1,0,0,1,0
"POINT (11.114048357000058 49.438964692000070)",Unfall 221508 (2024) Kat:3, Licht: 0,221508,3,3,5,06,14,6,0,0,1,1,0,0,0,0
"POINT (11.023465749000025 49.471209935000047)",Unfall 221509 (2024) Kat:2, Licht: 0,221509,2,3,6,06,13,6,0,0,0,0,1,1,0,0
"POINT (11.091225074000022 49.436491416000081)",Unfall 221510 (2024) Kat:3, Licht: 0,221510,3,4,6,06,07,6,0,0,0,1,1,0,0,0
"POINT (11.080336953000028 49.443749213000046)",Unfall 221511 (2024) Kat:3, Licht: 0,221511,3,7,0,06,17,6,0,0,1,0,0,0,0,0
"POINT (11.040519188000076 49.412592702000040)",Unfall 221598 (2024) Kat:3, Licht: 0,221598,3,7,5,06,10,5,0,0,0,1,0,0,0,1
"POINT (11.082342302000029 49.459174428000040)",Unfall 221599 (2024) Kat:2, Licht: 0,221599,2,1,0,06,13,5,0,0,1,0,0,0,0,0
"POINT (11.078617090000023 49.372281360000045)",Unfall 221600 (2024) Kat:3, Licht: 0,221600,3,6,2,06,18,5,0,0,1,1,0,0,0,0
"POINT (11.037585890000059 49.416654394000034)",Unfall 221678 (2024) Kat:3, Licht: 0,221678,3,3,6,06,07,4,0,0,0,1,1,0,0,0
"POINT (11.062400908000029 49.403248899000062)",Unfall 221679 (2024) Kat:3, Licht: 0,221679,3,1,0,06,15,4,0,0,0,0,0,0,0,1
"POINT (11.056977842000038 49.460577662000048)",Unfall 221680 (2024) Kat:3, Licht: 0,221680,3,3,1,06,11,4,0,0,0,1,0,1,0,0
"POINT (11.048767718000022 49.519295652000039)",Unfall 221681 (2024) Kat:3, Licht: 0,221681,3,4,6,06,07,4,0,0,0,1,1,0,0,0
"POINT (11.065230633000056 49.429265620000081)",Unfall 221682 (2024) Kat:3, Licht: 0,221682,3,3,5,06,16,4,0,0,1,1,0,0,0,0
"POINT (11.082016786000054 49.436126699000056)",Unfall 221753 (2024) Kat:2, Licht: 0,221753,2,3,5,06,14,3,0,0,1,1,0,0,0,0
"POINT (11.014333700000066 49.446720552000045)",Unfall 221754 (2024) Kat:3, Licht: 0,221754,3,3,5,06,17,3,0,0,0,1,0,1,0,0
"POINT (11.060031043000038 49.451379699000029)",Unfall 221755 (2024) Kat:3, Licht: 0,221755,3,5,3,06,12,3,0,0,1,1,0,0,0,0
"POINT (11.075824735000026 49.436368224000034)",Unfall 221756 (2024) Kat:3, Licht: 0,221756,3,6,1,06,06,3,0,0,1,1,0,0,0,0
"POINT (11.011424552000051 49.448056400000041)",Unfall 221757 (2024) Kat:3, Licht: 0,221757,3,6,2,06,10,3,0,0,0,1,0,0,0,0
"POINT (11.066933026000072 49.431380568000066)",Unfall 221758 (2024) Kat:3, Licht: 2,221758,3,6,2,06,21,3,0,2,0,1,0,0,0,0
"POINT (11.011530873000027 49.464364567000075)",Unfall 221799 (2024) Kat:3, Licht: 0,221799,3,1,0,06,10,6,0,0,0,1,0,1,0,0
"POINT (11.079950488000065 49.479839005000031)",Unfall 221816 (2024) Kat:3, Licht: 0,221816,3,1,8,06,11,2,0,0,1,0,0,0,0,0
"POINT (11.010161608000033 49.425495164000040)",Unfall 221818 (2024) Kat:3, Licht: 0,221818,3,6,2,06,14,2,0,0,0,1,0,1,0,0
"POINT (11.016266114000075 49.453659418000029)",Unfall 221819 (2024) Kat:3, Licht: 0,221819,3,2,5,06,15,2,0,0,0,1,0,0,0,1
"POINT (11.068299843000034 49.455648992000079)",Unfall 221820 (2024) Kat:3, Licht: 0,221820,3,1,0,06,17,2,0,0,1,1,0,0,0,0
"POINT (11.134030270000039 49.404539832000069)",Unfall 221895 (2024) Kat:3, Licht: 2,221895,3,3,5,06,03,1,0,2,0,1,0,0,0,0
"POINT (11.049878524000064 49.429333398000040)",Unfall 221896 (2024) Kat:2, Licht: 0,221896,2,1,0,06,12,1,0,0,1,0,0,0,0,0
"POINT (11.195693445000074 49.416476127000067)",Unfall 221897 (2024) Kat:3, Licht: 0,221897,3,6,3,06,12,1,0,0,1,0,0,0,0,0
"POINT (11.140125853000029 49.450854804000073)",Unfall 221898 (2024) Kat:3, Licht: 0,221898,3,6,2,06,15,1,0,0,0,0,0,0,0,1
"POINT (11.073949450000043 49.465032813000050)",Unfall 221988 (2024) Kat:3, Licht: 0,221988,3,3,5,07,12,5,0,0,0,1,0,0,0,0
"POINT (11.138504657000055 49.469839867000076)",Unfall 221989 (2024) Kat:3, Licht: 0,221989,3,1,0,07,07,5,1,0,1,0,0,0,0,0
"POINT (11.038960930000030 49.407725298000059)",Unfall 221990 (2024) Kat:3, Licht: 0,221990,3,6,2,07,14,5,1,0,0,1,0,0,0,0
"POINT (11.079554985000073 49.441021134000039)",Unfall 222041 (2024) Kat:3, Licht: 0,222041,3,3,5,07,13,4,0,0,1,0,0,0,0,0
"POINT (11.062574116000064 49.446154831000058)",Unfall 222042 (2024) Kat:2, Licht: 0,222042,2,1,0,07,18,4,1,0,1,0,0,0,0,0
"POINT (11.069664515000056 49.433424104000039)",Unfall 222043 (2024) Kat:2, Licht: 0,222043,2,3,6,07,14,4,0,0,0,1,1,0,0,0
"POINT (11.084072450000065 49.454977539000026)",Unfall 222097 (2024) Kat:2, Licht: 0,222097,2,7,0,07,15,3,0,0,0,0,0,0,0,1
"POINT (11.079388882000046 49.441153042000053)",Unfall 222098 (2024) Kat:3, Licht: 0,222098,3,6,5,07,16,3,0,0,1,0,0,0,0,0
"POINT (11.048835572000030 49.442192206000072)",Unfall 222099 (2024) Kat:3, Licht: 0,222099,3,6,3,07,13,3,0,0,0,1,0,1,0,0
"POINT (11.067582911000045 49.437265343000036)",Unfall 222157 (2024) Kat:3, Licht: 0,222157,3,3,6,07,14,2,0,0,0,0,1,0,0,1
"POINT (11.097564964000071 49.458994329000063)",Unfall 222158 (2024) Kat:3, Licht: 0,222158,3,3,6,07,12,2,0,0,0,1,1,0,0,0
"POINT (11.076074141000049 49.434480836000034)",Unfall 222159 (2024) Kat:3, Licht: 0,222159,3,3,5,07,07,2,1,0,0,1,0,0,0,0
"POINT (11.129559575000030 49.430715213000042)",Unfall 222160 (2024) Kat:3, Licht: 0,222160,3,1,0,07,13,2,0,0,1,0,0,0,0,0
"POINT (11.132166694000034 49.405274282000050)",Unfall 222206 (2024) Kat:3, Licht: 0,222206,3,2,4,06,14,1,0,0,0,1,0,0,0,0
"POINT (11.077460909000024 49.446580560000029)",Unfall 222207 (2024) Kat:3, Licht: 2,222207,3,6,1,06,01,1,0,2,0,1,0,0,0,0
"POINT (11.061948838000035 49.447417907000045)",Unfall 222274 (2024) Kat:3, Licht: 0,222274,3,3,1,06,14,7,0,0,0,1,0,1,0,0
"POINT (11.105842970000026 49.355000882000070)",Unfall 222275 (2024) Kat:3, Licht: 0,222275,3,7,0,06,18,7,0,0,1,0,0,0,0,0
"POINT (11.052302929000064 49.443299003000050)",Unfall 222276 (2024) Kat:3, Licht: 0,222276,3,5,1,06,13,7,0,0,0,1,0,1,0,0
"POINT (11.122807991000059 49.416807604000041)",Unfall 222277 (2024) Kat:3, Licht: 0,222277,3,6,2,06,15,7,0,0,0,1,0,1,0,0
"POINT (11.021175391000043 49.459894291000069)",Unfall 222386 (2024) Kat:3, Licht: 0,222386,3,6,3,06,14,6,0,0,0,1,0,1,0,0
"POINT (11.039830917000074 49.434362855000074)",Unfall 222387 (2024) Kat:3, Licht: 0,222387,3,2,5,06,14,6,0,0,0,1,0,1,0,0
"POINT (11.085285002000035 49.430608305000078)",Unfall 222390 (2024) Kat:3, Licht: 0,222390,3,3,5,06,07,6,0,0,0,1,0,0,0,0
"POINT (11.080741199000045 49.406571203000055)",Unfall 222391 (2024) Kat:3, Licht: 0,222391,3,6,5,06,07,6,0,0,1,1,0,0,0,0
"POINT (11.021037630000023 49.461323126000082)",Unfall 222402 (2024) Kat:3, Licht: 0,222402,3,3,5,07,17,5,1,0,1,1,0,0,0,0
"POINT (11.090563208000049 49.441678641000067)",Unfall 222489 (2024) Kat:3, Licht: 0,222489,3,5,1,06,20,5,1,0,1,1,0,0,0,0
"POINT (11.103164074000063 49.484107476000077)",Unfall 222490 (2024) Kat:3, Licht: 0,222490,3,3,5,06,12,5,1,0,0,1,0,0,0,0
"POINT (11.053123804000052 49.466207575000055)",Unfall 222491 (2024) Kat:3, Licht: 0,222491,3,5,0,06,07,5,0,0,1,1,0,0,0,0
"POINT (11.089027993000059 49.455587721000029)",Unfall 222492 (2024) Kat:2, Licht: 0,222492,2,3,5,06,19,5,1,0,0,1,0,0,0,1
"POINT (11.079107025000042 49.451629048000029)",Unfall 222493 (2024) Kat:3, Licht: 0,222493,3,7,6,06,11,5,0,0,0,0,1,0,0,1
"POINT (11.006439180000029 49.512319557000069)",Unfall 222494 (2024) Kat:3, Licht: 0,222494,3,6,2,06,09,5,0,0,0,1,0,0,1,0
"POINT (11.105490198000041 49.447760419000076)",Unfall 222495 (2024) Kat:3, Licht: 0,222495,3,1,0,06,17,5,1,0,1,0,0,0,0,0
"POINT (11.066283213000077 49.448212952000063)",Unfall 222496 (2024) Kat:3, Licht: 0,222496,3,2,5,06,16,5,0,0,1,1,0,0,0,0
"POINT (11.040824475000022 49.440868412000043)",Unfall 222500 (2024) Kat:3, Licht: 0,222500,3,6,2,06,12,5,1,0,0,1,0,0,0,0
"POINT (11.018805956000051 49.428193767000039)",Unfall 222591 (2024) Kat:3, Licht: 0,222591,3,1,0,06,17,4,0,0,1,0,0,0,0,0
"POINT (11.090999534000048 49.437105292000069)",Unfall 222592 (2024) Kat:3, Licht: 0,222592,3,3,0,06,11,4,0,0,1,1,0,0,0,0
"POINT (11.011722431000067 49.431294373000071)",Unfall 222593 (2024) Kat:3, Licht: 0,222593,3,5,1,06,10,4,0,0,1,1,0,0,0,0
"POINT (11.050822469000025 49.441839773000027)",Unfall 222595 (2024) Kat:3, Licht: 0,222595,3,7,0,06,06,4,0,0,1,0,0,0,0,0
"POINT (11.069516972000031 49.451820082000040)",Unfall 222596 (2024) Kat:3, Licht: 0,222596,3,1,0,06,19,4,0,0,1,0,0,0,0,0
"POINT (11.121225110000069 49.475134289000039)",Unfall 222597 (2024) Kat:3, Licht: 0,222597,3,3,5,06,19,4,0,0,0,1,0,1,0,0
"POINT (11.069349547000058 49.452598716000068)",Unfall 222598 (2024) Kat:3, Licht: 0,222598,3,7,0,06,20,4,0,0,1,0,0,0,0,0
"POINT (11.055872592000071 49.492809515000033)",Unfall 222599 (2024) Kat:3, Licht: 0,222599,3,3,5,06,17,4,0,0,0,1,0,0,0,0
"POINT (11.088763620000066 49.442674113000066)",Unfall 222607 (2024) Kat:3, Licht: 0,222607,3,1,0,07,19,2,0,0,1,0,0,0,0,0