WKT,Name,OBJECTID,UKATEGORIE,UTYP1,UART,UMONAT,USTUNDE,UWOCHENTAG,STRZUSTAND,ULICHTVERH,ISTRAD,ISTPKW,ISTFUSS,ISTKRAD,ISTGKFZ,ISTSONSTIG
"POINT (11.067192257000045 49.427861397000072)",Unfall 222698 (2024) Kat:3, Licht: 0,222698,3,3,3,07,09,3,0,0,0,1,0,0,0,0
"POINT (11.134197273000041 49.472177407000061)",Unfall 222705 (2024) Kat:3, Licht: 0,222705,3,2,4,06,08,3,0,0,1,1,0,0,0,0
"POINT (11.098060262000047 49.440642107000031)",Unfall 222706 (2024) Kat:3, Licht: 0,222706,3,6,4,06,14,3,0,0,1,1,0,0,0,0
"POINT (11.048807732000057 49.442163336000078)",Unfall 222707 (2024) Kat:3, Licht: 0,222707,3,2,5,06,19,3,0,0,0,1,0,0,0,0
"POINT (11.074922397000023 49.439485282000078)",Unfall 222708 (2024) Kat:2, Licht: 0,222708,2,7,0,06,15,3,0,0,0,0,0,0,0,1
"POINT (11.066464251000070 49.439706368000031)",Unfall 222709 (2024) Kat:3, Licht: 0,222709,3,6,0,06,14,3,0,0,0,1,0,1,0,0
"POINT (11.100021377000076 49.443012832000079)",Unfall 222710 (2024) Kat:3, Licht: 0,222710,3,7,0,06,11,3,0,0,0,1,0,0,0,1
"POINT (11.067982909000023 49.441299042000026)",Unfall 222742 (2024) Kat:2, Licht: 0,222742,2,1,0,06,16,5,1,0,0,0,0,1,0,0
"POINT (11.097556479000048 49.445972874000063)",Unfall 222806 (2024) Kat:3, Licht: 0,222806,3,4,6,06,18,2,0,0,0,0,1,0,0,1
"POINT (11.024010614000076 49.393861965000042)",Unfall 222807 (2024) Kat:3, Licht: 0,222807,3,3,0,06,17,2,0,0,1,0,0,0,0,0
"POINT (11.095483977000072 49.460510878000036)",Unfall 222808 (2024) Kat:3, Licht: 0,222808,3,3,5,06,07,2,0,0,1,1,0,0,0,0
"POINT (11.123409629000037 49.417133567000064)",Unfall 222809 (2024) Kat:3, Licht: 0,222809,3,1,0,06,09,2,0,0,1,0,0,0,0,0
"POINT (11.076394362000030 49.454426398000066)",Unfall 222810 (2024) Kat:3, Licht: 0,222810,3,7,0,06,12,2,0,0,0,1,0,0,0,0
"POINT (11.011833915000068 49.464764983000066)",Unfall 222879 (2024) Kat:3, Licht: 2,222879,3,6,2,06,23,1,0,2,0,1,0,0,0,0
"POINT (11.107606692000047 49.359235088000048)",Unfall 222880 (2024) Kat:3, Licht: 2,222880,3,1,0,06,00,1,0,2,1,0,0,0,0,0
"POINT (11.058868661000076 49.480639629000052)",Unfall 222948 (2024) Kat:3, Licht: 0,222948,3,3,0,06,12,7,0,0,1,0,0,1,0,0
"POINT (11.090541833000032 49.438286557000026)",Unfall 222949 (2024) Kat:3, Licht: 0,222949,3,6,2,06,15,7,0,0,0,1,0,1,0,0
"POINT (11.115665611000054 49.443869159000030)",Unfall 222950 (2024) Kat:3, Licht: 0,222950,3,6,2,06,11,7,0,0,0,1,0,0,0,0
"POINT (11.067193010000040 49.405977353000026)",Unfall 223016 (2024) Kat:1, Licht: 0,223016,1,4,6,07,11,3,0,0,0,0,1,0,1,0
"POINT (11.057012919000044 49.349532804000035)",Unfall 223017 (2024) Kat:3, Licht: 0,223017,3,6,2,07,13,3,0,0,0,1,0,0,0,1
"POINT (11.049565006000023 49.452861588000076)",Unfall 223018 (2024) Kat:3, Licht: 0,223018,3,2,4,07,14,3,0,0,0,1,0,1,0,0
"POINT (11.022953880000046 49.469608108000045)",Unfall 223019 (2024) Kat:3, Licht: 0,223019,3,7,5,07,15,3,1,0,0,1,0,1,0,0
"POINT (11.027455829000075 49.436411812000074)",Unfall 223020 (2024) Kat:3, Licht: 0,223020,3,3,5,07,18,3,0,0,0,1,0,0,0,1
"POINT (11.068496243000027 49.444255062000082)",Unfall 223103 (2024) Kat:3, Licht: 0,223103,3,6,6,07,10,2,0,0,1,0,1,0,0,0
"POINT (11.102556545000027 49.438754115000052)",Unfall 223104 (2024) Kat:3, Licht: 0,223104,3,6,3,07,08,2,0,0,0,1,0,0,0,0
"POINT (11.072436693000043 49.444647672000031)",Unfall 223105 (2024) Kat:3, Licht: 0,223105,3,4,6,07,12,2,0,0,0,1,1,0,0,0
"POINT (11.073016069000062 49.458464784000057)",Unfall 223106 (2024) Kat:3, Licht: 0,223106,3,2,5,07,10,2,0,0,0,1,0,0,0,0
"POINT (11.046675554000046 49.408148475000075)",Unfall 223107 (2024) Kat:3, Licht: 0,223107,3,3,6,07,05,2,0,0,1,0,1,0,0,0
"POINT (11.046862270000076 49.511029262000079)",Unfall 223108 (2024) Kat:3, Licht: 0,223108,3,6,2,07,17,2,0,0,0,1,0,0,0,0
"POINT (11.042374611000071 49.434968237000078)",Unfall 223183 (2024) Kat:3, Licht: 0,223183,3,3,5,07,12,1,0,0,1,1,0,0,0,0
"POINT (11.146719198000028 49.460540107000043)",Unfall 223184 (2024) Kat:2, Licht: 0,223184,2,1,0,07,21,1,0,0,0,0,0,0,0,1
"POINT (11.033706366000047 49.437235690000080)",Unfall 223185 (2024) Kat:3, Licht: 0,223185,3,1,1,07,15,1,0,0,0,1,0,0,0,0
"POINT (11.055952772000069 49.350234347000026)",Unfall 223186 (2024) Kat:3, Licht: 0,223186,3,1,0,07,14,1,0,0,1,0,0,0,0,0
"POINT (11.050251493000076 49.452588756000068)",Unfall 223241 (2024) Kat:2, Licht: 0,223241,2,3,5,07,10,7,0,0,0,0,0,1,0,1
"POINT (11.048627537000073 49.438616951000029)",Unfall 223242 (2024) Kat:3, Licht: 0,223242,3,3,5,07,15,7,0,0,0,1,0,1,0,1
"POINT (11.059082849000049 49.446767770000065)",Unfall 223243 (2024) Kat:3, Licht: 0,223243,3,1,0,07,06,7,1,0,1,0,0,0,0,0
"POINT (11.125792768000053 49.470271688000025)",Unfall 223244 (2024) Kat:3, Licht: 0,223244,3,5,1,07,18,7,0,0,1,1,0,0,0,0
"POINT (11.023540933000049 49.390916296000057)",Unfall 223307 (2024) Kat:3, Licht: 0,223307,3,6,3,07,17,6,1,0,0,1,0,1,0,0
"POINT (11.133526462000077 49.403444376000039)",Unfall 223308 (2024) Kat:3, Licht: 0,223308,3,4,6,07,13,6,0,0,0,1,1,0,0,0
"POINT (11.069646132000059 49.452091117000066)",Unfall 223309 (2024) Kat:2, Licht: 2,223309,2,1,0,07,05,6,0,2,1,0,0,0,0,0
"POINT (11.059996340000055 49.459646383000063)",Unfall 223310 (2024) Kat:3, Licht: 0,223310,3,6,2,07,18,6,1,0,1,1,0,0,0,0
"POINT (11.084667917000047 49.440819587000078)",Unfall 223396 (2024) Kat:3, Licht: 2,223396,3,5,1,07,00,5,1,2,0,1,0,1,0,0
"POINT (11.106416423000042 49.424561790000041)",Unfall 223397 (2024) Kat:3, Licht: 0,223397,3,1,9,07,18,5,0,0,0,1,0,0,0,0
"POINT (11.096161897000059 49.431749923000041)",Unfall 223398 (2024) Kat:3, Licht: 0,223398,3,6,2,07,07,5,0,0,0,1,0,0,0,0
"POINT (11.071560739000063 49.462534124000058)",Unfall 223399 (2024) Kat:3, Licht: 0,223399,3,1,0,07,18,5,0,0,1,0,0,0,0,0
"POINT (11.022009466000043 49.411580674000049)",Unfall 223423 (2024) Kat:2, Licht: 0,223423,2,3,5,07,18,2,0,0,1,1,0,0,0,0
"POINT (11.094501084000058 49.460237668000048)",Unfall 223443 (2024) Kat:3, Licht: 2,223443,3,1,1,07,23,6,1,2,0,1,0,0,0,1
"POINT (11.036751730000049 49.381581830000073)",Unfall 223501 (2024) Kat:3, Licht: 0,223501,3,6,6,07,06,4,0,0,1,0,1,0,0,0
"POINT (11.082900864000067 49.444038457000033)",Unfall 223502 (2024) Kat:3, Licht: 0,223502,3,4,6,07,18,4,0,0,0,1,1,0,0,0
"POINT (11.089308760000051 49.457276719000049)",Unfall 223503 (2024) Kat:3, Licht: 0,223503,3,3,5,07,13,4,1,0,1,1,0,0,0,0
"POINT (11.054458434000026 49.444110574000035)",Unfall 223504 (2024) Kat:3, Licht: 0,223504,3,6,2,07,08,4,0,0,0,1,0,0,0,0
"POINT (11.085274462000029 49.440908797000077)",Unfall 223607 (2024) Kat:3, Licht: 0,223607,3,7,0,07,17,3,0,0,0,0,0,0,0,1
"POINT (11.045474965000039 49.420734424000045)",Unfall 223608 (2024) Kat:3, Licht: 0,223608,3,6,2,07,16,3,0,0,0,1,0,1,0,0
"POINT (11.063381563000064 49.424209394000059)",Unfall 223609 (2024) Kat:3, Licht: 0,223609,3,3,5,07,07,3,0,0,1,1,0,0,0,0
"POINT (11.071744036000041 49.462486984000066)",Unfall 223610 (2024) Kat:3, Licht: 0,223610,3,2,0,07,09,3,0,0,1,1,0,0,0,0
"POINT (11.103260211000077 49.484108722000030)",Unfall 223611 (2024) Kat:3, Licht: 0,223611,3,6,2,07,16,3,0,0,0,1,0,0,0,0
"POINT (11.078889792000041 49.446514922000063)",Unfall 223613 (2024) Kat:3, Licht: 0,223613,3,6,2,07,18,3,0,0,0,1,0,0,0,0
"POINT (11.115782195000065 49.472915622000073)",Unfall 223716 (2024) Kat:3, Licht: 0,223716,3,3,5,07,09,2,0,0,1,1,0,0,0,0
"POINT (11.049500749000060 49.453099317000067)",Unfall 223717 (2024) Kat:3, Licht: 0,223717,3,1,0,07,16,3,1,0,1,0,0,0,0,0
"POINT (11.058807177000062 49.408224535000045)",Unfall 223719 (2024) Kat:3, Licht: 0,223719,3,3,5,07,19,2,0,0,0,1,0,0,0,0
"POINT (11.086141837000071 49.441021799000055)",Unfall 223720 (2024) Kat:3, Licht: 0,223720,3,4,6,07,14,2,0,0,0,0,1,1,0,0
"POINT (11.089879823000047 49.436478717000057)",Unfall 223721 (2024) Kat:3, Licht: 0,223721,3,2,4,07,09,2,0,0,0,1,0,0,0,1
"POINT (11.118072369000060 49.435969682000064)",Unfall 223795 (2024) Kat:3, Licht: 0,223795,3,7,0,07,18,1,0,0,1,0,0,0,0,0
"POINT (11.033939478000036 49.467920477000064)",Unfall 223798 (2024) Kat:2, Licht: 1,223798,2,3,5,07,21,1,0,1,0,0,0,1,0,1
"POINT (11.121199349000051 49.420454459000041)",Unfall 223848 (2024) Kat:2, Licht: 2,223848,2,1,0,07,23,7,0,2,1,0,0,0,0,0
"POINT (11.091374936000022 49.436487429000067)",Unfall 223849 (2024) Kat:3, Licht: 0,223849,3,2,5,07,15,7,1,0,0,1,0,0,0,0
"POINT (11.132192053000040 49.405265062000069)",Unfall 223850 (2024) Kat:3, Licht: 0,223850,3,2,5,07,11,7,0,0,0,1,0,1,0,0
"POINT (11.067474759000049 49.455686047000029)",Unfall 223852 (2024) Kat:2, Licht: 0,223852,2,7,0,07,11,7,0,0,0,0,0,0,0,1
"POINT (11.076177812000026 49.432507011000041)",Unfall 223853 (2024) Kat:2, Licht: 0,223853,2,1,0,07,15,7,1,0,1,0,0,0,0,0
"POINT (11.068317846000070 49.463045136000062)",Unfall 223854 (2024) Kat:3, Licht: 1,223854,3,3,1,07,21,7,0,1,1,1,0,0,0,0
"POINT (11.111961126000040 49.439652619000071)",Unfall 223880 (2024) Kat:3, Licht: 0,223880,3,6,3,07,16,4,0,0,0,1,0,0,0,0
"POINT (11.086647113000026 49.442589177000059)",Unfall 223952 (2024) Kat:3, Licht: 0,223952,3,7,0,07,20,6,0,0,0,1,0,0,0,0
"POINT (11.018033001000049 49.457735978000073)",Unfall 223953 (2024) Kat:3, Licht: 0,223953,3,2,5,07,17,6,0,0,0,1,0,0,0,1
"POINT (11.104336834000037 49.472684640000068)",Unfall 223954 (2024) Kat:3, Licht: 0,223954,3,7,0,07,10,6,0,0,0,0,1,0,0,1
"POINT (11.071377802000029 49.456774882000047)",Unfall 224058 (2024) Kat:2, Licht: 0,224058,2,2,5,07,14,7,0,0,1,1,0,0,0,0
"POINT (11.074243635000073 49.439388228000041)",Unfall 224059 (2024) Kat:3, Licht: 0,224059,3,6,2,07,11,7,0,0,0,1,0,0,0,0
"POINT (11.083501917000035 49.447431640000048)",Unfall 224060 (2024) Kat:2, Licht: 2,224060,2,3,5,07,22,7,1,2,0,1,0,0,0,1
"POINT (11.082633571000031 49.459676436000052)",Unfall 224061 (2024) Kat:3, Licht: 2,224061,3,7,1,07,01,7,0,2,1,1,0,0,0,0
"POINT (11.073502965000046 49.445946397000057)",Unfall 224062 (2024) Kat:3, Licht: 1,224062,3,1,0,07,20,7,1,1,1,0,0,0,0,0
"POINT (11.117982038000036 49.414792682000041)",Unfall 224063 (2024) Kat:3, Licht: 0,224063,3,1,0,07,19,7,1,0,1,0,0,0,0,0
"POINT (11.059383620000062 49.446710036000070)",Unfall 224064 (2024) Kat:3, Licht: 0,224064,3,4,2,07,14,7,0,0,0,1,1,0,0,0
"POINT (11.092255020000039 49.446383355000080)",Unfall 224065 (2024) Kat:3, Licht: 0,224065,3,6,2,07,10,7,0,0,0,1,0,1,0,0
"POINT (11.082539332000067 49.484502400000054)",Unfall 224140 (2024) Kat:3, Licht: 0,224140,3,6,2,07,11,6,0,0,0,1,0,1,0,0
"POINT (11.084439239000062 49.473698851000051)",Unfall 224141 (2024) Kat:3, Licht: 0,224141,3,3,5,07,07,6,0,0,1,1,0,0,0,0
"POINT (11.126013111000077 49.424259655000071)",Unfall 224142 (2024) Kat:3, Licht: 0,224142,3,1,0,07,10,6,0,0,1,0,0,0,0,0
"POINT (11.103717481000047 49.490327204000039)",Unfall 224151 (2024) Kat:3, Licht: 0,224151,3,2,4,07,14,7,0,0,0,1,0,0,0,0
"POINT (11.055877288000033 49.351280093000071)",Unfall 224233 (2024) Kat:3, Licht: 0,224233,3,6,3,07,14,5,0,0,1,0,0,0,0,1
"POINT (11.036859422000077 49.471098162000033)",Unfall 224240 (2024) Kat:3, Licht: 0,224240,3,7,0,07,07,5,0,0,0,1,0,0,0,0
"POINT (11.065665139000032 49.433612649000054)",Unfall 224326 (2024) Kat:3, Licht: 0,224326,3,5,6,07,12,4,0,0,0,1,1,0,0,0
"POINT (11.082194592000064 49.439480753000055)",Unfall 224327 (2024) Kat:3, Licht: 0,224327,3,3,6,07,17,4,0,0,1,0,1,0,0,0
"POINT (11.016416310000068 49.526861476000079)",Unfall 224328 (2024) Kat:2, Licht: 0,224328,2,3,0,07,11,4,0,0,1,0,0,0,0,0
"POINT (11.096442568000043 49.458815274000074)",Unfall 224329 (2024) Kat:3, Licht: 0,224329,3,1,0,07,11,4,0,0,1,0,0,0,0,0
"POINT (11.100060593000023 49.438503835000063)",Unfall 224330 (2024) Kat:3, Licht: 2,224330,3,1,0,07,22,4,0,2,1,0,0,0,0,0
"POINT (11.136837124000067 49.399459634000038)",Unfall 224418 (2024) Kat:3, Licht: 0,224418,3,3,5,07,20,3,1,0,1,1,0,0,0,0
"POINT (11.092215538000062 49.406144979000032)",Unfall 224419 (2024) Kat:3, Licht: 0,224419,3,3,5,07,16,3,1,0,1,1,0,0,0,0
"POINT (11.021277814000030 49.470846236000057)",Unfall 224420 (2024) Kat:3, Licht: 0,224420,3,1,0,07,08,3,0,0,1,0,0,0,0,0
"POINT (11.060621979000075 49.448035356000048)",Unfall 224421 (2024) Kat:3, Licht: 0,224421,3,4,0,07,15,3,0,0,1,1,1,0,0,0
"POINT (11.038736894000067 49.387161887000047)",Unfall 224422 (2024) Kat:3, Licht: 0,224422,3,6,3,07,08,3,0,0,1,0,0,0,0,0
"POINT (11.014404386000024 49.446808331000057)",Unfall 224501 (2024) Kat:3, Licht: 0,224501,3,3,5,07,13,2,0,0,0,1,0,0,0,0
"POINT (11.103796436000039 49.450719222000032)",Unfall 224502 (2024) Kat:3, Licht: 0,224502,3,2,5,07,10,2,0,0,0,1,0,0,0,1
"POINT (11.121159750000061 49.421328202000041)",Unfall 224503 (2024) Kat:3, Licht: 0,224503,3,1,0,07,07,2,0,0,1,0,0,0,0,0
"POINT (11.050590920000047 49.440399860000070)",Unfall 224577 (2024) Kat:2, Licht: 0,224577,2,1,0,07,05,2,1,0,0,0,0,0,0,1
"POINT (11.004289346000064 49.437611372000049)",Unfall 224585 (2024) Kat:3, Licht: 0,224585,3,7,3,07,15,1,1,0,0,1,0,0,0,0
"POINT (11.048552473000029 49.441438446000063)",Unfall 224586 (2024) Kat:3, Licht: 0,224586,3,3,5,07,17,1,0,0,0,1,0,0,0,1
"POINT (11.090882041000043 49.459720178000055)",Unfall 224587 (2024) Kat:3, Licht: 0,224587,3,1,0,07,19,1,0,0,1,0,0,0,0,0
"POINT (11.055910294000057 49.349694912000075)",Unfall 224588 (2024) Kat:3, Licht: 0,224588,3,1,0,07,13,1,0,0,1,0,0,0,0,0
"POINT (11.077701823000041 49.448734993000073)",Unfall 224589 (2024) Kat:2, Licht: 0,224589,2,6,0,07,14,1,1,0,1,0,0,0,0,1
"POINT (11.067819086000043 49.434144901000082)",Unfall 224590 (2024) Kat:3, Licht: 0,224590,3,6,2,07,19,1,0,0,0,1,0,0,0,0
"POINT (11.038828944000045 49.442111677000071)",Unfall 224661 (2024) Kat:3, Licht: 0,224661,3,6,6,07,14,7,0,0,1,0,1,0,0,0
"POINT (11.072366972000054 49.460875075000047)",Unfall 224662 (2024) Kat:3, Licht: 2,224662,3,3,3,07,23,7,0,2,0,1,0,0,0,0
"POINT (11.057361189000062 49.449263189000078)",Unfall 224663 (2024) Kat:3, Licht: 0,224663,3,1,0,07,20,7,1,0,0,0,0,1,0,0
"POINT (11.080292960000065 49.416018672000064)",Unfall 224664 (2024) Kat:3, Licht: 0,224664,3,1,0,07,12,7,0,0,1,0,0,0,0,0
"POINT (11.068153343000063 49.458794942000054)",Unfall 224665 (2024) Kat:3, Licht: 0,224665,3,1,0,07,14,7,0,0,0,1,0,0,0,0
"POINT (11.088380796000024 49.436648995000041)",Unfall 224666 (2024) Kat:3, Licht: 0,224666,3,6,1,07,19,7,0,0,0,1,0,0,0,0
"POINT (11.120911390000060 49.412748102000080)",Unfall 224667 (2024) Kat:3, Licht: 0,224667,3,6,1,07,10,7,0,0,0,1,0,0,0,0
"POINT (11.073737643000072 49.439311219000047)",Unfall 224668 (2024) Kat:3, Licht: 0,224668,3,6,2,07,18,7,0,0,0,1,0,0,0,0
"POINT (11.085289989000046 49.423164584000062)",Unfall 224715 (2024) Kat:3, Licht: 0,224715,3,3,0,07,19,7,0,0,1,0,1,0,0,0
"POINT (11.073892913000066 49.451081856000030)",Unfall 224792 (2024) Kat:3, Licht: 0,224792,3,7,6,07,17,6,0,0,1,0,1,0,0,0
"POINT (11.029557854000075 49.474530480000055)",Unfall 224793 (2024) Kat:3, Licht: 0,224793,3,3,5,07,09,6,0,0,0,1,0,1,0,0
"POINT (11.083074551000038 49.449631153000041)",Unfall 224794 (2024) Kat:3, Licht: 0,224794,3,3,6,07,15,6,0,0,0,0,1,0,0,1
"POINT (11.138989253000034 49.400559171000054)",Unfall 224909 (2024) Kat:3, Licht: 0,224909,3,3,5,07,17,5,0,0,0,1,0,0,0,0
"POINT (11.147336184000039 49.400605682000048)",Unfall 224911 (2024) Kat:3, Licht: 0,224911,3,1,1,07,20,5,0,0,0,1,0,1,0,0
"POINT (11.014112942000054 49.441640073000030)",Unfall 224912 (2024) Kat:3, Licht: 0,224912,3,6,3,07,19,5,0,0,1,1,0,0,0,0
"POINT (11.007648438000047 49.446468322000044)",Unfall 224913 (2024) Kat:3, Licht: 0,224913,3,3,5,07,15,5,0,0,1,1,0,0,0,0
"POINT (11.077022266000029 49.441784241000050)",Unfall 224914 (2024) Kat:2, Licht: 0,224914,2,3,5,07,16,5,0,0,0,1,0,1,0,0
"POINT (11.087205034000021 49.460825047000071)",Unfall 224915 (2024) Kat:3, Licht: 0,224915,3,5,1,07,14,5,0,0,1,1,0,0,0,0
"POINT (11.106998454000063 49.446118310000031)",Unfall 225027 (2024) Kat:3, Licht: 0,225027,3,7,0,07,18,4,0,0,1,0,0,0,0,0
"POINT (11.133281024000041 49.425755138000056)",Unfall 225028 (2024) Kat:3, Licht: 0,225028,3,1,7,07,18,4,0,0,1,0,0,0,0,0
"POINT (11.078064743000027 49.479941362000034)",Unfall 225029 (2024) Kat:2, Licht: 0,225029,2,1,0,07,07,4,0,0,1,0,0,0,0,0
"POINT (11.051551317000076 49.438852583000028)",Unfall 225030 (2024) Kat:3, Licht: 0,225030,3,6,2,07,17,4,0,0,1,1,0,0,0,0
"POINT (11.123337445000061 49.453446920000033)",Unfall 225031 (2024) Kat:3, Licht: 0,225031,3,1,1,07,07,4,0,0,1,1,0,0,0,0
"POINT (11.065805612000077 49.449479455000073)",Unfall 225032 (2024) Kat:3, Licht: 0,225032,3,6,2,07,16,4,0,0,0,1,0,0,0,0
"POINT (11.178021755000032 49.389073328000052)",Unfall 225127 (2024) Kat:3, Licht: 0,225127,3,3,5,08,17,5,0,0,0,1,0,0,1,0
"POINT (11.075246863000075 49.473869280000031)",Unfall 225128 (2024) Kat:3, Licht: 0,225128,3,3,5,08,17,5,0,0,0,1,0,0,0,0
"POINT (11.166227882000044 49.408370129000048)",Unfall 225129 (2024) Kat:3, Licht: 0,225129,3,5,2,08,10,5,0,0,0,1,0,0,0,0
"POINT (11.116912811000077 49.474179972000059)",Unfall 225195 (2024) Kat:3, Licht: 0,225195,3,1,0,08,18,4,1,0,1,0,0,0,0,0
"POINT (11.052329776000022 49.451917309000066)",Unfall 225196 (2024) Kat:3, Licht: 0,225196,3,3,5,08,10,4,0,0,0,1,0,0,0,0
"POINT (11.057170314000075 49.446667860000048)",Unfall 225197 (2024) Kat:3, Licht: 0,225197,3,1,1,08,07,4,0,0,0,1,0,0,0,0
"POINT (11.119149687000061 49.462358420000044)",Unfall 225198 (2024) Kat:3, Licht: 0,225198,3,3,5,08,18,4,1,0,0,1,0,1,0,0
"POINT (11.103794959000027 49.450383567000074)",Unfall 225199 (2024) Kat:2, Licht: 0,225199,2,7,2,08,14,4,0,0,1,1,0,0,0,0
"POINT (11.021753381000053 49.460314229000062)",Unfall 225206 (2024) Kat:3, Licht: 0,225206,3,4,6,08,11,4,0,0,0,1,1,0,0,0
"POINT (11.011243891000049 49.453971737000074)",Unfall 225270 (2024) Kat:3, Licht: 0,225270,3,7,1,08,15,3,0,0,0,1,0,0,0,0
"POINT (11.080220552000071 49.433993875000056)",Unfall 225271 (2024) Kat:3, Licht: 0,225271,3,3,5,08,17,3,0,0,0,1,0,1,0,0
"POINT (11.146240818000024 49.407948737000027)",Unfall 225272 (2024) Kat:3, Licht: 0,225272,3,7,8,08,18,3,0,0,0,0,0,0,0,1
"POINT (11.071706227000050 49.456413373000032)",Unfall 225273 (2024) Kat:3, Licht: 0,225273,3,1,0,08,11,3,0,0,1,0,0,0,0,0
"POINT (11.013941167000041 49.428123788000050)",Unfall 225309 (2024) Kat:2, Licht: 1,225309,2,3,5,08,21,3,0,1,0,1,0,1,0,0
"POINT (11.057122729000071 49.460405076000029)",Unfall 225356 (2024) Kat:3, Licht: 0,225356,3,1,0,08,16,2,0,0,1,0,0,0,0,0
"POINT (11.107837014000040 49.445246437000037)",Unfall 225357 (2024) Kat:3, Licht: 0,225357,3,6,2,08,18,2,0,0,0,1,0,1,0,0
"POINT (11.082102360000022 49.447793082000032)",Unfall 225438 (2024) Kat:2, Licht: 1,225438,2,7,6,08,20,1,1,1,1,0,1,0,0,0
"POINT (11.132420486000058 49.405182005000029)",Unfall 225439 (2024) Kat:3, Licht: 0,225439,3,3,5,08,15,1,0,0,0,1,0,0,0,0
"POINT (11.132420486000058 49.405182005000029)",Unfall 225499 (2024) Kat:3, Licht: 0,225499,3,3,5,08,10,7,0,0,0,1,0,0,0,0
"POINT (11.068739331000074 49.397677312000042)",Unfall 225500 (2024) Kat:3, Licht: 0,225500,3,1,0,08,15,7,0,0,1,0,0,0,0,0
"POINT (11.109540577000075 49.444668199000034)",Unfall 225502 (2024) Kat:3, Licht: 0,225502,3,1,0,08,12,7,0,0,0,0,0,0,0,1
"POINT (11.080543933000058 49.445850915000051)",Unfall 225503 (2024) Kat:3, Licht: 0,225503,3,7,0,08,09,7,0,0,0,1,0,0,0,1
"POINT (11.009779780000031 49.456766485000060)",Unfall 225504 (2024) Kat:3, Licht: 2,225504,3,1,0,08,23,7,0,2,0,0,0,1,0,0
"POINT (11.102588006000076 49.437260567000067)",Unfall 225577 (2024) Kat:3, Licht: 0,225577,3,3,5,08,07,6,0,0,1,0,0,0,0,1
"POINT (11.112446624000029 49.487095775000057)",Unfall 225578 (2024) Kat:3, Licht: 0,225578,3,3,5,08,07,6,1,0,1,1,0,0,0,0
"POINT (11.059030406000034 49.446771930000068)",Unfall 225579 (2024) Kat:3, Licht: 0,225579,3,1,0,08,19,6,0,0,0,0,0,0,0,1
"POINT (11.162817895000046 49.466330792000065)",Unfall 225580 (2024) Kat:3, Licht: 0,225580,3,3,6,08,20,6,0,0,0,1,1,0,0,0
"POINT (11.061817707000046 49.444110869000042)",Unfall 225581 (2024) Kat:3, Licht: 0,225581,3,6,2,08,15,6,0,0,0,1,0,1,0,0
"POINT (11.062218426000072 49.476873785000066)",Unfall 225655 (2024) Kat:3, Licht: 0,225655,3,1,0,08,19,5,1,0,1,0,0,0,0,0
"POINT (11.099991741000053 49.440097584000057)",Unfall 225656 (2024) Kat:3, Licht: 0,225656,3,3,5,08,17,5,1,0,1,1,0,0,0,0
"POINT (11.139196084000048 49.415179332000037)",Unfall 225657 (2024) Kat:3, Licht: 0,225657,3,3,5,08,16,5,1,0,1,1,0,0,0,0
"POINT (11.010900955000068 49.458694019000063)",Unfall 225658 (2024) Kat:3, Licht: 0,225658,3,3,5,08,15,5,0,0,1,1,0,0,0,0
"POINT (11.069352393000031 49.419328063000080)",Unfall 225659 (2024) Kat:3, Licht: 1,225659,3,1,0,08,15,5,1,1,0,0,0,1,0,0
"POINT (11.080905472000040 49.443055889000050)",Unfall 225756 (2024) Kat:3, Licht: 0,225756,3,2,4,07,17,4,0,0,0,1,0,1,0,0
"POINT (11.090210303000049 49.439149948000079)",Unfall 225757 (2024) Kat:3, Licht: 0,225757,3,4,6,07,17,4,0,0,0,1,1,0,0,0
"POINT (11.096111699000062 49.442048944000078)",Unfall 225759 (2024) Kat:3, Licht: 0,225759,3,1,0,07,17,4,0,0,1,0,0,0,0,0
"POINT (11.056540769000037 49.438783305000072)",Unfall 225760 (2024) Kat:3, Licht: 0,225760,3,1,0,07,08,4,0,0,1,0,0,0,0,0
"POINT (11.059199119000027 49.457293404000040)",Unfall 225870 (2024) Kat:3, Licht: 0,225870,3,3,3,07,11,3,0,0,1,0,0,0,1,0
"POINT (11.087685627000042 49.454260764000026)",Unfall 225871 (2024) Kat:2, Licht: 0,225871,2,2,5,07,12,3,0,0,1,1,0,0,0,0
"POINT (11.083466470000076 49.436271326000053)",Unfall 225872 (2024) Kat:2, Licht: 0,225872,2,2,5,07,18,3,0,0,0,1,0,1,0,0
"POINT (11.072691672000076 49.464005441000040)",Unfall 225873 (2024) Kat:3, Licht: 0,225873,3,5,1,07,12,3,0,0,0,1,0,1,0,0
"POINT (11.074107786000070 49.460868610000034)",Unfall 225874 (2024) Kat:3, Licht: 0,225874,3,7,0,07,08,3,0,0,1,0,0,0,0,0
"POINT (11.024885743000027 49.376925171000039)",Unfall 225876 (2024) Kat:3, Licht: 0,225876,3,3,0,07,08,3,0,0,0,1,0,0,0,0
"POINT (11.027017667000052 49.451271495000071)",Unfall 225877 (2024) Kat:3, Licht: 0,225877,3,2,3,07,16,3,0,0,1,1,0,0,0,0