WKT,Name,OBJECTID,UKATEGORIE,UTYP1,UART,UMONAT,USTUNDE,UWOCHENTAG,STRZUSTAND,ULICHTVERH,ISTRAD,ISTPKW,ISTFUSS,ISTKRAD,ISTGKFZ,ISTSONSTIG
"POINT (11.092665406000037 49.468963022000025)",Unfall 225878 (2024) Kat:3, Licht: 0,225878,3,1,0,07,16,3,0,0,1,0,0,0,0,0
"POINT (11.077592674000073 49.460873994000053)",Unfall 225965 (2024) Kat:3, Licht: 0,225965,3,1,0,07,16,3,0,0,1,0,0,0,0,0
"POINT (11.052706568000076 49.444393430000048)",Unfall 225970 (2024) Kat:2, Licht: 0,225970,2,3,5,07,19,2,0,0,0,1,0,0,0,1
"POINT (11.084309163000057 49.449455302000047)",Unfall 225971 (2024) Kat:3, Licht: 0,225971,3,7,0,07,08,2,0,0,1,1,0,0,0,0
"POINT (11.054665226000054 49.497437950000062)",Unfall 225972 (2024) Kat:3, Licht: 0,225972,3,1,0,07,19,2,0,0,1,0,0,0,0,0
"POINT (11.079566747000058 49.449447630000066)",Unfall 225973 (2024) Kat:3, Licht: 0,225973,3,1,0,07,20,2,0,0,1,0,0,0,0,0
"POINT (11.105027324000048 49.484138009000048)",Unfall 225974 (2024) Kat:3, Licht: 0,225974,3,2,5,07,18,2,0,0,0,1,0,1,0,0
"POINT (11.056313831000068 49.445917879000035)",Unfall 225975 (2024) Kat:3, Licht: 0,225975,3,6,2,07,15,2,0,0,0,1,0,0,0,0
"POINT (11.063141151000025 49.460822196000038)",Unfall 225995 (2024) Kat:3, Licht: 0,225995,3,2,5,08,16,2,0,0,0,1,0,1,0,0
"POINT (11.051927982000052 49.361103238000055)",Unfall 226074 (2024) Kat:2, Licht: 0,226074,2,1,0,07,19,1,0,0,1,0,0,0,0,0
"POINT (11.070991000000049 49.454981700000076)",Unfall 226075 (2024) Kat:3, Licht: 0,226075,3,7,0,07,18,1,0,0,1,0,0,0,0,0
"POINT (11.054616633000023 49.406649055000059)",Unfall 226076 (2024) Kat:3, Licht: 2,226076,3,1,8,07,00,1,1,2,0,1,0,0,0,0
"POINT (11.068486987000028 49.444782620000069)",Unfall 226161 (2024) Kat:2, Licht: 0,226161,2,1,0,08,12,7,0,0,0,0,0,0,0,1
"POINT (11.053876853000077 49.406747538000047)",Unfall 226162 (2024) Kat:3, Licht: 0,226162,3,3,5,08,14,7,0,0,0,1,0,0,0,0
"POINT (11.049607857000069 49.416124604000061)",Unfall 226163 (2024) Kat:3, Licht: 0,226163,3,6,4,08,19,7,0,0,1,0,0,0,0,1
"POINT (11.101853471000027 49.468304299000067)",Unfall 226164 (2024) Kat:3, Licht: 0,226164,3,7,0,08,12,7,0,0,0,0,0,1,0,0
"POINT (11.053845653000053 49.443797741000026)",Unfall 226224 (2024) Kat:3, Licht: 0,226224,3,6,3,08,06,6,0,0,1,0,0,0,1,0
"POINT (11.095130646000030 49.443769642000063)",Unfall 226225 (2024) Kat:3, Licht: 0,226225,3,1,5,08,17,6,0,0,1,1,0,0,0,0
"POINT (11.133624602000054 49.437247003000039)",Unfall 226226 (2024) Kat:2, Licht: 0,226226,2,1,0,08,18,6,0,0,1,0,0,0,0,0
"POINT (11.083081462000052 49.444060314000069)",Unfall 226227 (2024) Kat:3, Licht: 1,226227,3,1,0,08,20,6,0,1,1,0,0,0,0,0
"POINT (11.060539446000064 49.459721270000045)",Unfall 226228 (2024) Kat:3, Licht: 0,226228,3,5,1,08,19,6,0,0,1,1,0,0,0,0
"POINT (11.102265399000032 49.457236456000032)",Unfall 226229 (2024) Kat:3, Licht: 0,226229,3,2,5,08,20,6,0,0,0,1,0,1,0,0
"POINT (11.117976446000057 49.423842583000066)",Unfall 226294 (2024) Kat:3, Licht: 0,226294,3,6,2,08,15,5,0,0,1,0,0,0,0,0
"POINT (11.081945800000028 49.440277086000037)",Unfall 226295 (2024) Kat:2, Licht: 0,226295,2,3,5,08,16,5,0,0,1,0,0,0,0,0
"POINT (11.029893260000051 49.426489413000070)",Unfall 226346 (2024) Kat:2, Licht: 0,226346,2,6,2,08,12,4,0,0,0,1,0,0,1,0
"POINT (11.057073139000067 49.442265935000080)",Unfall 226347 (2024) Kat:3, Licht: 0,226347,3,6,2,08,17,4,0,0,0,1,0,1,0,0
"POINT (11.032632546000059 49.449491735000038)",Unfall 226348 (2024) Kat:3, Licht: 0,226348,3,5,1,08,15,4,0,0,1,0,0,0,0,1
"POINT (11.095263579000061 49.448404843000048)",Unfall 226349 (2024) Kat:3, Licht: 0,226349,3,7,3,08,07,4,0,0,1,0,0,0,0,1
"POINT (11.130537828000058 49.412826484000050)",Unfall 226409 (2024) Kat:2, Licht: 0,226409,2,3,5,08,17,3,0,0,1,0,0,0,0,1
"POINT (11.032303530000036 49.468555580000043)",Unfall 226410 (2024) Kat:3, Licht: 0,226410,3,7,1,08,16,3,0,0,0,1,0,0,0,0
"POINT (11.083123850000050 49.444065443000056)",Unfall 226411 (2024) Kat:3, Licht: 0,226411,3,1,0,08,10,3,0,0,1,0,0,0,0,0
"POINT (11.021587967000073 49.460189152000055)",Unfall 226455 (2024) Kat:3, Licht: 0,226455,3,2,5,08,12,2,0,0,1,1,0,0,0,0
"POINT (11.073366033000070 49.451492805000044)",Unfall 226457 (2024) Kat:3, Licht: 0,226457,3,1,0,08,16,2,0,0,1,0,0,0,0,0
"POINT (11.127860032000058 49.466456088000029)",Unfall 226458 (2024) Kat:3, Licht: 0,226458,3,1,0,08,08,2,1,0,0,0,0,1,0,0
"POINT (11.064475537000021 49.449250916000040)",Unfall 226491 (2024) Kat:3, Licht: 2,226491,3,6,2,08,02,1,0,2,0,1,0,0,0,0
"POINT (11.084300311000050 49.448781761000077)",Unfall 226492 (2024) Kat:3, Licht: 0,226492,3,5,1,08,18,1,0,0,1,1,0,0,0,0
"POINT (11.099743509000064 49.459847069000034)",Unfall 226527 (2024) Kat:3, Licht: 0,226527,3,1,0,08,14,7,1,0,1,0,0,0,0,0
"POINT (11.087905590000048 49.443245653000076)",Unfall 226528 (2024) Kat:2, Licht: 2,226528,2,1,0,08,22,7,0,2,0,0,0,0,0,1
"POINT (11.044237381000073 49.426971133000052)",Unfall 226588 (2024) Kat:3, Licht: 0,226588,3,3,5,08,13,6,0,0,1,1,0,0,0,0
"POINT (11.078328971000076 49.413355361000072)",Unfall 226589 (2024) Kat:3, Licht: 0,226589,3,1,0,08,09,6,0,0,0,0,0,1,0,0
"POINT (11.082808384000032 49.391990674000056)",Unfall 226590 (2024) Kat:2, Licht: 2,226590,2,1,8,08,21,6,0,2,1,0,0,0,0,0
"POINT (11.059152681000057 49.449749112000063)",Unfall 226591 (2024) Kat:3, Licht: 0,226591,3,6,2,08,06,6,0,0,0,1,0,1,0,0
"POINT (11.109564910000074 49.434812956000030)",Unfall 226592 (2024) Kat:2, Licht: 0,226592,2,2,3,08,18,6,0,0,0,1,0,1,0,0
"POINT (11.043281547000049 49.412017782000078)",Unfall 226593 (2024) Kat:3, Licht: 0,226593,3,1,0,08,18,6,0,0,0,0,0,0,0,1
"POINT (11.092605240000069 49.461501949000080)",Unfall 226663 (2024) Kat:3, Licht: 0,226663,3,1,0,08,08,5,0,0,1,0,0,0,0,0
"POINT (11.072560224000028 49.460335559000043)",Unfall 226664 (2024) Kat:3, Licht: 0,226664,3,3,5,08,18,5,0,0,1,1,0,0,0,0
"POINT (11.052827094000065 49.492677170000036)",Unfall 226730 (2024) Kat:3, Licht: 0,226730,3,6,2,08,17,4,0,0,0,1,0,0,0,0
"POINT (11.081315182000026 49.440363355000045)",Unfall 226731 (2024) Kat:3, Licht: 0,226731,3,4,6,08,06,4,0,0,0,0,1,0,0,1
"POINT (11.103839708000066 49.474337409000043)",Unfall 226808 (2024) Kat:3, Licht: 0,226808,3,3,1,08,11,3,0,0,1,1,0,0,0,0
"POINT (11.058553911000047 49.445746630000031)",Unfall 226809 (2024) Kat:3, Licht: 2,226809,3,1,0,08,22,3,0,2,1,0,0,0,0,0
"POINT (11.090268240000057 49.439892803000077)",Unfall 226810 (2024) Kat:3, Licht: 0,226810,3,1,0,08,11,3,0,0,1,0,0,0,0,0
"POINT (11.098161158000039 49.455558783000072)",Unfall 226811 (2024) Kat:3, Licht: 0,226811,3,3,5,08,11,3,0,0,0,1,0,0,0,0
"POINT (11.080599604000042 49.416421463000063)",Unfall 226856 (2024) Kat:3, Licht: 0,226856,3,7,0,08,14,5,0,0,0,1,0,0,0,1
"POINT (11.120940164000046 49.469541464000031)",Unfall 226879 (2024) Kat:3, Licht: 0,226879,3,2,3,08,15,3,0,0,0,1,0,1,0,0
"POINT (11.072374660000037 49.384550388000036)",Unfall 226891 (2024) Kat:2, Licht: 0,226891,2,1,8,08,05,2,0,0,0,1,0,0,0,0
"POINT (11.036630210000055 49.487880598000061)",Unfall 226893 (2024) Kat:2, Licht: 0,226893,2,3,3,08,10,2,0,0,0,0,0,1,0,1
"POINT (11.104638248000072 49.442965426000058)",Unfall 226894 (2024) Kat:3, Licht: 0,226894,3,2,4,08,09,2,0,0,0,1,0,0,0,0
"POINT (11.143331989000046 49.397036121000042)",Unfall 226895 (2024) Kat:2, Licht: 0,226895,2,2,4,08,07,2,0,0,1,1,0,0,0,0
"POINT (11.058737953000048 49.449767326000028)",Unfall 226896 (2024) Kat:3, Licht: 0,226896,3,6,3,08,10,2,0,0,0,1,0,1,0,0
"POINT (11.070086613000058 49.464787830000034)",Unfall 226898 (2024) Kat:3, Licht: 0,226898,3,6,2,08,17,2,0,0,0,1,0,0,0,0
"POINT (11.089079773000037 49.464977775000079)",Unfall 226899 (2024) Kat:3, Licht: 0,226899,3,1,0,08,16,2,0,0,0,0,0,0,0,1
"POINT (11.072567809000077 49.449413483000058)",Unfall 226900 (2024) Kat:3, Licht: 0,226900,3,2,4,08,16,2,0,0,0,1,0,1,0,0
"POINT (11.069156227000065 49.452677064000056)",Unfall 226920 (2024) Kat:3, Licht: 0,226920,3,2,3,08,16,4,0,0,0,1,0,0,0,1
"POINT (11.053887353000050 49.443950625000070)",Unfall 226975 (2024) Kat:3, Licht: 1,226975,3,3,5,08,21,1,0,1,1,1,0,0,0,0
"POINT (11.121182543000032 49.421338017000039)",Unfall 227001 (2024) Kat:3, Licht: 0,227001,3,3,5,08,15,6,0,0,1,0,0,0,0,0
"POINT (11.095139653000047 49.458527688000061)",Unfall 227053 (2024) Kat:3, Licht: 2,227053,3,7,9,08,05,7,0,2,0,1,0,0,0,0
"POINT (11.095293263000030 49.434141539000052)",Unfall 227054 (2024) Kat:3, Licht: 2,227054,3,5,1,08,01,7,0,2,0,1,0,0,0,1
"POINT (11.173554388000071 49.395596448000049)",Unfall 227055 (2024) Kat:3, Licht: 0,227055,3,1,0,08,12,7,0,0,1,0,0,0,0,0
"POINT (11.075071229000059 49.452312090000078)",Unfall 227056 (2024) Kat:3, Licht: 0,227056,3,3,6,08,18,7,0,0,1,0,1,0,0,0
"POINT (11.052913402000058 49.348368669000081)",Unfall 227057 (2024) Kat:3, Licht: 0,227057,3,6,2,08,17,7,0,0,0,1,0,1,0,0
"POINT (11.097572569000022 49.445876254000041)",Unfall 227151 (2024) Kat:2, Licht: 0,227151,2,7,0,08,21,6,0,0,0,0,0,1,0,0
"POINT (11.082289760000037 49.437977679000028)",Unfall 227152 (2024) Kat:2, Licht: 0,227152,2,1,0,08,18,6,0,0,0,0,0,0,0,1
"POINT (11.087880850000033 49.434366714000078)",Unfall 227153 (2024) Kat:3, Licht: 0,227153,3,1,0,08,13,6,0,0,0,0,0,0,0,1
"POINT (11.081908122000073 49.447448746000077)",Unfall 227187 (2024) Kat:3, Licht: 2,227187,3,6,0,09,20,1,1,2,0,1,0,1,0,0
"POINT (11.083484383000041 49.437789681000027)",Unfall 227257 (2024) Kat:3, Licht: 0,227257,3,3,5,09,16,7,0,0,1,0,0,0,0,0
"POINT (11.031680406000021 49.514307308000070)",Unfall 227337 (2024) Kat:3, Licht: 1,227337,3,1,0,09,19,6,0,1,1,0,0,0,0,0
"POINT (11.072614692000059 49.460316841000065)",Unfall 227338 (2024) Kat:3, Licht: 2,227338,3,1,0,09,22,6,0,2,0,0,0,1,0,0
"POINT (11.103391839000039 49.492488990000027)",Unfall 227339 (2024) Kat:3, Licht: 0,227339,3,6,0,09,09,6,0,0,0,0,0,1,0,1
"POINT (11.042472149000048 49.448487803000035)",Unfall 227340 (2024) Kat:2, Licht: 0,227340,2,3,5,09,14,6,0,0,1,1,0,0,0,0
"POINT (11.029291939000075 49.436850380000067)",Unfall 227341 (2024) Kat:3, Licht: 0,227341,3,7,0,09,16,6,0,0,0,0,0,0,0,1
"POINT (11.068805430000054 49.445262525000032)",Unfall 227434 (2024) Kat:3, Licht: 2,227434,3,6,2,09,23,5,0,2,0,1,0,0,0,0
"POINT (11.075868192000030 49.456166708000069)",Unfall 227435 (2024) Kat:3, Licht: 0,227435,3,3,5,09,11,5,0,0,0,1,0,1,0,0
"POINT (11.069091878000052 49.475111140000081)",Unfall 227436 (2024) Kat:2, Licht: 0,227436,2,7,1,09,16,5,0,0,1,1,0,0,0,0
"POINT (11.139282966000053 49.415342363000036)",Unfall 227509 (2024) Kat:3, Licht: 0,227509,3,2,5,09,16,4,0,0,0,1,0,0,0,0
"POINT (11.089479349000044 49.457670261000032)",Unfall 227580 (2024) Kat:3, Licht: 0,227580,3,6,2,09,15,3,0,0,0,1,0,0,0,0
"POINT (11.092130587000042 49.474242588000038)",Unfall 227581 (2024) Kat:3, Licht: 0,227581,3,3,5,09,12,3,0,0,1,1,0,0,0,0
"POINT (11.097609951000038 49.459071997000081)",Unfall 227582 (2024) Kat:3, Licht: 0,227582,3,1,0,09,17,3,0,0,0,0,0,1,0,0
"POINT (11.053885048000041 49.443951489000028)",Unfall 227656 (2024) Kat:3, Licht: 0,227656,3,7,0,09,16,2,1,0,1,1,0,0,0,0
"POINT (11.089351862000058 49.446158316000037)",Unfall 227657 (2024) Kat:3, Licht: 0,227657,3,3,5,09,12,2,0,0,0,1,0,0,0,0
"POINT (11.086949647000040 49.441018696000071)",Unfall 227658 (2024) Kat:3, Licht: 0,227658,3,6,6,09,09,2,1,0,1,0,1,0,0,0
"POINT (11.048592992000067 49.451564118000078)",Unfall 227659 (2024) Kat:3, Licht: 0,227659,3,3,5,09,10,2,0,0,0,1,0,0,0,0
"POINT (11.061151016000053 49.459480123000048)",Unfall 227660 (2024) Kat:2, Licht: 0,227660,2,1,0,09,11,2,1,0,0,1,0,1,0,0
"POINT (11.128721381000048 49.447417089000055)",Unfall 227661 (2024) Kat:3, Licht: 0,227661,3,6,2,09,15,2,0,0,0,1,0,0,0,0
"POINT (11.075924670000063 49.460910110000043)",Unfall 227662 (2024) Kat:3, Licht: 0,227662,3,1,0,09,10,2,1,0,1,0,0,0,0,0
"POINT (11.074793496000041 49.445234319000065)",Unfall 227663 (2024) Kat:3, Licht: 0,227663,3,3,4,09,17,2,0,0,0,1,0,1,0,0
"POINT (11.070152177000068 49.452406861000043)",Unfall 227664 (2024) Kat:3, Licht: 0,227664,3,7,0,09,11,2,1,0,1,0,0,0,0,1
"POINT (11.119913656000051 49.453605693000043)",Unfall 227732 (2024) Kat:3, Licht: 2,227732,3,1,0,09,20,1,0,2,0,0,0,0,0,1
"POINT (11.077094130000035 49.433734386000026)",Unfall 227733 (2024) Kat:3, Licht: 0,227733,3,7,0,09,13,1,0,0,0,1,0,1,0,0
"POINT (11.059232644000076 49.449881021000067)",Unfall 227734 (2024) Kat:3, Licht: 0,227734,3,3,4,09,14,1,0,0,0,1,0,0,0,0
"POINT (11.076163837000024 49.440819613000031)",Unfall 227735 (2024) Kat:3, Licht: 0,227735,3,1,0,09,11,1,0,0,1,0,0,0,0,0
"POINT (11.088283883000031 49.443038498000078)",Unfall 227800 (2024) Kat:3, Licht: 2,227800,3,1,0,08,22,7,0,2,0,0,0,1,0,0
"POINT (11.063612151000029 49.457011914000077)",Unfall 227874 (2024) Kat:2, Licht: 2,227874,2,3,5,08,05,6,0,2,1,0,0,0,0,0
"POINT (11.134099272000071 49.418456613000046)",Unfall 227875 (2024) Kat:3, Licht: 0,227875,3,7,6,08,14,6,0,0,0,1,1,0,0,0
"POINT (11.059309237000036 49.449866691000068)",Unfall 227876 (2024) Kat:2, Licht: 0,227876,2,3,5,08,17,6,0,0,0,1,0,1,0,0
"POINT (11.049302975000046 49.440410045000078)",Unfall 227877 (2024) Kat:2, Licht: 0,227877,2,3,5,08,13,6,0,0,0,0,0,1,0,1
"POINT (11.052475255000047 49.443074071000069)",Unfall 227878 (2024) Kat:3, Licht: 0,227878,3,6,2,08,12,6,0,0,0,1,0,0,0,0
"POINT (11.057580295000037 49.459159025000076)",Unfall 227895 (2024) Kat:3, Licht: 0,227895,3,3,5,09,12,3,0,0,1,1,0,0,0,0
"POINT (11.065965819000041 49.386829682000041)",Unfall 227974 (2024) Kat:2, Licht: 1,227974,2,1,0,08,20,5,0,1,1,0,1,0,0,0
"POINT (11.076044359000036 49.434543367000060)",Unfall 227975 (2024) Kat:3, Licht: 0,227975,3,3,4,08,16,5,0,0,0,0,0,1,0,1
"POINT (11.056599906000031 49.457572701000061)",Unfall 227976 (2024) Kat:3, Licht: 0,227976,3,4,6,08,10,5,0,0,0,1,1,0,0,0
"POINT (11.087229546000060 49.457330846000048)",Unfall 228059 (2024) Kat:3, Licht: 0,228059,3,5,1,08,16,4,0,0,0,1,0,0,0,0
"POINT (11.036780684000064 49.490926990000048)",Unfall 228120 (2024) Kat:2, Licht: 0,228120,2,6,0,08,13,3,0,0,0,1,0,1,0,0
"POINT (11.044687512000053 49.454646011000079)",Unfall 228122 (2024) Kat:3, Licht: 0,228122,3,1,1,08,18,3,0,0,0,1,0,0,0,0
"POINT (11.091377118000025 49.436487371000055)",Unfall 228123 (2024) Kat:3, Licht: 0,228123,3,2,4,08,18,3,0,0,0,1,0,0,0,0
"POINT (11.096716733000051 49.434697368000059)",Unfall 228142 (2024) Kat:3, Licht: 0,228142,3,6,2,08,15,7,0,0,1,0,0,0,0,0
"POINT (11.059378825000067 49.446680261000040)",Unfall 228190 (2024) Kat:3, Licht: 2,228190,3,3,5,08,22,2,0,2,1,1,0,0,0,0
"POINT (11.122383917000036 49.462983996000048)",Unfall 228191 (2024) Kat:3, Licht: 0,228191,3,6,6,08,13,2,0,0,1,0,1,0,0,0
"POINT (11.041003357000022 49.440884447000030)",Unfall 228192 (2024) Kat:3, Licht: 0,228192,3,6,2,08,12,2,0,0,0,1,0,0,0,1
"POINT (11.067275500000051 49.446453988000030)",Unfall 228236 (2024) Kat:3, Licht: 2,228236,3,7,0,08,00,1,0,2,0,1,1,0,0,0
"POINT (11.086594446000049 49.431774597000071)",Unfall 228237 (2024) Kat:3, Licht: 2,228237,3,2,5,08,21,1,0,2,0,1,0,0,0,0
"POINT (11.115658195000037 49.425772517000041)",Unfall 228269 (2024) Kat:3, Licht: 0,228269,3,2,5,09,15,3,0,0,1,1,0,0,0,0
"POINT (11.118951392000042 49.414929293000057)",Unfall 228270 (2024) Kat:3, Licht: 0,228270,3,2,4,09,18,3,0,0,0,1,0,0,0,0
"POINT (11.064603752000039 49.434230204000073)",Unfall 228271 (2024) Kat:3, Licht: 1,228271,3,3,5,09,18,3,0,1,0,1,0,0,0,0
"POINT (11.067802960000051 49.451835797000058)",Unfall 228272 (2024) Kat:3, Licht: 0,228272,3,6,2,09,09,3,0,0,0,1,0,0,0,0
"POINT (11.094676121000077 49.446009256000082)",Unfall 228334 (2024) Kat:3, Licht: 0,228334,3,3,5,09,16,2,0,0,0,1,0,1,0,0
"POINT (11.085596402000021 49.424445818000038)",Unfall 228335 (2024) Kat:3, Licht: 0,228335,3,3,6,09,11,2,0,0,0,0,1,0,0,1
"POINT (11.077708081000026 49.434927470000048)",Unfall 228336 (2024) Kat:2, Licht: 0,228336,2,3,5,09,13,2,0,0,1,1,0,0,0,0
"POINT (11.094194395000045 49.468481808000035)",Unfall 228337 (2024) Kat:3, Licht: 0,228337,3,7,0,09,14,2,0,0,1,0,0,0,0,0
"POINT (11.053022238000040 49.451954413000067)",Unfall 228406 (2024) Kat:3, Licht: 0,228406,3,3,6,09,15,1,0,0,1,0,1,0,0,0
"POINT (11.132960154000045 49.457196976000034)",Unfall 228407 (2024) Kat:2, Licht: 0,228407,2,3,5,09,15,1,0,0,0,1,0,1,0,0
"POINT (11.052544458000057 49.469814932000077)",Unfall 228424 (2024) Kat:3, Licht: 0,228424,3,6,2,09,13,1,0,0,1,0,0,0,0,0
"POINT (11.074011415000030 49.446920480000074)",Unfall 228463 (2024) Kat:3, Licht: 0,228463,3,6,0,09,17,7,0,0,0,1,0,1,0,0
"POINT (11.189148476000071 49.427119942000047)",Unfall 228464 (2024) Kat:3, Licht: 0,228464,3,7,0,09,11,7,0,0,0,1,1,0,0,0
"POINT (11.045232259000045 49.430533992000051)",Unfall 228465 (2024) Kat:3, Licht: 2,228465,3,6,3,09,19,7,0,2,0,1,0,1,0,0
"POINT (11.103240723000056 49.446391370000072)",Unfall 228466 (2024) Kat:2, Licht: 0,228466,2,7,0,09,15,7,0,0,0,0,0,0,0,1
"POINT (11.130331564000073 49.449247052000032)",Unfall 228467 (2024) Kat:3, Licht: 0,228467,3,6,2,09,15,7,0,0,1,1,0,0,0,0
"POINT (11.085953259000064 49.425498277000031)",Unfall 228528 (2024) Kat:3, Licht: 0,228528,3,3,5,09,14,6,0,0,1,1,0,0,0,0
"POINT (11.069162464000044 49.452674599000034)",Unfall 228529 (2024) Kat:3, Licht: 0,228529,3,2,3,09,09,6,0,0,0,1,0,0,0,1
"POINT (11.072770291000040 49.440111841000032)",Unfall 228530 (2024) Kat:3, Licht: 0,228530,3,7,6,09,15,6,0,0,0,1,1,0,0,0
"POINT (11.071763588000067 49.447198021000077)",Unfall 228531 (2024) Kat:3, Licht: 0,228531,3,1,0,09,16,6,0,0,1,0,0,0,0,0
"POINT (11.056672168000034 49.446244317000037)",Unfall 228532 (2024) Kat:3, Licht: 0,228532,3,7,3,09,15,6,0,0,1,1,0,0,0,0
"POINT (11.058044663000032 49.423440483000036)",Unfall 228533 (2024) Kat:3, Licht: 0,228533,3,7,0,09,16,6,0,0,1,0,1,0,0,0
"POINT (11.142822165000041 49.396686856000031)",Unfall 228534 (2024) Kat:3, Licht: 0,228534,3,6,2,09,14,6,0,0,0,1,0,0,0,0
"POINT (11.071830503000058 49.425135368000042)",Unfall 228612 (2024) Kat:3, Licht: 0,228612,3,5,5,09,15,5,0,0,0,1,0,1,0,0
"POINT (11.087008674000060 49.427883014000031)",Unfall 228613 (2024) Kat:3, Licht: 0,228613,3,3,5,09,17,5,0,0,1,1,0,0,0,0
"POINT (11.100660551000033 49.473424466000040)",Unfall 228614 (2024) Kat:3, Licht: 0,228614,3,5,1,09,14,5,0,0,1,1,0,0,0,0
"POINT (11.091055341000072 49.437448205000067)",Unfall 228615 (2024) Kat:3, Licht: 0,228615,3,1,0,09,16,5,0,0,0,0,0,0,0,1
"POINT (11.068092815000057 49.458018849000041)",Unfall 228616 (2024) Kat:3, Licht: 0,228616,3,3,5,09,15,5,0,0,0,1,0,1,0,0
"POINT (11.075985363000029 49.465514475000077)",Unfall 228650 (2024) Kat:3, Licht: 0,228650,3,4,6,09,16,5,0,0,1,0,1,0,0,0
"POINT (11.067840328000045 49.433820971000046)",Unfall 228660 (2024) Kat:3, Licht: 0,228660,3,3,3,09,15,5,0,0,0,1,0,0,0,1
"POINT (11.047003059000076 49.433988740000075)",Unfall 228711 (2024) Kat:3, Licht: 2,228711,3,7,1,09,20,4,0,2,0,1,0,0,0,1
"POINT (11.038915583000062 49.466407207000032)",Unfall 228712 (2024) Kat:3, Licht: 0,228712,3,3,5,09,15,4,0,0,1,1,0,0,0,0
"POINT (11.099753546000045 49.462950991000071)",Unfall 228714 (2024) Kat:3, Licht: 0,228714,3,7,0,09,10,4,0,0,1,0,0,0,0,0
"POINT (11.070224323000048 49.455133969000030)",Unfall 228715 (2024) Kat:3, Licht: 0,228715,3,6,2,09,12,4,0,0,0,1,0,0,0,0
"POINT (11.082015564000073 49.447638256000062)",Unfall 228794 (2024) Kat:3, Licht: 2,228794,3,6,2,09,22,3,0,2,0,1,0,0,0,0
"POINT (11.113068937000037 49.404190869000047)",Unfall 228795 (2024) Kat:3, Licht: 0,228795,3,6,2,09,12,3,0,0,0,1,0,0,0,0
"POINT (11.077798522000023 49.446485411000026)",Unfall 228850 (2024) Kat:3, Licht: 2,228850,3,6,2,09,20,2,0,2,0,1,0,0,0,0
"POINT (11.103859639000063 49.488181626000028)",Unfall 228851 (2024) Kat:2, Licht: 0,228851,2,3,5,09,07,2,0,0,1,1,0,0,0,0
"POINT (11.089841051000064 49.441524735000030)",Unfall 228852 (2024) Kat:2, Licht: 0,228852,2,4,6,09,07,2,1,0,0,1,1,0,0,0
"POINT (11.099397908000071 49.457609713000068)",Unfall 228853 (2024) Kat:3, Licht: 0,228853,3,3,5,09,10,2,1,0,0,1,0,0,0,0
"POINT (11.085617741000021 49.440953979000028)",Unfall 228887 (2024) Kat:3, Licht: 2,228887,3,1,9,09,02,1,0,2,0,1,0,0,0,0
"POINT (11.132544931000041 49.405138322000028)",Unfall 228960 (2024) Kat:3, Licht: 0,228960,3,6,2,09,15,6,0,0,0,1,0,0,0,0
"POINT (11.131098834000056 49.404543066000031)",Unfall 228961 (2024) Kat:3, Licht: 0,228961,3,1,0,09,11,6,0,0,1,0,0,0,0,0
"POINT (11.088198871000031 49.473432712000033)",Unfall 228962 (2024) Kat:3, Licht: 0,228962,3,3,5,09,11,6,0,0,1,1,0,0,0,0
"POINT (11.073201460000064 49.450871946000063)",Unfall 228963 (2024) Kat:3, Licht: 0,228963,3,7,0,09,11,6,0,0,1,0,0,0,0,0
"POINT (11.029526083000064 49.409881298000073)",Unfall 229018 (2024) Kat:3, Licht: 0,229018,3,3,5,09,07,5,0,0,1,1,0,0,0,0
"POINT (11.127189911000073 49.430295188000059)",Unfall 229019 (2024) Kat:3, Licht: 0,229019,3,3,0,09,16,5,1,0,0,0,0,1,0,1
"POINT (11.068043131000024 49.441391972000076)",Unfall 229020 (2024) Kat:3, Licht: 0,229020,3,4,6,09,18,5,0,0,0,0,1,0,0,1
"POINT (11.058955860000026 49.456925588000047)",Unfall 229021 (2024) Kat:1, Licht: 2,229021,1,1,9,09,02,5,1,2,0,1,0,0,0,0
"POINT (11.051004930000033 49.437474425000062)",Unfall 229085 (2024) Kat:2, Licht: 0,229085,2,1,0,09,11,4,0,0,1,0,1,0,0,0
"POINT (11.049889786000051 49.442141911000078)",Unfall 229086 (2024) Kat:3, Licht: 0,229086,3,6,2,09,17,4,1,0,0,1,0,0,0,0
"POINT (11.105082097000036 49.472555425000053)",Unfall 229087 (2024) Kat:3, Licht: 0,229087,3,4,2,09,16,4,1,0,0,1,1,0,0,0
"POINT (11.073054024000044 49.458106018000080)",Unfall 229140 (2024) Kat:3, Licht: 2,229140,3,6,2,09,20,3,1,2,0,1,0,0,0,0
"POINT (11.065434730000050 49.426806236000061)",Unfall 229141 (2024) Kat:3, Licht: 0,229141,3,3,3,09,15,3,0,0,0,1,0,0,0,1
"POINT (11.115578306000032 49.410396963000039)",Unfall 229142 (2024) Kat:2, Licht: 0,229142,2,3,3,09,16,3,0,0,0,1,0,0,0,1
"POINT (11.135979556000052 49.453374330000031)",Unfall 229143 (2024) Kat:2, Licht: 0,229143,2,6,4,09,15,3,0,0,0,1,0,0,0,1