WKT,Name,OBJECTID,UKATEGORIE,UTYP1,UART,UMONAT,USTUNDE,UWOCHENTAG,STRZUSTAND,ULICHTVERH,ISTRAD,ISTPKW,ISTFUSS,ISTKRAD,ISTGKFZ,ISTSONSTIG
"POINT (11.086367955000071 49.430717606000030)",Unfall 229144 (2024) Kat:3, Licht: 0,229144,3,6,3,09,12,3,0,0,1,1,0,0,0,0
"POINT (11.071279224000023 49.430579999000031)",Unfall 229145 (2024) Kat:3, Licht: 2,229145,3,3,5,09,06,3,0,2,1,1,0,0,0,0
"POINT (11.053872116000036 49.406717268000079)",Unfall 229146 (2024) Kat:3, Licht: 0,229146,3,2,5,09,16,3,0,0,0,1,0,1,0,0
"POINT (11.076512223000066 49.439784178000082)",Unfall 229230 (2024) Kat:3, Licht: 0,229230,3,1,0,09,12,2,1,0,0,0,0,1,0,0
"POINT (11.055576958000074 49.417317798000056)",Unfall 229231 (2024) Kat:3, Licht: 2,229231,3,1,8,09,00,2,1,2,0,1,0,0,0,0
"POINT (11.099276479000025 49.460528149000027)",Unfall 229303 (2024) Kat:2, Licht: 0,229303,2,3,5,10,08,1,1,0,0,1,0,0,0,0
"POINT (11.126056653000035 49.444078783000066)",Unfall 229334 (2024) Kat:2, Licht: 1,229334,2,7,0,10,17,7,0,1,0,1,0,0,0,1
"POINT (11.082253368000067 49.439130872000078)",Unfall 229387 (2024) Kat:3, Licht: 0,229387,3,2,5,10,14,6,1,0,1,1,0,0,0,0
"POINT (11.050850250000053 49.437177395000049)",Unfall 229388 (2024) Kat:3, Licht: 0,229388,3,6,3,10,13,6,0,0,1,1,0,0,0,0
"POINT (11.094781473000069 49.448420994000060)",Unfall 229389 (2024) Kat:3, Licht: 0,229389,3,1,0,10,17,6,0,0,0,0,0,0,0,1
"POINT (11.045698040000048 49.454242131000058)",Unfall 229390 (2024) Kat:3, Licht: 2,229390,3,3,5,10,19,6,0,2,1,0,0,0,1,0
"POINT (11.046055288000048 49.512976844000036)",Unfall 229391 (2024) Kat:3, Licht: 0,229391,3,6,2,10,17,6,0,0,1,1,0,0,0,0
"POINT (11.003278686000044 49.450311729000077)",Unfall 229392 (2024) Kat:3, Licht: 1,229392,3,6,2,10,18,6,0,1,0,1,0,0,0,0
"POINT (11.003381746000059 49.450599157000056)",Unfall 229446 (2024) Kat:3, Licht: 1,229446,3,6,1,10,06,5,0,1,0,1,0,0,0,0
"POINT (11.092918446000056 49.462018495000052)",Unfall 229447 (2024) Kat:3, Licht: 2,229447,3,1,0,10,21,5,1,2,1,0,0,0,0,0
"POINT (11.120756384000060 49.469680790000041)",Unfall 229448 (2024) Kat:3, Licht: 0,229448,3,6,2,10,17,5,0,0,0,1,0,0,0,0
"POINT (11.106987969000045 49.470504202000029)",Unfall 229503 (2024) Kat:2, Licht: 0,229503,2,3,5,10,08,4,0,0,0,1,0,1,0,0
"POINT (11.074510359000044 49.477095350000070)",Unfall 229504 (2024) Kat:3, Licht: 0,229504,3,1,0,10,18,4,0,0,1,0,0,0,0,0
"POINT (11.075237565000066 49.446823215000052)",Unfall 229505 (2024) Kat:3, Licht: 0,229505,3,6,2,10,07,4,1,0,0,1,0,1,0,0
"POINT (11.097533065000050 49.445758201000046)",Unfall 229565 (2024) Kat:2, Licht: 2,229565,2,4,6,10,19,3,1,2,0,1,1,0,0,0
"POINT (11.049459516000070 49.434638893000056)",Unfall 229567 (2024) Kat:3, Licht: 2,229567,3,4,6,10,20,3,1,2,0,1,1,0,0,0
"POINT (11.105129027000032 49.484201279000047)",Unfall 229568 (2024) Kat:3, Licht: 2,229568,3,2,4,10,21,3,1,2,0,1,0,0,0,0
"POINT (11.070322250000061 49.439155067000058)",Unfall 229569 (2024) Kat:3, Licht: 2,229569,3,6,2,10,20,3,1,2,0,1,0,0,0,0
"POINT (11.084870158000058 49.449186286000042)",Unfall 229570 (2024) Kat:3, Licht: 2,229570,3,3,6,10,22,3,1,2,0,0,1,0,0,1
"POINT (11.078862531000027 49.455770744000063)",Unfall 229611 (2024) Kat:3, Licht: 0,229611,3,1,0,10,16,4,1,0,0,0,0,0,0,1
"POINT (11.124231645000066 49.418647747000080)",Unfall 229622 (2024) Kat:3, Licht: 0,229622,3,6,3,10,15,2,0,0,0,1,0,0,1,0
"POINT (10.997744086000068 49.448535717000027)",Unfall 229623 (2024) Kat:3, Licht: 0,229623,3,7,3,10,17,2,0,0,0,1,0,0,0,0
"POINT (11.103594952000037 49.357909360000065)",Unfall 229624 (2024) Kat:3, Licht: 0,229624,3,6,2,10,16,2,0,0,0,1,0,0,0,0
"POINT (11.075099198000032 49.446770153000045)",Unfall 229628 (2024) Kat:3, Licht: 2,229628,3,4,6,10,19,3,1,2,0,1,1,0,0,0
"POINT (11.127428749000046 49.425433690000034)",Unfall 229702 (2024) Kat:3, Licht: 0,229702,3,7,6,10,15,7,1,0,1,0,1,0,0,0
"POINT (11.165044437000063 49.395468064000056)",Unfall 229703 (2024) Kat:3, Licht: 0,229703,3,2,4,10,09,7,1,0,0,1,0,0,0,0
"POINT (11.104599140000062 49.471640287000071)",Unfall 229708 (2024) Kat:3, Licht: 0,229708,3,3,0,10,15,3,0,0,0,1,0,0,0,1
"POINT (11.068920472000059 49.439193994000050)",Unfall 229745 (2024) Kat:3, Licht: 0,229745,3,3,5,10,07,6,1,0,0,1,0,0,0,1
"POINT (11.083544768000024 49.462262862000046)",Unfall 229746 (2024) Kat:3, Licht: 2,229746,3,3,0,10,19,6,1,2,0,1,0,1,0,0
"POINT (11.009731859000055 49.456671934000042)",Unfall 229747 (2024) Kat:3, Licht: 0,229747,3,3,5,10,11,6,0,0,0,1,0,0,0,0
"POINT (11.081503047000069 49.447043138000026)",Unfall 229748 (2024) Kat:3, Licht: 2,229748,3,1,8,10,21,6,1,2,0,1,0,0,0,0
"POINT (11.065253637000069 49.449690924000038)",Unfall 229749 (2024) Kat:3, Licht: 0,229749,3,7,0,10,16,6,0,0,0,1,1,0,0,0
"POINT (11.059813816000030 49.450912341000048)",Unfall 229783 (2024) Kat:3, Licht: 0,229783,3,3,5,10,11,5,0,0,0,1,0,0,0,0
"POINT (11.068594232000066 49.439335205000077)",Unfall 229826 (2024) Kat:3, Licht: 0,229826,3,6,3,10,12,4,1,0,0,1,0,0,0,1
"POINT (11.085522959000059 49.460989875000053)",Unfall 229827 (2024) Kat:3, Licht: 2,229827,3,3,5,10,19,4,1,2,0,1,0,0,0,0
"POINT (11.100010752000060 49.442810409000060)",Unfall 229828 (2024) Kat:3, Licht: 0,229828,3,6,2,10,07,4,1,0,0,1,0,0,1,1
"POINT (11.121596838000073 49.408883371000059)",Unfall 229829 (2024) Kat:3, Licht: 0,229829,3,7,6,10,12,4,1,0,0,1,0,0,0,1
"POINT (11.053639955000051 49.440342446000045)",Unfall 229830 (2024) Kat:3, Licht: 0,229830,3,6,2,10,16,4,0,0,0,1,0,0,0,0
"POINT (11.091963099000054 49.435907553000050)",Unfall 229837 (2024) Kat:3, Licht: 0,229837,3,3,5,10,13,3,0,0,1,1,0,0,0,0
"POINT (11.031621572000063 49.473625079000044)",Unfall 229862 (2024) Kat:3, Licht: 0,229862,3,3,5,10,10,5,0,0,0,1,0,0,0,0
"POINT (11.059487236000052 49.450357013000030)",Unfall 229893 (2024) Kat:3, Licht: 0,229893,3,3,3,10,16,3,0,0,0,1,0,0,0,1
"POINT (11.125341645000049 49.399100304000058)",Unfall 229894 (2024) Kat:3, Licht: 0,229894,3,7,0,10,17,3,0,0,0,0,0,1,0,0
"POINT (11.070372519000045 49.439149144000055)",Unfall 229895 (2024) Kat:3, Licht: 2,229895,3,1,0,10,23,3,1,2,0,0,0,0,0,1
"POINT (11.071584011000027 49.473760723000055)",Unfall 229896 (2024) Kat:3, Licht: 0,229896,3,2,3,10,12,3,0,0,1,1,0,0,0,0
"POINT (11.073924104000071 49.439507427000080)",Unfall 229897 (2024) Kat:3, Licht: 2,229897,3,4,6,10,23,3,0,2,0,1,1,0,0,0
"POINT (11.059877136000068 49.449422696000056)",Unfall 229898 (2024) Kat:2, Licht: 2,229898,2,3,5,10,19,3,0,2,1,1,0,0,0,0
"POINT (11.021777505000045 49.460201974000029)",Unfall 229899 (2024) Kat:3, Licht: 0,229899,3,2,4,10,07,3,0,0,1,1,0,0,0,0
"POINT (11.101013330000058 49.438647271000036)",Unfall 229900 (2024) Kat:3, Licht: 0,229900,3,1,0,10,12,3,1,0,1,0,0,0,0,0
"POINT (11.080803517000049 49.443749063000041)",Unfall 229963 (2024) Kat:3, Licht: 0,229963,3,6,2,09,16,2,0,0,0,1,0,0,0,0
"POINT (11.051590106000049 49.396730315000070)",Unfall 229964 (2024) Kat:3, Licht: 0,229964,3,3,5,09,17,2,0,0,0,1,0,0,0,0
"POINT (11.009758979000026 49.512973941000041)",Unfall 229965 (2024) Kat:3, Licht: 0,229965,3,2,4,09,15,2,0,0,0,1,0,0,0,1
"POINT (11.076074540000036 49.454416599000069)",Unfall 229967 (2024) Kat:3, Licht: 0,229967,3,7,6,09,12,2,0,0,0,1,1,1,0,0
"POINT (11.082366574000048 49.437802261000058)",Unfall 229968 (2024) Kat:3, Licht: 0,229968,3,6,2,09,15,2,0,0,0,1,0,0,0,0
"POINT (11.083970462000025 49.439492864000044)",Unfall 230008 (2024) Kat:3, Licht: 0,230008,3,3,5,10,08,3,1,0,1,1,0,0,0,0
"POINT (11.060692122000034 49.435464295000031)",Unfall 230011 (2024) Kat:3, Licht: 0,230011,3,7,0,09,14,1,0,0,1,1,0,0,0,0
"POINT (11.066862117000028 49.461946160000082)",Unfall 230013 (2024) Kat:3, Licht: 2,230013,3,3,5,09,03,1,1,2,0,1,0,0,0,0
"POINT (11.028021875000036 49.468519450000031)",Unfall 230014 (2024) Kat:3, Licht: 0,230014,3,6,6,09,15,1,0,0,1,0,1,0,0,0
"POINT (11.086647446000029 49.431915807000053)",Unfall 230015 (2024) Kat:3, Licht: 0,230015,3,3,6,09,17,1,0,0,0,1,1,0,0,0
"POINT (11.080475520000050 49.493461095000043)",Unfall 230068 (2024) Kat:3, Licht: 0,230068,3,2,4,09,12,7,0,0,0,1,0,0,0,0
"POINT (11.071401869000056 49.445939300000077)",Unfall 230069 (2024) Kat:3, Licht: 2,230069,3,3,5,09,21,7,0,2,0,1,0,0,0,0
"POINT (11.068037848000074 49.435111620000043)",Unfall 230070 (2024) Kat:3, Licht: 0,230070,3,2,0,09,17,7,1,0,0,1,0,1,0,0
"POINT (11.031621572000063 49.473625079000044)",Unfall 230137 (2024) Kat:3, Licht: 2,230137,3,3,5,09,05,6,0,2,0,1,0,0,0,0
"POINT (11.047619094000027 49.453603975000078)",Unfall 230138 (2024) Kat:3, Licht: 0,230138,3,1,0,09,17,6,1,0,0,0,0,1,0,0
"POINT (11.076335953000068 49.440298915000028)",Unfall 230205 (2024) Kat:3, Licht: 0,230205,3,1,0,09,14,5,1,0,1,0,0,0,0,0
"POINT (11.071974538000063 49.480922375000034)",Unfall 230206 (2024) Kat:2, Licht: 0,230206,2,2,4,09,11,5,1,0,1,0,0,0,0,1
"POINT (11.166534928000033 49.467189452000071)",Unfall 230208 (2024) Kat:3, Licht: 1,230208,3,1,0,09,18,5,1,1,1,0,0,0,0,0
"POINT (11.042053566000050 49.440950304000069)",Unfall 230275 (2024) Kat:3, Licht: 2,230275,3,3,5,09,21,4,0,2,0,1,0,0,0,1
"POINT (11.106312268000067 49.442060841000057)",Unfall 230277 (2024) Kat:3, Licht: 0,230277,3,3,5,09,12,4,0,0,1,1,0,0,0,0
"POINT (11.097536546000072 49.445786615000031)",Unfall 230279 (2024) Kat:3, Licht: 0,230279,3,3,5,09,12,4,0,0,0,1,1,0,0,0
"POINT (11.072224323000057 49.461208134000060)",Unfall 230280 (2024) Kat:3, Licht: 0,230280,3,6,3,09,15,4,0,0,1,1,0,0,0,0
"POINT (11.102175151000040 49.438697563000062)",Unfall 230282 (2024) Kat:3, Licht: 0,230282,3,6,2,09,16,4,0,0,0,1,0,0,0,0
"POINT (11.073601546000077 49.454390552000064)",Unfall 230283 (2024) Kat:3, Licht: 0,230283,3,6,2,09,16,4,0,0,1,1,0,0,0,0
"POINT (11.095570983000073 49.443106416000035)",Unfall 230367 (2024) Kat:3, Licht: 0,230367,3,6,3,11,16,6,0,0,0,1,0,0,0,0
"POINT (11.080773350000072 49.416699929000060)",Unfall 230368 (2024) Kat:3, Licht: 0,230368,3,1,0,11,12,6,0,0,1,0,0,0,0,0
"POINT (11.085345752000023 49.446426935000034)",Unfall 230420 (2024) Kat:3, Licht: 1,230420,3,3,5,10,17,5,0,1,1,0,0,0,0,0
"POINT (11.061624662000042 49.365428632000032)",Unfall 230421 (2024) Kat:3, Licht: 2,230421,3,3,5,10,18,5,0,2,0,1,0,1,0,0
"POINT (11.065903185000025 49.428500085000053)",Unfall 230422 (2024) Kat:3, Licht: 0,230422,3,7,6,10,11,5,0,0,0,1,1,0,0,0
"POINT (11.070408316000055 49.447195800000031)",Unfall 230463 (2024) Kat:3, Licht: 0,230463,3,6,3,10,12,4,0,0,1,0,0,0,0,0
"POINT (11.138022379000063 49.401398849000032)",Unfall 230517 (2024) Kat:3, Licht: 2,230517,3,2,5,10,20,3,0,2,0,1,0,0,0,1
"POINT (11.067982541000049 49.441116491000059)",Unfall 230518 (2024) Kat:3, Licht: 2,230518,3,6,2,10,18,3,0,2,0,1,0,0,0,0
"POINT (11.077706319000072 49.460880175000057)",Unfall 230519 (2024) Kat:3, Licht: 2,230519,3,1,0,10,18,3,1,2,0,0,0,0,0,1
"POINT (11.085433815000044 49.424591078000049)",Unfall 230574 (2024) Kat:3, Licht: 0,230574,3,3,5,10,15,2,0,0,0,1,0,0,0,0
"POINT (11.133411686000045 49.456295245000035)",Unfall 230619 (2024) Kat:3, Licht: 0,230619,3,7,0,10,13,1,0,0,1,0,0,0,0,0
"POINT (11.075341958000024 49.487668189000033)",Unfall 230656 (2024) Kat:3, Licht: 0,230656,3,7,0,10,11,7,0,0,0,1,1,0,0,0
"POINT (11.119941883000024 49.452182972000060)",Unfall 230657 (2024) Kat:1, Licht: 0,230657,1,1,0,10,14,7,0,0,1,0,0,0,0,0
"POINT (11.076896299000055 49.442204142000037)",Unfall 230659 (2024) Kat:3, Licht: 0,230659,3,3,1,10,11,5,0,0,1,1,1,0,0,0
"POINT (11.080914684000049 49.440311827000073)",Unfall 230703 (2024) Kat:3, Licht: 0,230703,3,7,6,10,13,6,0,0,0,0,1,0,0,1
"POINT (11.133859888000075 49.404610807000040)",Unfall 230704 (2024) Kat:3, Licht: 0,230704,3,3,6,10,12,6,0,0,0,0,1,0,0,1
"POINT (11.077772480000021 49.446378728000070)",Unfall 230705 (2024) Kat:3, Licht: 2,230705,3,1,0,10,23,6,0,2,0,0,0,0,0,1
"POINT (11.089038631000051 49.468678096000076)",Unfall 230706 (2024) Kat:3, Licht: 0,230706,3,7,0,10,12,6,0,0,0,0,0,0,0,1
"POINT (11.114076486000044 49.438961557000027)",Unfall 230707 (2024) Kat:2, Licht: 2,230707,2,3,5,10,22,6,0,2,0,1,0,0,0,1
"POINT (11.128684098000065 49.440320380000060)",Unfall 230708 (2024) Kat:3, Licht: 0,230708,3,1,6,10,17,6,0,0,1,0,1,0,0,0
"POINT (11.062786290000076 49.459077676000049)",Unfall 230765 (2024) Kat:3, Licht: 2,230765,3,1,0,10,22,5,0,2,1,0,0,0,0,0
"POINT (11.067998828000043 49.441113942000072)",Unfall 230766 (2024) Kat:3, Licht: 2,230766,3,3,5,10,19,5,0,2,1,1,0,0,0,0
"POINT (11.049038234000022 49.434845168000038)",Unfall 230821 (2024) Kat:3, Licht: 1,230821,3,1,0,10,19,4,0,1,0,1,0,1,0,0
"POINT (11.076034442000037 49.458971298000051)",Unfall 230822 (2024) Kat:3, Licht: 0,230822,3,7,0,10,08,4,1,0,1,0,0,0,0,0
"POINT (11.083595917000025 49.447546167000041)",Unfall 230823 (2024) Kat:2, Licht: 0,230823,2,2,5,10,11,4,0,0,1,1,0,0,0,0
"POINT (11.057591934000072 49.459176648000039)",Unfall 230824 (2024) Kat:3, Licht: 0,230824,3,3,5,10,14,4,0,0,1,1,0,0,0,0
"POINT (11.088155292000067 49.450403509000068)",Unfall 230825 (2024) Kat:3, Licht: 1,230825,3,6,6,10,17,4,0,1,1,0,1,0,0,0
"POINT (11.077663174000065 49.445194381000078)",Unfall 230826 (2024) Kat:3, Licht: 1,230826,3,6,4,10,06,4,0,1,1,1,0,0,0,0
"POINT (11.138608880000049 49.414879029000076)",Unfall 230882 (2024) Kat:3, Licht: 0,230882,3,3,5,10,11,3,0,0,1,1,0,0,0,0
"POINT (11.091756976000056 49.457785751000074)",Unfall 230884 (2024) Kat:3, Licht: 0,230884,3,7,6,10,16,3,1,0,0,1,1,0,0,0
"POINT (11.075312644000064 49.473894799000050)",Unfall 230885 (2024) Kat:3, Licht: 0,230885,3,3,5,10,17,3,1,0,0,1,0,1,0,0
"POINT (11.125093302000039 49.443576411000038)",Unfall 230966 (2024) Kat:3, Licht: 0,230966,3,3,5,10,16,2,0,0,0,1,0,0,0,1
"POINT (11.066560864000053 49.493684247000033)",Unfall 230968 (2024) Kat:3, Licht: 0,230968,3,1,0,10,15,2,0,0,1,0,0,0,0,0
"POINT (11.118727903000035 49.435664851000070)",Unfall 230969 (2024) Kat:3, Licht: 2,230969,3,5,1,10,18,2,0,2,0,1,0,0,0,0
"POINT (11.081397024000069 49.446645399000033)",Unfall 230970 (2024) Kat:3, Licht: 2,230970,3,3,5,10,20,2,0,2,0,1,0,0,0,0
"POINT (11.075133841000024 49.449087514000041)",Unfall 230971 (2024) Kat:3, Licht: 0,230971,3,4,6,10,10,2,0,0,1,0,1,0,0,0
"POINT (11.054685475000042 49.447414309000067)",Unfall 231016 (2024) Kat:3, Licht: 0,231016,3,4,6,10,14,1,0,0,0,1,1,0,0,1
"POINT (11.050116726000056 49.353365270000040)",Unfall 231017 (2024) Kat:3, Licht: 0,231017,3,1,0,10,17,1,1,0,1,0,0,0,0,0
"POINT (11.089260394000064 49.445671383000047)",Unfall 231071 (2024) Kat:3, Licht: 0,231071,3,1,0,10,11,7,1,0,1,0,0,0,0,0
"POINT (11.058879293000075 49.459930456000052)",Unfall 231121 (2024) Kat:3, Licht: 0,231121,3,7,1,10,09,5,0,0,0,1,0,0,0,0
"POINT (11.085859166000034 49.444957103000036)",Unfall 231122 (2024) Kat:2, Licht: 0,231122,2,7,0,10,09,6,0,0,0,0,0,0,0,1
"POINT (11.072987526000077 49.459474253000053)",Unfall 231124 (2024) Kat:3, Licht: 2,231124,3,3,5,10,19,6,1,2,0,1,0,1,0,0
"POINT (11.010006336000060 49.457186574000048)",Unfall 231125 (2024) Kat:3, Licht: 2,231125,3,6,3,10,19,6,1,2,1,1,0,0,0,0
"POINT (11.128323408000028 49.454082242000027)",Unfall 231127 (2024) Kat:3, Licht: 0,231127,3,3,5,10,12,6,0,0,1,1,0,0,0,0
"POINT (11.052847027000041 49.401037962000032)",Unfall 231156 (2024) Kat:3, Licht: 0,231156,3,3,5,10,16,4,0,0,1,1,0,0,0,0
"POINT (11.079372976000059 49.492750559000058)",Unfall 231190 (2024) Kat:2, Licht: 2,231190,2,1,0,10,03,5,1,2,0,0,0,0,0,1
"POINT (11.076560388000075 49.440585189000046)",Unfall 231191 (2024) Kat:2, Licht: 0,231191,2,5,1,10,11,5,0,0,0,1,0,0,0,1
"POINT (11.036322049000034 49.404967512000042)",Unfall 231192 (2024) Kat:3, Licht: 0,231192,3,1,0,10,17,5,0,0,0,0,0,0,0,1
"POINT (11.128615590000038 49.394093230000067)",Unfall 231193 (2024) Kat:2, Licht: 0,231193,2,5,1,10,13,5,0,0,1,1,0,0,0,0
"POINT (11.068168613000068 49.435611605000076)",Unfall 231194 (2024) Kat:3, Licht: 2,231194,3,5,1,10,20,5,0,2,0,1,0,0,0,0
"POINT (11.130573584000047 49.475151951000043)",Unfall 231195 (2024) Kat:3, Licht: 0,231195,3,6,4,10,11,5,0,0,1,1,0,0,0,0
"POINT (11.054805050000027 49.451293212000053)",Unfall 231198 (2024) Kat:3, Licht: 2,231198,3,2,5,10,19,5,0,2,0,1,0,1,0,0
"POINT (11.005717127000025 49.443362878000073)",Unfall 231199 (2024) Kat:3, Licht: 0,231199,3,6,2,10,15,5,0,0,0,1,0,1,0,0
"POINT (11.082774222000069 49.437181483000074)",Unfall 231200 (2024) Kat:3, Licht: 0,231200,3,6,2,10,15,5,0,0,0,1,0,0,0,0
"POINT (11.046997460000057 49.446791675000043)",Unfall 231272 (2024) Kat:3, Licht: 0,231272,3,1,1,10,16,6,0,0,0,1,0,0,0,1
"POINT (11.081357454000056 49.446632846000057)",Unfall 231283 (2024) Kat:3, Licht: 1,231283,3,7,0,10,18,4,0,1,0,1,0,0,0,0
"POINT (11.081211551000024 49.448019951000049)",Unfall 231284 (2024) Kat:3, Licht: 2,231284,3,3,5,10,19,4,0,2,1,0,0,0,0,0
"POINT (11.045447937000063 49.491941917000077)",Unfall 231285 (2024) Kat:3, Licht: 2,231285,3,1,0,10,18,4,1,2,1,0,0,0,0,0
"POINT (11.099072209000042 49.443486143000030)",Unfall 231286 (2024) Kat:2, Licht: 0,231286,2,2,6,10,17,4,0,0,0,1,1,0,0,0
"POINT (11.069204109000054 49.445441350000067)",Unfall 231287 (2024) Kat:3, Licht: 0,231287,3,6,3,10,16,4,0,0,0,1,0,0,0,0
"POINT (11.118747363000068 49.428428551000081)",Unfall 231288 (2024) Kat:3, Licht: 0,231288,3,3,0,10,14,4,1,0,1,0,0,0,0,0
"POINT (11.097666176000075 49.445879029000025)",Unfall 231290 (2024) Kat:3, Licht: 0,231290,3,2,4,10,14,4,0,0,1,1,0,0,0,0
"POINT (11.085733714000071 49.444140632000028)",Unfall 231291 (2024) Kat:3, Licht: 2,231291,3,2,5,10,19,4,0,2,1,1,0,0,0,0
"POINT (11.106352611000034 49.470983082000032)",Unfall 231292 (2024) Kat:3, Licht: 0,231292,3,2,4,10,08,4,0,0,1,1,0,0,0,0
"POINT (11.070629437000036 49.463642007000033)",Unfall 231374 (2024) Kat:3, Licht: 0,231374,3,3,5,10,08,3,0,0,0,1,0,0,0,0
"POINT (11.098437831000069 49.444011139000054)",Unfall 231375 (2024) Kat:3, Licht: 0,231375,3,3,5,10,17,3,0,0,1,0,0,0,0,0
"POINT (11.060126009000044 49.435266322000075)",Unfall 231376 (2024) Kat:2, Licht: 0,231376,2,1,0,10,14,3,1,0,0,0,0,0,0,1
"POINT (11.105332174000068 49.460385447000078)",Unfall 231429 (2024) Kat:3, Licht: 0,231429,3,4,0,10,07,2,0,0,0,1,1,0,0,0
"POINT (11.051719739000021 49.451203629000076)",Unfall 231431 (2024) Kat:3, Licht: 0,231431,3,3,5,10,12,2,1,0,0,1,1,0,0,0
"POINT (11.093639374000077 49.462799753000070)",Unfall 231451 (2024) Kat:3, Licht: 0,231451,3,3,5,11,13,2,0,0,1,1,0,0,0,0
"POINT (11.057055589000072 49.430107395000050)",Unfall 231496 (2024) Kat:3, Licht: 0,231496,3,6,2,11,13,7,0,0,0,1,0,1,0,0
"POINT (11.061285046000023 49.447362982000072)",Unfall 231534 (2024) Kat:3, Licht: 0,231534,3,6,2,11,12,6,0,0,0,1,0,0,0,0
"POINT (11.067450727000050 49.439481429000068)",Unfall 231535 (2024) Kat:3, Licht: 0,231535,3,6,2,11,09,6,0,0,0,1,0,1,0,0
"POINT (11.133050558000036 49.456992503000038)",Unfall 231536 (2024) Kat:3, Licht: 2,231536,3,1,0,11,19,6,1,2,1,0,0,0,0,0
"POINT (11.088234027000055 49.461310776000062)",Unfall 231537 (2024) Kat:3, Licht: 0,231537,3,6,2,11,12,6,0,0,0,1,0,0,0,0
"POINT (11.035906194000063 49.472367375000033)",Unfall 231582 (2024) Kat:3, Licht: 0,231582,3,3,5,11,09,5,1,0,0,1,0,0,1,0
"POINT (11.088115467000023 49.464491904000056)",Unfall 231619 (2024) Kat:2, Licht: 0,231619,2,7,6,11,09,4,0,0,1,0,1,0,0,0
"POINT (11.057710439000061 49.447316817000058)",Unfall 231620 (2024) Kat:3, Licht: 0,231620,3,7,0,11,08,4,0,0,0,1,0,1,0,0
"POINT (11.066584894000073 49.406671528000061)",Unfall 231621 (2024) Kat:3, Licht: 2,231621,3,6,2,11,06,4,1,2,0,1,0,0,0,0
"POINT (11.130250516000046 49.413585848000025)",Unfall 231636 (2024) Kat:2, Licht: 2,231636,2,4,6,11,17,1,1,2,0,1,1,0,0,0
"POINT (11.080047104000073 49.451954865000062)",Unfall 231661 (2024) Kat:3, Licht: 0,231661,3,7,0,11,11,3,0,0,0,1,0,0,0,0
"POINT (11.038292601000023 49.422921821000045)",Unfall 231662 (2024) Kat:3, Licht: 0,231662,3,6,2,11,16,3,0,0,0,1,0,0,0,0
"POINT (11.051370628000029 49.442516838000074)",Unfall 231674 (2024) Kat:3, Licht: 0,231674,3,5,1,11,11,6,0,0,1,1,0,0,0,0
"POINT (11.065508166000029 49.449671699000078)",Unfall 231721 (2024) Kat:3, Licht: 2,231721,3,3,5,11,18,2,1,2,1,0,0,0,0,1
"POINT (11.058219860000065 49.460127331000081)",Unfall 231722 (2024) Kat:3, Licht: 2,231722,3,3,5,11,21,2,1,2,1,1,0,0,0,0
"POINT (11.068005656000025 49.446700822000025)",Unfall 231723 (2024) Kat:3, Licht: 0,231723,3,3,6,11,10,2,0,0,1,0,1,0,0,0
"POINT (11.083273468000073 49.440623047000031)",Unfall 231753 (2024) Kat:3, Licht: 2,231753,3,4,6,11,01,1,0,2,0,1,1,0,0,0
"POINT (11.033519148000039 49.468081977000054)",Unfall 231754 (2024) Kat:3, Licht: 0,231754,3,2,2,11,11,1,1,0,0,1,0,0,0,0
"POINT (11.100991182000030 49.459599606000040)",Unfall 231755 (2024) Kat:3, Licht: 0,231755,3,7,0,11,11,1,1,0,0,0,0,0,0,1
"POINT (11.083641273000069 49.460714046000078)",Unfall 231756 (2024) Kat:3, Licht: 2,231756,3,4,6,11,18,1,1,2,0,1,1,0,0,0
"POINT (11.136576253000044 49.456638710000050)",Unfall 231787 (2024) Kat:3, Licht: 0,231787,3,1,0,11,16,7,0,0,1,0,0,0,0,0
"POINT (11.086949021000066 49.453541595000047)",Unfall 231814 (2024) Kat:3, Licht: 2,231814,3,7,0,11,18,6,1,2,0,0,0,0,0,1
"POINT (11.068188668000062 49.447388017000037)",Unfall 231832 (2024) Kat:3, Licht: 0,231832,3,6,1,11,10,6,1,0,0,1,0,0,0,1
"POINT (11.124783894000075 49.467526922000047)",Unfall 231833 (2024) Kat:3, Licht: 0,231833,3,5,3,11,13,6,0,0,1,1,0,0,0,0
"POINT (11.092935318000059 49.484595448000050)",Unfall 231834 (2024) Kat:3, Licht: 0,231834,3,2,3,11,09,6,0,0,0,1,0,1,0,0
"POINT (11.072568445000059 49.460421310000072)",Unfall 231835 (2024) Kat:3, Licht: 1,231835,3,7,3,11,16,6,0,1,0,1,0,0,0,0
"POINT (11.097857899000076 49.443135478000045)",Unfall 231836 (2024) Kat:3, Licht: 0,231836,3,3,3,11,09,6,1,0,1,1,0,0,0,0
"POINT (11.098964154000043 49.450244126000030)",Unfall 231837 (2024) Kat:3, Licht: 0,231837,3,2,5,11,10,6,1,0,1,1,0,0,0,0