WKT,Name,OBJECTID,UKATEGORIE,UTYP1,UART,UMONAT,USTUNDE,UWOCHENTAG,STRZUSTAND,ULICHTVERH,ISTRAD,ISTPKW,ISTFUSS,ISTKRAD,ISTGKFZ,ISTSONSTIG
"POINT (11.033399659000054 49.449321415000043)",Unfall 231838 (2024) Kat:3, Licht: 1,231838,3,3,5,11,16,6,1,1,1,1,0,0,0,0
"POINT (11.064689879000071 49.440138750000074)",Unfall 231886 (2024) Kat:3, Licht: 0,231886,3,3,5,11,14,5,1,0,1,1,0,0,0,0
"POINT (11.070133857000030 49.464699196000026)",Unfall 231887 (2024) Kat:3, Licht: 2,231887,3,7,5,11,19,5,1,2,0,1,0,0,0,0
"POINT (11.076489164000066 49.439851513000065)",Unfall 231888 (2024) Kat:3, Licht: 2,231888,3,1,0,11,21,5,1,2,1,0,0,0,0,0
"POINT (11.052413717000036 49.438527910000062)",Unfall 231889 (2024) Kat:3, Licht: 0,231889,3,6,3,11,14,5,0,0,0,1,0,0,1,0
"POINT (11.143360549000022 49.397012207000046)",Unfall 231947 (2024) Kat:3, Licht: 2,231947,3,2,4,11,19,4,1,2,0,1,0,0,0,0
"POINT (11.027047222000022 49.388869957000054)",Unfall 231948 (2024) Kat:3, Licht: 0,231948,3,7,0,11,15,4,1,0,0,0,0,1,0,1
"POINT (11.068776035000042 49.445684203000042)",Unfall 231949 (2024) Kat:3, Licht: 2,231949,3,6,2,11,23,4,1,2,0,1,0,0,0,0
"POINT (11.040470692000042 49.422195157000033)",Unfall 231950 (2024) Kat:3, Licht: 2,231950,3,6,2,11,16,4,1,2,0,1,0,0,0,0
"POINT (11.067158474000053 49.435175059000073)",Unfall 231951 (2024) Kat:3, Licht: 0,231951,3,6,2,11,07,4,0,0,0,1,0,1,0,0
"POINT (11.089364399000033 49.457689192000032)",Unfall 232005 (2024) Kat:3, Licht: 0,232005,3,3,3,11,14,3,0,0,0,1,0,0,0,1
"POINT (11.070232975000067 49.460870417000081)",Unfall 232006 (2024) Kat:3, Licht: 0,232006,3,3,5,11,14,3,0,0,1,1,0,0,0,0
"POINT (11.071353850000037 49.475291590000040)",Unfall 232007 (2024) Kat:3, Licht: 0,232007,3,4,6,11,07,3,1,0,0,1,1,0,0,0
"POINT (11.012013055000068 49.448704077000059)",Unfall 232008 (2024) Kat:3, Licht: 0,232008,3,6,2,11,11,3,0,0,0,1,0,0,1,0
"POINT (11.131556367000030 49.421264341000040)",Unfall 232009 (2024) Kat:3, Licht: 2,232009,3,2,5,11,17,3,0,2,0,1,0,0,0,0
"POINT (11.019333774000074 49.431440505000069)",Unfall 232010 (2024) Kat:3, Licht: 2,232010,3,6,2,11,19,3,0,2,0,1,0,0,0,0
"POINT (11.036711686000046 49.409547991000068)",Unfall 232110 (2024) Kat:3, Licht: 0,232110,3,2,4,11,13,7,0,0,0,1,0,0,0,0
"POINT (11.069461103000037 49.439241463000030)",Unfall 232111 (2024) Kat:3, Licht: 0,232111,3,6,2,11,10,7,0,0,0,1,0,0,0,0
"POINT (10.993851641000049 49.437204710000060)",Unfall 232112 (2024) Kat:3, Licht: 0,232112,3,6,2,11,14,7,0,0,0,1,0,0,0,0
"POINT (11.092459911000049 49.461342588000036)",Unfall 232114 (2024) Kat:3, Licht: 0,232114,3,6,2,11,10,7,0,0,1,1,0,0,0,0
"POINT (11.089507655000034 49.441971627000044)",Unfall 232116 (2024) Kat:3, Licht: 2,232116,3,6,4,11,21,7,0,2,0,1,0,0,0,1
"POINT (11.104058238000050 49.458481140000060)",Unfall 232159 (2024) Kat:3, Licht: 0,232159,3,6,1,11,07,6,0,0,1,0,0,0,1,0
"POINT (11.093570431000046 49.446266081000033)",Unfall 232160 (2024) Kat:3, Licht: 2,232160,3,7,0,11,22,6,0,2,0,1,0,0,0,1
"POINT (11.127876224000033 49.430979531000048)",Unfall 232161 (2024) Kat:3, Licht: 0,232161,3,3,5,11,09,6,0,0,0,1,0,0,0,0
"POINT (11.081578140000033 49.441362290000029)",Unfall 232163 (2024) Kat:3, Licht: 0,232163,3,3,6,11,11,6,0,0,0,0,1,0,0,1
"POINT (11.068607918000055 49.452878336000026)",Unfall 232211 (2024) Kat:3, Licht: 0,232211,3,7,0,11,12,5,0,0,0,1,0,0,0,0
"POINT (11.116578556000036 49.456797530000074)",Unfall 232212 (2024) Kat:3, Licht: 0,232212,3,1,1,11,11,5,0,0,0,1,0,0,0,0
"POINT (11.068604115000028 49.439333941000029)",Unfall 232213 (2024) Kat:3, Licht: 0,232213,3,1,0,11,15,5,0,0,0,0,0,0,0,1
"POINT (11.072368649000055 49.460871158000032)",Unfall 232214 (2024) Kat:3, Licht: 1,232214,3,6,0,11,16,5,0,1,0,1,0,0,0,1
"POINT (11.005753340000069 49.443418853000026)",Unfall 232215 (2024) Kat:3, Licht: 0,232215,3,3,5,11,14,5,0,0,0,1,0,0,0,0
"POINT (11.078721690000066 49.414076550000061)",Unfall 232216 (2024) Kat:3, Licht: 2,232216,3,4,6,11,17,5,0,2,0,1,1,0,0,0
"POINT (11.064172413000051 49.453982143000076)",Unfall 232217 (2024) Kat:3, Licht: 0,232217,3,6,6,11,08,5,0,0,1,0,1,0,0,0
"POINT (11.146485154000061 49.411013612000033)",Unfall 232270 (2024) Kat:3, Licht: 0,232270,3,6,3,11,09,4,1,0,0,1,0,0,1,0
"POINT (11.089081835000059 49.457658459000072)",Unfall 232332 (2024) Kat:3, Licht: 0,232332,3,3,5,11,07,3,0,0,0,1,0,0,0,0
"POINT (11.083504514000026 49.436369449000040)",Unfall 232333 (2024) Kat:2, Licht: 2,232333,2,3,0,11,19,3,0,2,1,1,0,0,0,0
"POINT (11.067995480000036 49.434898890000056)",Unfall 232334 (2024) Kat:3, Licht: 0,232334,3,4,6,11,14,3,0,0,0,1,1,0,0,0
"POINT (11.130257402000041 49.461653385000034)",Unfall 232335 (2024) Kat:3, Licht: 1,232335,3,5,1,11,16,3,1,1,1,1,0,0,0,0
"POINT (11.014394028000027 49.451752816000067)",Unfall 232336 (2024) Kat:3, Licht: 0,232336,3,7,5,11,07,3,0,0,1,1,0,0,0,0
"POINT (11.037450451000041 49.439471994000030)",Unfall 232337 (2024) Kat:3, Licht: 2,232337,3,6,3,11,06,3,1,2,0,1,0,0,0,1
"POINT (11.083537141000022 49.455946187000052)",Unfall 232338 (2024) Kat:3, Licht: 0,232338,3,2,0,11,14,3,0,0,0,1,1,0,0,0
"POINT (11.093743070000073 49.458075948000044)",Unfall 232356 (2024) Kat:3, Licht: 2,232356,3,3,5,11,21,4,0,2,1,1,0,0,0,0
"POINT (11.080787344000044 49.445645798000044)",Unfall 232378 (2024) Kat:3, Licht: 2,232378,3,6,2,11,18,2,0,2,0,1,0,0,0,0
"POINT (11.115338510000072 49.412992396000050)",Unfall 232379 (2024) Kat:3, Licht: 0,232379,3,2,5,11,15,2,0,0,1,1,0,0,0,0
"POINT (11.091904497000030 49.445836299000064)",Unfall 232421 (2024) Kat:3, Licht: 2,232421,3,1,0,11,19,1,0,2,0,0,0,0,0,1
"POINT (11.058232201000067 49.460145242000067)",Unfall 232422 (2024) Kat:2, Licht: 2,232422,2,1,0,11,20,1,0,2,1,0,0,0,0,0
"POINT (11.082115742000042 49.464643274000082)",Unfall 232423 (2024) Kat:3, Licht: 0,232423,3,1,0,11,16,1,0,0,1,0,0,0,0,0
"POINT (11.113746368000022 49.438990025000066)",Unfall 232425 (2024) Kat:3, Licht: 2,232425,3,1,0,11,05,1,0,2,0,0,0,0,0,1
"POINT (11.084902407000072 49.447324520000052)",Unfall 232426 (2024) Kat:3, Licht: 0,232426,3,6,3,11,15,1,0,0,0,1,0,0,0,0
"POINT (11.074334841000052 49.459546790000047)",Unfall 232479 (2024) Kat:3, Licht: 2,232479,3,6,4,12,17,7,1,2,0,0,0,0,0,1
"POINT (11.067497829000047 49.406253546000073)",Unfall 232510 (2024) Kat:3, Licht: 2,232510,3,6,2,12,07,6,1,2,0,1,0,0,0,0
"POINT (11.092346047000035 49.433022383000036)",Unfall 232511 (2024) Kat:3, Licht: 2,232511,3,4,6,12,18,6,0,2,0,1,1,0,0,0
"POINT (11.092068582000024 49.461069089000034)",Unfall 232554 (2024) Kat:3, Licht: 2,232554,3,1,0,12,19,5,1,2,1,0,0,0,0,0
"POINT (11.065674359000070 49.429708885000082)",Unfall 232589 (2024) Kat:3, Licht: 0,232589,3,6,2,12,15,4,0,0,0,1,0,0,0,1
"POINT (11.069313198000032 49.440142861000027)",Unfall 232629 (2024) Kat:3, Licht: 2,232629,3,6,2,12,16,3,0,2,1,1,0,0,0,0
"POINT (11.080170388000056 49.464331939000033)",Unfall 232630 (2024) Kat:3, Licht: 0,232630,3,7,6,12,13,3,0,0,0,1,1,0,0,0
"POINT (11.060133272000030 49.478114669000036)",Unfall 232667 (2024) Kat:3, Licht: 2,232667,3,6,4,12,16,2,1,2,1,1,0,0,0,0
"POINT (11.072362056000031 49.448953002000053)",Unfall 232668 (2024) Kat:3, Licht: 0,232668,3,3,5,12,10,2,0,0,1,0,0,0,0,1
"POINT (11.085113997000065 49.436596090000080)",Unfall 232726 (2024) Kat:3, Licht: 0,232726,3,7,0,12,14,7,0,0,1,1,0,0,0,0
"POINT (11.084706227000027 49.451159334000067)",Unfall 232727 (2024) Kat:2, Licht: 1,232727,2,1,6,12,17,7,0,1,1,0,1,0,0,0
"POINT (11.012589904000038 49.449462691000065)",Unfall 232728 (2024) Kat:3, Licht: 2,232728,3,6,2,12,20,7,1,2,0,1,0,0,0,0
"POINT (11.091672375000030 49.460636210000075)",Unfall 232757 (2024) Kat:3, Licht: 2,232757,3,1,0,12,00,6,0,2,1,0,0,0,0,0
"POINT (11.111171590000026 49.452667068000039)",Unfall 232862 (2024) Kat:3, Licht: 0,232862,3,3,5,12,13,3,0,0,1,1,0,0,0,0
"POINT (11.094579678000059 49.437026917000026)",Unfall 232863 (2024) Kat:3, Licht: 0,232863,3,1,0,12,14,3,0,0,1,0,0,0,0,0
"POINT (11.082441795000022 49.461857548000069)",Unfall 232864 (2024) Kat:3, Licht: 2,232864,3,7,0,12,17,3,0,2,0,1,1,0,0,0
"POINT (11.119617499000071 49.474547772000051)",Unfall 232865 (2024) Kat:3, Licht: 0,232865,3,3,5,12,08,3,1,0,1,1,0,0,0,0
"POINT (11.060685659000058 49.435470444000032)",Unfall 232866 (2024) Kat:3, Licht: 0,232866,3,3,5,12,08,3,1,0,1,1,0,0,0,0
"POINT (11.075467860000060 49.456647093000072)",Unfall 232900 (2024) Kat:3, Licht: 2,232900,3,6,2,12,18,2,1,2,1,1,0,0,0,0
"POINT (11.061257047000026 49.447197867000057)",Unfall 232901 (2024) Kat:3, Licht: 2,232901,3,6,2,12,17,2,0,2,0,1,0,0,0,0
"POINT (11.068291569000053 49.481276643000058)",Unfall 232902 (2024) Kat:3, Licht: 0,232902,3,5,1,12,10,2,0,0,0,0,0,1,0,1
"POINT (11.083064905000072 49.443466155000067)",Unfall 232931 (2024) Kat:3, Licht: 2,232931,3,3,5,12,03,1,1,2,0,1,0,0,0,0
"POINT (11.088772455000026 49.455676009000058)",Unfall 232932 (2024) Kat:3, Licht: 0,232932,3,3,5,12,16,1,0,0,1,1,0,0,0,0
"POINT (11.120050627000069 49.410106723000069)",Unfall 232960 (2024) Kat:1, Licht: 1,232960,1,4,6,12,16,7,1,1,0,1,1,0,0,0
"POINT (11.121845970000038 49.411250704000054)",Unfall 232961 (2024) Kat:3, Licht: 0,232961,3,1,0,12,11,7,1,0,1,0,0,0,0,0
"POINT (11.090266656000040 49.440198167000062)",Unfall 232963 (2024) Kat:3, Licht: 2,232963,3,3,3,12,18,7,1,2,0,1,0,0,0,0
"POINT (11.006678169000054 49.444467477000046)",Unfall 232964 (2024) Kat:3, Licht: 0,232964,3,6,3,12,12,7,1,0,0,1,0,0,0,0
"POINT (11.067367738000030 49.447304584000051)",Unfall 232965 (2024) Kat:3, Licht: 1,232965,3,6,3,12,16,7,1,1,0,1,0,0,0,0
"POINT (11.133854865000046 49.424840215000074)",Unfall 233000 (2024) Kat:3, Licht: 2,233000,3,3,5,12,06,6,1,2,0,1,0,0,0,0
"POINT (11.087909604000060 49.423110976000032)",Unfall 233051 (2024) Kat:2, Licht: 2,233051,2,7,0,12,05,5,2,2,0,1,1,0,0,0
"POINT (11.119359218000056 49.445663204000027)",Unfall 233052 (2024) Kat:3, Licht: 0,233052,3,1,0,12,11,5,2,0,1,0,0,0,0,0
"POINT (11.058504573000050 49.451250980000054)",Unfall 233053 (2024) Kat:3, Licht: 2,233053,3,4,6,12,07,5,2,2,0,1,1,0,0,0
"POINT (11.109264297000038 49.485597301000041)",Unfall 233054 (2024) Kat:3, Licht: 0,233054,3,4,6,12,08,5,1,0,0,1,1,0,0,0
"POINT (11.091156662000060 49.440411538000035)",Unfall 233107 (2024) Kat:3, Licht: 2,233107,3,1,0,12,20,4,1,2,1,0,0,0,0,0
"POINT (11.050302907000059 49.445353649000026)",Unfall 233108 (2024) Kat:3, Licht: 0,233108,3,3,5,12,15,4,0,0,1,1,0,0,0,0
"POINT (11.044662666000022 49.454616399000031)",Unfall 233109 (2024) Kat:3, Licht: 1,233109,3,2,4,12,08,4,0,1,0,1,0,0,0,0
"POINT (11.120548507000024 49.485335023000061)",Unfall 233110 (2024) Kat:3, Licht: 0,233110,3,1,0,12,08,4,2,0,1,0,0,0,0,0
"POINT (11.071072348000030 49.463148574000058)",Unfall 233111 (2024) Kat:3, Licht: 2,233111,3,6,3,12,16,4,1,2,0,1,0,0,0,1
"POINT (11.087902411000073 49.462352847000034)",Unfall 233112 (2024) Kat:3, Licht: 0,233112,3,7,6,12,08,4,1,0,0,1,1,0,0,0
"POINT (11.068236161000073 49.441885426000056)",Unfall 233113 (2024) Kat:3, Licht: 2,233113,3,1,0,12,18,4,1,2,0,0,0,1,0,0
"POINT (11.039125350000063 49.424764252000045)",Unfall 233115 (2024) Kat:3, Licht: 2,233115,3,6,4,12,07,4,1,2,1,0,0,0,0,1
"POINT (11.096730006000030 49.437518947000058)",Unfall 233167 (2024) Kat:3, Licht: 1,233167,3,1,0,12,16,3,1,1,0,0,0,0,0,1
"POINT (11.058694965000029 49.402667163000046)",Unfall 233168 (2024) Kat:3, Licht: 2,233168,3,2,0,12,05,3,1,2,0,1,0,1,0,0
"POINT (11.108555773000035 49.466427789000079)",Unfall 233224 (2024) Kat:3, Licht: 0,233224,3,6,6,12,07,2,0,0,0,1,1,0,0,0
"POINT (11.057779520000054 49.416303072000062)",Unfall 233225 (2024) Kat:3, Licht: 2,233225,3,6,2,12,17,2,1,2,0,1,0,0,0,0
"POINT (11.090316223000059 49.439236186000073)",Unfall 233261 (2024) Kat:2, Licht: 2,233261,2,4,6,12,17,1,0,2,0,1,1,0,0,0
"POINT (11.095552123000061 49.460483454000041)",Unfall 233281 (2024) Kat:3, Licht: 0,233281,3,3,5,12,15,6,0,0,1,1,0,0,0,0
"POINT (11.103986849000023 49.450636829000075)",Unfall 233291 (2024) Kat:3, Licht: 2,233291,3,3,5,11,17,7,0,2,1,0,0,0,0,1
"POINT (11.013570248000065 49.450748927000063)",Unfall 233292 (2024) Kat:3, Licht: 1,233292,3,1,0,11,16,7,0,1,1,0,0,0,0,0
"POINT (11.062374004000048 49.480171737000035)",Unfall 233333 (2024) Kat:3, Licht: 2,233333,3,3,6,11,00,6,0,2,0,0,1,0,1,0
"POINT (11.068629857000076 49.433640709000031)",Unfall 233334 (2024) Kat:3, Licht: 0,233334,3,1,0,11,13,6,0,0,1,0,0,0,0,0
"POINT (11.082739112000070 49.419828250000080)",Unfall 233335 (2024) Kat:3, Licht: 2,233335,3,3,5,11,06,6,0,2,1,1,0,0,0,0
"POINT (11.072839095000063 49.439184155000078)",Unfall 233336 (2024) Kat:3, Licht: 0,233336,3,6,2,11,15,6,0,0,0,1,0,0,0,0
"POINT (11.080139426000073 49.462223432000030)",Unfall 233337 (2024) Kat:3, Licht: 2,233337,3,7,5,11,16,6,0,2,0,1,0,0,0,0
"POINT (11.081358624000075 49.446907810000027)",Unfall 233338 (2024) Kat:3, Licht: 0,233338,3,6,2,11,12,6,0,0,0,1,0,0,0,0
"POINT (11.075762354000062 49.443687388000058)",Unfall 233387 (2024) Kat:3, Licht: 2,233387,3,3,5,11,19,5,0,2,0,1,0,0,0,1
"POINT (11.048585039000045 49.387372223000057)",Unfall 233388 (2024) Kat:3, Licht: 0,233388,3,3,5,11,11,5,0,0,1,1,0,0,0,0
"POINT (11.073223068000061 49.446992658000056)",Unfall 233415 (2024) Kat:3, Licht: 0,233415,3,6,2,12,10,6,0,0,0,1,0,0,0,0
"POINT (11.045420444000058 49.475650494000035)",Unfall 233430 (2024) Kat:3, Licht: 0,233430,3,3,5,11,09,4,0,0,0,1,0,0,0,1
"POINT (11.115088750000041 49.413238347000060)",Unfall 233432 (2024) Kat:3, Licht: 0,233432,3,3,5,11,14,4,0,0,1,1,0,0,0,0
"POINT (11.079383759000052 49.451024311000026)",Unfall 233433 (2024) Kat:3, Licht: 0,233433,3,7,6,11,09,4,0,0,0,1,1,0,0,0
"POINT (11.082701578000069 49.447111008000036)",Unfall 233439 (2024) Kat:3, Licht: 0,233439,3,2,0,11,12,6,0,0,1,1,0,0,0,0
"POINT (11.040937295000049 49.434671706000074)",Unfall 233497 (2024) Kat:3, Licht: 0,233497,3,4,6,11,15,3,0,0,0,1,1,0,0,0
"POINT (11.105027128000074 49.484146813000052)",Unfall 233498 (2024) Kat:3, Licht: 0,233498,3,3,5,11,09,3,0,0,0,1,0,0,0,0
"POINT (11.077219234000040 49.445078511000077)",Unfall 233499 (2024) Kat:3, Licht: 0,233499,3,5,1,11,07,3,0,0,1,1,0,0,0,0
"POINT (11.006070094000052 49.516590456000074)",Unfall 233501 (2024) Kat:3, Licht: 0,233501,3,6,2,11,12,3,1,0,0,1,0,0,0,0
"POINT (11.111335975000031 49.467823670000030)",Unfall 234480 (2024) Kat:2, Licht: 0,234480,2,2,4,12,13,3,1,0,1,1,0,0,0,0
"POINT (11.138512973000047 49.464377979000062)",Unfall 234499 (2024) Kat:3, Licht: 0,234499,3,7,0,12,10,2,2,0,0,0,1,0,0,1
"POINT (11.113331295000023 49.453668202000074)",Unfall 234543 (2024) Kat:2, Licht: 0,234543,2,3,6,12,15,7,0,0,0,1,1,0,0,0
"POINT (11.057714147000070 49.447323064000045)",Unfall 234544 (2024) Kat:2, Licht: 0,234544,2,7,1,12,16,7,0,0,0,1,0,0,0,0
"POINT (11.138122212000042 49.408688561000076)",Unfall 234560 (2024) Kat:3, Licht: 0,234560,3,6,2,12,15,6,0,0,0,1,0,0,0,0
"POINT (11.057724822000068 49.460271100000057)",Unfall 234647 (2024) Kat:3, Licht: 0,234647,3,1,0,12,09,2,1,0,1,0,0,0,0,0
"POINT (11.083395701000029 49.444098245000077)",Unfall 234684 (2024) Kat:3, Licht: 2,234684,3,7,0,12,17,1,1,2,1,1,0,0,0,0
"POINT (11.070877823000046 49.455720918000054)",Unfall 266156 (2024) Kat:3, Licht: 2,266156,3,1,0,01,00,6,1,2,1,0,0,0,0,0
"POINT (11.088939250000067 49.374624508000068)",Unfall 266162 (2024) Kat:2, Licht: 0,266162,2,1,0,01,09,6,2,0,1,0,0,0,0,0
"POINT (11.138678424000034 49.415294348000032)",Unfall 266167 (2024) Kat:3, Licht: 0,266167,3,2,4,01,14,2,0,0,1,1,0,0,0,0
"POINT (11.092244913000059 49.480884384000035)",Unfall 266190 (2024) Kat:3, Licht: 0,266190,3,7,0,02,15,7,0,0,1,0,1,0,0,0
"POINT (11.073741351000024 49.458220731000040)",Unfall 266223 (2024) Kat:2, Licht: 0,266223,2,7,0,03,10,2,0,0,1,0,0,0,0,0
"POINT (11.070837883000024 49.456368795000060)",Unfall 266236 (2024) Kat:3, Licht: 0,266236,3,6,4,03,11,2,0,0,1,0,0,0,0,0
"POINT (11.085122634000072 49.484001054000032)",Unfall 266265 (2024) Kat:3, Licht: 0,266265,3,7,0,03,14,7,0,0,1,0,1,0,0,0
"POINT (11.142611811000052 49.402316546000066)",Unfall 266266 (2024) Kat:2, Licht: 0,266266,2,7,0,03,14,2,0,0,1,0,1,0,0,0
"POINT (11.056426340000030 49.356317828000044)",Unfall 266272 (2024) Kat:3, Licht: 2,266272,3,1,5,03,18,4,1,2,1,1,0,0,0,0
"POINT (11.130504396000049 49.464936467000030)",Unfall 266314 (2024) Kat:3, Licht: 0,266314,3,1,0,04,15,1,0,0,1,0,0,0,0,0
"POINT (11.120821231000036 49.461047727000050)",Unfall 266360 (2024) Kat:3, Licht: 0,266360,3,1,0,04,08,1,0,0,1,0,0,0,0,0
"POINT (11.031720011000061 49.465605037000046)",Unfall 266361 (2024) Kat:2, Licht: 0,266361,2,6,6,04,16,1,0,0,1,0,1,0,0,0
"POINT (11.092796806000024 49.464356851000048)",Unfall 266372 (2024) Kat:3, Licht: 0,266372,3,1,0,04,17,3,0,0,1,0,0,0,0,0
"POINT (11.018459362000044 49.468858128000079)",Unfall 266392 (2024) Kat:3, Licht: 0,266392,3,1,0,04,18,7,0,0,1,0,0,0,0,0
"POINT (11.085189849000074 49.484366699000077)",Unfall 266476 (2024) Kat:3, Licht: 0,266476,3,7,6,05,17,5,0,0,1,0,1,0,0,0
"POINT (11.162057173000051 49.397088740000072)",Unfall 266507 (2024) Kat:3, Licht: 0,266507,3,1,0,05,20,7,0,0,1,0,0,0,0,0
"POINT (11.074331175000054 49.457336593000036)",Unfall 266554 (2024) Kat:3, Licht: 0,266554,3,1,0,05,12,7,1,0,1,0,0,0,0,0
"POINT (11.041578912000034 49.462187371000027)",Unfall 266603 (2024) Kat:3, Licht: 2,266603,3,1,0,05,00,1,0,2,1,0,0,0,0,0
"POINT (11.030838601000028 49.532288699000048)",Unfall 266604 (2024) Kat:3, Licht: 0,266604,3,6,0,05,17,1,0,0,1,0,0,0,0,0
"POINT (11.115583776000051 49.459584193000069)",Unfall 266638 (2024) Kat:3, Licht: 0,266638,3,1,0,06,20,3,0,0,1,0,0,0,0,0
"POINT (11.038175406000050 49.462799834000066)",Unfall 266639 (2024) Kat:3, Licht: 0,266639,3,7,0,06,16,3,0,0,1,0,1,0,0,0
"POINT (11.037459133000027 49.422340670000040)",Unfall 266644 (2024) Kat:3, Licht: 0,266644,3,1,0,06,09,4,0,0,1,0,0,0,0,0
"POINT (11.020560206000027 49.439752914000053)",Unfall 266672 (2024) Kat:3, Licht: 2,266672,3,1,7,06,22,1,0,2,1,0,0,0,0,0
"POINT (11.071067606000042 49.491881520000049)",Unfall 266712 (2024) Kat:3, Licht: 0,266712,3,6,2,06,14,1,0,0,1,0,0,0,0,0
"POINT (11.069435702000021 49.397228191000067)",Unfall 266763 (2024) Kat:2, Licht: 0,266763,2,1,0,06,19,1,0,0,1,0,0,0,0,0
"POINT (11.093886399000041 49.394738539000059)",Unfall 266764 (2024) Kat:2, Licht: 0,266764,2,1,0,06,19,1,0,0,1,0,0,0,0,0
"POINT (11.037021475000074 49.487325748000046)",Unfall 266788 (2024) Kat:3, Licht: 0,266788,3,1,0,06,19,3,0,0,1,0,0,0,0,0
"POINT (11.064607447000071 49.456017630000076)",Unfall 266836 (2024) Kat:3, Licht: 0,266836,3,1,6,06,10,7,0,0,1,0,1,0,0,0
"POINT (11.087251632000061 49.451943946000029)",Unfall 266884 (2024) Kat:2, Licht: 0,266884,2,1,0,07,09,6,0,0,1,0,0,0,0,0
"POINT (11.091355356000065 49.451704064000069)",Unfall 266899 (2024) Kat:3, Licht: 0,266899,3,6,6,07,16,1,0,0,1,0,1,0,0,0
"POINT (11.097944577000021 49.451796005000062)",Unfall 266917 (2024) Kat:3, Licht: 0,266917,3,3,5,07,16,3,0,0,1,0,0,0,0,1
"POINT (11.109914505000063 49.509937429000047)",Unfall 267032 (2024) Kat:3, Licht: 0,267032,3,1,0,07,15,1,1,0,1,0,0,0,0,0
"POINT (11.097608129000037 49.369678351000061)",Unfall 267033 (2024) Kat:3, Licht: 0,267033,3,1,0,07,13,1,0,0,1,0,0,0,0,0
"POINT (11.046826665000026 49.460114293000061)",Unfall 267062 (2024) Kat:3, Licht: 0,267062,3,6,0,07,10,4,0,0,1,0,0,0,0,0
"POINT (11.097903595000048 49.447343656000044)",Unfall 267076 (2024) Kat:3, Licht: 0,267076,3,1,0,07,16,5,0,0,1,0,0,0,0,0
"POINT (11.055282629000033 49.416074706000074)",Unfall 267137 (2024) Kat:2, Licht: 0,267137,2,3,5,07,15,3,0,0,1,0,0,0,0,0
"POINT (11.070343852000065 49.454752602000042)",Unfall 267199 (2024) Kat:3, Licht: 0,267199,3,6,0,08,06,3,0,0,1,0,0,0,0,0
"POINT (11.123262253000064 49.412541683000029)",Unfall 267209 (2024) Kat:2, Licht: 0,267209,2,1,0,08,15,4,0,0,1,0,0,0,0,0
"POINT (11.096178718000033 49.428164136000078)",Unfall 267303 (2024) Kat:3, Licht: 0,267303,3,3,5,08,20,7,0,0,1,1,0,0,0,0
"POINT (11.087072855000031 49.452285858000039)",Unfall 267310 (2024) Kat:3, Licht: 0,267310,3,6,4,08,09,3,0,0,1,0,0,0,0,0
"POINT (11.065405797000039 49.386220440000045)",Unfall 267335 (2024) Kat:2, Licht: 0,267335,2,1,0,08,11,6,0,0,1,0,0,0,0,0
"POINT (11.144415385000059 49.405814975000055)",Unfall 267357 (2024) Kat:3, Licht: 0,267357,3,6,3,08,14,3,0,0,1,0,0,0,0,0
"POINT (11.091194232000021 49.455190213000037)",Unfall 267395 (2024) Kat:3, Licht: 2,267395,3,7,0,08,20,7,0,2,1,0,1,0,0,0
"POINT (11.029349089000050 49.492051584000080)",Unfall 267492 (2024) Kat:3, Licht: 2,267492,3,7,0,09,23,1,1,2,1,0,0,0,0,0
"POINT (11.021949240000026 49.517170353000040)",Unfall 267501 (2024) Kat:3, Licht: 0,267501,3,3,5,09,18,3,0,0,1,0,0,0,0,0
"POINT (11.106657274000042 49.451400053000043)",Unfall 267514 (2024) Kat:3, Licht: 0,267514,3,1,0,09,07,4,0,0,1,0,0,0,0,0
"POINT (11.058158787000025 49.456029263000062)",Unfall 267515 (2024) Kat:2, Licht: 0,267515,2,7,0,09,18,4,0,0,1,0,1,0,0,0
"POINT (11.085786484000039 49.451838287000044)",Unfall 267518 (2024) Kat:2, Licht: 0,267518,2,7,6,09,16,5,0,0,1,0,1,0,0,0
"POINT (11.123903126000073 49.459081969000067)",Unfall 267636 (2024) Kat:3, Licht: 2,267636,3,7,9,10,21,6,0,2,1,0,0,0,0,0
"POINT (11.041454234000071 49.462087700000041)",Unfall 267655 (2024) Kat:3, Licht: 0,267655,3,6,6,11,14,6,0,0,1,0,1,0,0,0
"POINT (11.067992713000024 49.451421034000077)",Unfall 267659 (2024) Kat:2, Licht: 0,267659,2,7,0,11,12,1,0,0,1,0,1,0,0,0
"POINT (11.041497472000060 49.462076511000078)",Unfall 267668 (2024) Kat:3, Licht: 0,267668,3,7,0,11,16,5,0,0,1,0,0,0,0,0
"POINT (11.043647172000021 49.461366359000067)",Unfall 267675 (2024) Kat:3, Licht: 2,267675,3,6,3,11,18,4,1,2,1,0,0,0,0,0
"POINT (11.116641517000062 49.426173436000056)",Unfall 267691 (2024) Kat:2, Licht: 0,267691,2,1,0,11,15,4,1,0,1,0,0,0,0,0
"POINT (11.077270824000038 49.443906397000035)",Unfall 267706 (2024) Kat:3, Licht: 2,267706,3,3,0,12,21,5,0,2,1,0,0,0,0,0